{
"type": "FeatureCollection",
"name": "IPT_16_PRC_Pinto",
"crs": { "type": "name", "properties": { "name": "urn:ogc:def:crs:OGC:1.3:CRS84" } },
"features": [
{ "type": "Feature", "properties": { "id": "monoparte.1", "Name": null, "description": null, "timestamp": null, "begin": null, "end": null, "altitudeMode": null, "tessellate": -1, "extrude": 0, "visibility": -1, "drawOrder": null, "icon": null, "REG": "Ñuble", "COM": "Pinto", "LOC": "Termas de Chillán", "ZONA": "ZE-4", "NOM": "Zona ZE-4", "UPERM": "Vivienda. Equipamiento: cultura, áreas verdes, deporte, seguridad, esparcimiento y turismo.", "UPROH": "Todos los usos de suelo no mencionados como permitidos.", "P_DO": "16/01/1990", "N_DOC": "25", "T_DO": "Resolución", "OBS": null }, "geometry": { "type": "Polygon", "coordinates": [ [ [ -71.627083841981502, -36.8626740445699 ], [ -71.626160169171499, -36.862737389835203 ], [ -71.625445095641695, -36.8626530523483 ], [ -71.624770008095695, -36.862696585376902 ], [ -71.624509500607303, -36.862888327152604 ], [ -71.624133256899597, -36.863340142304601 ], [ -71.623749184197493, -36.863563224398099 ], [ -71.623013189927505, -36.8639085303504 ], [ -71.622078059940705, -36.8641580816493 ], [ -71.621350071205399, -36.864217069777403 ], [ -71.620247967997798, -36.864270001508203 ], [ -71.618820243080094, -36.864172729423203 ], [ -71.6181076006485, -36.864159826752598 ], [ -71.617576291156396, -36.864243069378297 ], [ -71.617176841545302, -36.864538002914699 ], [ -71.616912662998502, -36.865144698258 ], [ -71.6165600095202, -36.865767649545802 ], [ -71.615998955280304, -36.866023218776803 ], [ -71.614646997938294, -36.866582329917797 ], [ -71.612937711415995, -36.867106367886102 ], [ -71.611488471268501, -36.867424372764802 ], [ -71.610031919841902, -36.867527921877702 ], [ -71.607774696417096, -36.867649035307302 ], [ -71.606887010047203, -36.867725748985798 ], [ -71.6062335421108, -36.867883155216099 ], [ -71.605223910382406, -36.868563407297998 ], [ -71.604872425333994, -36.8686998762835 ], [ -71.604214087688305, -36.868714312874097 ], [ -71.603641316845298, -36.868626723345898 ], [ -71.602733717853596, -36.868117272106304 ], [ -71.602012788257795, -36.867861243370399 ], [ -71.601276496672597, -36.867677078510802 ], [ -71.600380074779196, -36.867496415832903 ], [ -71.599642334901404, -36.867269352692198 ], [ -71.598960400684604, -36.867112597536597 ], [ -71.596892099687196, -36.867029077714299 ], [ -71.594751180517306, -36.866904187506002 ], [ -71.592951224247699, -36.866857655983502 ], [ -71.592539577984496, -36.866795108846098 ], [ -71.592391436381106, -36.866626662271699 ], [ -71.592238463733594, -36.866315255905 ], [ -71.592248040334695, -36.866071833912599 ], [ -71.592309544149501, -36.865784359728103 ], [ -71.592356638305105, -36.8655973452639 ], [ -71.592313321158201, -36.865369385160399 ], [ -71.592257044760402, -36.865284772909497 ], [ -71.592078155983202, -36.8652600637446 ], [ -71.591505022075097, -36.865687462077801 ], [ -71.590692929350098, -36.866420509479298 ], [ -71.590283294231199, -36.8669444820111 ], [ -71.589397591502404, -36.867607592236801 ], [ -71.5887003573378, -36.868051989477799 ], [ -71.588232976673595, -36.868448454341397 ], [ -71.587886282865895, -36.868727835088102 ], [ -71.587513110372896, -36.868750271945203 ], [ -71.586854763227095, -36.868764612397499 ], [ -71.586446003813407, -36.868787820972003 ], [ -71.586216620888905, -36.8688500422899 ], [ -71.585955268583604, -36.869020259227703 ], [ -71.585577798063696, -36.869443369545699 ], [ -71.585021907518595, -36.869856055460602 ], [ -71.584408293404607, -36.870141234498597 ], [ -71.583790338595094, -36.870297746247502 ], [ -71.583079560079597, -36.870341819790603 ], [ -71.582389943568799, -36.870485575289003 ], [ -71.582038405144104, -36.870621977637803 ], [ -71.581494985080099, -36.870877003512099 ], [ -71.581011680417603, -36.8713310132662 ], [ -71.5804442123911, -36.871929915910897 ], [ -71.579402547189503, -36.872725102359198 ], [ -71.578773979258003, -36.873096418269498 ], [ -71.578279105180897, -36.873207308587403 ], [ -71.576944050609498, -36.873221976355403 ], [ -71.575661898351797, -36.873221175217601 ], [ -71.574874145871902, -36.873095188821601 ], [ -71.574824604315694, -36.873210716838798 ], [ -71.575039069668804, -36.873764026813099 ], [ -71.575126094979794, -36.874234259744803 ], [ -71.575299693418302, -36.874631082224298 ], [ -71.575190979432406, -36.8751055592002 ], [ -71.575159447020596, -36.875757195911902 ], [ -71.5749579140317, -36.876119232148397 ], [ -71.574246081084297, -36.876664009531403 ], [ -71.573106671803998, -36.877203740636297 ], [ -71.571584380572602, -36.878009272518199 ], [ -71.570319402331407, -36.878523083005099 ], [ -71.569864865029302, -36.878776132321399 ], [ -71.569293899228498, -36.879274912598603 ], [ -71.568791237045204, -36.879686372991301 ], [ -71.568239491819398, -36.8802276525468 ], [ -71.567949412210695, -36.880605898863699 ], [ -71.567121532868697, -36.881410664389698 ], [ -71.566276882158405, -36.881715053273297 ], [ -71.565168625554406, -36.882125276000203 ], [ -71.563651750394897, -36.882565771469103 ], [ -71.561946978234602, -36.883246360796399 ], [ -71.560646252027794, -36.883760841423303 ], [ -71.559318029295198, -36.8845191147755 ], [ -71.557411199201397, -36.885018007804497 ], [ -71.556093566520303, -36.885561416788804 ], [ -71.554530560021405, -36.886224544175597 ], [ -71.553309667224497, -36.886465400676201 ], [ -71.551309470148098, -36.886837444174297 ], [ -71.549457582106598, -36.887385103501302 ], [ -71.549142449594498, -36.887549242968703 ], [ -71.548289095160101, -36.887596171259503 ], [ -71.547719557238693, -36.887608391415498 ], [ -71.547385671139807, -36.887744314333403 ], [ -71.547166176609693, -36.888106690766001 ], [ -71.546993422597893, -36.888267769723797 ], [ -71.546326592120394, -36.888568204758997 ], [ -71.5454957702228, -36.888757696972498 ], [ -71.544093737153503, -36.889445851817499 ], [ -71.543275712708393, -36.890021336385402 ], [ -71.542137771857497, -36.890617971195603 ], [ -71.541030669112999, -36.891070868386002 ], [ -71.5399029099746, -36.891438356987102 ], [ -71.538293140753694, -36.891773218960203 ], [ -71.536964357517306, -36.891987601957503 ], [ -71.535639351500507, -36.892316344190903 ], [ -71.534455782417098, -36.8926134388186 ], [ -71.533363564709504, -36.892980107453198 ], [ -71.532587947302105, -36.893225560478299 ], [ -71.5318057109139, -36.893270854491902 ], [ -71.531341503793101, -36.8932378306964 ], [ -71.531068082696095, -36.892997118047099 ], [ -71.530437742105505, -36.893347422964197 ], [ -71.531216409434904, -36.893651609221301 ], [ -71.532131596368302, -36.8943951251916 ], [ -71.532462786762395, -36.8949841766605 ], [ -71.532390132085098, -36.895480501811598 ], [ -71.531874373584102, -36.896492972499502 ], [ -71.530986968871403, -36.897489518970701 ], [ -71.530437181124995, -36.898371563861303 ], [ -71.529336273821897, -36.899646860489597 ], [ -71.528193467794907, -36.90055344908 ], [ -71.526839805770805, -36.9013691346466 ], [ -71.525301418763107, -36.901986056023098 ], [ -71.525798594445305, -36.9022210486117 ], [ -71.526575506542301, -36.902371431926198 ], [ -71.527599894744, -36.902373474065001 ], [ -71.529368776985606, -36.902443106882799 ], [ -71.529908339896195, -36.902598524045302 ], [ -71.530585749333596, -36.902882145067998 ], [ -71.531265132644094, -36.903225332402101 ], [ -71.5328494551067, -36.903549215110999 ], [ -71.533486964451797, -36.903523692012598 ], [ -71.534189186958898, -36.903210649342 ], [ -71.535136889464297, -36.902689683161 ], [ -71.536048952341304, -36.902437722103599 ], [ -71.537176785893095, -36.902425549853 ], [ -71.538173475055501, -36.9024877038295 ], [ -71.539278966624394, -36.902249466715098 ], [ -71.539976194934397, -36.902234553856502 ], [ -71.541415945055405, -36.902227590573403 ], [ -71.542111194660905, -36.9021530961925 ], [ -71.542819299149599, -36.902018711143597 ], [ -71.543593660844607, -36.901644457316998 ], [ -71.5443592471714, -36.901201453183099 ], [ -71.544728251271295, -36.900370694794397 ], [ -71.545168036934797, -36.899667393604602 ], [ -71.545490099438894, -36.899174061871101 ], [ -71.545869360316402, -36.898793956356002 ], [ -71.546255487942204, -36.898084647961703 ], [ -71.546533856263693, -36.897349036959 ], [ -71.547011347579101, -36.896709300170102 ], [ -71.547406488513204, -36.896271622608097 ], [ -71.548046068523107, -36.895685632004501 ], [ -71.5485600892154, -36.895073719607403 ], [ -71.5492798480131, -36.894221326875702 ], [ -71.550160973801596, -36.893401232620697 ], [ -71.550877895553199, -36.892999553018697 ], [ -71.5516688621464, -36.892682118136399 ], [ -71.552175036802396, -36.892370799292898 ], [ -71.552131342223703, -36.892128525003798 ], [ -71.5519293621213, -36.891946878175403 ], [ -71.551378544743699, -36.8919873283727 ], [ -71.550954223835205, -36.892082284472302 ], [ -71.5500526572431, -36.892287635386801 ], [ -71.548691161339804, -36.892588692904603 ], [ -71.547509548083795, -36.892943101852303 ], [ -71.546570936355394, -36.893106302161897 ], [ -71.545876761394595, -36.893121186965203 ], [ -71.545075313744803, -36.893124060215399 ], [ -71.544769400478003, -36.893030469547497 ], [ -71.544621306214097, -36.892861961935097 ], [ -71.545254008019796, -36.892605188428703 ], [ -71.546066596350101, -36.892401780658297 ], [ -71.5467911350798, -36.892228870092197 ], [ -71.547193861024596, -36.892019937636199 ], [ -71.547238226714299, -36.891747158938301 ], [ -71.546428716962197, -36.8915069994272 ], [ -71.545659559099207, -36.891409037084998 ], [ -71.545187762451505, -36.891147322125697 ], [ -71.545268682569102, -36.890902373924703 ], [ -71.545976835879401, -36.890772739785497 ], [ -71.546572750439196, -36.891017482384697 ], [ -71.547274511345705, -36.891231338991702 ], [ -71.548299986237396, -36.891538390927103 ], [ -71.549317857302597, -36.891616691110002 ], [ -71.550599382264494, -36.891589172148599 ], [ -71.551718334575995, -36.891493598626397 ], [ -71.552371654716097, -36.891322184633303 ], [ -71.552308256423004, -36.891023106295201 ], [ -71.552048596884504, -36.890713940151599 ], [ -71.551322841480797, -36.8903146406752 ], [ -71.5511329532698, -36.889961052415202 ], [ -71.551306893091905, -36.889835708307899 ], [ -71.551805250895001, -36.889825000246603 ], [ -71.552521479049005, -36.889938368165303 ], [ -71.552985193935299, -36.889957013116899 ], [ -71.553731302312201, -36.889898050350098 ], [ -71.554777346486603, -36.889646642945799 ], [ -71.555359449836104, -36.889476744940403 ], [ -71.556334545274694, -36.889341303961501 ], [ -71.557281673906004, -36.889435365630398 ], [ -71.558760846599696, -36.889460729210199 ], [ -71.559825403138603, -36.889337639487302 ], [ -71.560992444253699, -36.889083569374101 ], [ -71.562134029844799, -36.888601130791002 ], [ -71.563793655054297, -36.888164724896299 ], [ -71.565977141438395, -36.8874165383627 ], [ -71.566904617225703, -36.8869243742554 ], [ -71.568218835904702, -36.886280772602099 ], [ -71.569205010683802, -36.885415348181901 ], [ -71.569685116239796, -36.884861307561998 ], [ -71.569646705170697, -36.884246952740099 ], [ -71.5696640823179, -36.883702923866203 ], [ -71.569561435313403, -36.8832974045431 ], [ -71.568820201271507, -36.8834994275323 ], [ -71.567986146300598, -36.883588999140301 ], [ -71.5675378717835, -36.8834985443604 ], [ -71.567228141171796, -36.883290640765999 ], [ -71.567115134959096, -36.883107097293497 ], [ -71.567744321351896, -36.882750134629603 ], [ -71.568329215312801, -36.882665953622997 ], [ -71.569105078586801, -36.882434571393503 ], [ -71.569821793789998, -36.882032784476003 ], [ -71.570021447818505, -36.881613570712801 ], [ -71.570388994287697, -36.880890283630698 ], [ -71.571416904956095, -36.880209924675 ], [ -71.573055615018504, -36.879688005644098 ], [ -71.5737381319815, -36.8793298573868 ], [ -71.574478831324001, -36.8791135093972 ], [ -71.575090154898902, -36.878756895903699 ], [ -71.5759948662119, -36.878122090225801 ], [ -71.576735561314806, -36.877376382636498 ], [ -71.577407464295604, -36.876703697523901 ], [ -71.578452569063202, -36.8760085994181 ], [ -71.579677526451306, -36.875366813337699 ], [ -71.580867355035707, -36.874740084878198 ], [ -71.582788877421706, -36.873632469008299 ], [ -71.583634813698097, -36.873370856607998 ], [ -71.584708212973894, -36.872989835461397 ], [ -71.585109283600602, -36.872737894205002 ], [ -71.585624302000099, -36.8721687248621 ], [ -71.586285038966906, -36.871696526567703 ], [ -71.586782248099198, -36.871127739284198 ], [ -71.587043846578993, -36.870964668869 ], [ -71.589005906156501, -36.870535636474898 ], [ -71.590954978620502, -36.870249922062598 ], [ -71.593693229066503, -36.870132930228003 ], [ -71.596256439253906, -36.8701055411019 ], [ -71.5982377938263, -36.870248198912002 ], [ -71.600461957560299, -36.870199522192301 ], [ -71.602137921536595, -36.870262961383702 ], [ -71.603814857913704, -36.870354969510899 ], [ -71.605342831134905, -36.870779272078998 ], [ -71.607685427137596, -36.871071218483401 ], [ -71.608711810914798, -36.871406343072401 ], [ -71.610184988100301, -36.871788866327599 ], [ -71.611855142219397, -36.871680616825401 ], [ -71.612700945554096, -36.8714188019134 ], [ -71.613387090520902, -36.871174801697698 ], [ -71.614873437069505, -36.870376687120903 ], [ -71.616927417421095, -36.869515975547102 ], [ -71.619299663899199, -36.868590984691799 ], [ -71.620527558827604, -36.868048864421503 ], [ -71.621480533683496, -36.867798929814803 ], [ -71.622141979260306, -36.867355133159002 ], [ -71.623383712399999, -36.866698226458297 ], [ -71.624557192944494, -36.8661286541967 ], [ -71.625558119433904, -36.865720256429498 ], [ -71.625794411768993, -36.865601825522397 ], [ -71.626254111494404, -36.865486194033501 ], [ -71.626394243618606, -36.865418716730403 ], [ -71.626733348610401, -36.8651823131854 ], [ -71.627327002459396, -36.864840132940301 ], [ -71.627888007232698, -36.8645845119486 ], [ -71.628885955271798, -36.864090313672797 ], [ -71.629576218135895, -36.863710217494898 ], [ -71.630194327382497, -36.863303103130697 ], [ -71.630709259825494, -36.862909596179698 ], [ -71.631080708788701, -36.862600336112301 ], [ -71.631290705544401, -36.8624432804028 ], [ -71.631636240427397, -36.862306469580901 ], [ -71.632149873805801, -36.862057044095302 ], [ -71.632448516368896, -36.861800685672698 ], [ -71.632595962332303, -36.861708872674697 ], [ -71.632853950610496, -36.861523131665002 ], [ -71.633565355608894, -36.8608134314292 ], [ -71.633793442404496, -36.860715381611598 ], [ -71.634036374456002, -36.8605311633425 ], [ -71.634502479291697, -36.860105937735099 ], [ -71.634660874344505, -36.8600523514108 ], [ -71.635286998236495, -36.859924389465597 ], [ -71.635589462956801, -36.859900131404501 ], [ -71.635900059023598, -36.859871780044401 ], [ -71.636450627431799, -36.859573430788998 ], [ -71.6369896843552, -36.859238137795401 ], [ -71.637479822424993, -36.858994775346801 ], [ -71.637832576222095, -36.858768768392402 ], [ -71.638246854806894, -36.858519933781501 ], [ -71.638497412069, -36.8584285296986 ], [ -71.639027989251005, -36.858308688805003 ], [ -71.639630683715595, -36.858249556035702 ], [ -71.640217637072894, -36.858167874367098 ], [ -71.640156146443005, -36.8580934633233 ], [ -71.639828283931294, -36.857764377695702 ], [ -71.639663697679296, -36.857575149144601 ], [ -71.639199450046405, -36.8569400701763 ], [ -71.639097357904006, -36.856732509771902 ], [ -71.638571055244697, -36.855923963323903 ], [ -71.638279600412801, -36.855386790439198 ], [ -71.637859723123597, -36.854566338361003 ], [ -71.637564346814301, -36.8539147978586 ], [ -71.637542922666398, -36.853982037689399 ], [ -71.637031922463393, -36.8543081260216 ], [ -71.636343354057203, -36.854647690611898 ], [ -71.635605704622805, -36.854940651746702 ], [ -71.634924400002106, -36.855146519688603 ], [ -71.633629338600102, -36.855451831913399 ], [ -71.632543508121202, -36.855715535316399 ], [ -71.632604076646999, -36.856572583748601 ], [ -71.632602721555202, -36.857224752316299 ], [ -71.632573757868499, -36.858455754184597 ], [ -71.632400593292999, -36.859289368526802 ], [ -71.632273971017497, -36.859749982793602 ], [ -71.6320956534787, -36.860087753298203 ], [ -71.631674480202193, -36.8606121195293 ], [ -71.631284632024403, -36.861011801225501 ], [ -71.630630196783898, -36.861460349594502 ], [ -71.630025791237401, -36.861757702484397 ], [ -71.628917704247201, -36.862154202222399 ], [ -71.628004572421304, -36.862524918321299 ], [ -71.627083841981502, -36.8626740445699 ] ] ] } },
{ "type": "Feature", "properties": { "id": "monoparte.2", "Name": null, "description": null, "timestamp": null, "begin": null, "end": null, "altitudeMode": null, "tessellate": -1, "extrude": 0, "visibility": -1, "drawOrder": null, "icon": null, "REG": "Ñuble", "COM": "Pinto", "LOC": "Termas de Chillán", "ZONA": "ZT-2", "NOM": "Zona ZT-2", "UPERM": "Equipamiento de áreas verdes y deporte.", "UPROH": "Todos los usos de suelo no mencionados como permitidos.", "P_DO": "16/01/1990", "N_DOC": "25", "T_DO": "Resolución", "OBS": null }, "geometry": { "type": "Polygon", "coordinates": [ [ [ -71.375895977852096, -36.882768515784598 ], [ -71.379130005836799, -36.888409383901397 ], [ -71.383325668561, -36.8956004749611 ], [ -71.385414126298599, -36.899171108926097 ], [ -71.3889657739699, -36.905666703454202 ], [ -71.391977941150301, -36.9108424802765 ], [ -71.393994536986298, -36.914936600154498 ], [ -71.396243841527706, -36.915642349293002 ], [ -71.404061242005596, -36.918331430882198 ], [ -71.409172910515295, -36.919958971867501 ], [ -71.4114795158535, -36.920777720406697 ], [ -71.416359987019007, -36.922409641731299 ], [ -71.4233883618287, -36.924898875328303 ], [ -71.423448769146802, -36.924918773301698 ], [ -71.423807511541298, -36.924688508175699 ], [ -71.424821460694801, -36.923694924876997 ], [ -71.425193512857007, -36.923439335988803 ], [ -71.425636191241693, -36.923163228470202 ], [ -71.426001590546406, -36.922697937427898 ], [ -71.4262208975654, -36.9221211741568 ], [ -71.4266557066627, -36.921597234677797 ], [ -71.427024115349496, -36.921227259649399 ], [ -71.428231551248899, -36.920344148433699 ], [ -71.428288869099006, -36.919904226815603 ], [ -71.427565860590207, -36.918831679179803 ], [ -71.426782524435097, -36.918103727821702 ], [ -71.425948094298903, -36.917262358964599 ], [ -71.425651105897401, -36.916886906260601 ], [ -71.425277459997005, -36.916341334582597 ], [ -71.425224726843595, -36.9154267613266 ], [ -71.425047061265104, -36.915067944827697 ], [ -71.424246688921997, -36.914550160135903 ], [ -71.422777952823296, -36.913931554085302 ], [ -71.421454701442698, -36.913405343174098 ], [ -71.420000109081798, -36.912481195559401 ], [ -71.418596344313002, -36.9116609135489 ], [ -71.417819187664605, -36.911123534692599 ], [ -71.416319607319593, -36.910276561787299 ], [ -71.415279537331102, -36.909687287629097 ], [ -71.414173672401006, -36.909271027398198 ], [ -71.413435933519494, -36.909228795926502 ], [ -71.412756799497799, -36.908784771294201 ], [ -71.411846282021401, -36.908536203985697 ], [ -71.410717312387604, -36.908139456588103 ], [ -71.410521393937103, -36.907952672929497 ], [ -71.410311675638795, -36.907327417387002 ], [ -71.409848028494693, -36.906936229286899 ], [ -71.409265354204607, -36.906725499354202 ], [ -71.408145684957205, -36.906056701704699 ], [ -71.407596198928104, -36.905579018120903 ], [ -71.407124129620698, -36.904730162925397 ], [ -71.406542974569902, -36.9037165989212 ], [ -71.406119556280402, -36.902997900729403 ], [ -71.405957343821697, -36.902560051434598 ], [ -71.405910079918499, -36.902000646832498 ], [ -71.406309531208507, -36.901956784620602 ], [ -71.4072962028593, -36.902175238180597 ], [ -71.407824830815002, -36.902462585273199 ], [ -71.408184271058403, -36.902562599811397 ], [ -71.408583348823697, -36.902506815069202 ], [ -71.4095984226594, -36.9022120019049 ], [ -71.409907356224195, -36.902122273790397 ], [ -71.410307555071299, -36.902102228698702 ], [ -71.410938921382296, -36.902351708126403 ], [ -71.411559582714304, -36.902732550779803 ], [ -71.412203542359904, -36.902910232173497 ], [ -71.413190991396704, -36.903152465206801 ], [ -71.4139102659786, -36.903364374687499 ], [ -71.414480430966904, -36.903555466076298 ], [ -71.4147382831177, -36.903729061460801 ], [ -71.415005712345305, -36.903735545130601 ], [ -71.415341687702394, -36.9035617951698 ], [ -71.415637286324497, -36.903520014816799 ], [ -71.415889126998493, -36.903502968825599 ], [ -71.416550945786, -36.903775643063703 ], [ -71.417325650756794, -36.904332157490003 ], [ -71.418279157390998, -36.904908870969599 ], [ -71.419157743333102, -36.905463257250801 ], [ -71.4197491716656, -36.905856573782103 ], [ -71.420394304326194, -36.906069954042202 ], [ -71.421184418714205, -36.906173071257598 ], [ -71.421663715645806, -36.9063063674297 ], [ -71.422274660985295, -36.906377363264703 ], [ -71.422755845729498, -36.906570229255003 ], [ -71.423453929161496, -36.9065798290587 ], [ -71.424250588779302, -36.906420496214501 ], [ -71.424780938989201, -36.906290441462502 ], [ -71.425003489927903, -36.906285896503398 ], [ -71.425380446089704, -36.906468957991599 ], [ -71.425809652538604, -36.906895362565997 ], [ -71.426196050352004, -36.907376292231397 ], [ -71.426698507588497, -36.907771391125699 ], [ -71.427238304404497, -36.907939195924499 ], [ -71.428391712268294, -36.908261365131601 ], [ -71.429772089360995, -36.908624185114 ], [ -71.430736711830804, -36.9087045904717 ], [ -71.431469421946403, -36.908775430286902 ], [ -71.4326929385835, -36.908592991686902 ], [ -71.433668550310202, -36.908458542998503 ], [ -71.434748711216599, -36.9082504066455 ], [ -71.435116692645906, -36.908056869439498 ], [ -71.435713853425199, -36.907787094149803 ], [ -71.436298209751399, -36.907674956468298 ], [ -71.436863394998198, -36.907520288411199 ], [ -71.437192117357498, -36.907213093768 ], [ -71.437566004139597, -36.907205418774602 ], [ -71.4378371630863, -36.907328614705101 ], [ -71.438105590291499, -36.907366024161199 ], [ -71.438533345184993, -36.907371546967298 ], [ -71.438816844638396, -36.907322803340499 ], [ -71.439257848702894, -36.907184981546202 ], [ -71.4395956711693, -36.9071637340504 ], [ -71.439988726727606, -36.907198578524302 ], [ -71.440600446145993, -36.907386305003797 ], [ -71.440935533129405, -36.907279267126199 ], [ -71.441203050757295, -36.907288074286299 ], [ -71.441387473220701, -36.907484581049196 ], [ -71.441528057919896, -36.907982435461001 ], [ -71.441859477635603, -36.908318988425201 ], [ -71.442614539666707, -36.909090342111597 ], [ -71.443162816841195, -36.909522578581402 ], [ -71.443831169083595, -36.909809271333401 ], [ -71.444552027162104, -36.910066265283803 ], [ -71.445654096830495, -36.910544314537603 ], [ -71.447027366281802, -36.911145526839199 ], [ -71.4473589104458, -36.911354728776502 ], [ -71.447755333125002, -36.911044584141798 ], [ -71.448190549261895, -36.910725626431798 ], [ -71.448755104483794, -36.910272852526496 ], [ -71.449529661437495, -36.909887278486202 ], [ -71.450553769668304, -36.909413092182099 ], [ -71.451183370457699, -36.909137800888701 ], [ -71.452082321152204, -36.908928479648601 ], [ -71.452699747065097, -36.908736889781899 ], [ -71.453258586723095, -36.908570352755703 ], [ -71.454101231777798, -36.908457559034098 ], [ -71.454736540634599, -36.908360969247099 ], [ -71.455416740541907, -36.908275370040698 ], [ -71.457585200608804, -36.908302041312503 ], [ -71.458150909056798, -36.9083499431623 ], [ -71.458833399567098, -36.908335811612297 ], [ -71.459605292532302, -36.908331746461997 ], [ -71.460497028030005, -36.908360960628301 ], [ -71.461164680932995, -36.908347123135002 ], [ -71.461741013831897, -36.908263640700802 ], [ -71.462545644351906, -36.908354256778701 ], [ -71.463432012355995, -36.908216646503902 ], [ -71.463998490166205, -36.9082883489816 ], [ -71.464846097997395, -36.9083303684219 ], [ -71.466572907388596, -36.9084733449859 ], [ -71.4671519211321, -36.908473237392798 ], [ -71.467861778062499, -36.908386950731597 ], [ -71.468525201109998, -36.908242013019503 ], [ -71.469708904806296, -36.907657043049902 ], [ -71.470086966485695, -36.907410729846397 ], [ -71.470370396686405, -36.907452523124597 ], [ -71.470929951692099, -36.907309732252699 ], [ -71.472031747437299, -36.906487995312098 ], [ -71.472762015908202, -36.906115116970803 ], [ -71.473436782069697, -36.905862613871399 ], [ -71.474041212697898, -36.905730796887603 ], [ -71.474901704017896, -36.905712864199202 ], [ -71.475584162418897, -36.905698637289497 ], [ -71.476593398075593, -36.905689513250103 ], [ -71.4776186264085, -36.905715814542702 ], [ -71.4782663980059, -36.905547304131098 ], [ -71.478982947688294, -36.9052104411115 ], [ -71.479152106656599, -36.904932694139902 ], [ -71.479185235839395, -36.9045802904349 ], [ -71.479217785131794, -36.904210015903502 ], [ -71.478892351134903, -36.903787604267698 ], [ -71.478055187279097, -36.903149345255599 ], [ -71.476492066921793, -36.902097015734498 ], [ -71.474798167475996, -36.901130848111499 ], [ -71.4738260113444, -36.900447682317399 ], [ -71.472938072173093, -36.899613722867102 ], [ -71.472613077458206, -36.899203205964199 ], [ -71.470869635579703, -36.8976180434395 ], [ -71.467821349987901, -36.895153871854603 ], [ -71.466479265019302, -36.894049320551503 ], [ -71.465810516016006, -36.893748455334297 ], [ -71.464888744009798, -36.892780411531497 ], [ -71.463466292715296, -36.891751211767499 ], [ -71.461683286249098, -36.890586400097597 ], [ -71.460774461987597, -36.890018648776199 ], [ -71.459753346451706, -36.8892815335102 ], [ -71.458767848245301, -36.888543670737 ], [ -71.458057385823693, -36.888050479414296 ], [ -71.456938236218306, -36.887587200364003 ], [ -71.455282832821894, -36.887063463548699 ], [ -71.453425762816394, -36.886915852010198 ], [ -71.452083503022195, -36.886714661053297 ], [ -71.450538142797598, -36.886288733897501 ], [ -71.449351978051695, -36.885955527727702 ], [ -71.448513597014198, -36.885915587661998 ], [ -71.447025319467301, -36.885602893244098 ], [ -71.445647954086198, -36.8854166599832 ], [ -71.444146913220706, -36.885261569956697 ], [ -71.4434744098279, -36.885121011439303 ], [ -71.442774319265794, -36.885135413334702 ], [ -71.442226663410295, -36.885089447562102 ], [ -71.441272528574999, -36.8849564565108 ], [ -71.440735525751606, -36.8848721130651 ], [ -71.440189693548703, -36.884883329361898 ], [ -71.439394979187099, -36.884909194065997 ], [ -71.438466099985206, -36.884823351064597 ], [ -71.437596248034396, -36.884726750620104 ], [ -71.436760177170697, -36.884572223401697 ], [ -71.435701687618902, -36.884517631941797 ], [ -71.434935908807205, -36.884333036046897 ], [ -71.433802291424698, -36.884155972811101 ], [ -71.432594458184894, -36.883885038752801 ], [ -71.431950678019803, -36.883802843143997 ], [ -71.430713909526702, -36.883742319668897 ], [ -71.429612582984603, -36.883459636428398 ], [ -71.428874788418696, -36.8834079613668 ], [ -71.428345746206503, -36.883199404323797 ], [ -71.427550528660106, -36.882834137744602 ], [ -71.426469485551607, -36.882441323033802 ], [ -71.425150085153604, -36.8820199830202 ], [ -71.424061678917298, -36.881393613646999 ], [ -71.422786571213706, -36.880494437751302 ], [ -71.422309662135604, -36.8800558761966 ], [ -71.420659250037701, -36.878925878020098 ], [ -71.419757003076597, -36.878176447235496 ], [ -71.418675146692394, -36.8773782078026 ], [ -71.416777579708807, -36.875965565792697 ], [ -71.413111345360903, -36.875930238125903 ], [ -71.407753231628803, -36.875907826779901 ], [ -71.396737743639903, -36.875784857341102 ], [ -71.393827861902693, -36.875748157899601 ], [ -71.388840127077302, -36.875705503026602 ], [ -71.382395961003894, -36.875596478620103 ], [ -71.3773451966251, -36.875435377872101 ], [ -71.373753809172698, -36.875435668962503 ], [ -71.371288860672095, -36.875389522442298 ], [ -71.371834834932002, -36.876232575210302 ], [ -71.375895977852096, -36.882768515784598 ] ] ] } },
{ "type": "Feature", "properties": { "id": "monoparte.3", "Name": null, "description": null, "timestamp": null, "begin": null, "end": null, "altitudeMode": null, "tessellate": -1, "extrude": 0, "visibility": -1, "drawOrder": null, "icon": null, "REG": "Ñuble", "COM": "Pinto", "LOC": "Termas de Chillán", "ZONA": "ZT-4", "NOM": "Zona ZT-4", "UPERM": "Vivienda. Equipamiento destinado a áreas verdes, cultura, deporte, seguridad, esparcimiento y turismo.", "UPROH": "Todos los usos de suelo no mencionados como permitidos.", "P_DO": "16/01/1990", "N_DOC": "25", "T_DO": "Resolución", "OBS": null }, "geometry": { "type": "Polygon", "coordinates": [ [ [ -71.460541253611098, -36.875248726574199 ], [ -71.460154573201606, -36.876538999208996 ], [ -71.459908978165501, -36.8777649506603 ], [ -71.459773588106998, -36.879465519672202 ], [ -71.459722715455001, -36.880840046704101 ], [ -71.459980342082403, -36.882208183046501 ], [ -71.460281461989496, -36.883451423099601 ], [ -71.460582899962503, -36.884704194005202 ], [ -71.461304174411197, -36.885719351153398 ], [ -71.463856244738693, -36.888279840649901 ], [ -71.465147183465405, -36.8892831533107 ], [ -71.466511810828806, -36.890361223820797 ], [ -71.467141147131798, -36.890729669858203 ], [ -71.467713199381606, -36.890794087965297 ], [ -71.468480646076898, -36.891026125058303 ], [ -71.469413001558394, -36.8912165765352 ], [ -71.470986774733802, -36.891412751211099 ], [ -71.471601381840401, -36.891323657197198 ], [ -71.473190895088607, -36.891271488966602 ], [ -71.474611810715501, -36.891146508124699 ], [ -71.476508615147793, -36.891049739365698 ], [ -71.477444377897399, -36.890610550774603 ], [ -71.477945541562306, -36.8899515136847 ], [ -71.477248358356405, -36.888955036235998 ], [ -71.476357023582196, -36.887829070531502 ], [ -71.475569264917596, -36.886968002430798 ], [ -71.474709714965897, -36.886089347616299 ], [ -71.473315173024503, -36.8848212351566 ], [ -71.472139483020399, -36.883710695494798 ], [ -71.471426081844299, -36.882943429373697 ], [ -71.471004221016997, -36.882379928051499 ], [ -71.470632899436595, -36.8819107548508 ], [ -71.470351588174395, -36.881287099287697 ], [ -71.470164587645996, -36.880642406118703 ], [ -71.470171729955197, -36.880127206635798 ], [ -71.4703132632132, -36.879361224547601 ], [ -71.470659755650303, -36.878323914296303 ], [ -71.471034270375299, -36.877419552755498 ], [ -71.471739749423193, -36.876470150390602 ], [ -71.472486520525393, -36.875329125712099 ], [ -71.472672778751004, -36.874985514320699 ], [ -71.4693142995377, -36.875085064345598 ], [ -71.462772632360299, -36.875173196228801 ], [ -71.460541253611098, -36.875248726574199 ] ] ] } },
{ "type": "Feature", "properties": { "id": "monoparte.4", "Name": null, "description": null, "timestamp": null, "begin": null, "end": null, "altitudeMode": null, "tessellate": -1, "extrude": 0, "visibility": -1, "drawOrder": null, "icon": null, "REG": "Ñuble", "COM": "Pinto", "LOC": "Termas de Chillán", "ZONA": "ZT-4", "NOM": "Zona ZT-4", "UPERM": "Vivienda. Equipamiento destinado a áreas verdes, cultura, deporte, seguridad, esparcimiento y turismo.", "UPROH": "Todos los usos de suelo no mencionados como permitidos.", "P_DO": "16/01/1990", "N_DOC": "25", "T_DO": "Resolución", "OBS": null }, "geometry": { "type": "Polygon", "coordinates": [ [ [ -71.405957343821697, -36.902560051434598 ], [ -71.406119556280402, -36.902997900729403 ], [ -71.406542974569902, -36.9037165989212 ], [ -71.407124129620698, -36.904730162925397 ], [ -71.407596198928104, -36.905579018120903 ], [ -71.408145684957205, -36.906056701704699 ], [ -71.409265354204607, -36.906725499354202 ], [ -71.409848028494693, -36.906936229286899 ], [ -71.410311675638795, -36.907327417387002 ], [ -71.410521393937103, -36.907952672929497 ], [ -71.410717312387604, -36.908139456588103 ], [ -71.411846282021401, -36.908536203985697 ], [ -71.412756799497799, -36.908784771294201 ], [ -71.413435933519494, -36.909228795926502 ], [ -71.414173672401006, -36.909271027398198 ], [ -71.415279537331102, -36.909687287629097 ], [ -71.416319607319593, -36.910276561787299 ], [ -71.417819187664605, -36.911123534692599 ], [ -71.418596344313002, -36.9116609135489 ], [ -71.420000109081798, -36.912481195559401 ], [ -71.421454701442698, -36.913405343174098 ], [ -71.422777952823296, -36.913931554085302 ], [ -71.424246688921997, -36.914550160135903 ], [ -71.424561703876805, -36.914753953774998 ], [ -71.425097272707404, -36.914383026905803 ], [ -71.425279224310401, -36.914033556444302 ], [ -71.425211189717302, -36.913760728245201 ], [ -71.425336923257206, -36.913042807369401 ], [ -71.425716031042001, -36.912355478077799 ], [ -71.426442664192194, -36.910921848694002 ], [ -71.4268863898549, -36.910400111023201 ], [ -71.427134956747906, -36.909810826216003 ], [ -71.427217856299706, -36.909147430019402 ], [ -71.427078474773097, -36.907889510442601 ], [ -71.426698507588497, -36.907771391125699 ], [ -71.426196050352004, -36.907376292231397 ], [ -71.425809652538604, -36.906895362565997 ], [ -71.425380446089704, -36.906468957991599 ], [ -71.425003489927903, -36.906285896503398 ], [ -71.424780938989201, -36.906290441462502 ], [ -71.424250588779302, -36.906420496214501 ], [ -71.423453929161496, -36.9065798290587 ], [ -71.422755845729498, -36.906570229255003 ], [ -71.422274660985295, -36.906377363264703 ], [ -71.421663715645806, -36.9063063674297 ], [ -71.421184418714205, -36.906173071257598 ], [ -71.420394304326194, -36.906069954042202 ], [ -71.4197491716656, -36.905856573782103 ], [ -71.419157743333102, -36.905463257250801 ], [ -71.418279157390998, -36.904908870969599 ], [ -71.417325650756794, -36.904332157490003 ], [ -71.416550945786, -36.903775643063703 ], [ -71.415889126998493, -36.903502968825599 ], [ -71.415637286324497, -36.903520014816799 ], [ -71.415341687702394, -36.9035617951698 ], [ -71.415005712345305, -36.903735545130601 ], [ -71.4147382831177, -36.903729061460801 ], [ -71.414480430966904, -36.903555466076298 ], [ -71.4139102659786, -36.903364374687499 ], [ -71.413190991396704, -36.903152465206801 ], [ -71.412203542359904, -36.902910232173497 ], [ -71.411559582714304, -36.902732550779803 ], [ -71.410938921382296, -36.902351708126403 ], [ -71.410307555071299, -36.902102228698702 ], [ -71.409907356224195, -36.902122273790397 ], [ -71.4095984226594, -36.9022120019049 ], [ -71.408583348823697, -36.902506815069202 ], [ -71.408184271058403, -36.902562599811397 ], [ -71.407824830815002, -36.902462585273199 ], [ -71.4072962028593, -36.902175238180597 ], [ -71.406309531208507, -36.901956784620602 ], [ -71.405910079918499, -36.902000646832498 ], [ -71.405957343821697, -36.902560051434598 ] ] ] } },
{ "type": "Feature", "properties": { "id": "monoparte.5", "Name": null, "description": null, "timestamp": null, "begin": null, "end": null, "altitudeMode": null, "tessellate": -1, "extrude": 0, "visibility": -1, "drawOrder": null, "icon": null, "REG": "Ñuble", "COM": "Pinto", "LOC": "Termas de Chillán", "ZONA": "ZR", "NOM": "Zona ZR", "UPERM": "Equipamiento destinado a áreas verdes, zonas de picnic y forestación.", "UPROH": "Todos los usos de suelo no mencionados como permitidos.", "P_DO": "16/01/1990", "N_DOC": "25", "T_DO": "Resolución", "OBS": null }, "geometry": { "type": "Polygon", "coordinates": [ [ [ -71.630755294336396, -36.868178073822897 ], [ -71.629955319817299, -36.868289975129201 ], [ -71.629138607343094, -36.868272290171497 ], [ -71.628548794098606, -36.868380721973502 ], [ -71.628142619333104, -36.868651996056002 ], [ -71.626843004758101, -36.869264928466798 ], [ -71.623936410964902, -36.870616764296699 ], [ -71.622786876653905, -36.871570290567 ], [ -71.621133787631805, -36.873218652439697 ], [ -71.620190382431105, -36.874097860563801 ], [ -71.6196214897423, -36.874472841480703 ], [ -71.618818409314102, -36.874595467096498 ], [ -71.618307662362895, -36.874587652607602 ], [ -71.618218439243606, -36.874408404312703 ], [ -71.618208348429505, -36.874112958610503 ], [ -71.618281946310603, -36.873834742664002 ], [ -71.618245526007996, -36.873463575783397 ], [ -71.617894352825502, -36.8732614887019 ], [ -71.616562997590094, -36.873557882838 ], [ -71.614382072239593, -36.874006494478401 ], [ -71.613238458913699, -36.874413170861899 ], [ -71.611857577045299, -36.874825054616103 ], [ -71.610179296077206, -36.875219615174203 ], [ -71.608880865978506, -36.875438898660697 ], [ -71.608236512693495, -36.8756914940356 ], [ -71.607713216197794, -36.876012960593499 ], [ -71.607434471064195, -36.876543653926902 ], [ -71.607360086493898, -36.8769744836573 ], [ -71.607380348904897, -36.877570145461597 ], [ -71.607277114834702, -36.878025452389302 ], [ -71.606875674647597, -36.878439617612898 ], [ -71.605947663438897, -36.879079935087503 ], [ -71.604957889906402, -36.879650067632099 ], [ -71.6041964698816, -36.8799528973395 ], [ -71.603988046992896, -36.879933623624197 ], [ -71.603865362408399, -36.879817092239499 ], [ -71.603858886585101, -36.879626480188399 ], [ -71.604014174019497, -36.8789554357367 ], [ -71.604265721657001, -36.878496879126601 ], [ -71.604768807146698, -36.877579763688502 ], [ -71.604779841951796, -36.877031103405201 ], [ -71.604612120728206, -36.876462519620603 ], [ -71.604274551983593, -36.876136102047397 ], [ -71.6029733793075, -36.875401610623797 ], [ -71.601404508446095, -36.874649123454702 ], [ -71.600000114532804, -36.874369900663702 ], [ -71.599501600060904, -36.8745477233957 ], [ -71.598619152942504, -36.874781633144899 ], [ -71.598062124840993, -36.8749845750581 ], [ -71.597244634031597, -36.875383964208297 ], [ -71.596565738088103, -36.875494185676402 ], [ -71.595911655932596, -36.875460796185102 ], [ -71.594899263558503, -36.875363698607501 ], [ -71.594239539263398, -36.875163511652303 ], [ -71.592409476372396, -36.874583519511503 ], [ -71.590862460500901, -36.874474211634201 ], [ -71.5898869867858, -36.874590864298099 ], [ -71.589059798318601, -36.874704277413798 ], [ -71.588326405472003, -36.874958706592501 ], [ -71.587863145062599, -36.875302622489201 ], [ -71.587224344935805, -36.875721894636897 ], [ -71.586466905906306, -36.876143746323201 ], [ -71.585979598866203, -36.876655089612299 ], [ -71.585011237331599, -36.877159734683197 ], [ -71.581705254704104, -36.878934136225197 ], [ -71.579852606142694, -36.879975859946597 ], [ -71.578942133800595, -36.880439140548702 ], [ -71.577752683448495, -36.881080150272702 ], [ -71.576469411877198, -36.8821094623856 ], [ -71.575185143889399, -36.883110169423503 ], [ -71.574344805253105, -36.884072627250902 ], [ -71.574079743493201, -36.884664945914501 ], [ -71.5737786045447, -36.885243738400497 ], [ -71.573763657875702, -36.885859247671704 ], [ -71.573396332727199, -36.886378869493299 ], [ -71.573132142656206, -36.8869091715952 ], [ -71.572140777005202, -36.887884424276301 ], [ -71.571611241433303, -36.888027036892503 ], [ -71.5710091449684, -36.888218907193597 ], [ -71.570398208957201, -36.888589799012202 ], [ -71.569247630369205, -36.889687696511302 ], [ -71.5677254772379, -36.890328652733302 ], [ -71.566230568448503, -36.890897467874701 ], [ -71.565264411225201, -36.8912998539952 ], [ -71.564653023114403, -36.891658804652401 ], [ -71.562922024989803, -36.891827321627098 ], [ -71.561811589660806, -36.891910894071302 ], [ -71.561539732364906, -36.892214813568202 ], [ -71.561312769299093, -36.892529687077101 ], [ -71.560636048129794, -36.892711193146098 ], [ -71.559807016578503, -36.892776756504603 ], [ -71.558161679946394, -36.893289102974101 ], [ -71.556995343161901, -36.893922257855301 ], [ -71.555087208811699, -36.895012488101202 ], [ -71.554172451590006, -36.896069401924102 ], [ -71.552600485408604, -36.897450417953003 ], [ -71.550050618629299, -36.898888186299899 ], [ -71.549247047132397, -36.899275030650301 ], [ -71.548681208354196, -36.899668689147198 ], [ -71.548358733133497, -36.900193631693497 ], [ -71.547763825756306, -36.9008740440594 ], [ -71.547307515144297, -36.901437026928001 ], [ -71.547229059039395, -36.901934675097898 ], [ -71.5470901741338, -36.9027579045352 ], [ -71.546923747996402, -36.903467272134897 ], [ -71.5466823068396, -36.904063794270101 ], [ -71.546506998983006, -36.904506292554899 ], [ -71.5459781827509, -36.905032673873201 ], [ -71.545330043419, -36.905542536021002 ], [ -71.544511939093297, -36.905941583101402 ], [ -71.543621983046094, -36.906323088121198 ], [ -71.543271632555403, -36.906502274220202 ], [ -71.543086170327598, -36.906639775975997 ], [ -71.542785822281203, -36.906894191309298 ], [ -71.542118971271904, -36.907557041315798 ], [ -71.540328532417703, -36.908720823647499 ], [ -71.538176283192001, -36.909720633995498 ], [ -71.537073871356696, -36.910144784391001 ], [ -71.535967028059204, -36.910435490006897 ], [ -71.534810174328399, -36.910650950508398 ], [ -71.534099292401706, -36.9107042765431 ], [ -71.533458992880199, -36.910737017234197 ], [ -71.533028551859005, -36.910650823793297 ], [ -71.532997245245397, -36.910422583710996 ], [ -71.5330127849017, -36.910174269176999 ], [ -71.533118861597302, -36.909790493561701 ], [ -71.533269257695295, -36.909310393659098 ], [ -71.533063589989595, -36.908837890660301 ], [ -71.532644287180204, -36.908369945417299 ], [ -71.532460593199701, -36.907885747014802 ], [ -71.532436103115202, -36.907821192135501 ], [ -71.532042951320406, -36.907515226225101 ], [ -71.532042599110895, -36.907515468951999 ], [ -71.531729431699603, -36.907731744161801 ], [ -71.530922152481295, -36.908101854637501 ], [ -71.5302697885068, -36.908487734306703 ], [ -71.528960854392295, -36.9087731437141 ], [ -71.528239373027304, -36.908864811090602 ], [ -71.527564264579297, -36.908922105171399 ], [ -71.527022701141902, -36.9090671626344 ], [ -71.526829421872606, -36.909328798000097 ], [ -71.526778256390699, -36.909577870274603 ], [ -71.526826699292499, -36.911045665179401 ], [ -71.526778217393996, -36.912095857908596 ], [ -71.526597513876396, -36.912738738143403 ], [ -71.526301489265407, -36.9131265503758 ], [ -71.525933300856906, -36.913487283834797 ], [ -71.525425187901206, -36.913927295431499 ], [ -71.524867528629798, -36.914185749109699 ], [ -71.523127348212199, -36.9145446460752 ], [ -71.522596380695305, -36.914695794318 ], [ -71.521950575835504, -36.914879628824501 ], [ -71.521182175297895, -36.914991326846099 ], [ -71.519954206255406, -36.915124698451898 ], [ -71.5182002596259, -36.915066536163799 ], [ -71.517176871158, -36.915100160767501 ], [ -71.516332359693493, -36.915606877770898 ], [ -71.515325837625298, -36.916605836065401 ], [ -71.514737808709299, -36.916785204754198 ], [ -71.514272001912303, -36.917069284094403 ], [ -71.513273592908305, -36.917412326430799 ], [ -71.512612470173295, -36.9174983623898 ], [ -71.511632449685493, -36.917625892443297 ], [ -71.510167008497106, -36.9177641872717 ], [ -71.508650798544707, -36.917712778930103 ], [ -71.5079116317564, -36.917811852663 ], [ -71.506914751953502, -36.917749450319199 ], [ -71.5060518058947, -36.917696135497799 ], [ -71.505379414527496, -36.917567259382999 ], [ -71.503955354096306, -36.917609225226201 ], [ -71.503170107327804, -36.917661551803299 ], [ -71.502211903410995, -36.917419459192402 ], [ -71.5014465983012, -36.917173295416802 ], [ -71.500093279344497, -36.9166533741896 ], [ -71.498567368234305, -36.916303982709998 ], [ -71.497090647822603, -36.916096604658399 ], [ -71.496416340026698, -36.915908105692097 ], [ -71.495568643694895, -36.9158663155821 ], [ -71.494459303788005, -36.915996930294199 ], [ -71.493376140875199, -36.916019683437398 ], [ -71.492618247638106, -36.915999830549403 ], [ -71.491321149568293, -36.915836298565203 ], [ -71.490143921976298, -36.915706004738297 ], [ -71.488823741728893, -36.915745610370003 ], [ -71.488230616000394, -36.915769964895297 ], [ -71.487295442784003, -36.915777638546899 ], [ -71.486449684153797, -36.915795354435403 ], [ -71.485235686104502, -36.915904229559601 ], [ -71.484775323962296, -36.915901943200801 ], [ -71.484165035822599, -36.9158551024452 ], [ -71.483499261831696, -36.915928643144198 ], [ -71.482702264102898, -36.916076458482998 ], [ -71.480901296686497, -36.916400243730997 ], [ -71.479497469633102, -36.916608405639799 ], [ -71.477878002657803, -36.9170356564318 ], [ -71.476827959443995, -36.917164869240203 ], [ -71.475967340733305, -36.917182820620702 ], [ -71.475018075892095, -36.9172145360344 ], [ -71.473406476973693, -36.917426958433602 ], [ -71.472867851190301, -36.917760083572603 ], [ -71.471590758487295, -36.918215884234897 ], [ -71.469807984107703, -36.918646424715703 ], [ -71.468888373715899, -36.918677474441303 ], [ -71.468039497825501, -36.9185997454748 ], [ -71.467128964313304, -36.918451756411002 ], [ -71.466337911012502, -36.918325123664303 ], [ -71.465371482650795, -36.918285584227803 ], [ -71.464637869666106, -36.918098135058898 ], [ -71.463727347268104, -36.917950119417299 ], [ -71.462285214232097, -36.917431605588902 ], [ -71.461209566185801, -36.917227382697803 ], [ -71.460684858213298, -36.917071345504098 ], [ -71.459315038294406, -36.916491683821903 ], [ -71.458397655477199, -36.916129165182099 ], [ -71.457646896386805, -36.916299489947903 ], [ -71.457645877951805, -36.916299721014802 ], [ -71.456878110348498, -36.916434836191797 ], [ -71.456112250136698, -36.916629519279098 ], [ -71.453329996491405, -36.917843523407399 ], [ -71.452527563397993, -36.917824334641899 ], [ -71.451538715737698, -36.918011672416696 ], [ -71.4506898578056, -36.917933817499097 ], [ -71.449915957450699, -36.917878255197998 ], [ -71.449191911838298, -36.917988574200997 ], [ -71.448169564352099, -36.918057349425503 ], [ -71.447294458362293, -36.918087314798001 ], [ -71.445726117581302, -36.918262702777099 ], [ -71.444983415175301, -36.918254154796998 ], [ -71.4438754492475, -36.918431959764099 ], [ -71.442158700679897, -36.918610355605601 ], [ -71.441329240845604, -36.918675105048202 ], [ -71.440262735832704, -36.918756643552697 ], [ -71.439504050448704, -36.918712622866202 ], [ -71.437525153401793, -36.918586353257403 ], [ -71.436663734729095, -36.918580191401503 ], [ -71.435889832818901, -36.918524537490903 ], [ -71.434970574256297, -36.918567239341698 ], [ -71.434088252673106, -36.9183707274535 ], [ -71.433197915298706, -36.918388977924401 ], [ -71.431534055907505, -36.918363453836903 ], [ -71.430868192890202, -36.918436701835702 ], [ -71.430375395087196, -36.918816388816403 ], [ -71.4284323188119, -36.920286851469903 ], [ -71.428198709582105, -36.920368169155999 ], [ -71.427024115349496, -36.921227259649399 ], [ -71.4266557066627, -36.921597234677797 ], [ -71.4262208975654, -36.9221211741568 ], [ -71.426001590546406, -36.922697937427898 ], [ -71.425636191241693, -36.923163228470202 ], [ -71.425193512857007, -36.923439335988803 ], [ -71.424821460694801, -36.923694924876997 ], [ -71.423807511541298, -36.924688508175699 ], [ -71.423448769146802, -36.924918773301698 ], [ -71.435454167854004, -36.928872520440201 ], [ -71.437682134567197, -36.928884018783897 ], [ -71.444026738309702, -36.928896635433802 ], [ -71.450869519628696, -36.9288843203204 ], [ -71.463448558851297, -36.928809938112899 ], [ -71.476064039723397, -36.928762075478801 ], [ -71.478611802687894, -36.928193859512902 ], [ -71.486401954838399, -36.926628877549199 ], [ -71.492134934525694, -36.925378423343098 ], [ -71.496667081365899, -36.924467704660898 ], [ -71.502525055386599, -36.923235583665999 ], [ -71.507217189834805, -36.922321092639898 ], [ -71.513889899341393, -36.920949598620503 ], [ -71.520189838809699, -36.9196285657261 ], [ -71.5241027707727, -36.918873019306098 ], [ -71.529481654785997, -36.917728450426701 ], [ -71.534863916614796, -36.916690869173102 ], [ -71.5378385610327, -36.916126583926498 ], [ -71.540794879342201, -36.915548309338703 ], [ -71.544036018791502, -36.914963859594799 ], [ -71.547279959297896, -36.914465101729697 ], [ -71.548909385793095, -36.914172610203202 ], [ -71.552503470595099, -36.912421513073703 ], [ -71.556323338512897, -36.910500921463701 ], [ -71.563652099727804, -36.906966532568603 ], [ -71.5741842370781, -36.901767104938997 ], [ -71.581194507019504, -36.898345858878798 ], [ -71.587257221430207, -36.895366899977098 ], [ -71.594545740072405, -36.891781445368103 ], [ -71.601358124309598, -36.888356202639898 ], [ -71.606124633095703, -36.886062789840601 ], [ -71.612402329433905, -36.8826558126541 ], [ -71.619615962536798, -36.878512544560898 ], [ -71.624351877191998, -36.875775588910798 ], [ -71.633955197577606, -36.870219523388798 ], [ -71.637006966360701, -36.868415939536 ], [ -71.639469734650305, -36.8672737242549 ], [ -71.641379611731196, -36.866289422862899 ], [ -71.643026672107993, -36.865430161522099 ], [ -71.644204598878005, -36.864736308938099 ], [ -71.645692815500396, -36.8638119957198 ], [ -71.647677324887098, -36.862501654292402 ], [ -71.649035628423903, -36.861620134244397 ], [ -71.649514993161006, -36.861376388721503 ], [ -71.649473461643097, -36.861269994917201 ], [ -71.649412694991696, -36.861283136148401 ], [ -71.648838187206294, -36.861434381517498 ], [ -71.648339468426599, -36.8616004883256 ], [ -71.647694960642198, -36.861841375976802 ], [ -71.647079277043701, -36.862057773172303 ], [ -71.646211552719507, -36.862279782640996 ], [ -71.644900901097003, -36.8625652994454 ], [ -71.644345533362895, -36.862810144684701 ], [ -71.643284828472702, -36.863245065229897 ], [ -71.642375884897106, -36.863563341158297 ], [ -71.6419358286646, -36.8636887739193 ], [ -71.641443671601095, -36.863830863364299 ], [ -71.641025848008496, -36.863977257574199 ], [ -71.640280382910305, -36.864303804469003 ], [ -71.639554280397107, -36.8645464623687 ], [ -71.639102269660995, -36.864669765880599 ], [ -71.638500749173303, -36.864867922176003 ], [ -71.638033889664896, -36.8650988503381 ], [ -71.637670608724505, -36.865321515140899 ], [ -71.637071536071304, -36.865591142211301 ], [ -71.636180270309694, -36.8657778363376 ], [ -71.635863873420107, -36.865821725270003 ], [ -71.635122521425302, -36.865985057268297 ], [ -71.634136983875607, -36.8663216604753 ], [ -71.632920427262107, -36.866844593681101 ], [ -71.631566422584797, -36.867513624732403 ], [ -71.630999597957498, -36.8679458388225 ], [ -71.630755294336396, -36.868178073822897 ] ] ] } },
{ "type": "Feature", "properties": { "id": "monoparte.6", "Name": null, "description": null, "timestamp": null, "begin": null, "end": null, "altitudeMode": null, "tessellate": -1, "extrude": 0, "visibility": -1, "drawOrder": null, "icon": null, "REG": "Ñuble", "COM": "Pinto", "LOC": "Termas de Chillán", "ZONA": "ZT-1", "NOM": "Zona ZT-1", "UPERM": "Vivienda. Equipamiento: cultura, áreas verdes, deporte, seguridad, esparcimiento y turismo.", "UPROH": "Todos los usos de suelo no mencionados como permitidos.", "P_DO": "16/01/1990", "N_DOC": "25", "T_DO": "Resolución", "OBS": null }, "geometry": { "type": "Polygon", "coordinates": [ [ [ -71.437192117357498, -36.907213093768 ], [ -71.436863394998198, -36.907520288411199 ], [ -71.436298209751399, -36.907674956468298 ], [ -71.435713853425199, -36.907787094149803 ], [ -71.435116692645906, -36.908056869439498 ], [ -71.434748711216599, -36.9082504066455 ], [ -71.433668550310202, -36.908458542998503 ], [ -71.4326929385835, -36.908592991686902 ], [ -71.431469421946403, -36.908775430286902 ], [ -71.430736711830804, -36.9087045904717 ], [ -71.429772089360995, -36.908624185114 ], [ -71.428391712268294, -36.908261365131601 ], [ -71.427238304404497, -36.907939195924499 ], [ -71.427078474773097, -36.907889510442601 ], [ -71.427217856299706, -36.909147430019402 ], [ -71.427134956747906, -36.909810826216003 ], [ -71.4268863898549, -36.910400111023201 ], [ -71.426442664192194, -36.910921848694002 ], [ -71.425716031042001, -36.912355478077799 ], [ -71.425336923257206, -36.913042807369401 ], [ -71.425211189717302, -36.913760728245201 ], [ -71.425279224310401, -36.914033556444302 ], [ -71.425097272707404, -36.914383026905803 ], [ -71.424561703876805, -36.914753953774998 ], [ -71.425047061265104, -36.915067944827697 ], [ -71.425224726843595, -36.9154267613266 ], [ -71.425277459997005, -36.916341334582597 ], [ -71.425651105897401, -36.916886906260601 ], [ -71.425948094298903, -36.917262358964599 ], [ -71.426782524435097, -36.918103727821702 ], [ -71.427565860590207, -36.918831679179803 ], [ -71.428288869099006, -36.919904226815603 ], [ -71.428231551248899, -36.920344148433699 ], [ -71.428198709582105, -36.920368169155999 ], [ -71.4284323188119, -36.920286851469903 ], [ -71.430375395087196, -36.918816388816403 ], [ -71.430868192890202, -36.918436701835702 ], [ -71.431534055907505, -36.918363453836903 ], [ -71.433197915298706, -36.918388977924401 ], [ -71.434088252673106, -36.9183707274535 ], [ -71.434970574256297, -36.918567239341698 ], [ -71.435889832818901, -36.918524537490903 ], [ -71.436663734729095, -36.918580191401503 ], [ -71.437525153401793, -36.918586353257403 ], [ -71.439504050448704, -36.918712622866202 ], [ -71.440262735832704, -36.918756643552697 ], [ -71.441329240845604, -36.918675105048202 ], [ -71.442158700679897, -36.918610355605601 ], [ -71.4438754492475, -36.918431959764099 ], [ -71.444983415175301, -36.918254154796998 ], [ -71.445726117581302, -36.918262702777099 ], [ -71.447294458362293, -36.918087314798001 ], [ -71.448169564352099, -36.918057349425503 ], [ -71.449191911838298, -36.917988574200997 ], [ -71.449915957450699, -36.917878255197998 ], [ -71.4506898578056, -36.917933817499097 ], [ -71.451538715737698, -36.918011672416696 ], [ -71.452527563397993, -36.917824334641899 ], [ -71.453329996491405, -36.917843523407399 ], [ -71.456112250136698, -36.916629519279098 ], [ -71.456878110348498, -36.916434836191797 ], [ -71.457645877951805, -36.916299721014802 ], [ -71.457646896386805, -36.916299489947903 ], [ -71.457382416047906, -36.916129198995101 ], [ -71.457292239203994, -36.916095298617101 ], [ -71.457406355875506, -36.915949866611598 ], [ -71.457595044595806, -36.915814814073599 ], [ -71.457709542844995, -36.915681297067003 ], [ -71.457585864202002, -36.915528864926998 ], [ -71.457300497880098, -36.915427470169099 ], [ -71.456944382217301, -36.915434840258499 ], [ -71.456102813080307, -36.915583399839903 ], [ -71.455376505894407, -36.915622267451198 ], [ -71.454545185666504, -36.9156275348615 ], [ -71.453697116326097, -36.915573530255699 ], [ -71.452992848312704, -36.915373478392297 ], [ -71.451684754836194, -36.914863987192497 ], [ -71.451021578261205, -36.914555773304201 ], [ -71.450828645759898, -36.914094779275501 ], [ -71.450786382987502, -36.913702210434302 ], [ -71.450854812359395, -36.913056983856897 ], [ -71.450299332934094, -36.912865767184996 ], [ -71.449827925608403, -36.912517820536401 ], [ -71.4485438599677, -36.911828960262397 ], [ -71.448060296451303, -36.9115647140571 ], [ -71.4473589104458, -36.911354728776502 ], [ -71.447027366281802, -36.911145526839199 ], [ -71.445654096830495, -36.910544314537603 ], [ -71.444552027162104, -36.910066265283803 ], [ -71.443831169083595, -36.909809271333401 ], [ -71.443162816841195, -36.909522578581402 ], [ -71.442614539666707, -36.909090342111597 ], [ -71.441859477635603, -36.908318988425201 ], [ -71.441528057919896, -36.907982435461001 ], [ -71.441387473220701, -36.907484581049196 ], [ -71.441203050757295, -36.907288074286299 ], [ -71.440935533129405, -36.907279267126199 ], [ -71.440600446145993, -36.907386305003797 ], [ -71.439988726727606, -36.907198578524302 ], [ -71.4395956711693, -36.9071637340504 ], [ -71.439257848702894, -36.907184981546202 ], [ -71.438816844638396, -36.907322803340499 ], [ -71.438533345184993, -36.907371546967298 ], [ -71.438105590291499, -36.907366024161199 ], [ -71.4378371630863, -36.907328614705101 ], [ -71.437566004139597, -36.907205418774602 ], [ -71.437192117357498, -36.907213093768 ] ] ] } },
{ "type": "Feature", "properties": { "id": "monoparte.7", "Name": null, "description": null, "timestamp": null, "begin": null, "end": null, "altitudeMode": null, "tessellate": -1, "extrude": 0, "visibility": -1, "drawOrder": null, "icon": null, "REG": "Ñuble", "COM": "Pinto", "LOC": "Termas de Chillán", "ZONA": "ZR", "NOM": "Zona ZR", "UPERM": "Equipamiento destinado a áreas verdes, zonas de picnic y forestación.", "UPROH": "Todos los usos de suelo no mencionados como permitidos.", "P_DO": "16/01/1990", "N_DOC": "25", "T_DO": "Resolución", "OBS": null }, "geometry": { "type": "Polygon", "coordinates": [ [ [ -71.416777579708807, -36.875965565792697 ], [ -71.418675146692394, -36.8773782078026 ], [ -71.419757003076597, -36.878176447235496 ], [ -71.420659250037701, -36.878925878020098 ], [ -71.422309662135604, -36.8800558761966 ], [ -71.422786571213706, -36.880494437751302 ], [ -71.424061678917298, -36.881393613646999 ], [ -71.425150085153604, -36.8820199830202 ], [ -71.426469485551607, -36.882441323033802 ], [ -71.427550528660106, -36.882834137744602 ], [ -71.428345746206503, -36.883199404323797 ], [ -71.428874788418696, -36.8834079613668 ], [ -71.429612582984603, -36.883459636428398 ], [ -71.430713909526702, -36.883742319668897 ], [ -71.431950678019803, -36.883802843143997 ], [ -71.432594458184894, -36.883885038752801 ], [ -71.433802291424698, -36.884155972811101 ], [ -71.434935908807205, -36.884333036046897 ], [ -71.435701687618902, -36.884517631941797 ], [ -71.436760177170697, -36.884572223401697 ], [ -71.437596248034396, -36.884726750620104 ], [ -71.438466099985206, -36.884823351064597 ], [ -71.439394979187099, -36.884909194065997 ], [ -71.440189693548703, -36.884883329361898 ], [ -71.440735525751606, -36.8848721130651 ], [ -71.441272528574999, -36.8849564565108 ], [ -71.442226663410295, -36.885089447562102 ], [ -71.442774319265794, -36.885135413334702 ], [ -71.4434744098279, -36.885121011439303 ], [ -71.444146913220706, -36.885261569956697 ], [ -71.445647954086198, -36.8854166599832 ], [ -71.447025319467301, -36.885602893244098 ], [ -71.448513597014198, -36.885915587661998 ], [ -71.449351978051695, -36.885955527727702 ], [ -71.450538142797598, -36.886288733897501 ], [ -71.452083503022195, -36.886714661053297 ], [ -71.453425762816394, -36.886915852010198 ], [ -71.455282832821894, -36.887063463548699 ], [ -71.456938236218306, -36.887587200364003 ], [ -71.458057385823693, -36.888050479414296 ], [ -71.458767848245301, -36.888543670737 ], [ -71.459753346451706, -36.8892815335102 ], [ -71.460774461987597, -36.890018648776199 ], [ -71.461683286249098, -36.890586400097597 ], [ -71.463466292715296, -36.891751211767499 ], [ -71.464888744009798, -36.892780411531497 ], [ -71.465810516016006, -36.893748455334297 ], [ -71.466479265019302, -36.894049320551503 ], [ -71.467821349987901, -36.895153871854603 ], [ -71.470869635579703, -36.8976180434395 ], [ -71.472613077458206, -36.899203205964199 ], [ -71.472938072173093, -36.899613722867102 ], [ -71.4738260113444, -36.900447682317399 ], [ -71.474798167475996, -36.901130848111499 ], [ -71.476492066921793, -36.902097015734498 ], [ -71.478055187279097, -36.903149345255599 ], [ -71.478892351134903, -36.903787604267698 ], [ -71.479217785131794, -36.904210015903502 ], [ -71.479185235839395, -36.9045802904349 ], [ -71.479152106656599, -36.904932694139902 ], [ -71.478982947688294, -36.9052104411115 ], [ -71.4782663980059, -36.905547304131098 ], [ -71.4776186264085, -36.905715814542702 ], [ -71.476593398075593, -36.905689513250103 ], [ -71.475584162418897, -36.905698637289497 ], [ -71.474901704017896, -36.905712864199202 ], [ -71.474041212697898, -36.905730796887603 ], [ -71.473436782069697, -36.905862613871399 ], [ -71.472762015908202, -36.906115116970803 ], [ -71.472031747437299, -36.906487995312098 ], [ -71.470929951692099, -36.907309732252699 ], [ -71.470370396686405, -36.907452523124597 ], [ -71.470086966485695, -36.907410729846397 ], [ -71.469708904806296, -36.907657043049902 ], [ -71.468525201109998, -36.908242013019503 ], [ -71.467861778062499, -36.908386950731597 ], [ -71.4671519211321, -36.908473237392798 ], [ -71.466572907388596, -36.9084733449859 ], [ -71.464846097997395, -36.9083303684219 ], [ -71.463998490166205, -36.9082883489816 ], [ -71.463432012355995, -36.908216646503902 ], [ -71.462545644351906, -36.908354256778701 ], [ -71.461741013831897, -36.908263640700802 ], [ -71.461164680932995, -36.908347123135002 ], [ -71.460497028030005, -36.908360960628301 ], [ -71.459605292532302, -36.908331746461997 ], [ -71.458833399567098, -36.908335811612297 ], [ -71.458150909056798, -36.9083499431623 ], [ -71.457585200608804, -36.908302041312503 ], [ -71.455416740541907, -36.908275370040698 ], [ -71.454736540634599, -36.908360969247099 ], [ -71.454101231777798, -36.908457559034098 ], [ -71.453258586723095, -36.908570352755703 ], [ -71.452699747065097, -36.908736889781899 ], [ -71.452082321152204, -36.908928479648601 ], [ -71.451183370457699, -36.909137800888701 ], [ -71.450553769668304, -36.909413092182099 ], [ -71.449529661437495, -36.909887278486202 ], [ -71.448755104483794, -36.910272852526496 ], [ -71.448190549261895, -36.910725626431798 ], [ -71.447755333125002, -36.911044584141798 ], [ -71.4473589104458, -36.911354728776502 ], [ -71.448060296451303, -36.9115647140571 ], [ -71.4485438599677, -36.911828960262397 ], [ -71.449827925608403, -36.912517820536401 ], [ -71.450299332934094, -36.912865767184996 ], [ -71.450854812359395, -36.913056983856897 ], [ -71.450854116559995, -36.913063541109899 ], [ -71.451284323351302, -36.912791784361701 ], [ -71.451514477172495, -36.9125605051142 ], [ -71.451705459260594, -36.912496949192899 ], [ -71.452562987523905, -36.912383858406599 ], [ -71.4532306783438, -36.912370064243198 ], [ -71.453616073632304, -36.912350178162498 ], [ -71.454000322904193, -36.912294546739901 ], [ -71.454335858009799, -36.9121087749783 ], [ -71.454801871690606, -36.911824923619399 ], [ -71.455354613444896, -36.9114677423186 ], [ -71.455843797650502, -36.910980727061698 ], [ -71.455925941741796, -36.910764423133003 ], [ -71.456130605734401, -36.910664810319801 ], [ -71.456541077757706, -36.910501325951003 ], [ -71.457177547852396, -36.910440465721202 ], [ -71.457996268634503, -36.910506977103303 ], [ -71.458920764706505, -36.9106309036695 ], [ -71.459975735922598, -36.9106567406062 ], [ -71.460673465918703, -36.910654204672497 ], [ -71.461281023790306, -36.910617767090102 ], [ -71.462070840786794, -36.910708693053301 ], [ -71.462844289369599, -36.910752264162497 ], [ -71.463488420781104, -36.910929660202299 ], [ -71.464397324448697, -36.911030022799501 ], [ -71.465230509471297, -36.911084261511199 ], [ -71.465880660545395, -36.910987302825497 ], [ -71.466548716346907, -36.910985348550298 ], [ -71.467331630066298, -36.910861780194701 ], [ -71.468639841907503, -36.910453068554602 ], [ -71.469421593205496, -36.910293743023097 ], [ -71.470264226726897, -36.910180835637199 ], [ -71.470911669551896, -36.910000449237202 ], [ -71.4722011607995, -36.909472864961401 ], [ -71.472783474495301, -36.909114988107497 ], [ -71.473754824270301, -36.908391331694503 ], [ -71.475613067485995, -36.907547837712499 ], [ -71.476247564503794, -36.907427305609502 ], [ -71.476821942890297, -36.9072841779535 ], [ -71.477538713680701, -36.907412293404803 ], [ -71.478496905175703, -36.907201537117501 ], [ -71.480004418941206, -36.9069912229888 ], [ -71.4812398524424, -36.906631584149203 ], [ -71.482074699777598, -36.906280308149498 ], [ -71.482585851151299, -36.906019251342599 ], [ -71.482972129489099, -36.905570045366296 ], [ -71.483165537942, -36.905124871869198 ], [ -71.483016948470706, -36.904663005020502 ], [ -71.482429630237704, -36.903948018411199 ], [ -71.481846376297597, -36.903358129436398 ], [ -71.481221908069699, -36.902870439021697 ], [ -71.480710339934106, -36.9022015501738 ], [ -71.478394654155693, -36.900831138384099 ], [ -71.476857009709903, -36.899647134299599 ], [ -71.475214415569098, -36.898429530220199 ], [ -71.473950237872202, -36.897436506406898 ], [ -71.471180251752699, -36.894859322064299 ], [ -71.469142814731896, -36.892898731043601 ], [ -71.468301053184305, -36.8921114636616 ], [ -71.467427148723999, -36.8912473624383 ], [ -71.467176876650498, -36.890733693241302 ], [ -71.467141147131798, -36.890729669858203 ], [ -71.466511810828806, -36.890361223820797 ], [ -71.465147183465405, -36.8892831533107 ], [ -71.463856244738693, -36.888279840649901 ], [ -71.461304174411197, -36.885719351153398 ], [ -71.460582899962503, -36.884704194005202 ], [ -71.460281461989496, -36.883451423099601 ], [ -71.459980342082403, -36.882208183046501 ], [ -71.459722715455001, -36.880840046704101 ], [ -71.459773588106998, -36.879465519672202 ], [ -71.459908978165501, -36.8777649506603 ], [ -71.460154573201606, -36.876538999208996 ], [ -71.460541253611098, -36.875248726574199 ], [ -71.456413093152193, -36.875388349416298 ], [ -71.451236890303207, -36.875483364820901 ], [ -71.445809684340304, -36.875619092334603 ], [ -71.436199435932195, -36.875816598886502 ], [ -71.430728403564899, -36.875976379733302 ], [ -71.424081926392105, -36.8760406789225 ], [ -71.417089796204095, -36.875968569187002 ], [ -71.416777579708807, -36.875965565792697 ] ] ] } },
{ "type": "Feature", "properties": { "id": "monoparte.8", "Name": null, "description": null, "timestamp": null, "begin": null, "end": null, "altitudeMode": null, "tessellate": -1, "extrude": 0, "visibility": -1, "drawOrder": null, "icon": null, "REG": "Ñuble", "COM": "Pinto", "LOC": "Termas de Chillán", "ZONA": "ZR", "NOM": "Zona ZR", "UPERM": "Equipamiento destinado a áreas verdes, zonas de picnic y forestación.", "UPROH": "Todos los usos de suelo no mencionados como permitidos.", "P_DO": "16/01/1990", "N_DOC": "25", "T_DO": "Resolución", "OBS": null }, "geometry": { "type": "Polygon", "coordinates": [ [ [ -71.484432522551003, -36.8969525812361 ], [ -71.484971580167795, -36.897096292648499 ], [ -71.485637575014906, -36.897034664693102 ], [ -71.486572132371606, -36.897015098489902 ], [ -71.487862323589496, -36.896976151389502 ], [ -71.489813736375694, -36.897185621395003 ], [ -71.491423583084298, -36.8973903038492 ], [ -71.4922292850801, -36.8975164658221 ], [ -71.493668500675994, -36.897951223470599 ], [ -71.494665117306795, -36.898013747328598 ], [ -71.496154375046899, -36.898161285525497 ], [ -71.497747476522605, -36.898306621530999 ], [ -71.498549698384494, -36.8983255117734 ], [ -71.499852728828401, -36.898679602632697 ], [ -71.500528834491902, -36.898927658861297 ], [ -71.502290975479994, -36.899248209150798 ], [ -71.502919863935901, -36.899413790293501 ], [ -71.503324094916593, -36.899518531118296 ], [ -71.503910076109605, -36.8992796517187 ], [ -71.504623689042802, -36.899312290399401 ], [ -71.505755396787393, -36.899419560640197 ], [ -71.508063712869301, -36.8996450405335 ], [ -71.509685747636794, -36.899765759693203 ], [ -71.510684736499996, -36.899899631112703 ], [ -71.511584574216997, -36.900178660024501 ], [ -71.512327865987004, -36.900210625259497 ], [ -71.514031883967107, -36.9001149474946 ], [ -71.514720139888098, -36.900279208498503 ], [ -71.515927217446901, -36.900420550466499 ], [ -71.517277552913797, -36.9004038533215 ], [ -71.518262117131002, -36.900549889357102 ], [ -71.519149113028703, -36.900888744215699 ], [ -71.520384306366097, -36.900981755412602 ], [ -71.521583235131004, -36.901325892346897 ], [ -71.524467529739297, -36.901908409319198 ], [ -71.525301418763107, -36.901986056023098 ], [ -71.526839805770805, -36.9013691346466 ], [ -71.528193467794907, -36.90055344908 ], [ -71.529336273821897, -36.899646860489597 ], [ -71.530437181124995, -36.898371563861303 ], [ -71.530986968871403, -36.897489518970701 ], [ -71.531874373584102, -36.896492972499502 ], [ -71.532390132085098, -36.895480501811598 ], [ -71.532462786762395, -36.8949841766605 ], [ -71.532131596368302, -36.8943951251916 ], [ -71.531216409434904, -36.893651609221301 ], [ -71.530437742105505, -36.893347422964197 ], [ -71.529962843090999, -36.893611338360799 ], [ -71.527707247834698, -36.894889754937701 ], [ -71.523074519527796, -36.897549193962902 ], [ -71.521749178267399, -36.896790474347199 ], [ -71.519060154282997, -36.895187962795497 ], [ -71.516335170813505, -36.893571842354703 ], [ -71.507563517294599, -36.888661488450701 ], [ -71.503859661862506, -36.886507769686403 ], [ -71.496603173077801, -36.882449549096897 ], [ -71.489653783948498, -36.878547173992601 ], [ -71.482854169716205, -36.874802795781797 ], [ -71.481456679400395, -36.874724698681597 ], [ -71.472672778751004, -36.874985514320699 ], [ -71.472486520525393, -36.875329125712099 ], [ -71.471739749423193, -36.876470150390602 ], [ -71.471034270375299, -36.877419552755498 ], [ -71.470659755650303, -36.878323914296303 ], [ -71.4703132632132, -36.879361224547601 ], [ -71.470171729955197, -36.880127206635798 ], [ -71.470164587645996, -36.880642406118703 ], [ -71.470351588174395, -36.881287099287697 ], [ -71.470632899436595, -36.8819107548508 ], [ -71.471004221016997, -36.882379928051499 ], [ -71.471426081844299, -36.882943429373697 ], [ -71.472139483020399, -36.883710695494798 ], [ -71.473315173024503, -36.8848212351566 ], [ -71.474709714965897, -36.886089347616299 ], [ -71.475569264917596, -36.886968002430798 ], [ -71.476357023582196, -36.887829070531502 ], [ -71.477248358356405, -36.888955036235998 ], [ -71.477945541562306, -36.8899515136847 ], [ -71.477943906774001, -36.889953662964899 ], [ -71.478216303389402, -36.890638398786102 ], [ -71.4786196940818, -36.891178412281498 ], [ -71.478846633305295, -36.8917697976105 ], [ -71.479250034710503, -36.892309807582997 ], [ -71.479587937798001, -36.892660425741099 ], [ -71.479924509312596, -36.893428356034804 ], [ -71.480343340778902, -36.893985923497198 ], [ -71.480568758389893, -36.894529646811598 ], [ -71.480566656052403, -36.8949231314337 ], [ -71.480602111632095, -36.895101227302398 ], [ -71.480895917124002, -36.8954646847221 ], [ -71.4812935646775, -36.895825971562402 ], [ -71.482171698967207, -36.896356049874001 ], [ -71.483446508207507, -36.896758602753202 ], [ -71.484432522551003, -36.8969525812361 ] ] ] } },
{ "type": "Feature", "properties": { "id": "monoparte.9", "Name": null, "description": null, "timestamp": null, "begin": null, "end": null, "altitudeMode": null, "tessellate": -1, "extrude": 0, "visibility": -1, "drawOrder": null, "icon": null, "REG": "Ñuble", "COM": "Pinto", "LOC": "Termas de Chillán", "ZONA": "ZT-3", "NOM": "Zona ZT-3", "UPERM": "Vivienda. Equipamiento destinado a áreas verdes, zonas de picnic y forestación.", "UPROH": "Todos los usos de suelo no mencionados como permitidos.", "P_DO": "16/01/1990", "N_DOC": "25", "T_DO": "Resolución", "OBS": null }, "geometry": { "type": "Polygon", "coordinates": [ [ [ -71.511578326429998, -36.914479307519102 ], [ -71.512590908714003, -36.915473664015501 ], [ -71.512875818322598, -36.916011291206701 ], [ -71.513068420250505, -36.916450724391503 ], [ -71.513058594612204, -36.9166941470193 ], [ -71.512713753137405, -36.917044808805798 ], [ -71.512612470173295, -36.9174983623898 ], [ -71.513273592908305, -36.917412326430799 ], [ -71.514272001912303, -36.917069284094403 ], [ -71.514737808709299, -36.916785204754198 ], [ -71.515325837625298, -36.916605836065401 ], [ -71.516332359693493, -36.915606877770898 ], [ -71.517176871158, -36.915100160767501 ], [ -71.5182002596259, -36.915066536163799 ], [ -71.519954206255406, -36.915124698451898 ], [ -71.521182175297895, -36.914991326846099 ], [ -71.521950575835504, -36.914879628824501 ], [ -71.522596380695305, -36.914695794318 ], [ -71.5224739241702, -36.9141389453534 ], [ -71.522281117584399, -36.913694764151799 ], [ -71.521976150472995, -36.913090821109499 ], [ -71.521546901749304, -36.912680274308897 ], [ -71.521001474764105, -36.912348494766903 ], [ -71.519587076801002, -36.911958854105997 ], [ -71.518197640058304, -36.911244381122899 ], [ -71.517566331088105, -36.9108285663701 ], [ -71.5172898525703, -36.910367073571102 ], [ -71.517260747008905, -36.9098431094801 ], [ -71.517586576382797, -36.908915798260303 ], [ -71.517905115736696, -36.908489377729303 ], [ -71.518032580814406, -36.9078965985831 ], [ -71.514740581506302, -36.907419215762999 ], [ -71.512976650415396, -36.907141813049101 ], [ -71.510590789416099, -36.9066414739697 ], [ -71.508740697628596, -36.906210442088302 ], [ -71.508590790081698, -36.906174868911599 ], [ -71.509046987783194, -36.906828621436297 ], [ -71.509327621696798, -36.907781246389597 ], [ -71.509558602795806, -36.908849374096903 ], [ -71.509703851959102, -36.910019461598402 ], [ -71.509905096556594, -36.911267051680497 ], [ -71.510242455958704, -36.912318621568602 ], [ -71.510760214085707, -36.913437909998798 ], [ -71.511578326429998, -36.914479307519102 ] ] ] } },
{ "type": "Feature", "properties": { "id": "monoparte.10", "Name": null, "description": null, "timestamp": null, "begin": null, "end": null, "altitudeMode": null, "tessellate": -1, "extrude": 0, "visibility": -1, "drawOrder": null, "icon": null, "REG": "Ñuble", "COM": "Pinto", "LOC": "Termas de Chillán", "ZONA": "ZE-2", "NOM": "Zona ZE-2", "UPERM": "Vivienda. Equipamiento: esparcimiento y turismo, áreas verdes, deportes, comercio minorista y servicios artesanales.", "UPROH": "Todos los usos de suelo no mencionados como permitidos.", "P_DO": "16/01/1990", "N_DOC": "25", "T_DO": "Resolución", "OBS": null }, "geometry": { "type": "Polygon", "coordinates": [ [ [ -71.467331630066298, -36.910861780194701 ], [ -71.466548716346907, -36.910985348550298 ], [ -71.465880660545395, -36.910987302825497 ], [ -71.465230509471297, -36.911084261511199 ], [ -71.464397324448697, -36.911030022799501 ], [ -71.463488420781104, -36.910929660202299 ], [ -71.462844289369599, -36.910752264162497 ], [ -71.462070840786794, -36.910708693053301 ], [ -71.461281023790306, -36.910617767090102 ], [ -71.460673465918703, -36.910654204672497 ], [ -71.459975735922598, -36.9106567406062 ], [ -71.458920764706505, -36.9106309036695 ], [ -71.457996268634503, -36.910506977103303 ], [ -71.457177547852396, -36.910440465721202 ], [ -71.456541077757706, -36.910501325951003 ], [ -71.456130605734401, -36.910664810319801 ], [ -71.455925941741796, -36.910764423133003 ], [ -71.455843797650502, -36.910980727061698 ], [ -71.455354613444896, -36.9114677423186 ], [ -71.454801871690606, -36.911824923619399 ], [ -71.454335858009799, -36.9121087749783 ], [ -71.454000322904193, -36.912294546739901 ], [ -71.453616073632304, -36.912350178162498 ], [ -71.4532306783438, -36.912370064243198 ], [ -71.452562987523905, -36.912383858406599 ], [ -71.451705459260594, -36.912496949192899 ], [ -71.451514477172495, -36.9125605051142 ], [ -71.451284323351302, -36.912791784361701 ], [ -71.450854116559995, -36.913063541109899 ], [ -71.450786382987502, -36.913702210434302 ], [ -71.450828645759898, -36.914094779275501 ], [ -71.451021578261205, -36.914555773304201 ], [ -71.451684754836194, -36.914863987192497 ], [ -71.452992848312704, -36.915373478392297 ], [ -71.453697116326097, -36.915573530255699 ], [ -71.454545185666504, -36.9156275348615 ], [ -71.455376505894407, -36.915622267451198 ], [ -71.456102813080307, -36.915583399839903 ], [ -71.456944382217301, -36.915434840258499 ], [ -71.457300497880098, -36.915427470169099 ], [ -71.457585864202002, -36.915528864926998 ], [ -71.457709542844995, -36.915681297067003 ], [ -71.457595044595806, -36.915814814073599 ], [ -71.457406355875506, -36.915949866611598 ], [ -71.457292239203994, -36.916095298617101 ], [ -71.457382416047906, -36.916129198995101 ], [ -71.457646896386805, -36.916299489947903 ], [ -71.458397655477199, -36.916129165182099 ], [ -71.459315038294406, -36.916491683821903 ], [ -71.460684858213298, -36.917071345504098 ], [ -71.461209566185801, -36.917227382697803 ], [ -71.462285214232097, -36.917431605588902 ], [ -71.463727347268104, -36.917950119417299 ], [ -71.464637869666106, -36.918098135058898 ], [ -71.465371482650795, -36.918285584227803 ], [ -71.466337911012502, -36.918325123664303 ], [ -71.467128964313304, -36.918451756411002 ], [ -71.468039497825501, -36.9185997454748 ], [ -71.468888373715899, -36.918677474441303 ], [ -71.469807984107703, -36.918646424715703 ], [ -71.471590758487295, -36.918215884234897 ], [ -71.472867851190301, -36.917760083572603 ], [ -71.473406476973693, -36.917426958433602 ], [ -71.475018075892095, -36.9172145360344 ], [ -71.475967340733305, -36.917182820620702 ], [ -71.476827959443995, -36.917164869240203 ], [ -71.477878002657803, -36.9170356564318 ], [ -71.479497469633102, -36.916608405639799 ], [ -71.480901296686497, -36.916400243730997 ], [ -71.482702264102898, -36.916076458482998 ], [ -71.483499261831696, -36.915928643144198 ], [ -71.484165035822599, -36.9158551024452 ], [ -71.484775323962296, -36.915901943200801 ], [ -71.485235686104502, -36.915904229559601 ], [ -71.486449684153797, -36.915795354435403 ], [ -71.487295442784003, -36.915777638546899 ], [ -71.488230616000394, -36.915769964895297 ], [ -71.488823741728893, -36.915745610370003 ], [ -71.490143921976298, -36.915706004738297 ], [ -71.491321149568293, -36.915836298565203 ], [ -71.492618247638106, -36.915999830549403 ], [ -71.493376140875199, -36.916019683437398 ], [ -71.494459303788005, -36.915996930294199 ], [ -71.495568643694895, -36.9158663155821 ], [ -71.495297796151704, -36.9154792857369 ], [ -71.493778759464703, -36.915339521062599 ], [ -71.492331877884297, -36.915226835737897 ], [ -71.490767468700795, -36.914787539854203 ], [ -71.488811365429299, -36.914356435550701 ], [ -71.487310162126604, -36.914216213547697 ], [ -71.485557371789994, -36.914009705589102 ], [ -71.484720534639195, -36.914027222056703 ], [ -71.484005083475395, -36.913942044259599 ], [ -71.483115758479698, -36.913989261218397 ], [ -71.481884697784295, -36.914487128806101 ], [ -71.480331273052002, -36.914934491523098 ], [ -71.479589931549498, -36.915150273650497 ], [ -71.479558232929307, -36.914721729306301 ], [ -71.479064736478307, -36.913787780847898 ], [ -71.478244258491898, -36.911558728861401 ], [ -71.477734384135204, -36.910668036309502 ], [ -71.477283712357206, -36.909404126610497 ], [ -71.476678370992104, -36.908315123568897 ], [ -71.476357209220694, -36.907749546523 ], [ -71.475951431223194, -36.907483561134399 ], [ -71.475613067485995, -36.907547837712499 ], [ -71.473754824270301, -36.908391331694503 ], [ -71.472783474495301, -36.909114988107497 ], [ -71.4722011607995, -36.909472864961401 ], [ -71.470911669551896, -36.910000449237202 ], [ -71.470264226726897, -36.910180835637199 ], [ -71.469421593205496, -36.910293743023097 ], [ -71.468639841907503, -36.910453068554602 ], [ -71.467331630066298, -36.910861780194701 ] ] ] } },
{ "type": "Feature", "properties": { "id": "monoparte.11", "Name": null, "description": null, "timestamp": null, "begin": null, "end": null, "altitudeMode": null, "tessellate": -1, "extrude": 0, "visibility": -1, "drawOrder": null, "icon": null, "REG": "Ñuble", "COM": "Pinto", "LOC": "Termas de Chillán", "ZONA": "ZU-2", "NOM": "Zona ZU-2", "UPERM": "Vivienda. Equipamiento: cultura, salud, educación, seguridad, culto, áreas verdes, deportes, esparcimiento y turismo, comercio minorista, servicios. Más detalle en Ordenanza.", "UPROH": "Todos los usos de suelo no mencionados como permitidos.", "P_DO": "16/01/1990", "N_DOC": "25", "T_DO": "Resolución", "OBS": null }, "geometry": { "type": "Polygon", "coordinates": [ [ [ -71.478496905175703, -36.907201537117501 ], [ -71.477538713680701, -36.907412293404803 ], [ -71.476821942890297, -36.9072841779535 ], [ -71.476247564503794, -36.907427305609502 ], [ -71.475951431223194, -36.907483561134399 ], [ -71.476357209220694, -36.907749546523 ], [ -71.476678370992104, -36.908315123568897 ], [ -71.477283712357206, -36.909404126610497 ], [ -71.477734384135204, -36.910668036309502 ], [ -71.478244258491898, -36.911558728861401 ], [ -71.479064736478307, -36.913787780847898 ], [ -71.479558232929307, -36.914721729306301 ], [ -71.479589931549498, -36.915150273650497 ], [ -71.480331273052002, -36.914934491523098 ], [ -71.481884697784295, -36.914487128806101 ], [ -71.483115758479698, -36.913989261218397 ], [ -71.484005083475395, -36.913942044259599 ], [ -71.484720534639195, -36.914027222056703 ], [ -71.485557371789994, -36.914009705589102 ], [ -71.487310162126604, -36.914216213547697 ], [ -71.488811365429299, -36.914356435550701 ], [ -71.490767468700795, -36.914787539854203 ], [ -71.492331877884297, -36.915226835737897 ], [ -71.493778759464703, -36.915339521062599 ], [ -71.495297796151704, -36.9154792857369 ], [ -71.495568643694895, -36.9158663155821 ], [ -71.496416340026698, -36.915908105692097 ], [ -71.497090647822603, -36.916096604658399 ], [ -71.498567368234305, -36.916303982709998 ], [ -71.500093279344497, -36.9166533741896 ], [ -71.5014465983012, -36.917173295416802 ], [ -71.502211903410995, -36.917419459192402 ], [ -71.503170107327804, -36.917661551803299 ], [ -71.503955354096306, -36.917609225226201 ], [ -71.505379414527496, -36.917567259382999 ], [ -71.5060518058947, -36.917696135497799 ], [ -71.506914751953502, -36.917749450319199 ], [ -71.5079116317564, -36.917811852663 ], [ -71.508650798544707, -36.917712778930103 ], [ -71.510167008497106, -36.9177641872717 ], [ -71.511632449685493, -36.917625892443297 ], [ -71.512612470173295, -36.9174983623898 ], [ -71.512713753137405, -36.917044808805798 ], [ -71.513058594612204, -36.9166941470193 ], [ -71.513068420250505, -36.916450724391503 ], [ -71.512875818322598, -36.916011291206701 ], [ -71.512590908714003, -36.915473664015501 ], [ -71.511578326429998, -36.914479307519102 ], [ -71.510760214085707, -36.913437909998798 ], [ -71.510242455958704, -36.912318621568602 ], [ -71.509905096556594, -36.911267051680497 ], [ -71.509703851959102, -36.910019461598402 ], [ -71.509558602795806, -36.908849374096903 ], [ -71.509327621696798, -36.907781246389597 ], [ -71.509046987783194, -36.906828621436297 ], [ -71.508590790081698, -36.906174868911599 ], [ -71.507633486508993, -36.905947695734397 ], [ -71.506114001652094, -36.905789018805798 ], [ -71.504749895038202, -36.905841648285801 ], [ -71.503862087058593, -36.905931907604398 ], [ -71.502610002030906, -36.906232518641403 ], [ -71.501943945675905, -36.906294245168503 ], [ -71.5013188934673, -36.906247802711199 ], [ -71.499636216856501, -36.906092481297101 ], [ -71.498183857254304, -36.906170737646796 ], [ -71.497607588845995, -36.9062543950552 ], [ -71.497065653885201, -36.9064803966548 ], [ -71.496384677687502, -36.906995455525703 ], [ -71.495055948203301, -36.907679114625203 ], [ -71.493731552623103, -36.908040765147597 ], [ -71.492270902508807, -36.908321803995797 ], [ -71.490892282377104, -36.9083865008079 ], [ -71.490058344153198, -36.908308614575098 ], [ -71.489411857720199, -36.9080598787274 ], [ -71.488517416666596, -36.9079474816443 ], [ -71.487304966000593, -36.907186010069701 ], [ -71.486017971980203, -36.906414163277297 ], [ -71.4845357695106, -36.9051158401235 ], [ -71.483948433803207, -36.904400861737599 ], [ -71.483571897544195, -36.90377685088 ], [ -71.483018887562906, -36.9032042180894 ], [ -71.482208890032695, -36.902946938626897 ], [ -71.481614313829496, -36.902923598971498 ], [ -71.481386575175804, -36.9029990402042 ], [ -71.481846376297597, -36.903358129436398 ], [ -71.482429630237704, -36.903948018411199 ], [ -71.483016948470706, -36.904663005020502 ], [ -71.483165537942, -36.905124871869198 ], [ -71.482972129489099, -36.905570045366296 ], [ -71.482585851151299, -36.906019251342599 ], [ -71.482074699777598, -36.906280308149498 ], [ -71.4812398524424, -36.906631584149203 ], [ -71.480004418941206, -36.9069912229888 ], [ -71.478496905175703, -36.907201537117501 ] ] ] } },
{ "type": "Feature", "properties": { "id": "monoparte.12", "Name": null, "description": null, "timestamp": null, "begin": null, "end": null, "altitudeMode": null, "tessellate": -1, "extrude": 0, "visibility": -1, "drawOrder": null, "icon": null, "REG": "Ñuble", "COM": "Pinto", "LOC": "Termas de Chillán", "ZONA": "ZR", "NOM": "Zona ZR", "UPERM": "Equipamiento destinado a áreas verdes, zonas de picnic y forestación.", "UPROH": "Todos los usos de suelo no mencionados como permitidos.", "P_DO": "16/01/1990", "N_DOC": "25", "T_DO": "Resolución", "OBS": null }, "geometry": { "type": "Polygon", "coordinates": [ [ [ -71.491063495121395, -36.904705299041701 ], [ -71.492182076601907, -36.905502086550399 ], [ -71.493794204017505, -36.906135890445398 ], [ -71.494519989893604, -36.906540312413398 ], [ -71.494360657413495, -36.906753493733298 ], [ -71.493985201368403, -36.906894911347798 ], [ -71.493273070122797, -36.9069098674263 ], [ -71.492731445497498, -36.9070547703502 ], [ -71.492002398341896, -36.9072799080134 ], [ -71.491107801149894, -36.907527589900198 ], [ -71.490166962118707, -36.907814387102 ], [ -71.489343020489699, -36.908051228346302 ], [ -71.489411857720199, -36.9080598787274 ], [ -71.490058344153198, -36.908308614575098 ], [ -71.490892282377104, -36.9083865008079 ], [ -71.492270902508807, -36.908321803995797 ], [ -71.493731552623103, -36.908040765147597 ], [ -71.495055948203301, -36.907679114625203 ], [ -71.496384677687502, -36.906995455525703 ], [ -71.497065653885201, -36.9064803966548 ], [ -71.497607588845995, -36.9062543950552 ], [ -71.498183857254304, -36.906170737646796 ], [ -71.499636216856501, -36.906092481297101 ], [ -71.5013188934673, -36.906247802711199 ], [ -71.501943945675905, -36.906294245168503 ], [ -71.502610002030906, -36.906232518641403 ], [ -71.503862087058593, -36.905931907604398 ], [ -71.504749895038202, -36.905841648285801 ], [ -71.506114001652094, -36.905789018805798 ], [ -71.507633486508993, -36.905947695734397 ], [ -71.508740697628596, -36.906210442088302 ], [ -71.510590789416099, -36.9066414739697 ], [ -71.512976650415396, -36.907141813049101 ], [ -71.514740581506302, -36.907419215762999 ], [ -71.518032580814406, -36.9078965985831 ], [ -71.518039036229098, -36.907866577477598 ], [ -71.517881566668905, -36.9074121001956 ], [ -71.517412380893006, -36.906868854171798 ], [ -71.517064393292202, -36.906399338950202 ], [ -71.516205470648401, -36.906284014467303 ], [ -71.515586427175407, -36.906239904668404 ], [ -71.514795588836293, -36.906027748394301 ], [ -71.514522588532003, -36.905671092052998 ], [ -71.514494543663005, -36.905630226563297 ], [ -71.514097669586405, -36.905955702797499 ], [ -71.513499862732303, -36.905834829325698 ], [ -71.511966309571093, -36.905428541115803 ], [ -71.510458382550993, -36.905078918949201 ], [ -71.508859269371001, -36.904845658372899 ], [ -71.507878568439693, -36.904637467870103 ], [ -71.506072077626698, -36.904599306820202 ], [ -71.504935829370098, -36.904718661688797 ], [ -71.504223099822198, -36.904714620697199 ], [ -71.503178055010295, -36.904717580826699 ], [ -71.501651421758098, -36.904520846537402 ], [ -71.5002022292297, -36.904513218648198 ], [ -71.498070884145605, -36.904710685381303 ], [ -71.496697868753699, -36.904854018638197 ], [ -71.495605964407602, -36.904876973418297 ], [ -71.494842030626899, -36.904759496754103 ], [ -71.494026900305499, -36.904528635904398 ], [ -71.493379174418706, -36.9043324053603 ], [ -71.492800800584007, -36.904077487920198 ], [ -71.492100025071096, -36.903710681991903 ], [ -71.491472325378894, -36.903399565812499 ], [ -71.490964554194704, -36.903124081608901 ], [ -71.4903762787754, -36.9025641468467 ], [ -71.490034051729793, -36.9022661111334 ], [ -71.489435066828904, -36.902106987644601 ], [ -71.488914106498797, -36.902156060874198 ], [ -71.488727932271601, -36.902274417913098 ], [ -71.4886160649381, -36.902486596893397 ], [ -71.488622878937406, -36.902696288418198 ], [ -71.488802663593603, -36.903112187958698 ], [ -71.489167386740704, -36.903371604335199 ], [ -71.489801895053702, -36.9038924243604 ], [ -71.491063495121395, -36.904705299041701 ] ] ] } },
{ "type": "Feature", "properties": { "id": "monoparte.13", "Name": null, "description": null, "timestamp": null, "begin": null, "end": null, "altitudeMode": null, "tessellate": -1, "extrude": 0, "visibility": -1, "drawOrder": null, "icon": null, "REG": "Ñuble", "COM": "Pinto", "LOC": "Termas de Chillán", "ZONA": "ZT-3", "NOM": "Zona ZT-3", "UPERM": "Vivienda. Equipamiento destinado a áreas verdes, zonas de picnic y forestación.", "UPROH": "Todos los usos de suelo no mencionados como permitidos.", "P_DO": "16/01/1990", "N_DOC": "25", "T_DO": "Resolución", "OBS": null }, "geometry": { "type": "Polygon", "coordinates": [ [ [ -71.504761832504997, -36.900125073256397 ], [ -71.505083486033399, -36.900518878156497 ], [ -71.505458227389894, -36.901083245318702 ], [ -71.5058185939276, -36.901934050415498 ], [ -71.506106512824402, -36.902748231257704 ], [ -71.506080872976398, -36.903416424178801 ], [ -71.505884711272202, -36.903954685619702 ], [ -71.505516775250101, -36.904324889191699 ], [ -71.504935829370098, -36.904718661688797 ], [ -71.506072077626698, -36.904599306820202 ], [ -71.507878568439693, -36.904637467870103 ], [ -71.508859269371001, -36.904845658372899 ], [ -71.510458382550993, -36.905078918949201 ], [ -71.511966309571093, -36.905428541115803 ], [ -71.513499862732303, -36.905834829325698 ], [ -71.514097669586405, -36.905955702797499 ], [ -71.514494543663005, -36.905630226563297 ], [ -71.514148383439206, -36.9051258200004 ], [ -71.514103367552906, -36.904478198709398 ], [ -71.514015886839601, -36.903984082550203 ], [ -71.513641694213703, -36.903438808313403 ], [ -71.512981423138697, -36.902861436647498 ], [ -71.512705315972894, -36.902409462313003 ], [ -71.512659064386696, -36.901723715059603 ], [ -71.512781464605993, -36.901110700997002 ], [ -71.512540724466604, -36.900198674648401 ], [ -71.512327865987004, -36.900210625259497 ], [ -71.511584574216997, -36.900178660024501 ], [ -71.510684736499996, -36.899899631112703 ], [ -71.509685747636794, -36.899765759693203 ], [ -71.508063712869301, -36.8996450405335 ], [ -71.505755396787393, -36.899419560640197 ], [ -71.504623689042802, -36.899312290399401 ], [ -71.503910076109605, -36.8992796517187 ], [ -71.503324094916593, -36.899518531118296 ], [ -71.504131623605204, -36.899737774004301 ], [ -71.504761832504997, -36.900125073256397 ] ] ] } },
{ "type": "Feature", "properties": { "id": "monoparte.14", "Name": null, "description": null, "timestamp": null, "begin": null, "end": null, "altitudeMode": null, "tessellate": -1, "extrude": 0, "visibility": -1, "drawOrder": null, "icon": null, "REG": "Ñuble", "COM": "Pinto", "LOC": "Termas de Chillán", "ZONA": "ZE-2", "NOM": "Zona ZE-2", "UPERM": "Vivienda. Equipamiento: esparcimiento y turismo, áreas verdes, deportes, comercio minorista y servicios artesanales.", "UPROH": "Todos los usos de suelo no mencionados como permitidos.", "P_DO": "16/01/1990", "N_DOC": "25", "T_DO": "Resolución", "OBS": null }, "geometry": { "type": "Polygon", "coordinates": [ [ [ -71.471601381840401, -36.891323657197198 ], [ -71.470986774733802, -36.891412751211099 ], [ -71.469413001558394, -36.8912165765352 ], [ -71.468480646076898, -36.891026125058303 ], [ -71.467713199381606, -36.890794087965297 ], [ -71.467176876650498, -36.890733693241302 ], [ -71.467427148723999, -36.8912473624383 ], [ -71.468301053184305, -36.8921114636616 ], [ -71.469142814731896, -36.892898731043601 ], [ -71.471180251752699, -36.894859322064299 ], [ -71.473950237872202, -36.897436506406898 ], [ -71.475214415569098, -36.898429530220199 ], [ -71.476857009709903, -36.899647134299599 ], [ -71.478394654155693, -36.900831138384099 ], [ -71.480710339934106, -36.9022015501738 ], [ -71.481221908069699, -36.902870439021697 ], [ -71.481386575175804, -36.9029990402042 ], [ -71.481614313829496, -36.902923598971498 ], [ -71.482208890032695, -36.902946938626897 ], [ -71.483018887562906, -36.9032042180894 ], [ -71.483571897544195, -36.90377685088 ], [ -71.483948433803207, -36.904400861737599 ], [ -71.4845357695106, -36.9051158401235 ], [ -71.486017971980203, -36.906414163277297 ], [ -71.487304966000593, -36.907186010069701 ], [ -71.488517416666596, -36.9079474816443 ], [ -71.489343020489699, -36.908051228346302 ], [ -71.490166962118707, -36.907814387102 ], [ -71.491107801149894, -36.907527589900198 ], [ -71.492002398341896, -36.9072799080134 ], [ -71.492731445497498, -36.9070547703502 ], [ -71.493273070122797, -36.9069098674263 ], [ -71.493985201368403, -36.906894911347798 ], [ -71.494360657413495, -36.906753493733298 ], [ -71.494519989893604, -36.906540312413398 ], [ -71.493794204017505, -36.906135890445398 ], [ -71.492182076601907, -36.905502086550399 ], [ -71.491063495121395, -36.904705299041701 ], [ -71.489801895053702, -36.9038924243604 ], [ -71.489167386740704, -36.903371604335199 ], [ -71.488802663593603, -36.903112187958698 ], [ -71.488622878937406, -36.902696288418198 ], [ -71.4886160649381, -36.902486596893397 ], [ -71.488727932271601, -36.902274417913098 ], [ -71.488914106498797, -36.902156060874198 ], [ -71.489435066828904, -36.902106987644601 ], [ -71.490034051729793, -36.9022661111334 ], [ -71.4903762787754, -36.9025641468467 ], [ -71.490964554194704, -36.903124081608901 ], [ -71.491472325378894, -36.903399565812499 ], [ -71.492100025071096, -36.903710681991903 ], [ -71.492800800584007, -36.904077487920198 ], [ -71.493379174418706, -36.9043324053603 ], [ -71.494026900305499, -36.904528635904398 ], [ -71.494842030626899, -36.904759496754103 ], [ -71.495605964407602, -36.904876973418297 ], [ -71.496697868753699, -36.904854018638197 ], [ -71.498070884145605, -36.904710685381303 ], [ -71.5002022292297, -36.904513218648198 ], [ -71.501651421758098, -36.904520846537402 ], [ -71.503178055010295, -36.904717580826699 ], [ -71.504223099822198, -36.904714620697199 ], [ -71.504935829370098, -36.904718661688797 ], [ -71.505516775250101, -36.904324889191699 ], [ -71.505884711272202, -36.903954685619702 ], [ -71.506080872976398, -36.903416424178801 ], [ -71.506106512824402, -36.902748231257704 ], [ -71.5058185939276, -36.901934050415498 ], [ -71.505458227389894, -36.901083245318702 ], [ -71.505083486033399, -36.900518878156497 ], [ -71.504761832504997, -36.900125073256397 ], [ -71.504131623605204, -36.899737774004301 ], [ -71.503324094916593, -36.899518531118296 ], [ -71.502919863935901, -36.899413790293501 ], [ -71.502290975479994, -36.899248209150798 ], [ -71.500528834491902, -36.898927658861297 ], [ -71.499852728828401, -36.898679602632697 ], [ -71.498549698384494, -36.8983255117734 ], [ -71.497747476522605, -36.898306621530999 ], [ -71.496154375046899, -36.898161285525497 ], [ -71.494665117306795, -36.898013747328598 ], [ -71.493668500675994, -36.897951223470599 ], [ -71.4922292850801, -36.8975164658221 ], [ -71.491423583084298, -36.8973903038492 ], [ -71.489813736375694, -36.897185621395003 ], [ -71.487862323589496, -36.896976151389502 ], [ -71.486572132371606, -36.897015098489902 ], [ -71.485637575014906, -36.897034664693102 ], [ -71.484971580167795, -36.897096292648499 ], [ -71.484432522551003, -36.8969525812361 ], [ -71.483446508207507, -36.896758602753202 ], [ -71.482171698967207, -36.896356049874001 ], [ -71.4812935646775, -36.895825971562402 ], [ -71.480895917124002, -36.8954646847221 ], [ -71.480602111632095, -36.895101227302398 ], [ -71.480566656052403, -36.8949231314337 ], [ -71.480568758389893, -36.894529646811598 ], [ -71.480343340778902, -36.893985923497198 ], [ -71.479924509312596, -36.893428356034804 ], [ -71.479587937798001, -36.892660425741099 ], [ -71.479250034710503, -36.892309807582997 ], [ -71.478846633305295, -36.8917697976105 ], [ -71.4786196940818, -36.891178412281498 ], [ -71.478216303389402, -36.890638398786102 ], [ -71.477943906774001, -36.889953662964899 ], [ -71.477444377897399, -36.890610550774603 ], [ -71.476508615147793, -36.891049739365698 ], [ -71.474611810715501, -36.891146508124699 ], [ -71.473190895088607, -36.891271488966602 ], [ -71.471601381840401, -36.891323657197198 ] ] ] } },
{ "type": "Feature", "properties": { "id": "monoparte.15", "Name": null, "description": null, "timestamp": null, "begin": null, "end": null, "altitudeMode": null, "tessellate": -1, "extrude": 0, "visibility": -1, "drawOrder": null, "icon": null, "REG": "Ñuble", "COM": "Pinto", "LOC": "Termas de Chillán", "ZONA": "ZR", "NOM": "Zona ZR", "UPERM": "Equipamiento destinado a áreas verdes, zonas de picnic y forestación.", "UPROH": "Todos los usos de suelo no mencionados como permitidos.", "P_DO": "16/01/1990", "N_DOC": "25", "T_DO": "Resolución", "OBS": null }, "geometry": { "type": "Polygon", "coordinates": [ [ [ -71.610431664462297, -36.849432001666798 ], [ -71.601668591556404, -36.854369268732398 ], [ -71.566484424407506, -36.873353846303097 ], [ -71.564245300790205, -36.874556283931902 ], [ -71.560366152392405, -36.8767764403147 ], [ -71.556815439105804, -36.878705653526701 ], [ -71.553576644999097, -36.880558906745101 ], [ -71.550357296655093, -36.882287664987999 ], [ -71.545693789319401, -36.884867555913097 ], [ -71.535664739493896, -36.890442382019501 ], [ -71.531068082696095, -36.892997118047099 ], [ -71.531341503793101, -36.8932378306964 ], [ -71.5318057109139, -36.893270854491902 ], [ -71.532587947302105, -36.893225560478299 ], [ -71.533363564709504, -36.892980107453198 ], [ -71.534455782417098, -36.8926134388186 ], [ -71.535639351500507, -36.892316344190903 ], [ -71.536964357517306, -36.891987601957503 ], [ -71.538293140753694, -36.891773218960203 ], [ -71.5399029099746, -36.891438356987102 ], [ -71.541030669112999, -36.891070868386002 ], [ -71.542137771857497, -36.890617971195603 ], [ -71.543275712708393, -36.890021336385402 ], [ -71.544093737153503, -36.889445851817499 ], [ -71.5454957702228, -36.888757696972498 ], [ -71.546326592120394, -36.888568204758997 ], [ -71.546993422597893, -36.888267769723797 ], [ -71.547166176609693, -36.888106690766001 ], [ -71.547385671139807, -36.887744314333403 ], [ -71.547719557238693, -36.887608391415498 ], [ -71.548289095160101, -36.887596171259503 ], [ -71.549142449594498, -36.887549242968703 ], [ -71.549457582106598, -36.887385103501302 ], [ -71.551309470148098, -36.886837444174297 ], [ -71.553309667224497, -36.886465400676201 ], [ -71.554530560021405, -36.886224544175597 ], [ -71.556093566520303, -36.885561416788804 ], [ -71.557411199201397, -36.885018007804497 ], [ -71.559318029295198, -36.8845191147755 ], [ -71.560646252027794, -36.883760841423303 ], [ -71.561946978234602, -36.883246360796399 ], [ -71.563651750394897, -36.882565771469103 ], [ -71.565168625554406, -36.882125276000203 ], [ -71.566276882158405, -36.881715053273297 ], [ -71.567121532868697, -36.881410664389698 ], [ -71.567949412210695, -36.880605898863699 ], [ -71.568239491819398, -36.8802276525468 ], [ -71.568791237045204, -36.879686372991301 ], [ -71.569293899228498, -36.879274912598603 ], [ -71.569864865029302, -36.878776132321399 ], [ -71.570319402331407, -36.878523083005099 ], [ -71.571584380572602, -36.878009272518199 ], [ -71.573106671803998, -36.877203740636297 ], [ -71.574246081084297, -36.876664009531403 ], [ -71.5749579140317, -36.876119232148397 ], [ -71.575159447020596, -36.875757195911902 ], [ -71.575190979432406, -36.8751055592002 ], [ -71.575299693418302, -36.874631082224298 ], [ -71.575126094979794, -36.874234259744803 ], [ -71.575039069668804, -36.873764026813099 ], [ -71.574824604315694, -36.873210716838798 ], [ -71.574874145871902, -36.873095188821601 ], [ -71.575661898351797, -36.873221175217601 ], [ -71.576944050609498, -36.873221976355403 ], [ -71.578279105180897, -36.873207308587403 ], [ -71.578773979258003, -36.873096418269498 ], [ -71.579402547189503, -36.872725102359198 ], [ -71.5804442123911, -36.871929915910897 ], [ -71.581011680417603, -36.8713310132662 ], [ -71.581494985080099, -36.870877003512099 ], [ -71.582038405144104, -36.870621977637803 ], [ -71.582389943568799, -36.870485575289003 ], [ -71.583079560079597, -36.870341819790603 ], [ -71.583790338595094, -36.870297746247502 ], [ -71.584408293404607, -36.870141234498597 ], [ -71.585021907518595, -36.869856055460602 ], [ -71.585577798063696, -36.869443369545699 ], [ -71.585955268583604, -36.869020259227703 ], [ -71.586216620888905, -36.8688500422899 ], [ -71.586446003813407, -36.868787820972003 ], [ -71.586854763227095, -36.868764612397499 ], [ -71.587513110372896, -36.868750271945203 ], [ -71.587886282865895, -36.868727835088102 ], [ -71.588232976673595, -36.868448454341397 ], [ -71.5887003573378, -36.868051989477799 ], [ -71.589397591502404, -36.867607592236801 ], [ -71.590283294231199, -36.8669444820111 ], [ -71.590692929350098, -36.866420509479298 ], [ -71.591505022075097, -36.865687462077801 ], [ -71.592078155983202, -36.8652600637446 ], [ -71.592257044760402, -36.865284772909497 ], [ -71.592313321158201, -36.865369385160399 ], [ -71.592356638305105, -36.8655973452639 ], [ -71.592309544149501, -36.865784359728103 ], [ -71.592248040334695, -36.866071833912599 ], [ -71.592238463733594, -36.866315255905 ], [ -71.592391436381106, -36.866626662271699 ], [ -71.592539577984496, -36.866795108846098 ], [ -71.592951224247699, -36.866857655983502 ], [ -71.594751180517306, -36.866904187506002 ], [ -71.596892099687196, -36.867029077714299 ], [ -71.598960400684604, -36.867112597536597 ], [ -71.599642334901404, -36.867269352692198 ], [ -71.600380074779196, -36.867496415832903 ], [ -71.601276496672597, -36.867677078510802 ], [ -71.602012788257795, -36.867861243370399 ], [ -71.602733717853596, -36.868117272106304 ], [ -71.603641316845298, -36.868626723345898 ], [ -71.604214087688305, -36.868714312874097 ], [ -71.604872425333994, -36.8686998762835 ], [ -71.605223910382406, -36.868563407297998 ], [ -71.6062335421108, -36.867883155216099 ], [ -71.606887010047203, -36.867725748985798 ], [ -71.607774696417096, -36.867649035307302 ], [ -71.610031919841902, -36.867527921877702 ], [ -71.611488471268501, -36.867424372764802 ], [ -71.612937711415995, -36.867106367886102 ], [ -71.614646997938294, -36.866582329917797 ], [ -71.615998955280304, -36.866023218776803 ], [ -71.6165600095202, -36.865767649545802 ], [ -71.616912662998502, -36.865144698258 ], [ -71.617176841545302, -36.864538002914699 ], [ -71.617576291156396, -36.864243069378297 ], [ -71.6181076006485, -36.864159826752598 ], [ -71.618820243080094, -36.864172729423203 ], [ -71.620247967997798, -36.864270001508203 ], [ -71.621350071205399, -36.864217069777403 ], [ -71.622078059940705, -36.8641580816493 ], [ -71.623013189927505, -36.8639085303504 ], [ -71.623749184197493, -36.863563224398099 ], [ -71.624133256899597, -36.863340142304601 ], [ -71.624509500607303, -36.862888327152604 ], [ -71.624770008095695, -36.862696585376902 ], [ -71.625445095641695, -36.8626530523483 ], [ -71.626160169171499, -36.862737389835203 ], [ -71.627083841981502, -36.8626740445699 ], [ -71.628004572421304, -36.862524918321299 ], [ -71.628917704247201, -36.862154202222399 ], [ -71.630025791237401, -36.861757702484397 ], [ -71.630630196783898, -36.861460349594502 ], [ -71.631284632024403, -36.861011801225501 ], [ -71.631674480202193, -36.8606121195293 ], [ -71.6320956534787, -36.860087753298203 ], [ -71.632273971017497, -36.859749982793602 ], [ -71.632400593292999, -36.859289368526802 ], [ -71.632573757868499, -36.858455754184597 ], [ -71.632602721555202, -36.857224752316299 ], [ -71.632604076646999, -36.856572583748601 ], [ -71.632543508121202, -36.855715535316399 ], [ -71.633629338600102, -36.855451831913399 ], [ -71.634924400002106, -36.855146519688603 ], [ -71.635605704622805, -36.854940651746702 ], [ -71.636343354057203, -36.854647690611898 ], [ -71.637031922463393, -36.8543081260216 ], [ -71.637542922666398, -36.853982037689399 ], [ -71.637564346814301, -36.8539147978586 ], [ -71.637970575230199, -36.8536482608271 ], [ -71.638599175197598, -36.853290943496603 ], [ -71.639115078514493, -36.8531078052441 ], [ -71.639445756302393, -36.853054207949697 ], [ -71.639728805116206, -36.853008329792203 ], [ -71.640259187351305, -36.852901165424697 ], [ -71.640848535760298, -36.852783150481798 ], [ -71.641416788765497, -36.852741903145599 ], [ -71.641823419812297, -36.852776091722198 ], [ -71.642413841824805, -36.852814469054401 ], [ -71.643172166847407, -36.8527785224261 ], [ -71.643806645754907, -36.852592725517702 ], [ -71.644273125181797, -36.8523534383704 ], [ -71.644677348608099, -36.852029697678098 ], [ -71.644923789276604, -36.8516045536931 ], [ -71.6452310814078, -36.851223358108399 ], [ -71.645640725708205, -36.8509710257972 ], [ -71.646034177342699, -36.850813028369899 ], [ -71.645285293614407, -36.850668386238603 ], [ -71.644189050740906, -36.850456644671098 ], [ -71.642281674793693, -36.850145065849702 ], [ -71.637995740646502, -36.8494653955673 ], [ -71.629183588333902, -36.848549445808501 ], [ -71.623259752160706, -36.848146293391203 ], [ -71.613345562412903, -36.847352706458302 ], [ -71.610431664462297, -36.849432001666798 ] ] ] } },
{ "type": "Feature", "properties": { "id": "monoparte.16", "Name": null, "description": null, "timestamp": null, "begin": null, "end": null, "altitudeMode": null, "tessellate": -1, "extrude": 0, "visibility": -1, "drawOrder": null, "icon": null, "REG": "Ñuble", "COM": "Pinto", "LOC": "Termas de Chillán", "ZONA": "ZE-1", "NOM": "Zona ZE-1", "UPERM": "Vivienda. Industria y almacenamiento inofensivo. Equipamiento: cultura, salud, educación, seguridad, culto, áreas verdes, deportes, esparcimiento y turismo, comercio minorista, servicios. Más detalle en Ordenanza.", "UPROH": "Todos los usos de suelo no mencionados como permitidos.", "P_DO": "16/01/1990", "N_DOC": "25", "T_DO": "Resolución", "OBS": null }, "geometry": { "type": "Polygon", "coordinates": [ [ [ -71.657291398452003, -36.848633214650903 ], [ -71.656952592935795, -36.848330204427597 ], [ -71.656662290940304, -36.847979035619197 ], [ -71.656531499192496, -36.847820234438601 ], [ -71.655500574679806, -36.848434203718099 ], [ -71.654562466658007, -36.8489320524642 ], [ -71.653541665868204, -36.849441278475702 ], [ -71.652537486922, -36.8499167427778 ], [ -71.6523831604229, -36.849915419567701 ], [ -71.651927428507904, -36.849777760838798 ], [ -71.651198781941005, -36.850328133056102 ], [ -71.650459746990293, -36.850921652027701 ], [ -71.649660579259901, -36.851664341318298 ], [ -71.650244952279905, -36.851918359219397 ], [ -71.650662480802893, -36.852152252593598 ], [ -71.650905222120201, -36.8523082132591 ], [ -71.651351566136697, -36.852040604475 ], [ -71.651694209180306, -36.8518568930199 ], [ -71.655109915706007, -36.850025426248202 ], [ -71.656411304799505, -36.849211121668503 ], [ -71.657257254776098, -36.848646130977201 ], [ -71.657291398452003, -36.848633214650903 ] ] ] } },
{ "type": "Feature", "properties": { "id": "monoparte.17", "Name": null, "description": null, "timestamp": null, "begin": null, "end": null, "altitudeMode": null, "tessellate": -1, "extrude": 0, "visibility": -1, "drawOrder": null, "icon": null, "REG": "Ñuble", "COM": "Pinto", "LOC": "Termas de Chillán", "ZONA": "ZE-1", "NOM": "Zona ZE-1", "UPERM": "Vivienda. Industria y almacenamiento inofensivo. Equipamiento: cultura, salud, educación, seguridad, culto, áreas verdes, deportes, esparcimiento y turismo, comercio minorista, servicios. Más detalle en Ordenanza.", "UPROH": "Todos los usos de suelo no mencionados como permitidos.", "P_DO": "16/01/1990", "N_DOC": "25", "T_DO": "Resolución", "OBS": null }, "geometry": { "type": "Polygon", "coordinates": [ [ [ -71.648309766881496, -36.853655940307704 ], [ -71.648136449237398, -36.853663381043802 ], [ -71.648053191873103, -36.853572244779897 ], [ -71.648022191694295, -36.853447754736997 ], [ -71.647576972660005, -36.853572130245098 ], [ -71.647425412771796, -36.853307261738003 ], [ -71.647258408521395, -36.853110692565103 ], [ -71.647058704786602, -36.852921460258997 ], [ -71.646795905556502, -36.853051676288104 ], [ -71.646061731021902, -36.853384142385998 ], [ -71.647087092885499, -36.853983470434201 ], [ -71.647142515488994, -36.854053241271103 ], [ -71.646933562526698, -36.854401937913501 ], [ -71.647343187291497, -36.854664631837103 ], [ -71.647644107024902, -36.854872522437198 ], [ -71.647874612252195, -36.855103441081802 ], [ -71.648307708734393, -36.855530132742103 ], [ -71.648783617793697, -36.8559075839512 ], [ -71.648868752049694, -36.856010003946999 ], [ -71.648954910617803, -36.856249503941498 ], [ -71.648961804697393, -36.856341745851601 ], [ -71.648822552353593, -36.8568980382136 ], [ -71.648674198807598, -36.856890013842502 ], [ -71.646522851143104, -36.856601766711798 ], [ -71.646515205234294, -36.856635446117203 ], [ -71.646300357264295, -36.857579547848999 ], [ -71.646488552930407, -36.857600008925999 ], [ -71.6469191238061, -36.857695329162397 ], [ -71.647388893402706, -36.8578946883055 ], [ -71.648055990087499, -36.858309012162003 ], [ -71.648394977804301, -36.858501744471297 ], [ -71.648650618955699, -36.858686796991996 ], [ -71.648896046330094, -36.858919765091599 ], [ -71.649578311852395, -36.8594291184938 ], [ -71.649932461841999, -36.859716884738397 ], [ -71.650408269764696, -36.860149198128703 ], [ -71.650503018158204, -36.859273205552697 ], [ -71.650531041237002, -36.859014111236199 ], [ -71.650530864587594, -36.8586863841739 ], [ -71.650596843790098, -36.857890904199103 ], [ -71.650788958453106, -36.856752831132603 ], [ -71.649612526912193, -36.8559385744812 ], [ -71.649438344079599, -36.855792241722298 ], [ -71.649345945824706, -36.855565398812601 ], [ -71.649079754557107, -36.854687911850903 ], [ -71.649608379658801, -36.8544954082709 ], [ -71.650585155218096, -36.854074918371602 ], [ -71.6523429071853, -36.853424083024997 ], [ -71.651679167354999, -36.853020437347098 ], [ -71.651276179123698, -36.852727560974799 ], [ -71.650163552000706, -36.853208055187302 ], [ -71.649198834305693, -36.853556062729602 ], [ -71.649107775164595, -36.853597581052298 ], [ -71.648406909270506, -36.853642882711597 ], [ -71.648309766881496, -36.853655940307704 ] ] ] } },
{ "type": "Feature", "properties": { "id": "monoparte.18", "Name": null, "description": null, "timestamp": null, "begin": null, "end": null, "altitudeMode": null, "tessellate": -1, "extrude": 0, "visibility": -1, "drawOrder": null, "icon": null, "REG": "Ñuble", "COM": "Pinto", "LOC": "Termas de Chillán", "ZONA": "ZU-1", "NOM": "Zona ZU-1", "UPERM": "Vivienda. Industria y almacenamiento inofensivo. Equipamiento: cultura, salud, educación, seguridad, culto, áreas verdes, deportes, esparcimiento y turismo, comercio minorista, servicios. Más detalle en Ordenanza.", "UPROH": "Todos los usos de suelo no mencionados como permitidos.", "P_DO": "16/01/1990", "N_DOC": "25", "T_DO": "Resolución", "OBS": null }, "geometry": { "type": "Polygon", "coordinates": [ [ [ -71.660262507839803, -36.839117581527297 ], [ -71.658535725401606, -36.8399386998558 ], [ -71.658516945620804, -36.839928290471804 ], [ -71.658178738480601, -36.840108449168902 ], [ -71.657834282047503, -36.840291934250502 ], [ -71.658419825541301, -36.840651097696899 ], [ -71.659266792525699, -36.841207977003002 ], [ -71.659395874314299, -36.841337422204298 ], [ -71.659056660874697, -36.842206979133003 ], [ -71.658651102443201, -36.843537972050001 ], [ -71.658437884864199, -36.843296584748501 ], [ -71.657468904076794, -36.842232134662197 ], [ -71.6571136557194, -36.8418681126522 ], [ -71.656383345799398, -36.842367287305699 ], [ -71.657588313786803, -36.843624342346203 ], [ -71.657855622297703, -36.843890185192599 ], [ -71.6575301721345, -36.8441299455897 ], [ -71.657363675901394, -36.844205202129601 ], [ -71.656914335053102, -36.843733398472899 ], [ -71.656794719093398, -36.843581290216697 ], [ -71.656038207105894, -36.844095356260901 ], [ -71.654854503511302, -36.842937955078199 ], [ -71.654799043323607, -36.842878391870897 ], [ -71.654145006189907, -36.843342622539197 ], [ -71.653956655052596, -36.843474399673099 ], [ -71.653085443592701, -36.842516251155601 ], [ -71.653046947751406, -36.842475382898598 ], [ -71.652302360076007, -36.843034463022498 ], [ -71.653722614029405, -36.844642028805303 ], [ -71.654115617587493, -36.8450684036223 ], [ -71.655367935417004, -36.846107441831599 ], [ -71.654919568395997, -36.846439358113997 ], [ -71.654637742107496, -36.846654292150497 ], [ -71.655014290403699, -36.847033343829203 ], [ -71.654564680230905, -36.847329521014998 ], [ -71.653875435262606, -36.847774114536101 ], [ -71.652930695938906, -36.848337669370103 ], [ -71.652098349457106, -36.848719876852797 ], [ -71.651664982944794, -36.8488428112069 ], [ -71.651277955340703, -36.848959668523001 ], [ -71.651033410999801, -36.848989862964999 ], [ -71.650289623622797, -36.849144710405398 ], [ -71.650048007171506, -36.8491930199799 ], [ -71.647612728031305, -36.850835339703401 ], [ -71.647082358438198, -36.851157132970499 ], [ -71.646675930840502, -36.851416552196298 ], [ -71.646171091086799, -36.851618551992203 ], [ -71.645899730358806, -36.851708051545103 ], [ -71.645482374736204, -36.852080969500001 ], [ -71.645180113344594, -36.8523499857722 ], [ -71.644846148049297, -36.852560097738198 ], [ -71.644378151088006, -36.852755308373197 ], [ -71.643904792094602, -36.8530102478095 ], [ -71.643620982911898, -36.853341440153102 ], [ -71.643333534929994, -36.853610122200202 ], [ -71.643019845741804, -36.853763147848198 ], [ -71.642650975825205, -36.8539293221897 ], [ -71.642153610426107, -36.854241418117503 ], [ -71.641804291565705, -36.854436960207899 ], [ -71.641485556857205, -36.854551346359798 ], [ -71.641364651135603, -36.854591760687903 ], [ -71.641422701513093, -36.8546954481602 ], [ -71.641559738294703, -36.854874573622801 ], [ -71.641698826255507, -36.854820811788301 ], [ -71.642227063380304, -36.854651095551901 ], [ -71.642665416309299, -36.854563850606198 ], [ -71.642917838121605, -36.854570157477198 ], [ -71.643120120939798, -36.8546282472795 ], [ -71.643291203112796, -36.854749621633999 ], [ -71.643396192831403, -36.8548903507155 ], [ -71.643473863707896, -36.8550808054109 ], [ -71.643498696644002, -36.855174198609397 ], [ -71.643531253735006, -36.855370933706801 ], [ -71.643404895085695, -36.8555788051017 ], [ -71.643021895223598, -36.855916376842202 ], [ -71.6428357534176, -36.856025432695098 ], [ -71.642620711335894, -36.856070751736702 ], [ -71.642475061895496, -36.8560632623076 ], [ -71.642059380928401, -36.855882947130702 ], [ -71.641874285472198, -36.855850105972003 ], [ -71.641237214050093, -36.856090792816403 ], [ -71.640915996318995, -36.856240999347101 ], [ -71.640580157974199, -36.856397491441598 ], [ -71.640221464846704, -36.856536607302601 ], [ -71.639745814700603, -36.856726009783699 ], [ -71.639199450046405, -36.8569400701763 ], [ -71.639663697679296, -36.857575149144601 ], [ -71.639828283931294, -36.857764377695702 ], [ -71.640156146443005, -36.8580934633233 ], [ -71.640217637072894, -36.858167874367098 ], [ -71.640520465882204, -36.858134641511 ], [ -71.641019849635398, -36.857901788791501 ], [ -71.641689496571402, -36.8574433971201 ], [ -71.642344269417507, -36.857328688334498 ], [ -71.6432695793211, -36.857315254863401 ], [ -71.644477036594296, -36.857481515908397 ], [ -71.645117958815405, -36.857481551743298 ], [ -71.645671165248103, -36.857519304393101 ], [ -71.646300357264295, -36.857579547848999 ], [ -71.646515205234294, -36.856635446117203 ], [ -71.646522851143104, -36.856601766711798 ], [ -71.648674198807598, -36.856890013842502 ], [ -71.648822552353593, -36.8568980382136 ], [ -71.648961804697393, -36.856341745851601 ], [ -71.648954910617803, -36.856249503941498 ], [ -71.648868752049694, -36.856010003946999 ], [ -71.648783617793697, -36.8559075839512 ], [ -71.648307708734393, -36.855530132742103 ], [ -71.647874612252195, -36.855103441081802 ], [ -71.647644107024902, -36.854872522437198 ], [ -71.647343187291497, -36.854664631837103 ], [ -71.646933562526698, -36.854401937913501 ], [ -71.647142515488994, -36.854053241271103 ], [ -71.647087092885499, -36.853983470434201 ], [ -71.646061731021902, -36.853384142385998 ], [ -71.646795905556502, -36.853051676288104 ], [ -71.647058704786602, -36.852921460258997 ], [ -71.647258408521395, -36.853110692565103 ], [ -71.647425412771796, -36.853307261738003 ], [ -71.647576972660005, -36.853572130245098 ], [ -71.648022191694295, -36.853447754736997 ], [ -71.648053191873103, -36.853572244779897 ], [ -71.648136449237398, -36.853663381043802 ], [ -71.648309766881496, -36.853655940307704 ], [ -71.648406909270506, -36.853642882711597 ], [ -71.649107775164595, -36.853597581052298 ], [ -71.649198834305693, -36.853556062729602 ], [ -71.650163552000706, -36.853208055187302 ], [ -71.651276179123698, -36.852727560974799 ], [ -71.651189586520303, -36.8526646276039 ], [ -71.651158731195693, -36.852642202463599 ], [ -71.650762940361005, -36.852393519422499 ], [ -71.650905222120201, -36.8523082132591 ], [ -71.650662480802893, -36.852152252593598 ], [ -71.650244952279905, -36.851918359219397 ], [ -71.649660579259901, -36.851664341318298 ], [ -71.650459746990293, -36.850921652027701 ], [ -71.651198781941005, -36.850328133056102 ], [ -71.651927428507904, -36.849777760838798 ], [ -71.6523831604229, -36.849915419567701 ], [ -71.652537486922, -36.8499167427778 ], [ -71.653541665868204, -36.849441278475702 ], [ -71.654562466658007, -36.8489320524642 ], [ -71.655500574679806, -36.848434203718099 ], [ -71.656531499192496, -36.847820234438601 ], [ -71.656662290940304, -36.847979035619197 ], [ -71.656952592935795, -36.848330204427597 ], [ -71.657291398452003, -36.848633214650903 ], [ -71.658286094285103, -36.848256915293902 ], [ -71.658821667169306, -36.847958801117798 ], [ -71.659443842207693, -36.847420304156401 ], [ -71.659486980066603, -36.847295348919999 ], [ -71.659575717563001, -36.846945239302499 ], [ -71.659821762616104, -36.846853892133304 ], [ -71.659532235076, -36.846338725079697 ], [ -71.659666123322296, -36.846264195521897 ], [ -71.660402001082801, -36.845582946139203 ], [ -71.660938148206796, -36.844788851906799 ], [ -71.661176874654004, -36.8441444841175 ], [ -71.661232486928, -36.843694969546199 ], [ -71.661177766152406, -36.8433146903797 ], [ -71.6604131851592, -36.842939379413401 ], [ -71.659733946673995, -36.842571614336698 ], [ -71.659880626924306, -36.842010379037497 ], [ -71.660050514998801, -36.8413484780652 ], [ -71.660133446217102, -36.840659912002799 ], [ -71.660260388458596, -36.840385246617601 ], [ -71.660491582258302, -36.840208392382699 ], [ -71.660998935484699, -36.839953819503002 ], [ -71.662582241311696, -36.839245943007697 ], [ -71.664933859397607, -36.838282373345997 ], [ -71.6653515522747, -36.838091988214302 ], [ -71.664641093633094, -36.837632949355502 ], [ -71.6642102276777, -36.837398210937103 ], [ -71.660857757482901, -36.838837005435003 ], [ -71.660262507839803, -36.839117581527297 ] ] ] } },
{ "type": "Feature", "properties": { "id": "monoparte.19", "Name": null, "description": null, "timestamp": null, "begin": null, "end": null, "altitudeMode": null, "tessellate": -1, "extrude": 0, "visibility": -1, "drawOrder": null, "icon": null, "REG": "Ñuble", "COM": "Pinto", "LOC": "Termas de Chillán", "ZONA": "ZR", "NOM": "Zona ZR", "UPERM": "Equipamiento destinado a áreas verdes, zonas de picnic y forestación.", "UPROH": "Todos los usos de suelo no mencionados como permitidos.", "P_DO": "16/01/1990", "N_DOC": "25", "T_DO": "Resolución", "OBS": null }, "geometry": { "type": "Polygon", "coordinates": [ [ [ -71.611855142219397, -36.871680616825401 ], [ -71.610184988100301, -36.871788866327599 ], [ -71.608711810914798, -36.871406343072401 ], [ -71.607685427137596, -36.871071218483401 ], [ -71.605342831134905, -36.870779272078998 ], [ -71.603814857913704, -36.870354969510899 ], [ -71.602137921536595, -36.870262961383702 ], [ -71.600461957560299, -36.870199522192301 ], [ -71.5982377938263, -36.870248198912002 ], [ -71.596256439253906, -36.8701055411019 ], [ -71.593693229066503, -36.870132930228003 ], [ -71.590954978620502, -36.870249922062598 ], [ -71.589005906156501, -36.870535636474898 ], [ -71.587043846578993, -36.870964668869 ], [ -71.586782248099198, -36.871127739284198 ], [ -71.586285038966906, -36.871696526567703 ], [ -71.585624302000099, -36.8721687248621 ], [ -71.585109283600602, -36.872737894205002 ], [ -71.584708212973894, -36.872989835461397 ], [ -71.583634813698097, -36.873370856607998 ], [ -71.582788877421706, -36.873632469008299 ], [ -71.580867355035707, -36.874740084878198 ], [ -71.579677526451306, -36.875366813337699 ], [ -71.578452569063202, -36.8760085994181 ], [ -71.577407464295604, -36.876703697523901 ], [ -71.576735561314806, -36.877376382636498 ], [ -71.5759948662119, -36.878122090225801 ], [ -71.575090154898902, -36.878756895903699 ], [ -71.574478831324001, -36.8791135093972 ], [ -71.5737381319815, -36.8793298573868 ], [ -71.573055615018504, -36.879688005644098 ], [ -71.571416904956095, -36.880209924675 ], [ -71.570388994287697, -36.880890283630698 ], [ -71.570021447818505, -36.881613570712801 ], [ -71.569821793789998, -36.882032784476003 ], [ -71.569105078586801, -36.882434571393503 ], [ -71.568329215312801, -36.882665953622997 ], [ -71.567744321351896, -36.882750134629603 ], [ -71.567115134959096, -36.883107097293497 ], [ -71.567228141171796, -36.883290640765999 ], [ -71.5675378717835, -36.8834985443604 ], [ -71.567986146300598, -36.883588999140301 ], [ -71.568820201271507, -36.8834994275323 ], [ -71.569561435313403, -36.8832974045431 ], [ -71.5696640823179, -36.883702923866203 ], [ -71.569646705170697, -36.884246952740099 ], [ -71.569685116239796, -36.884861307561998 ], [ -71.569205010683802, -36.885415348181901 ], [ -71.568218835904702, -36.886280772602099 ], [ -71.566904617225703, -36.8869243742554 ], [ -71.565977141438395, -36.8874165383627 ], [ -71.563793655054297, -36.888164724896299 ], [ -71.562134029844799, -36.888601130791002 ], [ -71.560992444253699, -36.889083569374101 ], [ -71.559825403138603, -36.889337639487302 ], [ -71.558760846599696, -36.889460729210199 ], [ -71.557281673906004, -36.889435365630398 ], [ -71.556334545274694, -36.889341303961501 ], [ -71.555359449836104, -36.889476744940403 ], [ -71.554777346486603, -36.889646642945799 ], [ -71.553731302312201, -36.889898050350098 ], [ -71.552985193935299, -36.889957013116899 ], [ -71.552521479049005, -36.889938368165303 ], [ -71.551805250895001, -36.889825000246603 ], [ -71.551306893091905, -36.889835708307899 ], [ -71.5511329532698, -36.889961052415202 ], [ -71.551322841480797, -36.8903146406752 ], [ -71.552048596884504, -36.890713940151599 ], [ -71.552308256423004, -36.891023106295201 ], [ -71.552371654716097, -36.891322184633303 ], [ -71.551718334575995, -36.891493598626397 ], [ -71.550599382264494, -36.891589172148599 ], [ -71.549317857302597, -36.891616691110002 ], [ -71.548299986237396, -36.891538390927103 ], [ -71.547274511345705, -36.891231338991702 ], [ -71.546572750439196, -36.891017482384697 ], [ -71.545976835879401, -36.890772739785497 ], [ -71.545268682569102, -36.890902373924703 ], [ -71.545187762451505, -36.891147322125697 ], [ -71.545659559099207, -36.891409037084998 ], [ -71.546428716962197, -36.8915069994272 ], [ -71.547238226714299, -36.891747158938301 ], [ -71.547193861024596, -36.892019937636199 ], [ -71.5467911350798, -36.892228870092197 ], [ -71.546066596350101, -36.892401780658297 ], [ -71.545254008019796, -36.892605188428703 ], [ -71.544621306214097, -36.892861961935097 ], [ -71.544769400478003, -36.893030469547497 ], [ -71.545075313744803, -36.893124060215399 ], [ -71.545876761394595, -36.893121186965203 ], [ -71.546570936355394, -36.893106302161897 ], [ -71.547509548083795, -36.892943101852303 ], [ -71.548691161339804, -36.892588692904603 ], [ -71.5500526572431, -36.892287635386801 ], [ -71.550954223835205, -36.892082284472302 ], [ -71.551378544743699, -36.8919873283727 ], [ -71.5519293621213, -36.891946878175403 ], [ -71.552131342223703, -36.892128525003798 ], [ -71.552175036802396, -36.892370799292898 ], [ -71.5516688621464, -36.892682118136399 ], [ -71.550877895553199, -36.892999553018697 ], [ -71.550160973801596, -36.893401232620697 ], [ -71.5492798480131, -36.894221326875702 ], [ -71.5485600892154, -36.895073719607403 ], [ -71.548046068523107, -36.895685632004501 ], [ -71.547406488513204, -36.896271622608097 ], [ -71.547011347579101, -36.896709300170102 ], [ -71.546533856263693, -36.897349036959 ], [ -71.546255487942204, -36.898084647961703 ], [ -71.545869360316402, -36.898793956356002 ], [ -71.545490099438894, -36.899174061871101 ], [ -71.545168036934797, -36.899667393604602 ], [ -71.544728251271295, -36.900370694794397 ], [ -71.5443592471714, -36.901201453183099 ], [ -71.544330472170103, -36.901266234890301 ], [ -71.544150331116796, -36.901742216088699 ], [ -71.544136100539404, -36.902386322309702 ], [ -71.543733081597907, -36.903124599298302 ], [ -71.543275699975197, -36.903835425175998 ], [ -71.543085816514804, -36.904554827847399 ], [ -71.542598513081799, -36.905437973085498 ], [ -71.542188819614694, -36.905976093627999 ], [ -71.540323833946005, -36.9061447706205 ], [ -71.539169517081405, -36.906255303170603 ], [ -71.536334370174202, -36.906716489354402 ], [ -71.534592074101297, -36.906825228900303 ], [ -71.533225520658206, -36.906983153543003 ], [ -71.532572019813401, -36.907154468425901 ], [ -71.532080159658904, -36.907365253686102 ], [ -71.532042599110895, -36.907515468951999 ], [ -71.532042951320406, -36.907515226225101 ], [ -71.532436103115202, -36.907821192135501 ], [ -71.532460593199701, -36.907885747014802 ], [ -71.532894308356106, -36.907634022179003 ], [ -71.533530955674394, -36.907491678500101 ], [ -71.534257560818403, -36.907376024751898 ], [ -71.535394575061503, -36.907280216741903 ], [ -71.536656678565905, -36.9071960321197 ], [ -71.537721527324607, -36.9070731293791 ], [ -71.538891291838297, -36.9068907478689 ], [ -71.539314288914198, -36.906752941798104 ], [ -71.540023073726402, -36.906637634073697 ], [ -71.540646165231493, -36.906624302608797 ], [ -71.541287057737804, -36.906610586865398 ], [ -71.542034764926797, -36.9065945808048 ], [ -71.542561245887896, -36.906354400021499 ], [ -71.542995862718399, -36.906030344500302 ], [ -71.543376593025002, -36.905693135985203 ], [ -71.543523517966904, -36.9052894009086 ], [ -71.543691322584607, -36.904441710603898 ], [ -71.544150603392097, -36.903788068278402 ], [ -71.544459387875705, -36.9028944359966 ], [ -71.544853147389404, -36.902413876123198 ], [ -71.544895624984704, -36.902083912220903 ], [ -71.5449449767125, -36.901424745652299 ], [ -71.545247345755598, -36.900874609945703 ], [ -71.546163241299993, -36.900025184583498 ], [ -71.5470717183575, -36.898417656956298 ], [ -71.547685640826202, -36.897059656318902 ], [ -71.548045415875706, -36.896629888356102 ], [ -71.548786362938401, -36.8964136929823 ], [ -71.5496428630304, -36.895923184315897 ], [ -71.550160869412593, -36.8948962843603 ], [ -71.550389599090295, -36.8942761841977 ], [ -71.551329824699707, -36.893626492145003 ], [ -71.551964411896506, -36.893426868376203 ], [ -71.552583102942904, -36.893284810532499 ], [ -71.553199408026302, -36.8930712674725 ], [ -71.553469423363794, -36.8926219540011 ], [ -71.553591801729596, -36.892018440650602 ], [ -71.554241786072595, -36.891746941442499 ], [ -71.554903365418795, -36.891289201751498 ], [ -71.555139913078406, -36.890904984228598 ], [ -71.555324255878404, -36.890557657650703 ], [ -71.555493658517094, -36.890296491387801 ], [ -71.555793372308599, -36.890204201196703 ], [ -71.557231237365997, -36.890058792764997 ], [ -71.558850422370497, -36.890009606567197 ], [ -71.560131433186299, -36.889967688573201 ], [ -71.560804906455203, -36.889867327346998 ], [ -71.562216348032507, -36.889464908029296 ], [ -71.564752500182905, -36.888608987086798 ], [ -71.567265524998604, -36.887596138874699 ], [ -71.569309035104595, -36.886393103887798 ], [ -71.569719394623405, -36.885883491963298 ], [ -71.569934937380594, -36.885406708060799 ], [ -71.570133160000694, -36.884944605256898 ], [ -71.570422632999197, -36.883486214173303 ], [ -71.570770521213802, -36.882176777854902 ], [ -71.571061070452203, -36.881812821312103 ], [ -71.571845117237999, -36.881295111664699 ], [ -71.5736993532376, -36.880296396374 ], [ -71.575432812964806, -36.879414724914902 ], [ -71.576149705648902, -36.8790200505222 ], [ -71.577031809677607, -36.878242660349898 ], [ -71.578105316069795, -36.877332349502197 ], [ -71.579079723228006, -36.876653088064302 ], [ -71.580474933588505, -36.875778689724399 ], [ -71.581926385731705, -36.874988892399102 ], [ -71.582920449772303, -36.8743663993545 ], [ -71.583696661436505, -36.874149223456897 ], [ -71.584556057417004, -36.873758552222199 ], [ -71.585447415578898, -36.873259879149103 ], [ -71.586087476261, -36.872702292339802 ], [ -71.5866760742488, -36.872203049404902 ], [ -71.587143001520602, -36.871792293630001 ], [ -71.587700823575801, -36.871436782139199 ], [ -71.588776104822202, -36.871112911140798 ], [ -71.589946140492401, -36.8709586425271 ], [ -71.591560041227694, -36.870766065930297 ], [ -71.592711786389799, -36.870597863608999 ], [ -71.594364160741307, -36.870490247777298 ], [ -71.596022821935406, -36.870568458827798 ], [ -71.597879151189105, -36.870699548528599 ], [ -71.598750544176198, -36.870666178692801 ], [ -71.600460650497993, -36.870685974714 ], [ -71.602709410716102, -36.870837009712602 ], [ -71.604464817995407, -36.871141886056499 ], [ -71.605877788732499, -36.871325491992003 ], [ -71.606716025297303, -36.871364323696 ], [ -71.607956905026697, -36.8717233599643 ], [ -71.6090400850603, -36.872157380042097 ], [ -71.609775462748502, -36.872312901639098 ], [ -71.611056604079906, -36.872284743223403 ], [ -71.612598314778396, -36.8720648546566 ], [ -71.613516756331094, -36.871844355572897 ], [ -71.615145702639197, -36.871050253162402 ], [ -71.616351973115002, -36.870394198313697 ], [ -71.618037166364502, -36.869684657019299 ], [ -71.619567564616204, -36.869135877936003 ], [ -71.621120620751498, -36.868729644366297 ], [ -71.621741603079201, -36.8681436778337 ], [ -71.622633862727099, -36.867680476805901 ], [ -71.624217562993394, -36.867130460922503 ], [ -71.624680589825104, -36.8669452985569 ], [ -71.626212170601804, -36.865840730843999 ], [ -71.626474278296499, -36.865684716578201 ], [ -71.626670886469697, -36.865576646567703 ], [ -71.6273676214483, -36.865124888263999 ], [ -71.628211617723096, -36.864684173124999 ], [ -71.628974666184803, -36.864284587326502 ], [ -71.629523906258001, -36.864019877344099 ], [ -71.629565816442195, -36.863999678347703 ], [ -71.630207307348499, -36.863625308468102 ], [ -71.630667988677899, -36.863300362845003 ], [ -71.631091123061907, -36.862919021309999 ], [ -71.6314386066379, -36.862668113498103 ], [ -71.631905917053004, -36.862419913531198 ], [ -71.632400785624895, -36.862183619519001 ], [ -71.632805715173902, -36.861920705035203 ], [ -71.633419129074795, -36.861377765563901 ], [ -71.633833343289496, -36.860996613230597 ], [ -71.634434136565503, -36.8604754086969 ], [ -71.634699795724202, -36.860304991503902 ], [ -71.634869310231906, -36.860251159155197 ], [ -71.635609008261099, -36.860126062504399 ], [ -71.6359443087686, -36.860059206332899 ], [ -71.636301247658494, -36.859954715420002 ], [ -71.636716469977799, -36.859704360959398 ], [ -71.637094859001905, -36.859475715224796 ], [ -71.637429580139397, -36.859242956089801 ], [ -71.637775896636199, -36.859088624524901 ], [ -71.638130247926895, -36.858909076537799 ], [ -71.638375621185205, -36.858796328590302 ], [ -71.638783831534695, -36.858629888826997 ], [ -71.639278632815305, -36.858522327283097 ], [ -71.639632754576397, -36.858439070780797 ], [ -71.640308862155706, -36.858278266986098 ], [ -71.640217637072894, -36.858167874367098 ], [ -71.639630683715595, -36.858249556035702 ], [ -71.639027989251005, -36.858308688805003 ], [ -71.638497412069, -36.8584285296986 ], [ -71.638246854806894, -36.858519933781501 ], [ -71.637832576222095, -36.858768768392402 ], [ -71.637479822424993, -36.858994775346801 ], [ -71.6369896843552, -36.859238137795401 ], [ -71.636450627431799, -36.859573430788998 ], [ -71.635900059023598, -36.859871780044401 ], [ -71.635589462956801, -36.859900131404501 ], [ -71.635286998236495, -36.859924389465597 ], [ -71.634660874344505, -36.8600523514108 ], [ -71.634502479291697, -36.860105937735099 ], [ -71.634036374456002, -36.8605311633425 ], [ -71.633793442404496, -36.860715381611598 ], [ -71.633565355608894, -36.8608134314292 ], [ -71.632853950610496, -36.861523131665002 ], [ -71.632595962332303, -36.861708872674697 ], [ -71.632448516368896, -36.861800685672698 ], [ -71.632149873805801, -36.862057044095302 ], [ -71.631636240427397, -36.862306469580901 ], [ -71.631290705544401, -36.8624432804028 ], [ -71.631080708788701, -36.862600336112301 ], [ -71.630709259825494, -36.862909596179698 ], [ -71.630194327382497, -36.863303103130697 ], [ -71.629576218135895, -36.863710217494898 ], [ -71.628885955271798, -36.864090313672797 ], [ -71.627888007232698, -36.8645845119486 ], [ -71.627327002459396, -36.864840132940301 ], [ -71.626733348610401, -36.8651823131854 ], [ -71.626394243618606, -36.865418716730403 ], [ -71.626254111494404, -36.865486194033501 ], [ -71.625794411768993, -36.865601825522397 ], [ -71.625558119433904, -36.865720256429498 ], [ -71.624557192944494, -36.8661286541967 ], [ -71.623383712399999, -36.866698226458297 ], [ -71.622141979260306, -36.867355133159002 ], [ -71.621480533683496, -36.867798929814803 ], [ -71.620527558827604, -36.868048864421503 ], [ -71.619299663899199, -36.868590984691799 ], [ -71.616927417421095, -36.869515975547102 ], [ -71.614873437069505, -36.870376687120903 ], [ -71.613387090520902, -36.871174801697698 ], [ -71.612700945554096, -36.8714188019134 ], [ -71.611855142219397, -36.871680616825401 ] ] ] } },
{ "type": "Feature", "properties": { "id": "monoparte.20", "Name": null, "description": null, "timestamp": null, "begin": null, "end": null, "altitudeMode": null, "tessellate": -1, "extrude": 0, "visibility": -1, "drawOrder": null, "icon": null, "REG": "Ñuble", "COM": "Pinto", "LOC": "Termas de Chillán", "ZONA": "ZE-2", "NOM": "Zona ZE-2", "UPERM": "Vivienda. Equipamiento: esparcimiento y turismo, áreas verdes, deportes, comercio minorista y servicios artesanales.", "UPROH": "Todos los usos de suelo no mencionados como permitidos.", "P_DO": "16/01/1990", "N_DOC": "25", "T_DO": "Resolución", "OBS": null }, "geometry": { "type": "Polygon", "coordinates": [ [ [ -71.513641694213703, -36.903438808313403 ], [ -71.514015886839601, -36.903984082550203 ], [ -71.514103367552906, -36.904478198709398 ], [ -71.514148383439206, -36.9051258200004 ], [ -71.514522588532003, -36.905671092052998 ], [ -71.514795588836293, -36.906027748394301 ], [ -71.515586427175407, -36.906239904668404 ], [ -71.516205470648401, -36.906284014467303 ], [ -71.517064393292202, -36.906399338950202 ], [ -71.517412380893006, -36.906868854171798 ], [ -71.517881566668905, -36.9074121001956 ], [ -71.518039036229098, -36.907866577477598 ], [ -71.517905115736696, -36.908489377729303 ], [ -71.517586576382797, -36.908915798260303 ], [ -71.517260747008905, -36.9098431094801 ], [ -71.5172898525703, -36.910367073571102 ], [ -71.517566331088105, -36.9108285663701 ], [ -71.518197640058304, -36.911244381122899 ], [ -71.519587076801002, -36.911958854105997 ], [ -71.521001474764105, -36.912348494766903 ], [ -71.521546901749304, -36.912680274308897 ], [ -71.521976150472995, -36.913090821109499 ], [ -71.522281117584399, -36.913694764151799 ], [ -71.5224739241702, -36.9141389453534 ], [ -71.522596380695305, -36.914695794318 ], [ -71.523127348212199, -36.9145446460752 ], [ -71.524867528629798, -36.914185749109699 ], [ -71.525425187901206, -36.913927295431499 ], [ -71.525933300856906, -36.913487283834797 ], [ -71.526301489265407, -36.9131265503758 ], [ -71.526597513876396, -36.912738738143403 ], [ -71.526778217393996, -36.912095857908596 ], [ -71.526826699292499, -36.911045665179401 ], [ -71.526778256390699, -36.909577870274603 ], [ -71.526829421872606, -36.909328798000097 ], [ -71.527022701141902, -36.9090671626344 ], [ -71.527564264579297, -36.908922105171399 ], [ -71.528239373027304, -36.908864811090602 ], [ -71.528960854392295, -36.9087731437141 ], [ -71.5302697885068, -36.908487734306703 ], [ -71.530922152481295, -36.908101854637501 ], [ -71.531729431699603, -36.907731744161801 ], [ -71.532042599110895, -36.907515468951999 ], [ -71.532080159658904, -36.907365253686102 ], [ -71.532572019813401, -36.907154468425901 ], [ -71.533225520658206, -36.906983153543003 ], [ -71.534592074101297, -36.906825228900303 ], [ -71.536334370174202, -36.906716489354402 ], [ -71.539169517081405, -36.906255303170603 ], [ -71.540323833946005, -36.9061447706205 ], [ -71.542188819614694, -36.905976093627999 ], [ -71.542598513081799, -36.905437973085498 ], [ -71.543085816514804, -36.904554827847399 ], [ -71.543275699975197, -36.903835425175998 ], [ -71.543733081597907, -36.903124599298302 ], [ -71.544136100539404, -36.902386322309702 ], [ -71.544150331116796, -36.901742216088699 ], [ -71.544330472170103, -36.901266234890301 ], [ -71.5443592471714, -36.901201453183099 ], [ -71.543593660844607, -36.901644457316998 ], [ -71.542819299149599, -36.902018711143597 ], [ -71.542111194660905, -36.9021530961925 ], [ -71.541415945055405, -36.902227590573403 ], [ -71.539976194934397, -36.902234553856502 ], [ -71.539278966624394, -36.902249466715098 ], [ -71.538173475055501, -36.9024877038295 ], [ -71.537176785893095, -36.902425549853 ], [ -71.536048952341304, -36.902437722103599 ], [ -71.535136889464297, -36.902689683161 ], [ -71.534189186958898, -36.903210649342 ], [ -71.533486964451797, -36.903523692012598 ], [ -71.5328494551067, -36.903549215110999 ], [ -71.531265132644094, -36.903225332402101 ], [ -71.530585749333596, -36.902882145067998 ], [ -71.529908339896195, -36.902598524045302 ], [ -71.529368776985606, -36.902443106882799 ], [ -71.527599894744, -36.902373474065001 ], [ -71.526575506542301, -36.902371431926198 ], [ -71.525798594445305, -36.9022210486117 ], [ -71.525301418763107, -36.901986056023098 ], [ -71.524467529739297, -36.901908409319198 ], [ -71.521583235131004, -36.901325892346897 ], [ -71.520384306366097, -36.900981755412602 ], [ -71.519149113028703, -36.900888744215699 ], [ -71.518262117131002, -36.900549889357102 ], [ -71.517277552913797, -36.9004038533215 ], [ -71.515927217446901, -36.900420550466499 ], [ -71.514720139888098, -36.900279208498503 ], [ -71.514031883967107, -36.9001149474946 ], [ -71.512540724466604, -36.900198674648401 ], [ -71.512781464605993, -36.901110700997002 ], [ -71.512659064386696, -36.901723715059603 ], [ -71.512705315972894, -36.902409462313003 ], [ -71.512981423138697, -36.902861436647498 ], [ -71.513641694213703, -36.903438808313403 ] ] ] } },
{ "type": "Feature", "properties": { "id": "monoparte.21", "Name": null, "description": null, "timestamp": null, "begin": null, "end": null, "altitudeMode": null, "tessellate": -1, "extrude": 0, "visibility": -1, "drawOrder": null, "icon": null, "REG": "Ñuble", "COM": "Pinto", "LOC": "Termas de Chillán", "ZONA": "ZE-1", "NOM": "Zona ZE-1", "UPERM": "Vivienda. Industria y almacenamiento inofensivo. Equipamiento: cultura, salud, educación, seguridad, culto, áreas verdes, deportes, esparcimiento y turismo, comercio minorista, servicios. Más detalle en Ordenanza.", "UPROH": "Todos los usos de suelo no mencionados como permitidos.", "P_DO": "16/01/1990", "N_DOC": "25", "T_DO": "Resolución", "OBS": null }, "geometry": { "type": "Polygon", "coordinates": [ [ [ -71.654362523725396, -36.839890010809299 ], [ -71.650816790090303, -36.842832238336896 ], [ -71.651060302419296, -36.843065442409198 ], [ -71.652746076690306, -36.8449910294975 ], [ -71.652521068262999, -36.845347754187401 ], [ -71.652119835827705, -36.8459706986838 ], [ -71.651218534574795, -36.8471472556202 ], [ -71.650770551470103, -36.847705667401698 ], [ -71.650406765909494, -36.848125095156902 ], [ -71.649581858222007, -36.848594151026496 ], [ -71.648368811459306, -36.8492936045362 ], [ -71.647221699727496, -36.850098876348603 ], [ -71.646149926843094, -36.850766546581802 ], [ -71.646034177342699, -36.850813028369899 ], [ -71.645640725708205, -36.8509710257972 ], [ -71.6452310814078, -36.851223358108399 ], [ -71.644923789276604, -36.8516045536931 ], [ -71.644677348608099, -36.852029697678098 ], [ -71.644273125181797, -36.8523534383704 ], [ -71.643806645754907, -36.852592725517702 ], [ -71.643172166847407, -36.8527785224261 ], [ -71.642413841824805, -36.852814469054401 ], [ -71.641823419812297, -36.852776091722198 ], [ -71.641416788765497, -36.852741903145599 ], [ -71.640848535760298, -36.852783150481798 ], [ -71.640259187351305, -36.852901165424697 ], [ -71.639728805116206, -36.853008329792203 ], [ -71.639445756302393, -36.853054207949697 ], [ -71.639115078514493, -36.8531078052441 ], [ -71.638599175197598, -36.853290943496603 ], [ -71.637970575230199, -36.8536482608271 ], [ -71.637564346814301, -36.8539147978586 ], [ -71.637859723123597, -36.854566338361003 ], [ -71.638279600412801, -36.855386790439198 ], [ -71.638571055244697, -36.855923963323903 ], [ -71.639097357904006, -36.856732509771902 ], [ -71.639199450046405, -36.8569400701763 ], [ -71.639745814700603, -36.856726009783699 ], [ -71.640221464846704, -36.856536607302601 ], [ -71.640580157974199, -36.856397491441598 ], [ -71.640915996318995, -36.856240999347101 ], [ -71.641237214050093, -36.856090792816403 ], [ -71.641874285472198, -36.855850105972003 ], [ -71.642059380928401, -36.855882947130702 ], [ -71.642475061895496, -36.8560632623076 ], [ -71.642620711335894, -36.856070751736702 ], [ -71.6428357534176, -36.856025432695098 ], [ -71.643021895223598, -36.855916376842202 ], [ -71.643404895085695, -36.8555788051017 ], [ -71.643531253735006, -36.855370933706801 ], [ -71.643498696644002, -36.855174198609397 ], [ -71.643473863707896, -36.8550808054109 ], [ -71.643396192831403, -36.8548903507155 ], [ -71.643291203112796, -36.854749621633999 ], [ -71.643120120939798, -36.8546282472795 ], [ -71.642917838121605, -36.854570157477198 ], [ -71.642665416309299, -36.854563850606198 ], [ -71.642227063380304, -36.854651095551901 ], [ -71.641698826255507, -36.854820811788301 ], [ -71.641559738294703, -36.854874573622801 ], [ -71.641422701513093, -36.8546954481602 ], [ -71.641364651135603, -36.854591760687903 ], [ -71.641485556857205, -36.854551346359798 ], [ -71.641804291565705, -36.854436960207899 ], [ -71.642153610426107, -36.854241418117503 ], [ -71.642650975825205, -36.8539293221897 ], [ -71.643019845741804, -36.853763147848198 ], [ -71.643333534929994, -36.853610122200202 ], [ -71.643620982911898, -36.853341440153102 ], [ -71.643904792094602, -36.8530102478095 ], [ -71.644378151088006, -36.852755308373197 ], [ -71.644846148049297, -36.852560097738198 ], [ -71.645180113344594, -36.8523499857722 ], [ -71.645482374736204, -36.852080969500001 ], [ -71.645899730358806, -36.851708051545103 ], [ -71.646171091086799, -36.851618551992203 ], [ -71.646675930840502, -36.851416552196298 ], [ -71.647082358438198, -36.851157132970499 ], [ -71.647612728031305, -36.850835339703401 ], [ -71.650048007171506, -36.8491930199799 ], [ -71.650289623622797, -36.849144710405398 ], [ -71.651033410999801, -36.848989862964999 ], [ -71.651277955340703, -36.848959668523001 ], [ -71.651664982944794, -36.8488428112069 ], [ -71.652098349457106, -36.848719876852797 ], [ -71.652930695938906, -36.848337669370103 ], [ -71.653875435262606, -36.847774114536101 ], [ -71.654564680230905, -36.847329521014998 ], [ -71.655014290403699, -36.847033343829203 ], [ -71.654637742107496, -36.846654292150497 ], [ -71.654919568395997, -36.846439358113997 ], [ -71.655367935417004, -36.846107441831599 ], [ -71.654115617587493, -36.8450684036223 ], [ -71.653722614029405, -36.844642028805303 ], [ -71.652302360076007, -36.843034463022498 ], [ -71.653046947751406, -36.842475382898598 ], [ -71.653085443592701, -36.842516251155601 ], [ -71.653956655052596, -36.843474399673099 ], [ -71.654145006189907, -36.843342622539197 ], [ -71.654799043323607, -36.842878391870897 ], [ -71.654854503511302, -36.842937955078199 ], [ -71.656038207105894, -36.844095356260901 ], [ -71.656794719093398, -36.843581290216697 ], [ -71.656914335053102, -36.843733398472899 ], [ -71.657363675901394, -36.844205202129601 ], [ -71.6575301721345, -36.8441299455897 ], [ -71.657855622297703, -36.843890185192599 ], [ -71.657588313786803, -36.843624342346203 ], [ -71.656383345799398, -36.842367287305699 ], [ -71.6571136557194, -36.8418681126522 ], [ -71.657468904076794, -36.842232134662197 ], [ -71.658437884864199, -36.843296584748501 ], [ -71.658651102443201, -36.843537972050001 ], [ -71.659056660874697, -36.842206979133003 ], [ -71.659395874314299, -36.841337422204298 ], [ -71.659266792525699, -36.841207977003002 ], [ -71.658419825541301, -36.840651097696899 ], [ -71.657834282047503, -36.840291934250502 ], [ -71.658178738480601, -36.840108449168902 ], [ -71.658516945620804, -36.839928290471804 ], [ -71.655935559914795, -36.838497505094999 ], [ -71.655830984926794, -36.838615857953997 ], [ -71.654362523725396, -36.839890010809299 ] ] ] } },
{ "type": "Feature", "properties": { "id": "monoparte.22", "Name": null, "description": null, "timestamp": null, "begin": null, "end": null, "altitudeMode": null, "tessellate": -1, "extrude": 0, "visibility": -1, "drawOrder": null, "icon": null, "REG": "Ñuble", "COM": "Pinto", "LOC": "Termas de Chillán", "ZONA": "ZE-1", "NOM": "Zona ZE-1", "UPERM": "Vivienda. Industria y almacenamiento inofensivo. Equipamiento: cultura, salud, educación, seguridad, culto, áreas verdes, deportes, esparcimiento y turismo, comercio minorista, servicios. Más detalle en Ordenanza.", "UPROH": "Todos los usos de suelo no mencionados como permitidos.", "P_DO": "16/01/1990", "N_DOC": "25", "T_DO": "Resolución", "OBS": null }, "geometry": { "type": "Polygon", "coordinates": [ [ [ -71.636716469977799, -36.859704360959398 ], [ -71.636301247658494, -36.859954715420002 ], [ -71.6359443087686, -36.860059206332899 ], [ -71.635609008261099, -36.860126062504399 ], [ -71.634869310231906, -36.860251159155197 ], [ -71.634699795724202, -36.860304991503902 ], [ -71.634434136565503, -36.8604754086969 ], [ -71.633833343289496, -36.860996613230597 ], [ -71.633419129074795, -36.861377765563901 ], [ -71.632805715173902, -36.861920705035203 ], [ -71.632400785624895, -36.862183619519001 ], [ -71.631905917053004, -36.862419913531198 ], [ -71.6314386066379, -36.862668113498103 ], [ -71.631091123061907, -36.862919021309999 ], [ -71.630667988677899, -36.863300362845003 ], [ -71.630207307348499, -36.863625308468102 ], [ -71.629565816442195, -36.863999678347703 ], [ -71.629523906258001, -36.864019877344099 ], [ -71.629514888936896, -36.864093540623401 ], [ -71.629468491959798, -36.864472580498699 ], [ -71.629010181416803, -36.866732404939803 ], [ -71.630758974158894, -36.865768268500098 ], [ -71.631540843226801, -36.865359800719602 ], [ -71.632765900725104, -36.864712537594002 ], [ -71.633055458000101, -36.864496214480198 ], [ -71.633963138125395, -36.863760806667401 ], [ -71.634514030273607, -36.863371717491198 ], [ -71.6350845068377, -36.863034684125097 ], [ -71.635530039927701, -36.862690856117801 ], [ -71.635979876539906, -36.862299214545999 ], [ -71.636581923032097, -36.861919725735298 ], [ -71.636919257512901, -36.861798966185802 ], [ -71.637485104699607, -36.861631418210301 ], [ -71.637924244285699, -36.861448765912101 ], [ -71.6386978618321, -36.861061906316898 ], [ -71.639316522464796, -36.860702318944298 ], [ -71.639894350872794, -36.860342633804102 ], [ -71.640159477416006, -36.860172758046197 ], [ -71.640271723588299, -36.860070652326201 ], [ -71.640378617248103, -36.860022874089402 ], [ -71.640894146507193, -36.859660493850903 ], [ -71.641369694960304, -36.8601092726378 ], [ -71.641869581212404, -36.860888899395498 ], [ -71.643286535415001, -36.860330205304699 ], [ -71.646927843763393, -36.858840530792698 ], [ -71.646610581103801, -36.858664987090798 ], [ -71.646234013912206, -36.8585342787065 ], [ -71.645767202853605, -36.858420688636699 ], [ -71.645647287994095, -36.858385208477401 ], [ -71.645431179921601, -36.858313720380998 ], [ -71.6450954865565, -36.858216282042299 ], [ -71.644400053565505, -36.858012400470201 ], [ -71.6436716734719, -36.857885549366998 ], [ -71.642584542870495, -36.8576808358753 ], [ -71.641979033549703, -36.857675230507098 ], [ -71.641744134021494, -36.857747218047997 ], [ -71.641372530107105, -36.8579558705027 ], [ -71.641316602620705, -36.857988259403797 ], [ -71.641110089112004, -36.858107852703299 ], [ -71.640804355943999, -36.858190951601898 ], [ -71.640308862155706, -36.858278266986098 ], [ -71.639632754576397, -36.858439070780797 ], [ -71.639278632815305, -36.858522327283097 ], [ -71.638783831534695, -36.858629888826997 ], [ -71.638375621185205, -36.858796328590302 ], [ -71.638130247926895, -36.858909076537799 ], [ -71.637775896636199, -36.859088624524901 ], [ -71.637429580139397, -36.859242956089801 ], [ -71.637094859001905, -36.859475715224796 ], [ -71.636716469977799, -36.859704360959398 ] ] ] } },
{ "type": "Feature", "properties": { "id": "monoparte.23", "Name": null, "description": null, "timestamp": null, "begin": null, "end": null, "altitudeMode": null, "tessellate": -1, "extrude": 0, "visibility": -1, "drawOrder": null, "icon": null, "REG": "Ñuble", "COM": "Pinto", "LOC": "Termas de Chillán", "ZONA": "ZE-3", "NOM": "Zona ZE-3", "UPERM": "Vivienda.Industria y almacenamiento inofensivo. Equipamiento: esparcimiento y turismo, áreas verdes, deportes, culto, educación, comercio minorista y servicios artesanales.", "UPROH": "Todos los usos de suelo no mencionados como permitidos.", "P_DO": "16/01/1990", "N_DOC": "25", "T_DO": "Resolución", "OBS": null }, "geometry": { "type": "Polygon", "coordinates": [ [ [ -71.649463063176896, -36.861272243732103 ], [ -71.649514993161006, -36.861376388721503 ], [ -71.649473461643097, -36.861269994917201 ], [ -71.649463063176896, -36.861272243732103 ] ] ] } },
{ "type": "Feature", "properties": { "id": "monoparte.24", "Name": null, "description": null, "timestamp": null, "begin": null, "end": null, "altitudeMode": null, "tessellate": -1, "extrude": 0, "visibility": -1, "drawOrder": null, "icon": null, "REG": "Ñuble", "COM": "Pinto", "LOC": "Termas de Chillán", "ZONA": "ZE-3", "NOM": "Zona ZE-3", "UPERM": "Vivienda.Industria y almacenamiento inofensivo. Equipamiento: esparcimiento y turismo, áreas verdes, deportes, culto, educación, comercio minorista y servicios artesanales.", "UPROH": "Todos los usos de suelo no mencionados como permitidos.", "P_DO": "16/01/1990", "N_DOC": "25", "T_DO": "Resolución", "OBS": null }, "geometry": { "type": "Polygon", "coordinates": [ [ [ -71.649463063176896, -36.861272243732103 ], [ -71.649373379214893, -36.861091146354497 ], [ -71.649069284737806, -36.860840333062903 ], [ -71.648666574530495, -36.8604677825046 ], [ -71.648409840887794, -36.860216002329999 ], [ -71.647942833123494, -36.859682932231003 ], [ -71.647563510279696, -36.859300381161198 ], [ -71.647545067860307, -36.859248479818902 ], [ -71.646987332005693, -36.858873611770001 ], [ -71.646927843763393, -36.858840530792698 ], [ -71.643286535415001, -36.860330205304699 ], [ -71.641869581212404, -36.860888899395498 ], [ -71.641369694960304, -36.8601092726378 ], [ -71.640894146507193, -36.859660493850903 ], [ -71.640378617248103, -36.860022874089402 ], [ -71.640271723588299, -36.860070652326201 ], [ -71.640159477416006, -36.860172758046197 ], [ -71.639894350872794, -36.860342633804102 ], [ -71.639316522464796, -36.860702318944298 ], [ -71.6386978618321, -36.861061906316898 ], [ -71.637924244285699, -36.861448765912101 ], [ -71.637485104699607, -36.861631418210301 ], [ -71.636919257512901, -36.861798966185802 ], [ -71.636581923032097, -36.861919725735298 ], [ -71.635979876539906, -36.862299214545999 ], [ -71.635530039927701, -36.862690856117801 ], [ -71.6350845068377, -36.863034684125097 ], [ -71.634514030273607, -36.863371717491198 ], [ -71.633963138125395, -36.863760806667401 ], [ -71.633055458000101, -36.864496214480198 ], [ -71.632765900725104, -36.864712537594002 ], [ -71.631540843226801, -36.865359800719602 ], [ -71.630758974158894, -36.865768268500098 ], [ -71.629010181416803, -36.866732404939803 ], [ -71.629468491959798, -36.864472580498699 ], [ -71.629514888936896, -36.864093540623401 ], [ -71.629523906258001, -36.864019877344099 ], [ -71.628974666184803, -36.864284587326502 ], [ -71.628211617723096, -36.864684173124999 ], [ -71.6273676214483, -36.865124888263999 ], [ -71.626670886469697, -36.865576646567703 ], [ -71.626474278296499, -36.865684716578201 ], [ -71.626212170601804, -36.865840730843999 ], [ -71.624680589825104, -36.8669452985569 ], [ -71.624217562993394, -36.867130460922503 ], [ -71.622633862727099, -36.867680476805901 ], [ -71.621741603079201, -36.8681436778337 ], [ -71.621120620751498, -36.868729644366297 ], [ -71.619567564616204, -36.869135877936003 ], [ -71.618037166364502, -36.869684657019299 ], [ -71.616351973115002, -36.870394198313697 ], [ -71.615145702639197, -36.871050253162402 ], [ -71.613516756331094, -36.871844355572897 ], [ -71.612598314778396, -36.8720648546566 ], [ -71.611056604079906, -36.872284743223403 ], [ -71.609775462748502, -36.872312901639098 ], [ -71.6090400850603, -36.872157380042097 ], [ -71.607956905026697, -36.8717233599643 ], [ -71.606716025297303, -36.871364323696 ], [ -71.605877788732499, -36.871325491992003 ], [ -71.604464817995407, -36.871141886056499 ], [ -71.602709410716102, -36.870837009712602 ], [ -71.600460650497993, -36.870685974714 ], [ -71.598750544176198, -36.870666178692801 ], [ -71.597879151189105, -36.870699548528599 ], [ -71.596022821935406, -36.870568458827798 ], [ -71.594364160741307, -36.870490247777298 ], [ -71.592711786389799, -36.870597863608999 ], [ -71.591560041227694, -36.870766065930297 ], [ -71.589946140492401, -36.8709586425271 ], [ -71.588776104822202, -36.871112911140798 ], [ -71.587700823575801, -36.871436782139199 ], [ -71.587143001520602, -36.871792293630001 ], [ -71.5866760742488, -36.872203049404902 ], [ -71.586087476261, -36.872702292339802 ], [ -71.585447415578898, -36.873259879149103 ], [ -71.584556057417004, -36.873758552222199 ], [ -71.583696661436505, -36.874149223456897 ], [ -71.582920449772303, -36.8743663993545 ], [ -71.581926385731705, -36.874988892399102 ], [ -71.580474933588505, -36.875778689724399 ], [ -71.579079723228006, -36.876653088064302 ], [ -71.578105316069795, -36.877332349502197 ], [ -71.577031809677607, -36.878242660349898 ], [ -71.576149705648902, -36.8790200505222 ], [ -71.575432812964806, -36.879414724914902 ], [ -71.5736993532376, -36.880296396374 ], [ -71.571845117237999, -36.881295111664699 ], [ -71.571061070452203, -36.881812821312103 ], [ -71.570770521213802, -36.882176777854902 ], [ -71.570422632999197, -36.883486214173303 ], [ -71.570133160000694, -36.884944605256898 ], [ -71.569934937380594, -36.885406708060799 ], [ -71.569719394623405, -36.885883491963298 ], [ -71.569309035104595, -36.886393103887798 ], [ -71.567265524998604, -36.887596138874699 ], [ -71.564752500182905, -36.888608987086798 ], [ -71.562216348032507, -36.889464908029296 ], [ -71.560804906455203, -36.889867327346998 ], [ -71.560131433186299, -36.889967688573201 ], [ -71.558850422370497, -36.890009606567197 ], [ -71.557231237365997, -36.890058792764997 ], [ -71.555793372308599, -36.890204201196703 ], [ -71.555493658517094, -36.890296491387801 ], [ -71.555324255878404, -36.890557657650703 ], [ -71.555139913078406, -36.890904984228598 ], [ -71.554903365418795, -36.891289201751498 ], [ -71.554241786072595, -36.891746941442499 ], [ -71.553591801729596, -36.892018440650602 ], [ -71.553469423363794, -36.8926219540011 ], [ -71.553199408026302, -36.8930712674725 ], [ -71.552583102942904, -36.893284810532499 ], [ -71.551964411896506, -36.893426868376203 ], [ -71.551329824699707, -36.893626492145003 ], [ -71.550389599090295, -36.8942761841977 ], [ -71.550160869412593, -36.8948962843603 ], [ -71.5496428630304, -36.895923184315897 ], [ -71.548786362938401, -36.8964136929823 ], [ -71.548045415875706, -36.896629888356102 ], [ -71.547685640826202, -36.897059656318902 ], [ -71.5470717183575, -36.898417656956298 ], [ -71.546163241299993, -36.900025184583498 ], [ -71.545247345755598, -36.900874609945703 ], [ -71.5449449767125, -36.901424745652299 ], [ -71.544895624984704, -36.902083912220903 ], [ -71.544853147389404, -36.902413876123198 ], [ -71.544459387875705, -36.9028944359966 ], [ -71.544150603392097, -36.903788068278402 ], [ -71.543691322584607, -36.904441710603898 ], [ -71.543523517966904, -36.9052894009086 ], [ -71.543376593025002, -36.905693135985203 ], [ -71.542995862718399, -36.906030344500302 ], [ -71.542561245887896, -36.906354400021499 ], [ -71.542034764926797, -36.9065945808048 ], [ -71.541287057737804, -36.906610586865398 ], [ -71.540646165231493, -36.906624302608797 ], [ -71.540023073726402, -36.906637634073697 ], [ -71.539314288914198, -36.906752941798104 ], [ -71.538891291838297, -36.9068907478689 ], [ -71.537721527324607, -36.9070731293791 ], [ -71.536656678565905, -36.9071960321197 ], [ -71.535394575061503, -36.907280216741903 ], [ -71.534257560818403, -36.907376024751898 ], [ -71.533530955674394, -36.907491678500101 ], [ -71.532894308356106, -36.907634022179003 ], [ -71.532460593199701, -36.907885747014802 ], [ -71.532644287180204, -36.908369945417299 ], [ -71.533063589989595, -36.908837890660301 ], [ -71.533269257695295, -36.909310393659098 ], [ -71.533118861597302, -36.909790493561701 ], [ -71.5330127849017, -36.910174269176999 ], [ -71.532997245245397, -36.910422583710996 ], [ -71.533028551859005, -36.910650823793297 ], [ -71.533458992880199, -36.910737017234197 ], [ -71.534099292401706, -36.9107042765431 ], [ -71.534810174328399, -36.910650950508398 ], [ -71.535967028059204, -36.910435490006897 ], [ -71.537073871356696, -36.910144784391001 ], [ -71.538176283192001, -36.909720633995498 ], [ -71.540328532417703, -36.908720823647499 ], [ -71.542118971271904, -36.907557041315798 ], [ -71.542785822281203, -36.906894191309298 ], [ -71.543086170327598, -36.906639775975997 ], [ -71.543271632555403, -36.906502274220202 ], [ -71.543621983046094, -36.906323088121198 ], [ -71.544511939093297, -36.905941583101402 ], [ -71.545330043419, -36.905542536021002 ], [ -71.5459781827509, -36.905032673873201 ], [ -71.546506998983006, -36.904506292554899 ], [ -71.5466823068396, -36.904063794270101 ], [ -71.546923747996402, -36.903467272134897 ], [ -71.5470901741338, -36.9027579045352 ], [ -71.547229059039395, -36.901934675097898 ], [ -71.547307515144297, -36.901437026928001 ], [ -71.547763825756306, -36.9008740440594 ], [ -71.548358733133497, -36.900193631693497 ], [ -71.548681208354196, -36.899668689147198 ], [ -71.549247047132397, -36.899275030650301 ], [ -71.550050618629299, -36.898888186299899 ], [ -71.552600485408604, -36.897450417953003 ], [ -71.554172451590006, -36.896069401924102 ], [ -71.555087208811699, -36.895012488101202 ], [ -71.556995343161901, -36.893922257855301 ], [ -71.558161679946394, -36.893289102974101 ], [ -71.559807016578503, -36.892776756504603 ], [ -71.560636048129794, -36.892711193146098 ], [ -71.561312769299093, -36.892529687077101 ], [ -71.561539732364906, -36.892214813568202 ], [ -71.561811589660806, -36.891910894071302 ], [ -71.562922024989803, -36.891827321627098 ], [ -71.564653023114403, -36.891658804652401 ], [ -71.565264411225201, -36.8912998539952 ], [ -71.566230568448503, -36.890897467874701 ], [ -71.5677254772379, -36.890328652733302 ], [ -71.569247630369205, -36.889687696511302 ], [ -71.570398208957201, -36.888589799012202 ], [ -71.5710091449684, -36.888218907193597 ], [ -71.571611241433303, -36.888027036892503 ], [ -71.572140777005202, -36.887884424276301 ], [ -71.573132142656206, -36.8869091715952 ], [ -71.573396332727199, -36.886378869493299 ], [ -71.573763657875702, -36.885859247671704 ], [ -71.5737786045447, -36.885243738400497 ], [ -71.574079743493201, -36.884664945914501 ], [ -71.574344805253105, -36.884072627250902 ], [ -71.575185143889399, -36.883110169423503 ], [ -71.576469411877198, -36.8821094623856 ], [ -71.577752683448495, -36.881080150272702 ], [ -71.578942133800595, -36.880439140548702 ], [ -71.579852606142694, -36.879975859946597 ], [ -71.581705254704104, -36.878934136225197 ], [ -71.585011237331599, -36.877159734683197 ], [ -71.585979598866203, -36.876655089612299 ], [ -71.586466905906306, -36.876143746323201 ], [ -71.587224344935805, -36.875721894636897 ], [ -71.587863145062599, -36.875302622489201 ], [ -71.588326405472003, -36.874958706592501 ], [ -71.589059798318601, -36.874704277413798 ], [ -71.5898869867858, -36.874590864298099 ], [ -71.590862460500901, -36.874474211634201 ], [ -71.592409476372396, -36.874583519511503 ], [ -71.594239539263398, -36.875163511652303 ], [ -71.594899263558503, -36.875363698607501 ], [ -71.595911655932596, -36.875460796185102 ], [ -71.596565738088103, -36.875494185676402 ], [ -71.597244634031597, -36.875383964208297 ], [ -71.598062124840993, -36.8749845750581 ], [ -71.598619152942504, -36.874781633144899 ], [ -71.599501600060904, -36.8745477233957 ], [ -71.600000114532804, -36.874369900663702 ], [ -71.601404508446095, -36.874649123454702 ], [ -71.6029733793075, -36.875401610623797 ], [ -71.604274551983593, -36.876136102047397 ], [ -71.604612120728206, -36.876462519620603 ], [ -71.604779841951796, -36.877031103405201 ], [ -71.604768807146698, -36.877579763688502 ], [ -71.604265721657001, -36.878496879126601 ], [ -71.604014174019497, -36.8789554357367 ], [ -71.603858886585101, -36.879626480188399 ], [ -71.603865362408399, -36.879817092239499 ], [ -71.603988046992896, -36.879933623624197 ], [ -71.6041964698816, -36.8799528973395 ], [ -71.604957889906402, -36.879650067632099 ], [ -71.605947663438897, -36.879079935087503 ], [ -71.606875674647597, -36.878439617612898 ], [ -71.607277114834702, -36.878025452389302 ], [ -71.607380348904897, -36.877570145461597 ], [ -71.607360086493898, -36.8769744836573 ], [ -71.607434471064195, -36.876543653926902 ], [ -71.607713216197794, -36.876012960593499 ], [ -71.608236512693495, -36.8756914940356 ], [ -71.608880865978506, -36.875438898660697 ], [ -71.610179296077206, -36.875219615174203 ], [ -71.611857577045299, -36.874825054616103 ], [ -71.613238458913699, -36.874413170861899 ], [ -71.614382072239593, -36.874006494478401 ], [ -71.616562997590094, -36.873557882838 ], [ -71.617894352825502, -36.8732614887019 ], [ -71.618245526007996, -36.873463575783397 ], [ -71.618281946310603, -36.873834742664002 ], [ -71.618208348429505, -36.874112958610503 ], [ -71.618218439243606, -36.874408404312703 ], [ -71.618307662362895, -36.874587652607602 ], [ -71.618818409314102, -36.874595467096498 ], [ -71.6196214897423, -36.874472841480703 ], [ -71.620190382431105, -36.874097860563801 ], [ -71.621133787631805, -36.873218652439697 ], [ -71.622786876653905, -36.871570290567 ], [ -71.623936410964902, -36.870616764296699 ], [ -71.626843004758101, -36.869264928466798 ], [ -71.628142619333104, -36.868651996056002 ], [ -71.628548794098606, -36.868380721973502 ], [ -71.629138607343094, -36.868272290171497 ], [ -71.629955319817299, -36.868289975129201 ], [ -71.630755294336396, -36.868178073822897 ], [ -71.630999597957498, -36.8679458388225 ], [ -71.631566422584797, -36.867513624732403 ], [ -71.632920427262107, -36.866844593681101 ], [ -71.634136983875607, -36.8663216604753 ], [ -71.635122521425302, -36.865985057268297 ], [ -71.635863873420107, -36.865821725270003 ], [ -71.636180270309694, -36.8657778363376 ], [ -71.637071536071304, -36.865591142211301 ], [ -71.637670608724505, -36.865321515140899 ], [ -71.638033889664896, -36.8650988503381 ], [ -71.638500749173303, -36.864867922176003 ], [ -71.639102269660995, -36.864669765880599 ], [ -71.639554280397107, -36.8645464623687 ], [ -71.640280382910305, -36.864303804469003 ], [ -71.641025848008496, -36.863977257574199 ], [ -71.641443671601095, -36.863830863364299 ], [ -71.6419358286646, -36.8636887739193 ], [ -71.642375884897106, -36.863563341158297 ], [ -71.643284828472702, -36.863245065229897 ], [ -71.644345533362895, -36.862810144684701 ], [ -71.644900901097003, -36.8625652994454 ], [ -71.646211552719507, -36.862279782640996 ], [ -71.647079277043701, -36.862057773172303 ], [ -71.647694960642198, -36.861841375976802 ], [ -71.648339468426599, -36.8616004883256 ], [ -71.648838187206294, -36.861434381517498 ], [ -71.649412694991696, -36.861283136148401 ], [ -71.649463063176896, -36.861272243732103 ] ] ] } },
{ "type": "Feature", "properties": { "id": "monoparte.25", "Name": null, "description": null, "timestamp": null, "begin": null, "end": null, "altitudeMode": null, "tessellate": -1, "extrude": 0, "visibility": -1, "drawOrder": null, "icon": null, "REG": "Ñuble", "COM": "Pinto", "LOC": "Termas de Chillán", "ZONA": "ZR", "NOM": "Zona ZR", "UPERM": "Equipamiento destinado a áreas verdes, zonas de picnic y forestación.", "UPROH": "Todos los usos de suelo no mencionados como permitidos.", "P_DO": "16/01/1990", "N_DOC": "25", "T_DO": "Resolución", "OBS": null }, "geometry": { "type": "Polygon", "coordinates": [ [ [ -71.641689496571402, -36.8574433971201 ], [ -71.641019849635398, -36.857901788791501 ], [ -71.640520465882204, -36.858134641511 ], [ -71.640217637072894, -36.858167874367098 ], [ -71.640308862155706, -36.858278266986098 ], [ -71.640804355943999, -36.858190951601898 ], [ -71.641110089112004, -36.858107852703299 ], [ -71.641316602620705, -36.857988259403797 ], [ -71.641372530107105, -36.8579558705027 ], [ -71.641744134021494, -36.857747218047997 ], [ -71.641979033549703, -36.857675230507098 ], [ -71.642584542870495, -36.8576808358753 ], [ -71.6436716734719, -36.857885549366998 ], [ -71.644400053565505, -36.858012400470201 ], [ -71.6450954865565, -36.858216282042299 ], [ -71.645431179921601, -36.858313720380998 ], [ -71.645647287994095, -36.858385208477401 ], [ -71.645767202853605, -36.858420688636699 ], [ -71.646234013912206, -36.8585342787065 ], [ -71.646610581103801, -36.858664987090798 ], [ -71.646927843763393, -36.858840530792698 ], [ -71.646987332005693, -36.858873611770001 ], [ -71.647545067860307, -36.859248479818902 ], [ -71.647563510279696, -36.859300381161198 ], [ -71.647942833123494, -36.859682932231003 ], [ -71.648409840887794, -36.860216002329999 ], [ -71.648666574530495, -36.8604677825046 ], [ -71.649069284737806, -36.860840333062903 ], [ -71.649373379214893, -36.861091146354497 ], [ -71.649463063176896, -36.861272243732103 ], [ -71.649514993161006, -36.861376388721503 ], [ -71.649683014596704, -36.861290953035898 ], [ -71.650095410751604, -36.861117228437202 ], [ -71.650310429737402, -36.861053774150797 ], [ -71.650337216914295, -36.860806109370998 ], [ -71.650408269764696, -36.860149198128703 ], [ -71.649932461841999, -36.859716884738397 ], [ -71.649578311852395, -36.8594291184938 ], [ -71.648896046330094, -36.858919765091599 ], [ -71.648650618955699, -36.858686796991996 ], [ -71.648394977804301, -36.858501744471297 ], [ -71.648055990087499, -36.858309012162003 ], [ -71.647388893402706, -36.8578946883055 ], [ -71.6469191238061, -36.857695329162397 ], [ -71.646488552930407, -36.857600008925999 ], [ -71.646300357264295, -36.857579547848999 ], [ -71.645671165248103, -36.857519304393101 ], [ -71.645117958815405, -36.857481551743298 ], [ -71.644477036594296, -36.857481515908397 ], [ -71.6432695793211, -36.857315254863401 ], [ -71.642344269417507, -36.857328688334498 ], [ -71.641689496571402, -36.8574433971201 ] ] ] } },
{ "type": "Feature", "properties": { "id": "monoparte.26", "Name": null, "description": null, "timestamp": null, "begin": null, "end": null, "altitudeMode": null, "tessellate": -1, "extrude": 0, "visibility": -1, "drawOrder": null, "icon": null, "REG": "Ñuble", "COM": "Pinto", "LOC": "Termas de Chillán", "ZONA": "ZE-1", "NOM": "Zona ZE-1", "UPERM": "Vivienda. Industria y almacenamiento inofensivo. Equipamiento: cultura, salud, educación, seguridad, culto, áreas verdes, deportes, esparcimiento y turismo, comercio minorista, servicios. Más detalle en Ordenanza.", "UPROH": "Todos los usos de suelo no mencionados como permitidos.", "P_DO": "16/01/1990", "N_DOC": "25", "T_DO": "Resolución", "OBS": null }, "geometry": { "type": "Polygon", "coordinates": [ [ [ -71.659532235076, -36.846338725079697 ], [ -71.659821762616104, -36.846853892133304 ], [ -71.660095800827804, -36.846714229297802 ], [ -71.660517713826195, -36.846390039031498 ], [ -71.660912766533301, -36.845975842298799 ], [ -71.661328557365195, -36.845475340362803 ], [ -71.661534374054895, -36.845079686347603 ], [ -71.661725355329807, -36.844598526831597 ], [ -71.661897205641495, -36.8439079668331 ], [ -71.661924476727194, -36.843436912318197 ], [ -71.661819554108405, -36.8429778803525 ], [ -71.661562446088794, -36.842364887299098 ], [ -71.6614626249536, -36.842181140220902 ], [ -71.661283993187595, -36.841906166371203 ], [ -71.661239385259506, -36.841838406518399 ], [ -71.660848073079094, -36.8415260796897 ], [ -71.660752467415193, -36.841463841638998 ], [ -71.660861946246499, -36.84077110378 ], [ -71.660888087050296, -36.840695091241201 ], [ -71.661644555702395, -36.840374134147403 ], [ -71.662394629798598, -36.840020997997001 ], [ -71.663358693808902, -36.839606162510798 ], [ -71.665788176558806, -36.838601846613599 ], [ -71.666014224582497, -36.838520140557897 ], [ -71.665650434892498, -36.838285097314198 ], [ -71.6653515522747, -36.838091988214302 ], [ -71.664933859397607, -36.838282373345997 ], [ -71.662582241311696, -36.839245943007697 ], [ -71.660998935484699, -36.839953819503002 ], [ -71.660491582258302, -36.840208392382699 ], [ -71.660260388458596, -36.840385246617601 ], [ -71.660133446217102, -36.840659912002799 ], [ -71.660050514998801, -36.8413484780652 ], [ -71.659880626924306, -36.842010379037497 ], [ -71.659733946673995, -36.842571614336698 ], [ -71.6604131851592, -36.842939379413401 ], [ -71.661177766152406, -36.8433146903797 ], [ -71.661232486928, -36.843694969546199 ], [ -71.661176874654004, -36.8441444841175 ], [ -71.660938148206796, -36.844788851906799 ], [ -71.660402001082801, -36.845582946139203 ], [ -71.659666123322296, -36.846264195521897 ], [ -71.659532235076, -36.846338725079697 ] ] ] } }
]
}
