{
"type": "FeatureCollection",
"name": "IPT_16_PRC_Quirihue",
"crs": { "type": "name", "properties": { "name": "urn:ogc:def:crs:OGC:1.3:CRS84" } },
"features": [
{ "type": "Feature", "properties": { "id": "monoparte.1", "Name": null, "description": null, "timestamp": null, "begin": null, "end": null, "altitudeMode": null, "tessellate": -1, "extrude": 0, "visibility": -1, "drawOrder": null, "icon": null, "REG": "Ñuble", "COM": "Quirihue", "LOC": "Quirihue", "ZONA": "ZPI-1", "NOM": "ZPI-1 Zona Productiva Industrial Inofensiva", "UPERM": "Equipamiento de todo tipo, excepto cárcel, cementerio y crematorio. Actividades productivas inofensivas de todo tipo.", "UPROH": "Todos los usos de suelo no mencionados como permitidos, expresamente el residencial.", "P_DO": "30/06/2007", "N_DOC": "20", "T_DO": "Resolución", "OBS": null }, "geometry": { "type": "Polygon", "coordinates": [ [ [ -72.547324987336197, -36.2683252919037 ], [ -72.547328900148102, -36.268326436248003 ], [ -72.547592206458702, -36.267802483885198 ], [ -72.547834771424107, -36.267145643865298 ], [ -72.547972817826903, -36.266456147709498 ], [ -72.548015600025806, -36.265125805422002 ], [ -72.548067456197799, -36.263099427304802 ], [ -72.546928288755197, -36.263529476102697 ], [ -72.546900616122002, -36.263744021745303 ], [ -72.546855839620406, -36.264510610646298 ], [ -72.546813164794301, -36.2653236249485 ], [ -72.546813193894096, -36.265616855120001 ], [ -72.546830656305801, -36.266002541559999 ], [ -72.546830979707295, -36.266009684351097 ], [ -72.546819161050607, -36.266138770247402 ], [ -72.5468123993479, -36.266282010777097 ], [ -72.546745382815502, -36.2667524535577 ], [ -72.5465872117571, -36.2672577867285 ], [ -72.546488038065803, -36.2675056858156 ], [ -72.546375713865402, -36.2677557629031 ], [ -72.546261288354401, -36.267959415326899 ], [ -72.547051436379903, -36.268245276316797 ], [ -72.5471166281297, -36.268264345300402 ], [ -72.5471206841342, -36.268265531352199 ], [ -72.547324987336197, -36.2683252919037 ] ] ] } },
{ "type": "Feature", "properties": { "id": "monoparte.2", "Name": null, "description": null, "timestamp": null, "begin": null, "end": null, "altitudeMode": null, "tessellate": -1, "extrude": 0, "visibility": -1, "drawOrder": null, "icon": null, "REG": "Ñuble", "COM": "Quirihue", "LOC": "Quirihue", "ZONA": "ZPI-1", "NOM": "ZPI-1 Zona Productiva Industrial Inofensiva", "UPERM": "Equipamiento de todo tipo, excepto cárcel, cementerio y crematorio. Actividades productivas inofensivas de todo tipo.", "UPROH": "Todos los usos de suelo no mencionados como permitidos, expresamente el residencial.", "P_DO": "30/06/2007", "N_DOC": "20", "T_DO": "Resolución", "OBS": null }, "geometry": { "type": "Polygon", "coordinates": [ [ [ -72.547592206458702, -36.267802483885198 ], [ -72.547328900148102, -36.268326436248003 ], [ -72.547324987336197, -36.2683252919037 ], [ -72.546938571541105, -36.268970975141698 ], [ -72.546478265356697, -36.269705488930299 ], [ -72.546477307593193, -36.269707018486002 ], [ -72.5464825965052, -36.269706237941698 ], [ -72.546810695264696, -36.269657784150397 ], [ -72.546863131076194, -36.269645498565097 ], [ -72.547014412056598, -36.269573063180601 ], [ -72.547074698163797, -36.269539089021201 ], [ -72.547164479783504, -36.2694738435275 ], [ -72.547343615205705, -36.2693751669674 ], [ -72.547349745629703, -36.269371789849899 ], [ -72.547308922664996, -36.269347970625802 ], [ -72.5472396991686, -36.269282083154401 ], [ -72.5471707992197, -36.2692233375207 ], [ -72.547025740399604, -36.269074786861701 ], [ -72.547022614580101, -36.269071586410803 ], [ -72.547204691712807, -36.268815425977799 ], [ -72.547210261895998, -36.2688075900802 ], [ -72.547341074593106, -36.268965816291598 ], [ -72.5474694484287, -36.2691026594064 ], [ -72.547549015509404, -36.2691694316132 ], [ -72.547630984149905, -36.269189630192301 ], [ -72.547635355750799, -36.269190707738403 ], [ -72.5476937254532, -36.2691794376261 ], [ -72.547887364895601, -36.269099782774298 ], [ -72.547935511962095, -36.2690578251974 ], [ -72.547975622845598, -36.268968426411099 ], [ -72.548045915735599, -36.268830451222598 ], [ -72.548118826195605, -36.268685246757499 ], [ -72.548159368072604, -36.268605370730903 ], [ -72.548163442388599, -36.268500354314298 ], [ -72.548178766667803, -36.268318716985 ], [ -72.548179362654395, -36.268201883238802 ], [ -72.548200509327899, -36.268148807844298 ], [ -72.548250409562101, -36.268080574454999 ], [ -72.5482975863153, -36.268017189306001 ], [ -72.548389723919001, -36.2679715406803 ], [ -72.548441458397093, -36.267943779325698 ], [ -72.548557547502298, -36.267906955577999 ], [ -72.5487095335737, -36.267895579029698 ], [ -72.548715982997507, -36.267895096393097 ], [ -72.548881411726398, -36.2678992532013 ], [ -72.548889874313204, -36.267899465808597 ], [ -72.548974594281106, -36.267885028995899 ], [ -72.549012274893101, -36.267871989724703 ], [ -72.549083617191897, -36.2678221901675 ], [ -72.549167933164995, -36.267733861731401 ], [ -72.549203348327794, -36.267670825709402 ], [ -72.549232128049994, -36.2675912997355 ], [ -72.5492621757694, -36.2674747829819 ], [ -72.549263282080702, -36.267434222620899 ], [ -72.549276714817296, -36.267340848770097 ], [ -72.549291901032703, -36.2672211982985 ], [ -72.549296378954395, -36.267190073370003 ], [ -72.5492994534047, -36.2671279982683 ], [ -72.549298971331993, -36.267056213006299 ], [ -72.549294275512395, -36.267013721135598 ], [ -72.549293951874702, -36.2670065783648 ], [ -72.549291686577106, -36.266956582568199 ], [ -72.549291362940394, -36.266949439797401 ], [ -72.549298241630893, -36.266906323789698 ], [ -72.549312968714304, -36.266841518319602 ], [ -72.549312321521199, -36.266827234577597 ], [ -72.5493055782797, -36.266808362809698 ], [ -72.549306414202107, -36.266804465338801 ], [ -72.5493052546434, -36.266801220038801 ], [ -72.549327130071703, -36.266699250868797 ], [ -72.549341964985501, -36.2666368263205 ], [ -72.549352861353199, -36.266617430419302 ], [ -72.549352322037606, -36.266605527601001 ], [ -72.549344177575307, -36.266555705593603 ], [ -72.549343853938495, -36.266548562822599 ], [ -72.549342235878498, -36.266512851667102 ], [ -72.549329396721006, -36.2664893936727 ], [ -72.5492924995105, -36.266454729870503 ], [ -72.549188335534396, -36.266364849214703 ], [ -72.549059248774697, -36.266244717965002 ], [ -72.549031495716406, -36.266216934781198 ], [ -72.549018657775704, -36.266193475811797 ], [ -72.549011267507893, -36.266160319370698 ], [ -72.549000613587197, -36.266120108406 ], [ -72.548990284348505, -36.266087039280997 ], [ -72.548986265668702, -36.266063319184397 ], [ -72.548986455345101, -36.266059204845099 ], [ -72.548985942070303, -36.266056176409997 ], [ -72.548988910044002, -36.265991720337801 ], [ -72.549004823765998, -36.265953104166002 ], [ -72.549006015485901, -36.2659252557171 ], [ -72.5489998343796, -36.2659079575457 ], [ -72.548992983444194, -36.265886704824602 ], [ -72.548993481932698, -36.265882112773902 ], [ -72.548992659847301, -36.265879562050102 ], [ -72.548996235077894, -36.2658466348527 ], [ -72.548984192171801, -36.265822598121602 ], [ -72.548971676802495, -36.265806281949303 ], [ -72.548961886949797, -36.2657851174421 ], [ -72.548933270124095, -36.265738287755703 ], [ -72.548891815570897, -36.265667999968301 ], [ -72.548749354611203, -36.265512505525599 ], [ -72.548738700939396, -36.2654722945218 ], [ -72.548731203026605, -36.2654367571241 ], [ -72.548731504311704, -36.265432576396698 ], [ -72.548734818324306, -36.265386585696803 ], [ -72.548734277314594, -36.2653824534192 ], [ -72.548725810571497, -36.265317718037103 ], [ -72.548726097946101, -36.265315244277097 ], [ -72.548725487005598, -36.265310575259903 ], [ -72.548741784151701, -36.265170190614803 ], [ -72.548730021438701, -36.265150713758601 ], [ -72.548716535632394, -36.2651129710163 ], [ -72.548716672007998, -36.265107114763801 ], [ -72.548716212069806, -36.265105828238802 ], [ -72.5487170672112, -36.265069048849099 ], [ -72.548681744894793, -36.264994805274 ], [ -72.548622759632096, -36.264927422292097 ], [ -72.548568683984598, -36.264838437160698 ], [ -72.548506787253402, -36.264706772692499 ], [ -72.548506463714702, -36.264699629912897 ], [ -72.548505169642496, -36.264671060593798 ], [ -72.548504846104393, -36.264663917813998 ], [ -72.548512615119506, -36.264575479616497 ], [ -72.548522542032899, -36.264534657217602 ], [ -72.548534760830506, -36.264479462854901 ], [ -72.548564295191298, -36.264416601721301 ], [ -72.548571605527897, -36.264383008537202 ], [ -72.548580487279594, -36.264338640986601 ], [ -72.548578052053799, -36.264330369773397 ], [ -72.548559981612598, -36.264321370958299 ], [ -72.548508386771502, -36.264287143479599 ], [ -72.548472245928096, -36.264269145823398 ], [ -72.548456684172905, -36.264250535949003 ], [ -72.548435134520403, -36.264229719813002 ], [ -72.548434810993896, -36.2642225770322 ], [ -72.548434164022595, -36.2642082932703 ], [ -72.548395974338703, -36.264145059774201 ], [ -72.5483900149828, -36.264078485647602 ], [ -72.548390268129197, -36.264077786135402 ], [ -72.548389691462205, -36.264071342866302 ], [ -72.548402772951505, -36.264035194129598 ], [ -72.548461841571594, -36.263909471921799 ], [ -72.548495609902503, -36.263875093698701 ], [ -72.548563578884199, -36.263815859102699 ], [ -72.548596915709098, -36.263771956248497 ], [ -72.548622883758995, -36.263712064524903 ], [ -72.548617742543499, -36.263706393883297 ], [ -72.548464791022695, -36.263537688813301 ], [ -72.548067456197799, -36.263099427304802 ], [ -72.548015600025806, -36.265125805422002 ], [ -72.547972817826903, -36.266456147709498 ], [ -72.547834771424107, -36.267145643865298 ], [ -72.547592206458702, -36.267802483885198 ] ] ] } },
{ "type": "Feature", "properties": { "id": "monoparte.3", "Name": null, "description": null, "timestamp": null, "begin": null, "end": null, "altitudeMode": null, "tessellate": -1, "extrude": 0, "visibility": -1, "drawOrder": null, "icon": null, "REG": "Ñuble", "COM": "Quirihue", "LOC": "Quirihue", "ZONA": "ZPI-2", "NOM": "ZPI-1 Zona Productiva Industrial Molesta", "UPERM": "Equipamiento de todo tipo, excepto cárcel, cementerio y crematorio. Actividades productivas inofensivas y molestas de todo tipo.", "UPROH": "Todos los usos de suelo no mencionados como permitidos, expresamente el residencial.", "P_DO": "30/06/2007", "N_DOC": "20", "T_DO": "Resolución", "OBS": null }, "geometry": { "type": "Polygon", "coordinates": [ [ [ -72.5583778001469, -36.2835830861098 ], [ -72.558528116984604, -36.283695312892398 ], [ -72.558869750750802, -36.283923530377798 ], [ -72.5593062395548, -36.284181699276502 ], [ -72.559630603926706, -36.284353809511202 ], [ -72.559874262444694, -36.284450846122802 ], [ -72.560220085784096, -36.284568676030297 ], [ -72.5605338543334, -36.284669580598099 ], [ -72.560993549474901, -36.284822751981501 ], [ -72.561610895821204, -36.284962281028498 ], [ -72.561865353415101, -36.285005351509703 ], [ -72.562091062556703, -36.285031398948298 ], [ -72.562442017532007, -36.2850596702987 ], [ -72.562652347038807, -36.285071276065601 ], [ -72.563000188008203, -36.285031099433098 ], [ -72.563204809038297, -36.284998174649402 ], [ -72.563819891165096, -36.284812944484401 ], [ -72.564473524569607, -36.284617619729403 ], [ -72.5658105224758, -36.284215881403497 ], [ -72.565645921749706, -36.283850647566503 ], [ -72.565249520589703, -36.282940542061702 ], [ -72.563308326694596, -36.283512258236897 ], [ -72.562693834040502, -36.283661708952401 ], [ -72.562561780532505, -36.283671608462299 ], [ -72.562414482793102, -36.2836700419696 ], [ -72.5621852376253, -36.283647080204801 ], [ -72.561969610693893, -36.283599872483201 ], [ -72.561344516906601, -36.2834516360629 ], [ -72.560678608020993, -36.2832152142146 ], [ -72.560198380054203, -36.2830149737865 ], [ -72.559978860605796, -36.282875617778998 ], [ -72.559826963360706, -36.282772867383102 ], [ -72.559084350865106, -36.282306285530503 ], [ -72.558806132281504, -36.282177497540097 ], [ -72.5584998616619, -36.2820793443721 ], [ -72.558002460724296, -36.281986885438798 ], [ -72.557899353498996, -36.282170423863903 ], [ -72.557824035335599, -36.282294846015503 ], [ -72.557608181684699, -36.282566492588799 ], [ -72.557357082912802, -36.282791509843896 ], [ -72.558009963697799, -36.283308455547001 ], [ -72.5583778001469, -36.2835830861098 ] ] ] } },
{ "type": "Feature", "properties": { "id": "monoparte.4", "Name": null, "description": null, "timestamp": null, "begin": null, "end": null, "altitudeMode": null, "tessellate": -1, "extrude": 0, "visibility": -1, "drawOrder": null, "icon": null, "REG": "Ñuble", "COM": "Quirihue", "LOC": "Quirihue", "ZONA": "ZE4", "NOM": "ZE4 Zona de Equipamiento de Esparcimiento y Turismo", "UPERM": "Equipamiento de deportes, esparcimiento y turismo.", "UPROH": "Todos los usos de suelo no mencionados como permitidos, expresamente el residencial.", "P_DO": "30/06/2007", "N_DOC": "20", "T_DO": "Resolución", "OBS": null }, "geometry": { "type": "Polygon", "coordinates": [ [ [ -72.533428290734605, -36.286009916962499 ], [ -72.533235815682502, -36.286051370749497 ], [ -72.533093189895098, -36.286055590182102 ], [ -72.533085838760002, -36.286055807653 ], [ -72.532814608211893, -36.286113895409599 ], [ -72.532714989672399, -36.286152004154502 ], [ -72.532715510650107, -36.286154399010996 ], [ -72.532870931040193, -36.2865854516673 ], [ -72.532962054319995, -36.286647124146597 ], [ -72.533061355728805, -36.286694249796 ], [ -72.533164262717804, -36.286723389468399 ], [ -72.533347213963793, -36.286764464829503 ], [ -72.533458136766797, -36.286775486966498 ], [ -72.533514835519398, -36.286759505510403 ], [ -72.533536085288105, -36.286740996667596 ], [ -72.533582373572102, -36.286435668648402 ], [ -72.533653390740298, -36.286247615576599 ], [ -72.533708214283706, -36.286092226554103 ], [ -72.533787966217403, -36.285956363259501 ], [ -72.533780613985698, -36.285956580805497 ], [ -72.533708958897705, -36.285958700992097 ], [ -72.533701606665204, -36.285958918533296 ], [ -72.533428290734605, -36.286009916962499 ] ] ] } },
{ "type": "Feature", "properties": { "id": "monoparte.5", "Name": null, "description": null, "timestamp": null, "begin": null, "end": null, "altitudeMode": null, "tessellate": -1, "extrude": 0, "visibility": -1, "drawOrder": null, "icon": null, "REG": "Ñuble", "COM": "Quirihue", "LOC": "Quirihue", "ZONA": "ZE4", "NOM": "ZE4 Zona de Equipamiento de Esparcimiento y Turismo", "UPERM": "Equipamiento de deportes, esparcimiento y turismo.", "UPROH": "Todos los usos de suelo no mencionados como permitidos, expresamente el residencial.", "P_DO": "30/06/2007", "N_DOC": "20", "T_DO": "Resolución", "OBS": null }, "geometry": { "type": "Polygon", "coordinates": [ [ [ -72.535431781902503, -36.287335722261602 ], [ -72.535568849297505, -36.287338816928099 ], [ -72.535626895609596, -36.287254850340602 ], [ -72.535522753060803, -36.287100590454202 ], [ -72.535422377109299, -36.286931914151403 ], [ -72.535375363342794, -36.286868938761501 ], [ -72.535346638069697, -36.286819724974599 ], [ -72.535318720400298, -36.286788367384098 ], [ -72.535282519381397, -36.286671431535098 ], [ -72.535229215813004, -36.2864691784741 ], [ -72.535185217979404, -36.286277377626803 ], [ -72.535178066043102, -36.286214654828598 ], [ -72.535142224155805, -36.286202362455199 ], [ -72.534410422746603, -36.286038071080299 ], [ -72.534132911240206, -36.285985533123601 ], [ -72.534131956284497, -36.2859869615896 ], [ -72.534067445804794, -36.286124508632497 ], [ -72.533985512157102, -36.286266396102299 ], [ -72.533946721208295, -36.286385551486497 ], [ -72.533931334016899, -36.286436070957897 ], [ -72.533898244075999, -36.286583665464001 ], [ -72.533884895474003, -36.286777163764 ], [ -72.533951867938896, -36.2867930621345 ], [ -72.534009535049407, -36.286798507212403 ], [ -72.534080112765594, -36.286796418707098 ], [ -72.534389858243998, -36.286808708678997 ], [ -72.5345546819552, -36.286839590025401 ], [ -72.534749790815496, -36.286905335908898 ], [ -72.534925211632398, -36.286975239513801 ], [ -72.535055875873795, -36.287032162849997 ], [ -72.535139146209502, -36.2871155223648 ], [ -72.535291003719706, -36.287250490037401 ], [ -72.535350606767395, -36.2872987897711 ], [ -72.535400096662798, -36.287318780137802 ], [ -72.535431781902503, -36.287335722261602 ] ] ] } },
{ "type": "Feature", "properties": { "id": "monoparte.6", "Name": null, "description": null, "timestamp": null, "begin": null, "end": null, "altitudeMode": null, "tessellate": -1, "extrude": 0, "visibility": -1, "drawOrder": null, "icon": null, "REG": "Ñuble", "COM": "Quirihue", "LOC": "Quirihue", "ZONA": "ZE4", "NOM": "ZE4 Zona de Equipamiento de Esparcimiento y Turismo", "UPERM": "Equipamiento de deportes, esparcimiento y turismo.", "UPROH": "Todos los usos de suelo no mencionados como permitidos, expresamente el residencial.", "P_DO": "30/06/2007", "N_DOC": "20", "T_DO": "Resolución", "OBS": null }, "geometry": { "type": "Polygon", "coordinates": [ [ [ -72.530646646522797, -36.2874367548104 ], [ -72.530523778344204, -36.287454691059402 ], [ -72.530516425946004, -36.2874549084124 ], [ -72.530417910471201, -36.287457820701903 ], [ -72.530346686503805, -36.2874456222251 ], [ -72.530257174774505, -36.287419660361003 ], [ -72.530184019269797, -36.287364607086197 ], [ -72.530155942289994, -36.287329676739397 ], [ -72.530144542524397, -36.287272797977401 ], [ -72.530134110200706, -36.287237346064799 ], [ -72.530086132867595, -36.287152940616402 ], [ -72.529970154124797, -36.2871277608456 ], [ -72.529966682752303, -36.287128820349899 ], [ -72.529912613000107, -36.287145323424902 ], [ -72.529985254160295, -36.287616033277601 ], [ -72.530191752724406, -36.287624233396997 ], [ -72.530574699256206, -36.287627217008399 ], [ -72.530698426810403, -36.287628327500002 ], [ -72.530745480029495, -36.287626936421397 ], [ -72.530809317660299, -36.287605976894802 ], [ -72.5308609629529, -36.287575842151199 ], [ -72.530925445991201, -36.287569167410602 ], [ -72.530972498051796, -36.287567776277498 ], [ -72.531019121640895, -36.2875568621428 ], [ -72.531060506579294, -36.2875604068077 ], [ -72.531102966627202, -36.287587759248503 ], [ -72.531150878993898, -36.287605413909901 ], [ -72.531216864583698, -36.287632070713798 ], [ -72.531282206928296, -36.287644443474498 ], [ -72.531358666430194, -36.287642182645897 ], [ -72.531504416704806, -36.287609264073097 ], [ -72.531649307570703, -36.287557300341199 ], [ -72.531766640337395, -36.287465622870798 ], [ -72.531864068243195, -36.287373341879103 ], [ -72.531892691201307, -36.287322431211997 ], [ -72.531908885550394, -36.2872897682306 ], [ -72.531929330201194, -36.287253404243799 ], [ -72.532093951821594, -36.287084040049898 ], [ -72.532216234692001, -36.286955263435601 ], [ -72.532363534065794, -36.286793563632202 ], [ -72.532465049505504, -36.286694008870498 ], [ -72.532515887755494, -36.2866460180812 ], [ -72.532536815404399, -36.286620366527799 ], [ -72.532398674707295, -36.2862756016617 ], [ -72.532153288311804, -36.286369471295998 ], [ -72.531998355109394, -36.286459876979102 ], [ -72.531864289710995, -36.286621185869997 ], [ -72.531867834567393, -36.2866997521744 ], [ -72.531836412784799, -36.2867865049652 ], [ -72.531804668701696, -36.286866115767999 ], [ -72.531721602279802, -36.286983003647101 ], [ -72.531550957415206, -36.2871167860906 ], [ -72.531030318839598, -36.287325284099097 ], [ -72.530646646522797, -36.2874367548104 ] ] ] } },
{ "type": "Feature", "properties": { "id": "monoparte.7", "Name": null, "description": null, "timestamp": null, "begin": null, "end": null, "altitudeMode": null, "tessellate": -1, "extrude": 0, "visibility": -1, "drawOrder": null, "icon": null, "REG": "Ñuble", "COM": "Quirihue", "LOC": "Quirihue", "ZONA": "ZE4", "NOM": "ZE4 Zona de Equipamiento de Esparcimiento y Turismo", "UPERM": "Equipamiento de deportes, esparcimiento y turismo.", "UPROH": "Todos los usos de suelo no mencionados como permitidos, expresamente el residencial.", "P_DO": "30/06/2007", "N_DOC": "20", "T_DO": "Resolución", "OBS": null }, "geometry": { "type": "Polygon", "coordinates": [ [ [ -72.536320734043798, -36.287262915045197 ], [ -72.536351934321203, -36.287269143577497 ], [ -72.536378240263204, -36.287264788426 ], [ -72.536319659965898, -36.287141363218403 ], [ -72.536281843947506, -36.286988716231498 ], [ -72.536260060268205, -36.286799834295401 ], [ -72.536250970279198, -36.286696399917503 ], [ -72.536262752648895, -36.286622632138602 ], [ -72.535967735694399, -36.286485459311898 ], [ -72.535539660559607, -36.286338658888603 ], [ -72.535539976117306, -36.286341505823401 ], [ -72.535579466443806, -36.286498146471899 ], [ -72.535606198706901, -36.286601057733897 ], [ -72.535612545728597, -36.286643782456899 ], [ -72.535773815028705, -36.286889326841198 ], [ -72.535870909418804, -36.287083130696601 ], [ -72.535950576918196, -36.287184475494797 ], [ -72.536094475304694, -36.287241006728998 ], [ -72.536121749245396, -36.287258079279901 ], [ -72.5362676392255, -36.287260911013497 ], [ -72.536320734043798, -36.287262915045197 ] ] ] } },
{ "type": "Feature", "properties": { "id": "monoparte.8", "Name": null, "description": null, "timestamp": null, "begin": null, "end": null, "altitudeMode": null, "tessellate": -1, "extrude": 0, "visibility": -1, "drawOrder": null, "icon": null, "REG": "Ñuble", "COM": "Quirihue", "LOC": "Quirihue", "ZONA": "ZE4", "NOM": "ZE4 Zona de Equipamiento de Esparcimiento y Turismo", "UPERM": "Equipamiento de deportes, esparcimiento y turismo.", "UPROH": "Todos los usos de suelo no mencionados como permitidos, expresamente el residencial.", "P_DO": "30/06/2007", "N_DOC": "20", "T_DO": "Resolución", "OBS": null }, "geometry": { "type": "Polygon", "coordinates": [ [ [ -72.537161322143703, -36.287341725074299 ], [ -72.537193330511201, -36.287365809548803 ], [ -72.537215870535803, -36.2873758696512 ], [ -72.537234806071595, -36.287403916608099 ], [ -72.5372493302159, -36.287432094221202 ], [ -72.537272515793603, -36.287456439090597 ], [ -72.537299950329896, -36.2874770828059 ], [ -72.537322490399802, -36.287487142885503 ], [ -72.537349280529, -36.287493501777199 ], [ -72.5373889798703, -36.287492325894704 ], [ -72.537446647600802, -36.287497769268803 ], [ -72.537503185599405, -36.287478214482697 ], [ -72.537719684247406, -36.287338471981101 ], [ -72.537715821616302, -36.287336437438697 ], [ -72.537712333028793, -36.287338689743002 ], [ -72.537088327890402, -36.287010129019997 ], [ -72.536586669457506, -36.286776878962797 ], [ -72.536596325358701, -36.286861396470798 ], [ -72.536619294272001, -36.286978723711997 ], [ -72.536645383849802, -36.287067350727298 ], [ -72.536685029247707, -36.287162727795803 ], [ -72.536708214612602, -36.287187073689601 ], [ -72.536753778510899, -36.287217907452103 ], [ -72.536785785596706, -36.287241992078997 ], [ -72.536822042689295, -36.287262373731103 ], [ -72.536844744012498, -36.287276005329602 ], [ -72.537057607407306, -36.287294733642902 ], [ -72.5371296376766, -36.2873247833978 ], [ -72.537161322143703, -36.287341725074299 ] ] ] } },
{ "type": "Feature", "properties": { "id": "monoparte.9", "Name": null, "description": null, "timestamp": null, "begin": null, "end": null, "altitudeMode": null, "tessellate": -1, "extrude": 0, "visibility": -1, "drawOrder": null, "icon": null, "REG": "Ñuble", "COM": "Quirihue", "LOC": "Quirihue", "ZONA": "ZE4", "NOM": "ZE4 Zona de Equipamiento de Esparcimiento y Turismo", "UPERM": "Equipamiento de deportes, esparcimiento y turismo.", "UPROH": "Todos los usos de suelo no mencionados como permitidos, expresamente el residencial.", "P_DO": "30/06/2007", "N_DOC": "20", "T_DO": "Resolución", "OBS": null }, "geometry": { "type": "Polygon", "coordinates": [ [ [ -72.5343443155203, -36.287463882708401 ], [ -72.534351666777496, -36.287463665152799 ], [ -72.534364770854097, -36.2873800353333 ], [ -72.534376908478507, -36.287335810194499 ], [ -72.534401097760096, -36.287245456771203 ], [ -72.534407123569693, -36.287222392179103 ], [ -72.534415846362194, -36.287206876823703 ], [ -72.534426349922001, -36.287126463161698 ], [ -72.534431945730603, -36.287093875652999 ], [ -72.534311361205098, -36.287084093661399 ], [ -72.534257164728501, -36.287083790946298 ], [ -72.534240696167601, -36.287084278306502 ], [ -72.534198951324598, -36.287098863385701 ], [ -72.5341262794648, -36.287106735504501 ], [ -72.533880717152101, -36.287146424825899 ], [ -72.533900531479702, -36.287407476259297 ], [ -72.533900609983405, -36.287408500213999 ], [ -72.533900683787294, -36.2874085079415 ], [ -72.534236900563101, -36.287444992507098 ], [ -72.5343443155203, -36.287463882708401 ] ] ] } },
{ "type": "Feature", "properties": { "id": "monoparte.10", "Name": null, "description": null, "timestamp": null, "begin": null, "end": null, "altitudeMode": null, "tessellate": -1, "extrude": 0, "visibility": -1, "drawOrder": null, "icon": null, "REG": "Ñuble", "COM": "Quirihue", "LOC": "Quirihue", "ZONA": "ZE4", "NOM": "ZE4 Zona de Equipamiento de Esparcimiento y Turismo", "UPERM": "Equipamiento de deportes, esparcimiento y turismo.", "UPROH": "Todos los usos de suelo no mencionados como permitidos, expresamente el residencial.", "P_DO": "30/06/2007", "N_DOC": "20", "T_DO": "Resolución", "OBS": null }, "geometry": { "type": "Polygon", "coordinates": [ [ [ -72.532735923635499, -36.287409633486 ], [ -72.532340261514705, -36.287451136734397 ], [ -72.532234330661097, -36.2874691702607 ], [ -72.532194298197197, -36.287479294341701 ], [ -72.532169102555201, -36.287491959316903 ], [ -72.532140500974194, -36.2875106853635 ], [ -72.532099611783195, -36.287583414300698 ], [ -72.531992959291998, -36.287667028232399 ], [ -72.531950324188699, -36.287701068777899 ], [ -72.532073582298494, -36.287816404147797 ], [ -72.532093379983195, -36.287808790553797 ], [ -72.5322734928138, -36.287689032116504 ], [ -72.532523861261694, -36.2875600429347 ], [ -72.532672874097003, -36.287534178853797 ], [ -72.533211578087204, -36.287432419112697 ], [ -72.533545713782999, -36.287387032571502 ], [ -72.5335530650393, -36.287386815065503 ], [ -72.533537514415102, -36.287227980450901 ], [ -72.533319240802896, -36.287285098155301 ], [ -72.533042958259799, -36.287361810801102 ], [ -72.532735923635499, -36.287409633486 ] ] ] } },
{ "type": "Feature", "properties": { "id": "monoparte.11", "Name": null, "description": null, "timestamp": null, "begin": null, "end": null, "altitudeMode": null, "tessellate": -1, "extrude": 0, "visibility": -1, "drawOrder": null, "icon": null, "REG": "Ñuble", "COM": "Quirihue", "LOC": "Quirihue", "ZONA": "ZE4", "NOM": "ZE4 Zona de Equipamiento de Esparcimiento y Turismo", "UPERM": "Equipamiento de deportes, esparcimiento y turismo.", "UPROH": "Todos los usos de suelo no mencionados como permitidos, expresamente el residencial.", "P_DO": "30/06/2007", "N_DOC": "20", "T_DO": "Resolución", "OBS": null }, "geometry": { "type": "Polygon", "coordinates": [ [ [ -72.535928443053805, -36.2877668244642 ], [ -72.535950610739604, -36.287774481962899 ], [ -72.535983084058998, -36.287748279845196 ], [ -72.535705534237593, -36.287653509136398 ], [ -72.535553061767203, -36.2876366632063 ], [ -72.535415835621095, -36.287623560048999 ], [ -72.535280360401401, -36.2875970560887 ], [ -72.535220512493197, -36.287575941450299 ], [ -72.535085699372502, -36.287459778334501 ], [ -72.534882520173994, -36.287290331375402 ], [ -72.534826431293595, -36.287248125597401 ], [ -72.534754133073093, -36.2872121220162 ], [ -72.534722425613097, -36.2873446564587 ], [ -72.534681113788395, -36.287522280860898 ], [ -72.535348862016605, -36.287648095542302 ], [ -72.535928443053805, -36.2877668244642 ] ] ] } },
{ "type": "Feature", "properties": { "id": "monoparte.12", "Name": null, "description": null, "timestamp": null, "begin": null, "end": null, "altitudeMode": null, "tessellate": -1, "extrude": 0, "visibility": -1, "drawOrder": null, "icon": null, "REG": "Ñuble", "COM": "Quirihue", "LOC": "Quirihue", "ZONA": "ZE4", "NOM": "ZE4 Zona de Equipamiento de Esparcimiento y Turismo", "UPERM": "Equipamiento de deportes, esparcimiento y turismo.", "UPROH": "Todos los usos de suelo no mencionados como permitidos, expresamente el residencial.", "P_DO": "30/06/2007", "N_DOC": "20", "T_DO": "Resolución", "OBS": null }, "geometry": { "type": "Polygon", "coordinates": [ [ [ -72.538165512062406, -36.288352589618903 ], [ -72.538372999543199, -36.288350018475697 ], [ -72.538619649783897, -36.2883345911644 ], [ -72.538650630987306, -36.287957970540397 ], [ -72.538656604548095, -36.287957066406797 ], [ -72.538441080946399, -36.287849747408103 ], [ -72.538267969377301, -36.287733293726703 ], [ -72.537984402480006, -36.287515476924298 ], [ -72.537980174663304, -36.287518093528398 ], [ -72.537719870843404, -36.287679202842099 ], [ -72.537516581299698, -36.287774624237699 ], [ -72.537465422897796, -36.2878154759848 ], [ -72.537449230802295, -36.287848138696901 ], [ -72.537451006148203, -36.2878874225038 ], [ -72.537481185669407, -36.2879687757504 ], [ -72.537598081153305, -36.288111928319999 ], [ -72.5376999694967, -36.288216189827303 ], [ -72.537732300081501, -36.288247416093597 ], [ -72.537764631803995, -36.288278642316698 ], [ -72.5378054625033, -36.288302464361998 ], [ -72.537845646463296, -36.288312001656799 ], [ -72.537885992968697, -36.288325110321303 ], [ -72.537921605220404, -36.288331207725598 ], [ -72.5380060640572, -36.288343009530003 ], [ -72.538165512062406, -36.288352589618903 ] ] ] } },
{ "type": "Feature", "properties": { "id": "monoparte.13", "Name": null, "description": null, "timestamp": null, "begin": null, "end": null, "altitudeMode": null, "tessellate": -1, "extrude": 0, "visibility": -1, "drawOrder": null, "icon": null, "REG": "Ñuble", "COM": "Quirihue", "LOC": "Quirihue", "ZONA": "ZE4", "NOM": "ZE4 Zona de Equipamiento de Esparcimiento y Turismo", "UPERM": "Equipamiento de deportes, esparcimiento y turismo.", "UPROH": "Todos los usos de suelo no mencionados como permitidos, expresamente el residencial.", "P_DO": "30/06/2007", "N_DOC": "20", "T_DO": "Resolución", "OBS": null }, "geometry": { "type": "Polygon", "coordinates": [ [ [ -72.530719699399796, -36.287886456896601 ], [ -72.530624258602103, -36.287892258192898 ], [ -72.530424016043895, -36.287892218391299 ], [ -72.530287870016394, -36.287893263274803 ], [ -72.530184672936798, -36.287890353428502 ], [ -72.530136482189604, -36.287882837844101 ], [ -72.530125454083105, -36.287883163824603 ], [ -72.530087434277306, -36.287937927164101 ], [ -72.530127632097702, -36.288094678688601 ], [ -72.530165548383494, -36.288200837842098 ], [ -72.530221575858107, -36.2883005012688 ], [ -72.530228319869707, -36.288365290865201 ], [ -72.530742020823496, -36.2882063491409 ], [ -72.531589738844602, -36.288002484440497 ], [ -72.531754780990596, -36.287939011332803 ], [ -72.531761487230099, -36.2879379155805 ], [ -72.531689355846495, -36.2878399058974 ], [ -72.531565580835405, -36.2878703863203 ], [ -72.531434721792195, -36.287907035535198 ], [ -72.531317493416395, -36.2879194419884 ], [ -72.531207079299406, -36.287919727054103 ], [ -72.531143916183694, -36.287906694239503 ], [ -72.531027543047898, -36.287856495552298 ], [ -72.530967788306498, -36.287837402424003 ], [ -72.530916860488503, -36.287850827938101 ], [ -72.530822359494096, -36.287877462364598 ], [ -72.530719699399796, -36.287886456896601 ] ] ] } },
{ "type": "Feature", "properties": { "id": "monoparte.14", "Name": null, "description": null, "timestamp": null, "begin": null, "end": null, "altitudeMode": null, "tessellate": -1, "extrude": 0, "visibility": -1, "drawOrder": null, "icon": null, "REG": "Ñuble", "COM": "Quirihue", "LOC": "Quirihue", "ZONA": "ZE4", "NOM": "ZE4 Zona de Equipamiento de Esparcimiento y Turismo", "UPERM": "Equipamiento de deportes, esparcimiento y turismo.", "UPROH": "Todos los usos de suelo no mencionados como permitidos, expresamente el residencial.", "P_DO": "30/06/2007", "N_DOC": "20", "T_DO": "Resolución", "OBS": null }, "geometry": { "type": "Polygon", "coordinates": [ [ [ -72.536585380993301, -36.288033451166797 ], [ -72.536675499953205, -36.288075872813799 ], [ -72.536824641626097, -36.287984645097197 ], [ -72.536712605911902, -36.287955541139802 ], [ -72.536605619333599, -36.287933915699199 ], [ -72.536556128323596, -36.287933474701298 ], [ -72.536404355631802, -36.287911267833699 ], [ -72.536315412986099, -36.2879097306636 ], [ -72.536585380993301, -36.288033451166797 ] ] ] } },
{ "type": "Feature", "properties": { "id": "monoparte.15", "Name": null, "description": null, "timestamp": null, "begin": null, "end": null, "altitudeMode": null, "tessellate": -1, "extrude": 0, "visibility": -1, "drawOrder": null, "icon": null, "REG": "Ñuble", "COM": "Quirihue", "LOC": "Quirihue", "ZONA": "ZE4", "NOM": "ZE4 Zona de Equipamiento de Esparcimiento y Turismo", "UPERM": "Equipamiento de deportes, esparcimiento y turismo.", "UPROH": "Todos los usos de suelo no mencionados como permitidos, expresamente el residencial.", "P_DO": "30/06/2007", "N_DOC": "20", "T_DO": "Resolución", "OBS": null }, "geometry": { "type": "Polygon", "coordinates": [ [ [ -72.537616628422398, -36.288567912418202 ], [ -72.538073996883796, -36.288718858541102 ], [ -72.538217738065399, -36.288771815546902 ], [ -72.538324803496494, -36.288845622262301 ], [ -72.538327268809894, -36.288844713061401 ], [ -72.538467527179293, -36.288793022507598 ], [ -72.538600173085399, -36.288603306532103 ], [ -72.538392003896703, -36.288614077859798 ], [ -72.538003495199305, -36.288618435815998 ], [ -72.537901552726495, -36.288610728162098 ], [ -72.537745870023599, -36.288586732297098 ], [ -72.537524175958595, -36.288476960726598 ], [ -72.537473393415496, -36.288447949682201 ], [ -72.537416270586704, -36.288382890479298 ], [ -72.537331460605699, -36.2882785995196 ], [ -72.537284178134499, -36.288222784409498 ], [ -72.537239076556105, -36.288163089709499 ], [ -72.537150565945694, -36.288133289387503 ], [ -72.536985702699198, -36.288229911781599 ], [ -72.537219083219597, -36.2883722809229 ], [ -72.537472242385306, -36.288500669870103 ], [ -72.537616628422398, -36.288567912418202 ] ] ] } },
{ "type": "Feature", "properties": { "id": "monoparte.16", "Name": null, "description": null, "timestamp": null, "begin": null, "end": null, "altitudeMode": null, "tessellate": -1, "extrude": 0, "visibility": -1, "drawOrder": null, "icon": null, "REG": "Ñuble", "COM": "Quirihue", "LOC": "Quirihue", "ZONA": "ZHMC", "NOM": "ZHMC Zona Habitacional Mixta Comercial", "UPERM": "Residencial. Equipamiento de todo tipo, excepto cárcel, cementerio y crematorio. Actividades productivas de almacenamiento y talleres inofensivos y molestas.", "UPROH": "Todos los usos de suelo no mencionados como permitidos.", "P_DO": "30/06/2007", "N_DOC": "20", "T_DO": "Resolución", "OBS": null }, "geometry": { "type": "Polygon", "coordinates": [ [ [ -72.546750325938106, -36.278193247681997 ], [ -72.547132857456802, -36.278829735177297 ], [ -72.547116033764993, -36.278702096509697 ], [ -72.547082620963394, -36.278533230070998 ], [ -72.547076923582296, -36.278488699127799 ], [ -72.547083465007404, -36.278470624800001 ], [ -72.547082251715693, -36.278443841646101 ], [ -72.547081308027401, -36.278423009904103 ], [ -72.547093583087104, -36.278369005179499 ], [ -72.5471089951875, -36.278302988450598 ], [ -72.547157116450194, -36.278146600006203 ], [ -72.547184830415304, -36.278027174223503 ], [ -72.547191372896606, -36.278009099859197 ], [ -72.547198318714194, -36.277999953545098 ], [ -72.547356406141105, -36.277589980965097 ], [ -72.547372603334296, -36.276972645076398 ], [ -72.547348528340905, -36.276928659958898 ], [ -72.547300341978797, -36.276677388819003 ], [ -72.547191443746499, -36.276060787470698 ], [ -72.547152909886904, -36.275778834171703 ], [ -72.547111275991398, -36.275428433264601 ], [ -72.547100826312203, -36.274823157775103 ], [ -72.546875878584302, -36.275029898402501 ], [ -72.546978953095007, -36.2758755350862 ], [ -72.546825137887694, -36.275989766395497 ], [ -72.546763470015506, -36.276058349631803 ], [ -72.546748790531197, -36.276254271480099 ], [ -72.546735246320196, -36.2763452651579 ], [ -72.546673736734704, -36.276547346754001 ], [ -72.546623340768093, -36.276734793543397 ], [ -72.546580218819699, -36.277212870899803 ], [ -72.546582318356201, -36.277389223261103 ], [ -72.546583828005097, -36.277422554432 ], [ -72.546714008352893, -36.277566495764297 ], [ -72.546750325938106, -36.278193247681997 ] ] ] } },
{ "type": "Feature", "properties": { "id": "monoparte.17", "Name": null, "description": null, "timestamp": null, "begin": null, "end": null, "altitudeMode": null, "tessellate": -1, "extrude": 0, "visibility": -1, "drawOrder": null, "icon": null, "REG": "Ñuble", "COM": "Quirihue", "LOC": "Quirihue", "ZONA": "ZHM", "NOM": "ZHM Zona Habitacional Mixta", "UPERM": "Residencial. Equipamiento de todo tipo, excepto cárcel, cementerio y crematorio. Actividades productivas sólo almacenamiento y talleres inofensivos.", "UPROH": "Todos los usos de suelo no mencionados como permitidos.", "P_DO": "30/06/2007", "N_DOC": "20", "T_DO": "Resolución", "OBS": null }, "geometry": { "type": "Polygon", "coordinates": [ [ [ -72.546315414005804, -36.279849790359002 ], [ -72.546212518807195, -36.280322532285602 ], [ -72.546325791783104, -36.280585241624998 ], [ -72.546673934574599, -36.280660892811298 ], [ -72.546642228763403, -36.2805923612447 ], [ -72.546607565936696, -36.280477171091498 ], [ -72.546605813466002, -36.280438483306803 ], [ -72.546604600209506, -36.280411699247999 ], [ -72.546602712952094, -36.2803700357561 ], [ -72.546607503298304, -36.280313274525597 ], [ -72.546610369707395, -36.280295309349903 ], [ -72.546616912469801, -36.280277235004903 ], [ -72.546630131708497, -36.280244062953599 ], [ -72.546629053244899, -36.280220254601197 ], [ -72.546636217259504, -36.280215895320602 ], [ -72.546711434647605, -36.280170129297701 ], [ -72.546786464321102, -36.280120221358601 ], [ -72.546818870689194, -36.280104358654498 ], [ -72.546848274782207, -36.280103485447903 ], [ -72.546896057264206, -36.280102066447 ], [ -72.546940299354205, -36.2801037331785 ], [ -72.546943022195805, -36.280096209801599 ], [ -72.546946840915098, -36.280085658852997 ], [ -72.547103041488995, -36.279146498684099 ], [ -72.547104730629897, -36.279021289019497 ], [ -72.547132857456802, -36.278829735177297 ], [ -72.546750325938106, -36.278193247681997 ], [ -72.546770260052099, -36.278580878476497 ], [ -72.546784279568698, -36.278890379886299 ], [ -72.546748938170396, -36.279020164184502 ], [ -72.546703450821198, -36.279186009880199 ], [ -72.546694816941397, -36.279255401474401 ], [ -72.5464825026515, -36.279638375751297 ], [ -72.546446649249404, -36.279691887579801 ], [ -72.546436396493107, -36.2797255680102 ], [ -72.546341627251707, -36.279778445974301 ], [ -72.546315414005804, -36.279849790359002 ] ] ] } },
{ "type": "Feature", "properties": { "id": "monoparte.18", "Name": null, "description": null, "timestamp": null, "begin": null, "end": null, "altitudeMode": null, "tessellate": -1, "extrude": 0, "visibility": -1, "drawOrder": null, "icon": null, "REG": "Ñuble", "COM": "Quirihue", "LOC": "Quirihue", "ZONA": "ZHM", "NOM": "ZHM Zona Habitacional Mixta", "UPERM": "Residencial. Equipamiento de todo tipo, excepto cárcel, cementerio y crematorio. Actividades productivas sólo almacenamiento y talleres inofensivos.", "UPROH": "Todos los usos de suelo no mencionados como permitidos.", "P_DO": "30/06/2007", "N_DOC": "20", "T_DO": "Resolución", "OBS": null }, "geometry": { "type": "Polygon", "coordinates": [ [ [ -72.547413304197306, -36.280620102044999 ], [ -72.547420069879905, -36.2806199200135 ], [ -72.547817302177606, -36.280115103915698 ], [ -72.547810616790301, -36.279910660433998 ], [ -72.547418994354302, -36.279302865790299 ], [ -72.547405265111095, -36.2794808162772 ], [ -72.547260488, -36.2802658702511 ], [ -72.547295590926097, -36.280309526908297 ], [ -72.547335852320302, -36.280385810740299 ], [ -72.547387678874401, -36.280473670788702 ], [ -72.547421803490494, -36.280576956936599 ], [ -72.547419746252103, -36.2806127772445 ], [ -72.547413304197306, -36.280620102044999 ] ] ] } },
{ "type": "Feature", "properties": { "id": "monoparte.19", "Name": null, "description": null, "timestamp": null, "begin": null, "end": null, "altitudeMode": null, "tessellate": -1, "extrude": 0, "visibility": -1, "drawOrder": null, "icon": null, "REG": "Ñuble", "COM": "Quirihue", "LOC": "Quirihue", "ZONA": "ZE3", "NOM": "ZE3 Zona de Equipamiento Deportivo", "UPERM": "Equipamiento de deportes.", "UPROH": "Todos los usos de suelo no mencionados como permitidos.", "P_DO": "30/06/2007", "N_DOC": "20", "T_DO": "Resolución", "OBS": null }, "geometry": { "type": "Polygon", "coordinates": [ [ [ -72.549656371115603, -36.286550642354399 ], [ -72.5497707921797, -36.286423125511497 ], [ -72.550886145549399, -36.285396603306403 ], [ -72.550079641239094, -36.284235930718303 ], [ -72.549917752582303, -36.284002944874501 ], [ -72.549162103884598, -36.284222081913498 ], [ -72.549104101162897, -36.284241685639699 ], [ -72.549082587201795, -36.284254244695397 ], [ -72.549062151442996, -36.284290611154297 ], [ -72.549035982763797, -36.284362908946498 ], [ -72.548995382094006, -36.284441594110497 ], [ -72.548865752640793, -36.284505045672503 ], [ -72.548742665546101, -36.284550423560702 ], [ -72.548662607586706, -36.284570681531399 ], [ -72.548611686674903, -36.284584115188501 ], [ -72.548537402253501, -36.284675200885502 ], [ -72.548766139507094, -36.2850682408111 ], [ -72.549656371115603, -36.286550642354399 ] ] ] } },
{ "type": "Feature", "properties": { "id": "monoparte.20", "Name": null, "description": null, "timestamp": null, "begin": null, "end": null, "altitudeMode": null, "tessellate": -1, "extrude": 0, "visibility": -1, "drawOrder": null, "icon": null, "REG": "Ñuble", "COM": "Quirihue", "LOC": "Quirihue", "ZONA": "ZP", "NOM": "ZP Zona de Protección de Drenaje", "UPERM": "Equipamiento de esparcimiento sin construcciones.", "UPROH": "Todos los usos de suelo no mencionados como permitidos, expresamente el residencial.", "P_DO": "30/06/2007", "N_DOC": "20", "T_DO": "Resolución", "OBS": null }, "geometry": { "type": "Polygon", "coordinates": [ [ [ -72.551059090351799, -36.281099258210602 ], [ -72.550902655166297, -36.281220724209497 ], [ -72.550908892621806, -36.281423176709097 ], [ -72.550976906211801, -36.281559425642101 ], [ -72.551136855333795, -36.281645261230302 ], [ -72.5513044638232, -36.281640277543602 ], [ -72.5513875542335, -36.281654494803703 ], [ -72.551502664752405, -36.281660607473199 ], [ -72.551667872538204, -36.2816676143796 ], [ -72.551670134805605, -36.281669989795098 ], [ -72.551871463792494, -36.2815471291214 ], [ -72.551899080998197, -36.281377045842802 ], [ -72.551826589903897, -36.281271922432303 ], [ -72.551653258254603, -36.281150725678799 ], [ -72.551397785589302, -36.281101107170798 ], [ -72.551286263371395, -36.281109191525204 ], [ -72.551059090351799, -36.281099258210602 ] ] ] } },
{ "type": "Feature", "properties": { "id": "monoparte.21", "Name": null, "description": null, "timestamp": null, "begin": null, "end": null, "altitudeMode": null, "tessellate": -1, "extrude": 0, "visibility": -1, "drawOrder": null, "icon": null, "REG": "Ñuble", "COM": "Quirihue", "LOC": "Quirihue", "ZONA": "ZPU", "NOM": "ZPU Zona de Parcelas Urbanas", "UPERM": "Residencial. Equipamiento de todo tipo. Actividades productivas sólo almacenamiento y talleres inofensivos.", "UPROH": "Todos los usos de suelo no mencionados como permitidos, expresamente el residencial.", "P_DO": "30/06/2007", "N_DOC": "20", "T_DO": "Resolución", "OBS": null }, "geometry": { "type": "Polygon", "coordinates": [ [ [ -72.557357082912802, -36.282791509843896 ], [ -72.5573497311659, -36.282791728822602 ], [ -72.557345321228993, -36.282791860176602 ], [ -72.557337969481907, -36.282792079154603 ], [ -72.556873799316307, -36.283064943088696 ], [ -72.556466017695698, -36.283162909843597 ], [ -72.555624766001301, -36.283311924326902 ], [ -72.554951207572898, -36.283522693274598 ], [ -72.554518080083298, -36.283840734419599 ], [ -72.553797806519697, -36.284319892739298 ], [ -72.553020534731303, -36.2845814169346 ], [ -72.5518925426625, -36.284901046233003 ], [ -72.551184104768893, -36.285122368258399 ], [ -72.550886145549399, -36.285396603306403 ], [ -72.5497707921797, -36.286423125511497 ], [ -72.549656371115603, -36.286550642354399 ], [ -72.549118655182099, -36.287149893216899 ], [ -72.549120121263101, -36.287156233441898 ], [ -72.549138352469697, -36.287235051620698 ], [ -72.549177527101406, -36.2873197104688 ], [ -72.549244101054398, -36.287521561945503 ], [ -72.549278702710296, -36.287602781372399 ], [ -72.549287810058004, -36.2877062137891 ], [ -72.549351307954396, -36.287840213577503 ], [ -72.549417073201198, -36.288024208931802 ], [ -72.549456248594296, -36.288108867640901 ], [ -72.549480408553606, -36.288154637280201 ], [ -72.5495039218806, -36.288186122291897 ], [ -72.549527597141307, -36.288221177769699 ], [ -72.549561065839001, -36.2882773992715 ], [ -72.549612180135696, -36.288333095386903 ], [ -72.549713920875604, -36.288433774391599 ], [ -72.549804049453499, -36.288570557614001 ], [ -72.549891021597702, -36.2887195038697 ], [ -72.549891028950697, -36.288719543296402 ], [ -72.549890875270606, -36.288723222261602 ], [ -72.550874260521795, -36.2878193508691 ], [ -72.551921674320099, -36.286877192111596 ], [ -72.551843453681002, -36.286814674159601 ], [ -72.551602428469295, -36.286642567233898 ], [ -72.5514246437547, -36.286514351471297 ], [ -72.551318625509396, -36.286462196267401 ], [ -72.551091333126195, -36.286385038485101 ], [ -72.550958035238594, -36.286354672753497 ], [ -72.550936171253895, -36.286340065716601 ], [ -72.550912040744294, -36.286327432643603 ], [ -72.550894622277994, -36.286306971884997 ], [ -72.550876081755803, -36.286261750866899 ], [ -72.550850828112999, -36.286224357555596 ], [ -72.550847784055307, -36.286209190936603 ], [ -72.550874027301603, -36.2861645458567 ], [ -72.550912552241002, -36.286130977770199 ], [ -72.550939659380504, -36.286105378173403 ], [ -72.550971730421097, -36.286085353413 ], [ -72.551000202607995, -36.286078290633803 ], [ -72.551006672697994, -36.286076685440499 ], [ -72.551042392571404, -36.286085158940999 ], [ -72.551128639856302, -36.286116923637799 ], [ -72.5511808269234, -36.2861293035673 ], [ -72.551192935709906, -36.286132176401601 ], [ -72.551184773777507, -36.2860561325734 ], [ -72.551168058988196, -36.285791530618901 ], [ -72.551174829843802, -36.285629218836803 ], [ -72.551197741938495, -36.285407305165599 ], [ -72.551213172972695, -36.285383959280701 ], [ -72.551226855997996, -36.285374016820803 ], [ -72.551275135315294, -36.2853477875911 ], [ -72.551318645390296, -36.285337594314399 ], [ -72.551321754105103, -36.2853368657467 ], [ -72.551425609487495, -36.285341406456801 ], [ -72.551470653011904, -36.285347695100398 ], [ -72.551496962243405, -36.285356449220899 ], [ -72.551529446186805, -36.285397441439699 ], [ -72.551533440831406, -36.28543355843 ], [ -72.551528350990097, -36.285529069295201 ], [ -72.551502764728994, -36.285795881512001 ], [ -72.551508554288802, -36.285923490569502 ], [ -72.551519673228597, -36.286012797880602 ], [ -72.551534095622898, -36.286122985607399 ], [ -72.551557255845495, -36.286166161654201 ], [ -72.551610634001193, -36.2862523047447 ], [ -72.551673249958597, -36.286334359025901 ], [ -72.551841105577495, -36.286451426653599 ], [ -72.552169308466503, -36.286663248853102 ], [ -72.552435967711801, -36.286429680634903 ], [ -72.553507461278102, -36.285494276409402 ], [ -72.553909574769193, -36.285141402460397 ], [ -72.554240872946096, -36.284850234165702 ], [ -72.554253524079598, -36.284851131715101 ], [ -72.554252634978496, -36.2848498841213 ], [ -72.554249153733096, -36.284838068022303 ], [ -72.554241866946796, -36.284807293112401 ], [ -72.554246559499404, -36.284780929932801 ], [ -72.554257024403, -36.284752010843903 ], [ -72.554284377322602, -36.284705901209698 ], [ -72.554312701930101, -36.284681217936502 ], [ -72.554376530995398, -36.284660247136699 ], [ -72.554470630341001, -36.284657446556203 ], [ -72.554768450047604, -36.2844091566663 ], [ -72.554715086579094, -36.284243702490699 ], [ -72.554697811301494, -36.2841226337327 ], [ -72.554729076371501, -36.2840978637484 ], [ -72.554854007561701, -36.284060769303501 ], [ -72.554927521971905, -36.284058581096801 ], [ -72.554939284988095, -36.284058230958401 ], [ -72.554978161240399, -36.284071377579401 ], [ -72.555023458465001, -36.284096252756598 ], [ -72.555044871411695, -36.284159889298103 ], [ -72.555047286119006, -36.284167063487402 ], [ -72.555049909884701, -36.284174503564103 ], [ -72.555382488698797, -36.283897231254997 ], [ -72.555375958463401, -36.2838831218384 ], [ -72.555374336630194, -36.283847411020602 ], [ -72.555395482719703, -36.283794333566199 ], [ -72.555452672331796, -36.2837568710273 ], [ -72.555539375235497, -36.283720914846199 ], [ -72.555627375581395, -36.283713526713697 ], [ -72.555707416783406, -36.283617666575097 ], [ -72.555881146295405, -36.283552894712699 ], [ -72.556043983531396, -36.2834914275237 ], [ -72.556111571078901, -36.283479632613698 ], [ -72.5563006895553, -36.283445545961399 ], [ -72.556304888743199, -36.283444767675597 ], [ -72.556540767773001, -36.2834080952709 ], [ -72.556915010630803, -36.283382049689997 ], [ -72.557356362636796, -36.283374864622203 ], [ -72.557600174743698, -36.283394422128303 ], [ -72.557833094977298, -36.283417282399398 ], [ -72.557940906133695, -36.283440890616198 ], [ -72.558157070756494, -36.283500010284101 ], [ -72.5583778001469, -36.2835830861098 ], [ -72.558009963697799, -36.283308455547001 ], [ -72.557357082912802, -36.282791509843896 ] ] ] } },
{ "type": "Feature", "properties": { "id": "monoparte.22", "Name": null, "description": null, "timestamp": null, "begin": null, "end": null, "altitudeMode": null, "tessellate": -1, "extrude": 0, "visibility": -1, "drawOrder": null, "icon": null, "REG": "Ñuble", "COM": "Quirihue", "LOC": "Quirihue", "ZONA": "ZE", "NOM": "ZE Zona de Equipamiento", "UPERM": "Equipamiento de todo tipo, excepto cementerio y crematorio.", "UPROH": "Todos los usos de suelo no mencionados como permitidos.", "P_DO": "30/06/2007", "N_DOC": "20", "T_DO": "Resolución", "OBS": null }, "geometry": { "type": "Polygon", "coordinates": [ [ [ -72.545709752189694, -36.2591598619574 ], [ -72.545832602601706, -36.2595328862079 ], [ -72.545835026819901, -36.259538392548798 ], [ -72.545871972804704, -36.259622308392402 ], [ -72.545895207825495, -36.259635372995902 ], [ -72.545978232331507, -36.259628690873797 ], [ -72.545981052728195, -36.259629061276598 ], [ -72.545989991797995, -36.259628341817098 ], [ -72.546019603702206, -36.259632230206499 ], [ -72.5460726731215, -36.259764158275303 ], [ -72.546092466188, -36.259811250702803 ], [ -72.546092789449105, -36.259818393506997 ], [ -72.546093974659399, -36.259844581989299 ], [ -72.546106810507197, -36.259868040499697 ], [ -72.546112127376404, -36.2598740133013 ], [ -72.546189182708801, -36.259736860238199 ], [ -72.546272416633499, -36.2596247256079 ], [ -72.546331271664599, -36.259494243372998 ], [ -72.546352633242705, -36.2594459292728 ], [ -72.546484626230594, -36.259370491359199 ], [ -72.546617481057993, -36.259314099881699 ], [ -72.546705240000904, -36.259301957908299 ], [ -72.546710803480806, -36.259302465805597 ], [ -72.546716998298095, -36.259301608815797 ], [ -72.546835232308297, -36.259312402394201 ], [ -72.546867752396395, -36.259314719328501 ], [ -72.546929732010398, -36.259319133184597 ], [ -72.546992272433698, -36.259330971085603 ], [ -72.546995052053006, -36.259331497653001 ], [ -72.547065388497302, -36.259324640977802 ], [ -72.547140110459793, -36.259284038314597 ], [ -72.547186052240704, -36.259259074324603 ], [ -72.547278612943401, -36.259222950731299 ], [ -72.547360924218907, -36.259220506570998 ], [ -72.547372682495507, -36.259220157414802 ], [ -72.547455208193398, -36.259222474185997 ], [ -72.547573873308806, -36.259242790758499 ], [ -72.547757857405003, -36.259275470389603 ], [ -72.547828840479497, -36.259282897954101 ], [ -72.547942057247795, -36.259312911588701 ], [ -72.548025014269001, -36.2593247516795 ], [ -72.548201395171304, -36.2593195130247 ], [ -72.548213153452096, -36.259319163785101 ], [ -72.548343577131703, -36.259339130332002 ], [ -72.548445897248897, -36.259388538390503 ], [ -72.548722386045498, -36.259513828598401 ], [ -72.548963167191602, -36.259630643325998 ], [ -72.549108584934203, -36.259721682093897 ], [ -72.549247261680193, -36.259793849708302 ], [ -72.549433081029406, -36.259867000590297 ], [ -72.549720035928004, -36.259963369657399 ], [ -72.549881798880506, -36.260025313986297 ], [ -72.549896901411202, -36.260030878687097 ], [ -72.549911547950998, -36.2600362749277 ], [ -72.550020633612505, -36.260022976858203 ], [ -72.550321452113707, -36.260035492411198 ], [ -72.550696910290597, -36.260038637242502 ], [ -72.550752777887496, -36.260004793645699 ], [ -72.550830692152502, -36.259970293813602 ], [ -72.550948617081104, -36.259941757018296 ], [ -72.551137254841905, -36.2599146933862 ], [ -72.551210760151903, -36.259880324373597 ], [ -72.551291951978101, -36.259820695260402 ], [ -72.551372158212502, -36.2597718230748 ], [ -72.551399397480793, -36.259723333414001 ], [ -72.551426419816906, -36.2596700828392 ], [ -72.551504413634703, -36.2595724043979 ], [ -72.551650586061001, -36.2594202517067 ], [ -72.551757113313002, -36.259302653564198 ], [ -72.551930522396304, -36.259102010889897 ], [ -72.552136831854696, -36.2588479424819 ], [ -72.5522733734947, -36.258739537590102 ], [ -72.5522733009783, -36.258732195440402 ], [ -72.552270968837306, -36.258495296262403 ], [ -72.552293316516398, -36.256845510970997 ], [ -72.552363910727706, -36.255091183964701 ], [ -72.552391148301297, -36.254157872995997 ], [ -72.552391356762797, -36.254150740537902 ], [ -72.5494118226718, -36.254094809401302 ], [ -72.545595797382006, -36.254065083433602 ], [ -72.544954861042598, -36.254056010072297 ], [ -72.544873271356096, -36.257261998810797 ], [ -72.544873766939304, -36.257262354430203 ], [ -72.545064928806596, -36.2573993506875 ], [ -72.545130215371898, -36.257476085254602 ], [ -72.545197439754006, -36.257595673994501 ], [ -72.545310927763694, -36.257957056134302 ], [ -72.545347239936703, -36.258174113271799 ], [ -72.545412217940907, -36.258439191699203 ], [ -72.545478120845502, -36.258594579664297 ], [ -72.545595582587595, -36.258848563771899 ], [ -72.545702212218998, -36.2591393025168 ], [ -72.545709752189694, -36.2591598619574 ] ] ] } },
{ "type": "Feature", "properties": { "id": "monoparte.23", "Name": null, "description": null, "timestamp": null, "begin": null, "end": null, "altitudeMode": null, "tessellate": -1, "extrude": 0, "visibility": -1, "drawOrder": null, "icon": null, "REG": "Ñuble", "COM": "Quirihue", "LOC": "Quirihue", "ZONA": "ZE", "NOM": "ZE Zona de Equipamiento", "UPERM": "Equipamiento de todo tipo, excepto cementerio y crematorio.", "UPROH": "Todos los usos de suelo no mencionados como permitidos.", "P_DO": "30/06/2007", "N_DOC": "20", "T_DO": "Resolución", "OBS": null }, "geometry": { "type": "Polygon", "coordinates": [ [ [ -72.548067456197799, -36.263099427304802 ], [ -72.548464791022695, -36.263537688813301 ], [ -72.548936585533994, -36.263375899445698 ], [ -72.549658460418698, -36.263130356388103 ], [ -72.549553051206104, -36.262395645430502 ], [ -72.549514052691094, -36.262314556241201 ], [ -72.549419266926094, -36.262074206667897 ], [ -72.5493089893762, -36.2617842532526 ], [ -72.549279295516499, -36.261713616096898 ], [ -72.549258906825997, -36.261653430150602 ], [ -72.549255833068301, -36.261585577363398 ], [ -72.549276425436801, -36.261552781581003 ], [ -72.549326752365801, -36.261494070767903 ], [ -72.549403861003, -36.261441716582503 ], [ -72.549524741431, -36.261380909361598 ], [ -72.549810759983501, -36.261261554719503 ], [ -72.549888191636995, -36.261216342123397 ], [ -72.549900449305198, -36.261194521601197 ], [ -72.549912545195298, -36.261169130591298 ], [ -72.549946203897306, -36.261132371121199 ], [ -72.549975453775403, -36.261095741758297 ], [ -72.549973350306502, -36.261049316435802 ], [ -72.5499893706085, -36.261013081113397 ], [ -72.549988399759599, -36.260991653695498 ], [ -72.549986619920006, -36.2609523711454 ], [ -72.549984678269695, -36.260909517208702 ], [ -72.549954984171904, -36.260838879328404 ], [ -72.549914691804901, -36.2607292218391 ], [ -72.549847294426002, -36.260606065000601 ], [ -72.549692071386204, -36.260396119258097 ], [ -72.549579018669505, -36.260217512398803 ], [ -72.549575037841294, -36.2602112234446 ], [ -72.549477472923598, -36.260174407600502 ], [ -72.549301800006205, -36.260114068068198 ], [ -72.549092516213094, -36.2600428061739 ], [ -72.548737532513201, -36.259841773367697 ], [ -72.548383763494002, -36.2596675225995 ], [ -72.548241770645006, -36.259619591104197 ], [ -72.548138072552206, -36.259604791010602 ], [ -72.548138087690802, -36.259606820587003 ], [ -72.548144352450706, -36.260474759380699 ], [ -72.548112115991799, -36.2619567679128 ], [ -72.548067456197799, -36.263099427304802 ] ] ] } },
{ "type": "Feature", "properties": { "id": "monoparte.24", "Name": null, "description": null, "timestamp": null, "begin": null, "end": null, "altitudeMode": null, "tessellate": -1, "extrude": 0, "visibility": -1, "drawOrder": null, "icon": null, "REG": "Ñuble", "COM": "Quirihue", "LOC": "Quirihue", "ZONA": "ZE", "NOM": "ZE Zona de Equipamiento", "UPERM": "Equipamiento de todo tipo, excepto cementerio y crematorio.", "UPROH": "Todos los usos de suelo no mencionados como permitidos.", "P_DO": "30/06/2007", "N_DOC": "20", "T_DO": "Resolución", "OBS": null }, "geometry": { "type": "Polygon", "coordinates": [ [ [ -72.545187937423293, -36.269197488321403 ], [ -72.545949406237398, -36.269532483955501 ], [ -72.546638326557598, -36.268549480787001 ], [ -72.5458201611834, -36.268238239558798 ], [ -72.545187937423293, -36.269197488321403 ] ] ] } },
{ "type": "Feature", "properties": { "id": "monoparte.25", "Name": null, "description": null, "timestamp": null, "begin": null, "end": null, "altitudeMode": null, "tessellate": -1, "extrude": 0, "visibility": -1, "drawOrder": null, "icon": null, "REG": "Ñuble", "COM": "Quirihue", "LOC": "Quirihue", "ZONA": "ZE", "NOM": "ZE Zona de Equipamiento", "UPERM": "Equipamiento de todo tipo, excepto cementerio y crematorio.", "UPROH": "Todos los usos de suelo no mencionados como permitidos.", "P_DO": "30/06/2007", "N_DOC": "20", "T_DO": "Resolución", "OBS": null }, "geometry": { "type": "Polygon", "coordinates": [ [ [ -72.550752777887496, -36.260004793645699 ], [ -72.550696910290597, -36.260038637242502 ], [ -72.550321452113707, -36.260035492411198 ], [ -72.550020633612505, -36.260022976858203 ], [ -72.549911547950998, -36.2600362749277 ], [ -72.549953645669603, -36.260051786735303 ], [ -72.550185315358604, -36.260097350259301 ], [ -72.550274153171202, -36.260109013983303 ], [ -72.550340120409004, -36.260135661228801 ], [ -72.550430469681601, -36.260180655028897 ], [ -72.550515154014306, -36.2602305862872 ], [ -72.5507616037888, -36.260342460504901 ], [ -72.551230124134804, -36.260547859951501 ], [ -72.551451978738001, -36.260636624344897 ], [ -72.5515059724991, -36.260658858625398 ], [ -72.5515473445476, -36.260662396896898 ], [ -72.551595033681906, -36.2606737142629 ], [ -72.551947002773403, -36.260569458499198 ], [ -72.552056984767006, -36.260528044959202 ], [ -72.552113835156305, -36.260483442930699 ], [ -72.552150889762004, -36.260391749641101 ], [ -72.5521959816178, -36.260347497216202 ], [ -72.552213189093905, -36.260337449030096 ], [ -72.5522872967681, -36.260154062431297 ], [ -72.5522733734947, -36.258739537590102 ], [ -72.552136831854696, -36.2588479424819 ], [ -72.551930522396304, -36.259102010889897 ], [ -72.551757113313002, -36.259302653564198 ], [ -72.551650586061001, -36.2594202517067 ], [ -72.551504413634703, -36.2595724043979 ], [ -72.551426419816906, -36.2596700828392 ], [ -72.551399397480793, -36.259723333414001 ], [ -72.551372158212502, -36.2597718230748 ], [ -72.551291951978101, -36.259820695260402 ], [ -72.551210760151903, -36.259880324373597 ], [ -72.551137254841905, -36.2599146933862 ], [ -72.550948617081104, -36.259941757018296 ], [ -72.550830692152502, -36.259970293813602 ], [ -72.550752777887496, -36.260004793645699 ] ] ] } },
{ "type": "Feature", "properties": { "id": "monoparte.26", "Name": null, "description": null, "timestamp": null, "begin": null, "end": null, "altitudeMode": null, "tessellate": -1, "extrude": 0, "visibility": -1, "drawOrder": null, "icon": null, "REG": "Ñuble", "COM": "Quirihue", "LOC": "Quirihue", "ZONA": "ZE", "NOM": "ZE Zona de Equipamiento", "UPERM": "Equipamiento de todo tipo, excepto cementerio y crematorio.", "UPROH": "Todos los usos de suelo no mencionados como permitidos.", "P_DO": "30/06/2007", "N_DOC": "20", "T_DO": "Resolución", "OBS": null }, "geometry": { "type": "Polygon", "coordinates": [ [ [ -72.549914691804901, -36.2607292218391 ], [ -72.549954984171904, -36.260838879328404 ], [ -72.549984678269695, -36.260909517208702 ], [ -72.549986619920006, -36.2609523711454 ], [ -72.549988399759599, -36.260991653695498 ], [ -72.5499893706085, -36.261013081113397 ], [ -72.549973350306502, -36.261049316435802 ], [ -72.549975453775403, -36.261095741758297 ], [ -72.549946203897306, -36.261132371121199 ], [ -72.549912545195298, -36.261169130591298 ], [ -72.549900449305198, -36.261194521601197 ], [ -72.549888191636995, -36.261216342123397 ], [ -72.549810759983501, -36.261261554719503 ], [ -72.549524741431, -36.261380909361598 ], [ -72.549403861003, -36.261441716582503 ], [ -72.549326752365801, -36.261494070767903 ], [ -72.549276425436801, -36.261552781581003 ], [ -72.549255833068301, -36.261585577363398 ], [ -72.549258906825997, -36.261653430150602 ], [ -72.549279295516499, -36.261713616096898 ], [ -72.5493089893762, -36.2617842532526 ], [ -72.549419266926094, -36.262074206667897 ], [ -72.549514052691094, -36.262314556241201 ], [ -72.549553051206104, -36.262395645430502 ], [ -72.549658460418698, -36.263130356388103 ], [ -72.548936585533994, -36.263375899445698 ], [ -72.548464791022695, -36.263537688813301 ], [ -72.548617742543499, -36.263706393883297 ], [ -72.548622883758995, -36.263712064524903 ], [ -72.548624874350494, -36.263707474102098 ], [ -72.548655251802103, -36.263646972035303 ], [ -72.548732997121505, -36.2635761227573 ], [ -72.548879349084004, -36.263476415131599 ], [ -72.549026374753694, -36.263391587681497 ], [ -72.549228252594503, -36.263299170908297 ], [ -72.549445368039002, -36.263218219893602 ], [ -72.5496521328119, -36.263152476423798 ], [ -72.549837522675006, -36.263102268151897 ], [ -72.5499817691407, -36.263086060917601 ], [ -72.550069019130902, -36.2630626082356 ], [ -72.550139621413095, -36.263038815890503 ], [ -72.550162190793401, -36.263017166432299 ], [ -72.550167606464001, -36.262980768699002 ], [ -72.550166290298307, -36.262951723418603 ], [ -72.550120439644203, -36.262823397884802 ], [ -72.549990895713407, -36.262563102185901 ], [ -72.549921808039798, -36.2623896937952 ], [ -72.549917731006602, -36.262351671580198 ], [ -72.549917407367204, -36.262344528808697 ], [ -72.549916005013003, -36.262313578598302 ], [ -72.549915681374301, -36.262306435826702 ], [ -72.549921356033906, -36.262275751954803 ], [ -72.549949167330794, -36.262213895909497 ], [ -72.550045398541002, -36.262050832732498 ], [ -72.550145188654994, -36.2619143639889 ], [ -72.550187909143304, -36.261817734605899 ], [ -72.550205429729303, -36.261788606156699 ], [ -72.550252768141505, -36.261689932929201 ], [ -72.550284872596905, -36.261566918749097 ], [ -72.550306405881201, -36.261522413862203 ], [ -72.550324011531998, -36.261495189452198 ], [ -72.550330290150796, -36.261477838199298 ], [ -72.550342156948005, -36.261427899044598 ], [ -72.550404813997403, -36.261355470758502 ], [ -72.550467902462202, -36.261292565236801 ], [ -72.550515045882506, -36.261241577598597 ], [ -72.550558262804401, -36.261207870396198 ], [ -72.550585016901195, -36.261174653391699 ], [ -72.550668951198006, -36.261062495909599 ], [ -72.550728047102496, -36.260963472144802 ], [ -72.5507723212462, -36.260901126596401 ], [ -72.550831395338605, -36.260853598285003 ], [ -72.550867901889305, -36.260827719471003 ], [ -72.550907104726505, -36.260809389533598 ], [ -72.550946826566502, -36.260802487256001 ], [ -72.550988249166295, -36.260795920952098 ], [ -72.550991250451702, -36.2607954451951 ], [ -72.551046407552505, -36.260796240200499 ], [ -72.551001709353898, -36.260778744536999 ], [ -72.550877748545204, -36.260722829642297 ], [ -72.550821280778194, -36.260694708287303 ], [ -72.550637312047201, -36.260613757587898 ], [ -72.550505598562594, -36.260549132683302 ], [ -72.550351161887704, -36.2604702826006 ], [ -72.550181354178505, -36.260376990554299 ], [ -72.549958988678796, -36.2603418782411 ], [ -72.549795148022298, -36.260299067918098 ], [ -72.549579018669505, -36.260217512398803 ], [ -72.549692071386204, -36.260396119258097 ], [ -72.549847294426002, -36.260606065000601 ], [ -72.549914691804901, -36.2607292218391 ] ] ] } },
{ "type": "Feature", "properties": { "id": "monoparte.27", "Name": null, "description": null, "timestamp": null, "begin": null, "end": null, "altitudeMode": null, "tessellate": -1, "extrude": 0, "visibility": -1, "drawOrder": null, "icon": null, "REG": "Ñuble", "COM": "Quirihue", "LOC": "Quirihue", "ZONA": "ZE", "NOM": "ZE Zona de Equipamiento", "UPERM": "Equipamiento de todo tipo, excepto cementerio y crematorio.", "UPROH": "Todos los usos de suelo no mencionados como permitidos.", "P_DO": "30/06/2007", "N_DOC": "20", "T_DO": "Resolución", "OBS": null }, "geometry": { "type": "Polygon", "coordinates": [ [ [ -72.551453189424905, -36.261089366501103 ], [ -72.551357149329206, -36.261113677035397 ], [ -72.551346932967107, -36.261113636559301 ], [ -72.551345390819606, -36.261114026599003 ], [ -72.551239399059099, -36.261113602236598 ], [ -72.551137330435793, -36.261102332576897 ], [ -72.551074787579495, -36.261086311689802 ], [ -72.551041770108498, -36.2610846252161 ], [ -72.551021859349007, -36.261120068976197 ], [ -72.550993744035395, -36.261181696412301 ], [ -72.550927397599295, -36.261276643311398 ], [ -72.550890463529498, -36.261338532863299 ], [ -72.550851747994002, -36.2613611399292 ], [ -72.550778888543903, -36.261409793431397 ], [ -72.550712057266296, -36.261494026950302 ], [ -72.550686893799806, -36.261523382638998 ], [ -72.550641625161902, -36.2615962475301 ], [ -72.550602383612798, -36.261704693403701 ], [ -72.550587334525702, -36.261762356198503 ], [ -72.550550560715493, -36.261827817085297 ], [ -72.550486318188604, -36.261969189046503 ], [ -72.550429924316902, -36.262088872344002 ], [ -72.550297229708903, -36.262278767389702 ], [ -72.550272066962904, -36.262308122977302 ], [ -72.550273847033594, -36.262347405506198 ], [ -72.550283636723606, -36.262368569919701 ], [ -72.550363254856094, -36.262566458791603 ], [ -72.550469491631006, -36.262767131740397 ], [ -72.550511728126395, -36.262919642809301 ], [ -72.550512295789801, -36.262926743184202 ], [ -72.551410211644097, -36.262771352170901 ], [ -72.551641058278705, -36.262734873881897 ], [ -72.551675018421506, -36.262729507705302 ], [ -72.5518515670787, -36.262727834657497 ], [ -72.552314421552197, -36.262710495386102 ], [ -72.552686128086094, -36.262692505175501 ], [ -72.552685979406306, -36.2626922933499 ], [ -72.552241354013503, -36.262040384667998 ], [ -72.552241559308797, -36.262034017284599 ], [ -72.5522410301663, -36.262033241914203 ], [ -72.552282686615996, -36.260738164091102 ], [ -72.552124209184598, -36.260794065891702 ], [ -72.5520119885295, -36.260851041999601 ], [ -72.551889815904801, -36.260883282360503 ], [ -72.551653641387205, -36.2609332159183 ], [ -72.551629125970194, -36.260976856398301 ], [ -72.551599554274503, -36.261006343328802 ], [ -72.551543686439402, -36.261040188236699 ], [ -72.551453189424905, -36.261089366501103 ] ] ] } },
{ "type": "Feature", "properties": { "id": "monoparte.28", "Name": null, "description": null, "timestamp": null, "begin": null, "end": null, "altitudeMode": null, "tessellate": -1, "extrude": 0, "visibility": -1, "drawOrder": null, "icon": null, "REG": "Ñuble", "COM": "Quirihue", "LOC": "Quirihue", "ZONA": "ZE", "NOM": "ZE Zona de Equipamiento", "UPERM": "Equipamiento de todo tipo, excepto cementerio y crematorio.", "UPROH": "Todos los usos de suelo no mencionados como permitidos.", "P_DO": "30/06/2007", "N_DOC": "20", "T_DO": "Resolución", "OBS": null }, "geometry": { "type": "Polygon", "coordinates": [ [ [ -72.545736430382206, -36.274964078933102 ], [ -72.545792097952599, -36.275153145046197 ], [ -72.547020871821601, -36.273996102180199 ], [ -72.547015500233798, -36.273963935393198 ], [ -72.546979493869799, -36.273818985294298 ], [ -72.546945643153293, -36.273721651947902 ], [ -72.546940620373306, -36.273692001289398 ], [ -72.546939407301494, -36.273665217210102 ], [ -72.546933306274397, -36.273611759079799 ], [ -72.546926872442299, -36.273388451081097 ], [ -72.546912145463494, -36.273144530463298 ], [ -72.546899906596295, -36.273118073794102 ], [ -72.546748693384103, -36.272785825960497 ], [ -72.546547682291703, -36.272410357214298 ], [ -72.546434670036106, -36.272190214491303 ], [ -72.546352827572207, -36.272089536669 ], [ -72.546235430027707, -36.271935082998702 ], [ -72.546134216789298, -36.271812929156397 ], [ -72.5460791253183, -36.271734105267903 ], [ -72.545991265644702, -36.271581754121399 ], [ -72.545988975104507, -36.271531162501297 ], [ -72.546063584112403, -36.270903152052497 ], [ -72.546074511764502, -36.270819387573603 ], [ -72.546128867741203, -36.270719434344102 ], [ -72.546166330685793, -36.270652763059402 ], [ -72.546203118732905, -36.270571211435303 ], [ -72.546224091732498, -36.270546748374201 ], [ -72.546230767619207, -36.270531650712101 ], [ -72.546268633479201, -36.270473906574402 ], [ -72.546386581533, -36.270315446196697 ], [ -72.546521016422503, -36.270114775722902 ], [ -72.546564662561906, -36.270038384218097 ], [ -72.546580470354101, -36.269997387349903 ], [ -72.546596278131403, -36.269956390480303 ], [ -72.546552176575503, -36.269957699913803 ], [ -72.546486740875295, -36.269942954743797 ], [ -72.546460401454695, -36.2699393514512 ], [ -72.546059202348104, -36.270518377489203 ], [ -72.545887048054595, -36.270747582919199 ], [ -72.545613083779301, -36.271199136775401 ], [ -72.545362422394206, -36.271645230131398 ], [ -72.545260120621606, -36.2719867933546 ], [ -72.5452098176075, -36.272436475067003 ], [ -72.545309696034096, -36.273081954475202 ], [ -72.545736430382206, -36.274964078933102 ] ] ] } },
{ "type": "Feature", "properties": { "id": "monoparte.29", "Name": null, "description": null, "timestamp": null, "begin": null, "end": null, "altitudeMode": null, "tessellate": -1, "extrude": 0, "visibility": -1, "drawOrder": null, "icon": null, "REG": "Ñuble", "COM": "Quirihue", "LOC": "Quirihue", "ZONA": "ZPI-2", "NOM": "ZPI-1 Zona Productiva Industrial Molesta", "UPERM": "Equipamiento de todo tipo, excepto cárcel, cementerio y crematorio. Actividades productivas inofensivas y molestas de todo tipo.", "UPROH": "Todos los usos de suelo no mencionados como permitidos, expresamente el residencial.", "P_DO": "30/06/2007", "N_DOC": "20", "T_DO": "Resolución", "OBS": null }, "geometry": { "type": "Polygon", "coordinates": [ [ [ -72.551764814160805, -36.264332569695497 ], [ -72.551888446290107, -36.264328893668498 ], [ -72.5519627235944, -36.264279005226598 ], [ -72.552081878849705, -36.264180102423602 ], [ -72.552111111816103, -36.264045730123897 ], [ -72.5521085720586, -36.263859855406501 ], [ -72.552051819237604, -36.263646984105897 ], [ -72.551994852029694, -36.263429351785803 ], [ -72.5518321028961, -36.263086129911997 ], [ -72.551684351854803, -36.2628139802869 ], [ -72.551641058278705, -36.262734873881897 ], [ -72.551410211644097, -36.262771352170901 ], [ -72.550512295789801, -36.262926743184202 ], [ -72.550512051826701, -36.262926785575601 ], [ -72.550514805401605, -36.262961227652603 ], [ -72.550515246688306, -36.262966742364299 ], [ -72.550511632477097, -36.263016912892901 ], [ -72.550513682465507, -36.263062147711999 ], [ -72.550514006167603, -36.263069290478001 ], [ -72.550497985773703, -36.2631055258706 ], [ -72.550464876369901, -36.263154957502401 ], [ -72.550462141885504, -36.2631590393555 ], [ -72.5504713933978, -36.263168299999101 ], [ -72.550496637342803, -36.2632056930616 ], [ -72.550550093272506, -36.263216024874097 ], [ -72.550702505378794, -36.263266326065398 ], [ -72.550855025579395, -36.263319007971901 ], [ -72.551015906775504, -36.263426272488097 ], [ -72.551124762573806, -36.263489788530897 ], [ -72.551203088007199, -36.263659106523797 ], [ -72.551250961877102, -36.263741123299503 ], [ -72.551281063926396, -36.263885651219503 ], [ -72.551411038022195, -36.263960457988901 ], [ -72.551631473847905, -36.264082639933399 ], [ -72.551677165042506, -36.264181408504101 ], [ -72.5517416826752, -36.2643058408947 ], [ -72.551760285234195, -36.264332704354302 ], [ -72.551764814160805, -36.264332569695497 ] ] ] } },
{ "type": "Feature", "properties": { "id": "monoparte.30", "Name": null, "description": null, "timestamp": null, "begin": null, "end": null, "altitudeMode": null, "tessellate": -1, "extrude": 0, "visibility": -1, "drawOrder": null, "icon": null, "REG": "Ñuble", "COM": "Quirihue", "LOC": "Quirihue", "ZONA": "ZPI-2", "NOM": "ZPI-1 Zona Productiva Industrial Molesta", "UPERM": "Equipamiento de todo tipo, excepto cárcel, cementerio y crematorio. Actividades productivas inofensivas y molestas de todo tipo.", "UPROH": "Todos los usos de suelo no mencionados como permitidos, expresamente el residencial.", "P_DO": "30/06/2007", "N_DOC": "20", "T_DO": "Resolución", "OBS": null }, "geometry": { "type": "Polygon", "coordinates": [ [ [ -72.548986591179698, -36.263748698818901 ], [ -72.548937570939799, -36.263803795403199 ], [ -72.548913600029607, -36.2638432474184 ], [ -72.548847687970706, -36.263931624441703 ], [ -72.548813636109102, -36.263992235715001 ], [ -72.548801909158101, -36.264043840196202 ], [ -72.548801363672197, -36.264046240531698 ], [ -72.548811139147503, -36.264099589444399 ], [ -72.548827725478702, -36.264140816266902 ], [ -72.548870575754904, -36.264193182570203 ], [ -72.548921991438604, -36.264280360738901 ], [ -72.548922392829596, -36.264281042608303 ], [ -72.548921615724794, -36.264345135359498 ], [ -72.548913422262899, -36.264407959038898 ], [ -72.548897070877501, -36.2644531441073 ], [ -72.548857556122201, -36.264555637263697 ], [ -72.548850804772201, -36.264637844340101 ], [ -72.548850441082706, -36.264642268398198 ], [ -72.548859408925097, -36.264677761221101 ], [ -72.548887963790705, -36.264739493143701 ], [ -72.548946861777594, -36.264821182464203 ], [ -72.548997870486701, -36.264891186394799 ], [ -72.549029965216604, -36.264949832494899 ], [ -72.549059733701796, -36.2650383475181 ], [ -72.549081945787094, -36.265131048874402 ], [ -72.549082421768603, -36.265133033220799 ], [ -72.549079521906705, -36.265231458869401 ], [ -72.549072262449101, -36.265383465942001 ], [ -72.549071968316397, -36.265389621518501 ], [ -72.549095769373693, -36.265427654220602 ], [ -72.549166973779506, -36.265537288181903 ], [ -72.549281230984207, -36.265703752213298 ], [ -72.549300683502594, -36.265727013716898 ], [ -72.549309651752793, -36.265762507382398 ], [ -72.5493196975725, -36.265821808520002 ], [ -72.549336689121901, -36.265871963242098 ], [ -72.549342049155996, -36.265917305166603 ], [ -72.549342657018201, -36.265922445510199 ], [ -72.549323690354001, -36.266056195036398 ], [ -72.549323135384299, -36.266060104883302 ], [ -72.549331967718004, -36.266092621970998 ], [ -72.549362985673099, -36.2661274604596 ], [ -72.549481222269904, -36.266219306035403 ], [ -72.549604077701304, -36.266331874912503 ], [ -72.549640658358996, -36.266408267576203 ], [ -72.549673833079098, -36.266490720858997 ], [ -72.549677689843506, -36.266575833000303 ], [ -72.549678013510999, -36.266582975768699 ], [ -72.549681870293, -36.2666680879083 ], [ -72.549682193961999, -36.266675230676498 ], [ -72.549662168111396, -36.266720525932897 ], [ -72.549646085407403, -36.2667716634325 ], [ -72.549641263753699, -36.266908886010199 ], [ -72.549629797217193, -36.266976986105199 ], [ -72.5496296658131, -36.266977769401997 ], [ -72.5496392522804, -36.267111585916098 ], [ -72.549639678557199, -36.267117530867502 ], [ -72.549622854422097, -36.267314709721397 ], [ -72.549600737335794, -36.267476285728002 ], [ -72.5495862727484, -36.267563135264702 ], [ -72.549582159981796, -36.267634776833802 ], [ -72.549551107728604, -36.267680399732903 ], [ -72.549522213058395, -36.267773637480801 ], [ -72.549477271209199, -36.267837552259302 ], [ -72.549351646564105, -36.267988793861903 ], [ -72.549320324338296, -36.268028464406299 ], [ -72.549302759022893, -36.2680468664011 ], [ -72.549173695256897, -36.268122220642098 ], [ -72.549068333576301, -36.2681521712585 ], [ -72.548962163907007, -36.268164265723101 ], [ -72.548950403198702, -36.268164615142403 ], [ -72.548870288368207, -36.268166995382202 ], [ -72.548774333665605, -36.268160906125601 ], [ -72.548762574066501, -36.268161255493403 ], [ -72.548686133889902, -36.268163526438499 ], [ -72.548642169363006, -36.268167812260202 ], [ -72.548616714128002, -36.2681745288074 ], [ -72.548573692209203, -36.268199646381099 ], [ -72.548531074719904, -36.2682336919598 ], [ -72.548515396604202, -36.2682937573407 ], [ -72.548507202667096, -36.268356580999502 ], [ -72.548505110067097, -36.268472861809101 ], [ -72.548499478746194, -36.268592228354599 ], [ -72.548468121236596, -36.2687123591447 ], [ -72.548410902613398, -36.268830278459099 ], [ -72.548403725080107, -36.268845343379198 ], [ -72.548400822223797, -36.268851437690202 ], [ -72.548434436008094, -36.268862358889599 ], [ -72.548492156838805, -36.268868850781402 ], [ -72.548566002942394, -36.268858450413099 ], [ -72.548657473728994, -36.268846792959103 ], [ -72.548667575099202, -36.2688466550483 ], [ -72.548669233432193, -36.268846443595997 ], [ -72.549040680948707, -36.268841368173298 ], [ -72.549157304558307, -36.268897502647697 ], [ -72.549232693070195, -36.268936982178303 ], [ -72.549308505529694, -36.269034558365398 ], [ -72.549339929314002, -36.269078324792403 ], [ -72.549357191482997, -36.269134431756299 ], [ -72.5493755325016, -36.269214346141403 ], [ -72.549418890917096, -36.269359076158104 ], [ -72.549496437786104, -36.269446171231898 ], [ -72.549505016728304, -36.269451943299401 ], [ -72.549507574879897, -36.269446739514002 ], [ -72.549555948010806, -36.269348328588698 ], [ -72.549654624762496, -36.269083158369703 ], [ -72.549695062182707, -36.269039998374303 ], [ -72.549757034853201, -36.268952333494198 ], [ -72.549835126565398, -36.268856560524597 ], [ -72.549855970092906, -36.268796818133502 ], [ -72.549863393218303, -36.268752732634603 ], [ -72.549877699697603, -36.268704627605999 ], [ -72.549896623471696, -36.268654477872801 ], [ -72.549910842515402, -36.268604468857497 ], [ -72.549914425116995, -36.268579568714998 ], [ -72.549905642765793, -36.268541686368799 ], [ -72.549902190053601, -36.268465501382302 ], [ -72.5498858976798, -36.268365858492103 ], [ -72.549877719561806, -36.268341307861803 ], [ -72.549854738963305, -36.268301939976901 ], [ -72.549851092975899, -36.268273440592097 ], [ -72.549827421868002, -36.268218835160802 ], [ -72.549806296585999, -36.268116475104101 ], [ -72.549792464371805, -36.268071113785403 ], [ -72.549791946491595, -36.2680596860802 ], [ -72.549793004150104, -36.268031046910401 ], [ -72.549796370530501, -36.267897443787497 ], [ -72.549804763867101, -36.267822814234897 ], [ -72.549811927995805, -36.267773013984304 ], [ -72.549827290960195, -36.267696270725899 ], [ -72.549841942549506, -36.267655783574597 ], [ -72.549845092491196, -36.267621360677303 ], [ -72.549847639377404, -36.267573606023802 ], [ -72.549856183383497, -36.267554279985802 ], [ -72.549875452223603, -36.267511749032998 ], [ -72.549926936453204, -36.267400556301403 ], [ -72.549948125958494, -36.267348431744701 ], [ -72.549952140125995, -36.2673330552878 ], [ -72.549977341400805, -36.267057671133202 ], [ -72.550006729372598, -36.266770720350003 ], [ -72.550021639719205, -36.2667359479385 ], [ -72.550052753994606, -36.266694972406299 ], [ -72.550100181340795, -36.266598203147801 ], [ -72.550120852697205, -36.266534651768801 ], [ -72.5501156519462, -36.2664718693065 ], [ -72.550132762500297, -36.266381722594097 ], [ -72.550137142531, -36.266322470356499 ], [ -72.550125922855202, -36.266282752067298 ], [ -72.5500760993894, -36.266066813972003 ], [ -72.550032922286405, -36.265789647868303 ], [ -72.550012833514401, -36.265502259964897 ], [ -72.550018184899301, -36.265412462729103 ], [ -72.550006273915102, -36.2653575087025 ], [ -72.549974943903507, -36.265289781195797 ], [ -72.549944390682498, -36.265239194340602 ], [ -72.549875603737405, -36.265176394912899 ], [ -72.549803082599198, -36.265083190279 ], [ -72.549767308374598, -36.2650213163259 ], [ -72.549762453293098, -36.264966151688597 ], [ -72.549771795942206, -36.264912473528703 ], [ -72.549797343246794, -36.264852591369198 ], [ -72.549831564849299, -36.264776240073701 ], [ -72.549845870868097, -36.264728135961903 ], [ -72.549894505746906, -36.264658031169397 ], [ -72.549939644386001, -36.264614732325597 ], [ -72.549997427023101, -36.264538634993997 ], [ -72.550040408893096, -36.2644477194305 ], [ -72.550043299812998, -36.264407582670501 ], [ -72.550050895225993, -36.264367306098997 ], [ -72.550067638469898, -36.264321036115199 ], [ -72.550065416359601, -36.264220020845997 ], [ -72.550067488046196, -36.264057848407703 ], [ -72.550087639975104, -36.263982869371901 ], [ -72.550126348589998, -36.263901617295403 ], [ -72.550234578314502, -36.263795412858599 ], [ -72.550316742149903, -36.263737662006299 ], [ -72.550397934679197, -36.263710455197803 ], [ -72.550473194816504, -36.263708218337499 ], [ -72.550646002832707, -36.263727875685603 ], [ -72.550758179846795, -36.263760778115 ], [ -72.550780123472506, -36.2637772904963 ], [ -72.550810072237894, -36.263814543631902 ], [ -72.550876314577394, -36.263925098948697 ], [ -72.550944821895797, -36.264033679410602 ], [ -72.551042954390894, -36.264120399555601 ], [ -72.551103822308207, -36.2641643625036 ], [ -72.551233932425305, -36.264229154056899 ], [ -72.551351950433002, -36.264280069567 ], [ -72.551366587220997, -36.2642863840438 ], [ -72.551351124435797, -36.264250582654199 ], [ -72.550977607145597, -36.264047127634498 ], [ -72.550977283389699, -36.2640399848733 ], [ -72.550976258245001, -36.264017367928801 ], [ -72.550934956578004, -36.263836817132798 ], [ -72.550911963422607, -36.2638166408506 ], [ -72.550860326815894, -36.263684076200001 ], [ -72.550810801113201, -36.263646809417097 ], [ -72.550780189378401, -36.263620899245801 ], [ -72.550715560187399, -36.2635751404313 ], [ -72.550643446213698, -36.263526624342497 ], [ -72.5505468228789, -36.263505656790201 ], [ -72.550397404281298, -36.263456457602601 ], [ -72.550296836906099, -36.263429646742303 ], [ -72.550273709185305, -36.263406494617101 ], [ -72.550239153587697, -36.263374742089503 ], [ -72.550185549318002, -36.2633286553123 ], [ -72.550174839409294, -36.263329907974402 ], [ -72.550083059711596, -36.263340641241697 ], [ -72.549849492804995, -36.263383341542301 ], [ -72.549606384387104, -36.263459105345298 ], [ -72.549414722166901, -36.263533340048902 ], [ -72.549175827632695, -36.263620897534999 ], [ -72.548986591179698, -36.263748698818901 ] ] ] } },
{ "type": "Feature", "properties": { "id": "monoparte.31", "Name": null, "description": null, "timestamp": null, "begin": null, "end": null, "altitudeMode": null, "tessellate": -1, "extrude": 0, "visibility": -1, "drawOrder": null, "icon": null, "REG": "Ñuble", "COM": "Quirihue", "LOC": "Quirihue", "ZONA": "ZPI-2", "NOM": "ZPI-1 Zona Productiva Industrial Molesta", "UPERM": "Equipamiento de todo tipo, excepto cárcel, cementerio y crematorio. Actividades productivas inofensivas y molestas de todo tipo.", "UPROH": "Todos los usos de suelo no mencionados como permitidos, expresamente el residencial.", "P_DO": "30/06/2007", "N_DOC": "20", "T_DO": "Resolución", "OBS": null }, "geometry": { "type": "Polygon", "coordinates": [ [ [ -72.547314039901806, -36.2738029826114 ], [ -72.547315479304103, -36.273808990288302 ], [ -72.548036567247294, -36.273075888710402 ], [ -72.548540752506696, -36.272559321445797 ], [ -72.548471935816494, -36.272473277472699 ], [ -72.548429533869907, -36.272421136634001 ], [ -72.548360049750599, -36.272343098255703 ], [ -72.548306944707406, -36.272262666684902 ], [ -72.548286314931801, -36.272223228687402 ], [ -72.548265341159805, -36.272176172774401 ], [ -72.548242705184506, -36.272144422494698 ], [ -72.548197088210301, -36.272073304940399 ], [ -72.548151471282097, -36.272002186463702 ], [ -72.548124216786803, -36.271972481736697 ], [ -72.548101667230597, -36.2719426363427 ], [ -72.548067443818994, -36.271915045193502 ], [ -72.548064746192594, -36.271907496293203 ], [ -72.548047505629, -36.271890843767501 ], [ -72.548032616439201, -36.271874121393502 ], [ -72.5480203374686, -36.271863043032099 ], [ -72.547995436620397, -36.271833267458703 ], [ -72.547950940574097, -36.271786909279697 ], [ -72.547947726434501, -36.271767933521602 ], [ -72.547908584094301, -36.271631778098097 ], [ -72.547917388939098, -36.271618166886398 ], [ -72.547921402507995, -36.271602789605801 ], [ -72.547935906089094, -36.2715069999511 ], [ -72.547962146783902, -36.271462354703701 ], [ -72.547999975041094, -36.271413552092802 ], [ -72.548019504531794, -36.271376735214197 ], [ -72.548049564411798, -36.271364399216402 ], [ -72.548106296287799, -36.271316941638801 ], [ -72.548171745408894, -36.271253967024499 ], [ -72.548276231492807, -36.271168854039203 ], [ -72.548313629067806, -36.271110527614397 ], [ -72.548352601340198, -36.271034989754099 ], [ -72.548377806235905, -36.270967489899498 ], [ -72.548392371688095, -36.270925098882302 ], [ -72.548397788426399, -36.270888701192597 ], [ -72.548401457858802, -36.270865705990403 ], [ -72.548405385043793, -36.270848424679599 ], [ -72.548414275983703, -36.270836717458998 ], [ -72.548425431952495, -36.270823035467103 ], [ -72.548431130183801, -36.270740857024499 ], [ -72.548439933735906, -36.270727245816097 ], [ -72.548499385109807, -36.270635841470401 ], [ -72.548556741718102, -36.270550221778997 ], [ -72.548613580411796, -36.270453173450797 ], [ -72.548648020933598, -36.270381584201402 ], [ -72.548664594549805, -36.270331505363899 ], [ -72.548668262779501, -36.270308510190503 ], [ -72.548678900874194, -36.270283400465701 ], [ -72.548709673058795, -36.270234806377303 ], [ -72.548717095793094, -36.270190720948101 ], [ -72.5487277349701, -36.270165611187302 ], [ -72.548738459337599, -36.270142406377801 ], [ -72.548755722089197, -36.270107564217398 ], [ -72.548781530436699, -36.270053396037902 ], [ -72.548784681966296, -36.270018973115697 ], [ -72.548860294015498, -36.269920413635099 ], [ -72.548909363091795, -36.269859833693303 ], [ -72.548933424019793, -36.269819067080398 ], [ -72.548947018488604, -36.2698072200767 ], [ -72.549015940096695, -36.269768936442901 ], [ -72.549168585710504, -36.269707185497097 ], [ -72.549273132838493, -36.269675470400998 ], [ -72.549281937245695, -36.269661859110201 ], [ -72.549285463854801, -36.2696401629115 ], [ -72.549287095407294, -36.269630127402401 ], [ -72.549264598868106, -36.269608615178399 ], [ -72.549187591456999, -36.269533423665003 ], [ -72.549118742733498, -36.269475869745797 ], [ -72.549076868054399, -36.269363875040099 ], [ -72.549057853093899, -36.269269081174897 ], [ -72.549040995628602, -36.269221902171203 ], [ -72.549024677543102, -36.269186626881101 ], [ -72.549001008979403, -36.269151570882798 ], [ -72.548970530324297, -36.269128636056799 ], [ -72.548925620315401, -36.269112090312099 ], [ -72.548913860575695, -36.269112439702702 ], [ -72.548705117661299, -36.269118641415403 ], [ -72.548264142353503, -36.2691388938958 ], [ -72.548180255301403, -36.269236744618901 ], [ -72.548107480795593, -36.269319962226398 ], [ -72.548026884464804, -36.2693604995995 ], [ -72.547870710469994, -36.269422354790002 ], [ -72.547771610935698, -36.269444369441203 ], [ -72.547720415524196, -36.269484034268103 ], [ -72.547651795416499, -36.269528983951197 ], [ -72.547520004131798, -36.269609185757602 ], [ -72.547387995796399, -36.269684625610402 ], [ -72.547222431627304, -36.269799205201302 ], [ -72.546951025824896, -36.269916928432302 ], [ -72.546923349421604, -36.269955893644699 ], [ -72.546908943380203, -36.2700278408199 ], [ -72.546881914940201, -36.270081091563902 ], [ -72.546867293210894, -36.270148276878999 ], [ -72.546817821821406, -36.270226033524899 ], [ -72.546752650413396, -36.270347167973199 ], [ -72.546618856138295, -36.270513251591296 ], [ -72.546497684858707, -36.270698032424399 ], [ -72.546431650190797, -36.270800120203099 ], [ -72.546400681018397, -36.270896399493402 ], [ -72.546379904339602, -36.2710877350667 ], [ -72.546363282260302, -36.271240803003103 ], [ -72.546333331479005, -36.271489627367799 ], [ -72.546330051336597, -36.271531727254398 ], [ -72.546361488265305, -36.271591301785499 ], [ -72.5464178602966, -36.271665915741998 ], [ -72.546544090893093, -36.271852886504703 ], [ -72.546686021240205, -36.271996479310197 ], [ -72.546794396550396, -36.272179212587901 ], [ -72.547079023216099, -36.272710732551303 ], [ -72.547202218535901, -36.272993152411303 ], [ -72.547259064409005, -36.273110663461402 ], [ -72.547259387933593, -36.273117806240698 ], [ -72.547266073684099, -36.273265413778603 ], [ -72.547266397211104, -36.2732725565576 ], [ -72.547275998115396, -36.2736442315951 ], [ -72.547314039901806, -36.2738029826114 ] ] ] } },
{ "type": "Feature", "properties": { "id": "monoparte.32", "Name": null, "description": null, "timestamp": null, "begin": null, "end": null, "altitudeMode": null, "tessellate": -1, "extrude": 0, "visibility": -1, "drawOrder": null, "icon": null, "REG": "Ñuble", "COM": "Quirihue", "LOC": "Quirihue", "ZONA": "ZPI-2", "NOM": "ZPI-1 Zona Productiva Industrial Molesta", "UPERM": "Equipamiento de todo tipo, excepto cárcel, cementerio y crematorio. Actividades productivas inofensivas y molestas de todo tipo.", "UPROH": "Todos los usos de suelo no mencionados como permitidos, expresamente el residencial.", "P_DO": "30/06/2007", "N_DOC": "20", "T_DO": "Resolución", "OBS": null }, "geometry": { "type": "Polygon", "coordinates": [ [ [ -72.549986738832899, -36.269708738788303 ], [ -72.5500625331902, -36.269757145726103 ], [ -72.5501049818767, -36.269800583361999 ], [ -72.550220629602293, -36.269916345323097 ], [ -72.550328354912693, -36.270100882249103 ], [ -72.550414164868897, -36.270289050176402 ], [ -72.550448994753197, -36.270326754716102 ], [ -72.550486169979806, -36.2703310946439 ], [ -72.550489690279406, -36.270331505395099 ], [ -72.550537331685007, -36.270327108668198 ], [ -72.550591109586705, -36.270295710335603 ], [ -72.550643941980397, -36.270243480324197 ], [ -72.550934641177903, -36.269999421095797 ], [ -72.551109861875901, -36.269886932614298 ], [ -72.551619949812903, -36.2696929682525 ], [ -72.551771527574402, -36.269671616442103 ], [ -72.551780842517701, -36.2696703041793 ], [ -72.552129303608595, -36.269807451675398 ], [ -72.552399847359595, -36.269930524781699 ], [ -72.552541659154798, -36.2699739869973 ], [ -72.5527973678699, -36.2700945197736 ], [ -72.553171055713605, -36.2703009427292 ], [ -72.553430981240993, -36.270433269275898 ], [ -72.553514939025703, -36.270499311120197 ], [ -72.553660398033202, -36.270623122709097 ], [ -72.553806533746297, -36.270761813400703 ], [ -72.553984124739998, -36.270863808823499 ], [ -72.554128234729504, -36.270957860186499 ], [ -72.554337687440494, -36.271032086960403 ], [ -72.554480312480493, -36.271093401710701 ], [ -72.5545588401516, -36.271120864601599 ], [ -72.554601427095093, -36.2711672770359 ], [ -72.554606392700506, -36.271202547829901 ], [ -72.554606858813798, -36.271205855153198 ], [ -72.554605208843995, -36.271250603423802 ], [ -72.554588184420794, -36.271280909801199 ], [ -72.554567078933303, -36.271302398511303 ], [ -72.554524733864497, -36.271342397504 ], [ -72.554440340940801, -36.271347889486698 ], [ -72.554437892471398, -36.271347633471898 ], [ -72.554373782826502, -36.271340930076299 ], [ -72.554287770359394, -36.271310710084897 ], [ -72.554066616206597, -36.2712219310894 ], [ -72.553946716204194, -36.271174839118302 ], [ -72.553882348779794, -36.2711350347886 ], [ -72.553685572070805, -36.271015729998098 ], [ -72.553575617873193, -36.270944502291499 ], [ -72.553491525635707, -36.270875484801003 ], [ -72.553410837159305, -36.270800405676198 ], [ -72.553320983638201, -36.270727685020198 ], [ -72.553247397674596, -36.2706631230512 ], [ -72.553213867900496, -36.270637896901498 ], [ -72.553074952915296, -36.270560973410497 ], [ -72.552972505887595, -36.270509189486098 ], [ -72.5528425189936, -36.270434384268199 ], [ -72.552655699104903, -36.270339813941803 ], [ -72.552511336637906, -36.270272588287298 ], [ -72.552337573052, -36.270206235936101 ], [ -72.552099585868007, -36.270086962811597 ], [ -72.551829425774599, -36.269985332953098 ], [ -72.551778581442093, -36.269967773612002 ], [ -72.551766821610499, -36.269968123290099 ], [ -72.551743300835497, -36.269968822675899 ], [ -72.551702247719106, -36.269972427497898 ], [ -72.551618281879598, -36.270003531855401 ], [ -72.551297440624595, -36.270134653566899 ], [ -72.551082262267101, -36.270219722527003 ], [ -72.551003285837396, -36.270295973839502 ], [ -72.550887708323899, -36.270409073275502 ], [ -72.550769364026394, -36.270493646230499 ], [ -72.550544476331694, -36.270565891083002 ], [ -72.550532715283495, -36.270566240677702 ], [ -72.550426872507202, -36.270569386780203 ], [ -72.550308460384102, -36.270555026332197 ], [ -72.550249118897298, -36.27054487038 ], [ -72.550188968062301, -36.270516858397997 ], [ -72.550143248774106, -36.270482457140098 ], [ -72.550119039697904, -36.270435496818699 ], [ -72.550085321843497, -36.270341140153697 ], [ -72.5499640096793, -36.270100386925598 ], [ -72.549901431485097, -36.270018807654601 ], [ -72.549832312086593, -36.269955302800902 ], [ -72.549771893202404, -36.269921338237303 ], [ -72.549651323118198, -36.269859361378998 ], [ -72.549522324849406, -36.269773795366 ], [ -72.549349225587605, -36.269689539653498 ], [ -72.549287095407294, -36.269630127402401 ], [ -72.549285463854801, -36.2696401629115 ], [ -72.549281937245695, -36.269661859110201 ], [ -72.549273132838493, -36.269675470400998 ], [ -72.549168585710504, -36.269707185497097 ], [ -72.549015940096695, -36.269768936442901 ], [ -72.548947018488604, -36.2698072200767 ], [ -72.548933424019793, -36.269819067080398 ], [ -72.548909363091795, -36.269859833693303 ], [ -72.548860294015498, -36.269920413635099 ], [ -72.548784681966296, -36.270018973115697 ], [ -72.548781530436699, -36.270053396037902 ], [ -72.548755722089197, -36.270107564217398 ], [ -72.548738459337599, -36.270142406377801 ], [ -72.5487277349701, -36.270165611187302 ], [ -72.548717095793094, -36.270190720948101 ], [ -72.548709673058795, -36.270234806377303 ], [ -72.548678900874194, -36.270283400465701 ], [ -72.548668262779501, -36.270308510190503 ], [ -72.548664594549805, -36.270331505363899 ], [ -72.548648020933598, -36.270381584201402 ], [ -72.548613580411796, -36.270453173450797 ], [ -72.548556741718102, -36.270550221778997 ], [ -72.548499385109807, -36.270635841470401 ], [ -72.548439933735906, -36.270727245816097 ], [ -72.548431130183801, -36.270740857024499 ], [ -72.548425431952495, -36.270823035467103 ], [ -72.548414275983703, -36.270836717458998 ], [ -72.548405385043793, -36.270848424679599 ], [ -72.548401457858802, -36.270865705990403 ], [ -72.548397788426399, -36.270888701192597 ], [ -72.548392371688095, -36.270925098882302 ], [ -72.548377806235905, -36.270967489899498 ], [ -72.548352601340198, -36.271034989754099 ], [ -72.548313629067806, -36.271110527614397 ], [ -72.548276231492807, -36.271168854039203 ], [ -72.548171745408894, -36.271253967024499 ], [ -72.548106296287799, -36.271316941638801 ], [ -72.548049564411798, -36.271364399216402 ], [ -72.548019504531794, -36.271376735214197 ], [ -72.547999975041094, -36.271413552092802 ], [ -72.547962146783902, -36.271462354703701 ], [ -72.547935906089094, -36.2715069999511 ], [ -72.547921402507995, -36.271602789605801 ], [ -72.547917388939098, -36.271618166886398 ], [ -72.547908584094301, -36.271631778098097 ], [ -72.547947726434501, -36.271767933521602 ], [ -72.547950940574097, -36.271786909279697 ], [ -72.547995436620397, -36.271833267458703 ], [ -72.5480203374686, -36.271863043032099 ], [ -72.548032616439201, -36.271874121393502 ], [ -72.548047505629, -36.271890843767501 ], [ -72.548064746192594, -36.271907496293203 ], [ -72.548067443818994, -36.271915045193502 ], [ -72.548101667230597, -36.2719426363427 ], [ -72.548124216786803, -36.271972481736697 ], [ -72.548151471282097, -36.272002186463702 ], [ -72.548197088210301, -36.272073304940399 ], [ -72.548242705184506, -36.272144422494698 ], [ -72.548265341159805, -36.272176172774401 ], [ -72.548286314931801, -36.272223228687402 ], [ -72.548306944707406, -36.272262666684902 ], [ -72.548360049750599, -36.272343098255703 ], [ -72.548429533869907, -36.272421136634001 ], [ -72.548471935816494, -36.272473277472699 ], [ -72.548540752506696, -36.272559321445797 ], [ -72.548036567247294, -36.273075888710402 ], [ -72.547315479304103, -36.273808990288302 ], [ -72.547321221553602, -36.273832952072297 ], [ -72.547391150439907, -36.273914314347401 ], [ -72.547395303769505, -36.273917887927098 ], [ -72.547596282372098, -36.273730615991298 ], [ -72.547748955199793, -36.273851239980203 ], [ -72.548187420514196, -36.274106413886798 ], [ -72.548413600722895, -36.274224854227 ], [ -72.548547137963396, -36.274280486601199 ], [ -72.548614641197901, -36.274308280904798 ], [ -72.548682145589197, -36.274336075134499 ], [ -72.548786132086704, -36.274356825079998 ], [ -72.548898278839005, -36.2743952125292 ], [ -72.549068083554204, -36.274568965866699 ], [ -72.549244700592794, -36.274730596774802 ], [ -72.549262099149104, -36.274789679345197 ], [ -72.549290355676703, -36.274925918885899 ], [ -72.549334122643501, -36.2750795766568 ], [ -72.549406752456406, -36.275220456963197 ], [ -72.549486194153403, -36.275349215952403 ], [ -72.549546618387396, -36.275383179478297 ], [ -72.549613853149793, -36.2754050217413 ], [ -72.549853391270304, -36.275493261518399 ], [ -72.550003372844003, -36.275554363748299 ], [ -72.554861618338606, -36.273030658838202 ], [ -72.556491387986696, -36.272159670143701 ], [ -72.558567322633493, -36.271078691128302 ], [ -72.557124731490205, -36.2690690566277 ], [ -72.556339247344994, -36.267925256755603 ], [ -72.556325202729099, -36.267922279821803 ], [ -72.556299771645598, -36.2679168892438 ], [ -72.556125207612297, -36.2679106432157 ], [ -72.555938796570402, -36.267902843030001 ], [ -72.555860575281699, -36.267891821042099 ], [ -72.555805615791101, -36.267874385007502 ], [ -72.555757625793603, -36.267854834902799 ], [ -72.555689695407395, -36.2678110847217 ], [ -72.555594683481999, -36.2677414395136 ], [ -72.555501590705703, -36.267662201505303 ], [ -72.555436531651793, -36.267629808778999 ], [ -72.555354922138903, -36.267596002050503 ], [ -72.555234558258505, -36.267538554193699 ], [ -72.555090327759899, -36.267474188414198 ], [ -72.554983517879805, -36.267423489271899 ], [ -72.554868947906698, -36.2673315393656 ], [ -72.554580730177904, -36.266981029893898 ], [ -72.554396637442096, -36.266816649351902 ], [ -72.554281123863504, -36.266703867167301 ], [ -72.554218409360203, -36.266619314533102 ], [ -72.554067932743905, -36.266465852930899 ], [ -72.554014052971993, -36.266413816788798 ], [ -72.553712365855802, -36.266252933791399 ], [ -72.553255120563406, -36.266069857284997 ], [ -72.553098346459294, -36.266020881368703 ], [ -72.553063787388396, -36.265989128930897 ], [ -72.5530214743589, -36.265948667994898 ], [ -72.552856705899202, -36.265804569878902 ], [ -72.552694735340495, -36.2656410188509 ], [ -72.552612839867507, -36.265539154809701 ], [ -72.552516785262398, -36.265449632429799 ], [ -72.552436373621106, -36.265380504520003 ], [ -72.552353233351297, -36.265332317456902 ], [ -72.552185197753602, -36.265197255522899 ], [ -72.552055529247994, -36.265096811674503 ], [ -72.551950776387798, -36.2649777476609 ], [ -72.551797576269493, -36.264845223715703 ], [ -72.551647107890204, -36.2646917594721 ], [ -72.551483995433102, -36.264502909921603 ], [ -72.551421017070496, -36.264412403196502 ], [ -72.551366587220997, -36.2642863840438 ], [ -72.551351950433002, -36.264280069567 ], [ -72.551233932425305, -36.264229154056899 ], [ -72.551103822308207, -36.2641643625036 ], [ -72.551042954390894, -36.264120399555601 ], [ -72.550944821895797, -36.264033679410602 ], [ -72.550876314577394, -36.263925098948697 ], [ -72.550810072237894, -36.263814543631902 ], [ -72.550780123472506, -36.2637772904963 ], [ -72.550758179846795, -36.263760778115 ], [ -72.550646002832707, -36.263727875685603 ], [ -72.550473194816504, -36.263708218337499 ], [ -72.550397934679197, -36.263710455197803 ], [ -72.550316742149903, -36.263737662006299 ], [ -72.550234578314502, -36.263795412858599 ], [ -72.550126348589998, -36.263901617295403 ], [ -72.550087639975104, -36.263982869371901 ], [ -72.550067488046196, -36.264057848407703 ], [ -72.550065416359601, -36.264220020845997 ], [ -72.550067638469898, -36.264321036115199 ], [ -72.550050895225993, -36.264367306098997 ], [ -72.550043299812998, -36.264407582670501 ], [ -72.550040408893096, -36.2644477194305 ], [ -72.549997427023101, -36.264538634993997 ], [ -72.549939644386001, -36.264614732325597 ], [ -72.549894505746906, -36.264658031169397 ], [ -72.549845870868097, -36.264728135961903 ], [ -72.549831564849299, -36.264776240073701 ], [ -72.549797343246794, -36.264852591369198 ], [ -72.549771795942206, -36.264912473528703 ], [ -72.549762453293098, -36.264966151688597 ], [ -72.549767308374598, -36.2650213163259 ], [ -72.549803082599198, -36.265083190279 ], [ -72.549875603737405, -36.265176394912899 ], [ -72.549944390682498, -36.265239194340602 ], [ -72.549974943903507, -36.265289781195797 ], [ -72.550006273915102, -36.2653575087025 ], [ -72.550018184899301, -36.265412462729103 ], [ -72.550012833514401, -36.265502259964897 ], [ -72.550032922286405, -36.265789647868303 ], [ -72.5500760993894, -36.266066813972003 ], [ -72.550125922855202, -36.266282752067298 ], [ -72.550137142531, -36.266322470356499 ], [ -72.550132762500297, -36.266381722594097 ], [ -72.5501156519462, -36.2664718693065 ], [ -72.550120852697205, -36.266534651768801 ], [ -72.550100181340795, -36.266598203147801 ], [ -72.550052753994606, -36.266694972406299 ], [ -72.550021639719205, -36.2667359479385 ], [ -72.550006729372598, -36.266770720350003 ], [ -72.549977341400805, -36.267057671133202 ], [ -72.549952140125995, -36.2673330552878 ], [ -72.549948125958494, -36.267348431744701 ], [ -72.549926936453204, -36.267400556301403 ], [ -72.549875452223603, -36.267511749032998 ], [ -72.549856183383497, -36.267554279985802 ], [ -72.549847639377404, -36.267573606023802 ], [ -72.549845092491196, -36.267621360677303 ], [ -72.549841942549506, -36.267655783574597 ], [ -72.549827290960195, -36.267696270725899 ], [ -72.549811927995805, -36.267773013984304 ], [ -72.549804763867101, -36.267822814234897 ], [ -72.549796370530501, -36.267897443787497 ], [ -72.549793004150104, -36.268031046910401 ], [ -72.549791946491595, -36.2680596860802 ], [ -72.549792464371805, -36.268071113785403 ], [ -72.549806296585999, -36.268116475104101 ], [ -72.549827421868002, -36.268218835160802 ], [ -72.549851092975899, -36.268273440592097 ], [ -72.549854738963305, -36.268301939976901 ], [ -72.549877719561806, -36.268341307861803 ], [ -72.5498858976798, -36.268365858492103 ], [ -72.549902190053601, -36.268465501382302 ], [ -72.549905642765793, -36.268541686368799 ], [ -72.549914425116995, -36.268579568714998 ], [ -72.549910842515402, -36.268604468857497 ], [ -72.549896623471696, -36.268654477872801 ], [ -72.549877699697603, -36.268704627605999 ], [ -72.549863393218303, -36.268752732634603 ], [ -72.549855970092906, -36.268796818133502 ], [ -72.549835126565398, -36.268856560524597 ], [ -72.549757034853201, -36.268952333494198 ], [ -72.549695062182707, -36.269039998374303 ], [ -72.549654624762496, -36.269083158369703 ], [ -72.549555948010806, -36.269348328588698 ], [ -72.549507574879897, -36.269446739514002 ], [ -72.549505016728304, -36.269451943299401 ], [ -72.549640674935901, -36.269543204178298 ], [ -72.549877329149098, -36.2696494110779 ], [ -72.549986738832899, -36.269708738788303 ] ] ] } },
{ "type": "Feature", "properties": { "id": "monoparte.33", "Name": null, "description": null, "timestamp": null, "begin": null, "end": null, "altitudeMode": null, "tessellate": -1, "extrude": 0, "visibility": -1, "drawOrder": null, "icon": null, "REG": "Ñuble", "COM": "Quirihue", "LOC": "Quirihue", "ZONA": "ZPI-2", "NOM": "ZPI-1 Zona Productiva Industrial Molesta", "UPERM": "Equipamiento de todo tipo, excepto cárcel, cementerio y crematorio. Actividades productivas inofensivas y molestas de todo tipo.", "UPROH": "Todos los usos de suelo no mencionados como permitidos, expresamente el residencial.", "P_DO": "30/06/2007", "N_DOC": "20", "T_DO": "Resolución", "OBS": null }, "geometry": { "type": "Polygon", "coordinates": [ [ [ -72.552314421552197, -36.262710495386102 ], [ -72.5518515670787, -36.262727834657497 ], [ -72.551675018421506, -36.262729507705302 ], [ -72.551641058278705, -36.262734873881897 ], [ -72.551684351854803, -36.2628139802869 ], [ -72.5518321028961, -36.263086129911997 ], [ -72.551994852029694, -36.263429351785803 ], [ -72.552051819237604, -36.263646984105897 ], [ -72.5521085720586, -36.263859855406501 ], [ -72.552111111816103, -36.264045730123897 ], [ -72.552081878849705, -36.264180102423602 ], [ -72.5519627235944, -36.264279005226598 ], [ -72.551888446290107, -36.264328893668498 ], [ -72.551764814160805, -36.264332569695497 ], [ -72.551760285234195, -36.264332704354302 ], [ -72.551801533499301, -36.2643922686633 ], [ -72.551916460515002, -36.264524738602397 ], [ -72.552088972428805, -36.264693639430099 ], [ -72.552246354193599, -36.264853454308202 ], [ -72.552524353723499, -36.2650764338402 ], [ -72.552700696889303, -36.2651999240598 ], [ -72.552752941869599, -36.265248434179 ], [ -72.552830325837604, -36.265331955781498 ], [ -72.552935140073899, -36.265436116803997 ], [ -72.553039739811595, -36.265535517655103 ], [ -72.553105580044303, -36.265624149771298 ], [ -72.553249694819698, -36.2657509827648 ], [ -72.553310328755103, -36.265789706575397 ], [ -72.553471782609705, -36.265844503324701 ], [ -72.553664459926694, -36.2659126748242 ], [ -72.553883932545304, -36.266013423865203 ], [ -72.554224783108197, -36.266194001818 ], [ -72.554270069285494, -36.266218877926903 ], [ -72.554329276302298, -36.266291019603997 ], [ -72.554456726983403, -36.266439801311897 ], [ -72.554592565278696, -36.266578798576099 ], [ -72.554701187939997, -36.266701916695901 ], [ -72.5548170107065, -36.266789061266202 ], [ -72.554937718618206, -36.266918971872997 ], [ -72.555040678190096, -36.267047026438398 ], [ -72.555153106775407, -36.267189102929599 ], [ -72.555180647295998, -36.2672121235966 ], [ -72.555333502094896, -36.267271940981701 ], [ -72.555481125274696, -36.267346218629498 ], [ -72.555655099579596, -36.267417327578798 ], [ -72.555822001469593, -36.267540140629102 ], [ -72.555967616025896, -36.267634979461803 ], [ -72.556124480047799, -36.2676445287522 ], [ -72.556134902222993, -36.267645162754597 ], [ -72.556129796977203, -36.267637728976098 ], [ -72.556126298901304, -36.267632634177303 ], [ -72.5561199938345, -36.267623452079803 ], [ -72.554956787055602, -36.265929529617203 ], [ -72.554125890827294, -36.264745576671601 ], [ -72.552686128086094, -36.262692505175501 ], [ -72.552314421552197, -36.262710495386102 ] ] ] } },
{ "type": "Feature", "properties": { "id": "monoparte.34", "Name": null, "description": null, "timestamp": null, "begin": null, "end": null, "altitudeMode": null, "tessellate": -1, "extrude": 0, "visibility": -1, "drawOrder": null, "icon": null, "REG": "Ñuble", "COM": "Quirihue", "LOC": "Quirihue", "ZONA": "ZEXHMP", "NOM": "ZEXHMP Zona Extensión Habitacional Mixta Productiva", "UPERM": "Residencial. Equipamiento de todo tipo, excepto cárcel, cementerio y crematorio. Actividades productivas de almacenamiento y talleres inofensivas y molestas.", "UPROH": "Todos los usos de suelo no mencionados anteriormente y los señalados en el Artículo 23 de la Ordenanza.", "P_DO": "30/06/2007", "N_DOC": "20", "T_DO": "Resolución", "OBS": null }, "geometry": { "type": "Polygon", "coordinates": [ [ [ -72.5166143040219, -36.285362692860701 ], [ -72.5167031057467, -36.285661416213898 ], [ -72.517245550630506, -36.2855443610908 ], [ -72.517823944894701, -36.285414800557803 ], [ -72.518322521110505, -36.2852914036527 ], [ -72.518624847446205, -36.285204301269303 ], [ -72.519309228023602, -36.2849800655557 ], [ -72.519705010760106, -36.284823454917898 ], [ -72.520064223283399, -36.2847442090671 ], [ -72.520367144854504, -36.284670436394599 ], [ -72.520453504742306, -36.284652632632998 ], [ -72.520584905118895, -36.284641130209799 ], [ -72.521288147572093, -36.284574625307798 ], [ -72.522390029512493, -36.284464456834797 ], [ -72.5223973950512, -36.284463720605203 ], [ -72.523085053605797, -36.284369009083598 ], [ -72.522889814792805, -36.282124271885699 ], [ -72.524170819144501, -36.281800399695797 ], [ -72.525604293168399, -36.281462477642798 ], [ -72.525958582007306, -36.281352845339399 ], [ -72.526691024348196, -36.2811405002412 ], [ -72.527056561510406, -36.281019363350197 ], [ -72.527259650957902, -36.280952060108 ], [ -72.527545982480007, -36.280771956166802 ], [ -72.527771356326099, -36.2805459719401 ], [ -72.527881682155396, -36.280380601441401 ], [ -72.527992375987196, -36.280224840344601 ], [ -72.527992437747002, -36.2802247538229 ], [ -72.528077093798501, -36.2800124612655 ], [ -72.528126033282604, -36.2797916880466 ], [ -72.528168965945, -36.279437588390799 ], [ -72.528251475189904, -36.2791776789986 ], [ -72.528358794342793, -36.278945645448097 ], [ -72.528536684838997, -36.278711526060498 ], [ -72.528807381341295, -36.278446057515303 ], [ -72.529093700255203, -36.278265949596999 ], [ -72.529381733726794, -36.278123934820698 ], [ -72.529647961729907, -36.2780207082278 ], [ -72.529272324908206, -36.277393465665398 ], [ -72.529270293567095, -36.277390072917498 ], [ -72.529251685401405, -36.277369166381902 ], [ -72.529229386679603, -36.277331681699998 ], [ -72.529140358624701, -36.277250871808803 ], [ -72.529070691025595, -36.277207634282099 ], [ -72.528976168863807, -36.277200891398103 ], [ -72.528911373256406, -36.2772004216854 ], [ -72.528843421399401, -36.277195277804701 ], [ -72.528450936108797, -36.277331341352799 ], [ -72.528096623463995, -36.277570671079303 ], [ -72.527742737693202, -36.277819523763903 ], [ -72.527394426736194, -36.278192179046698 ], [ -72.527195584777203, -36.278484130458203 ], [ -72.526980938773406, -36.278948196668203 ], [ -72.526869145131997, -36.279342473945398 ], [ -72.526843296461195, -36.279553029226399 ], [ -72.526793494364696, -36.279754755237299 ], [ -72.526686169580699, -36.279986788569502 ], [ -72.526631219563399, -36.280074234854602 ], [ -72.526587174330999, -36.280142286887397 ], [ -72.526483888330205, -36.280202552389497 ], [ -72.524785058133205, -36.280662748480999 ], [ -72.522804767060407, -36.281150294302101 ], [ -72.522875913779998, -36.2816059238652 ], [ -72.520703960443896, -36.282022800547502 ], [ -72.519588352981401, -36.2822273291249 ], [ -72.516560362169002, -36.282732515508599 ], [ -72.516514065260097, -36.283131164965098 ], [ -72.516452412710294, -36.2838039338097 ], [ -72.516407032479506, -36.2844193895424 ], [ -72.516441252087503, -36.284551886314702 ], [ -72.516482854685705, -36.284691413651998 ], [ -72.5166143040219, -36.285362692860701 ] ] ] } },
{ "type": "Feature", "properties": { "id": "monoparte.35", "Name": null, "description": null, "timestamp": null, "begin": null, "end": null, "altitudeMode": null, "tessellate": -1, "extrude": 0, "visibility": -1, "drawOrder": null, "icon": null, "REG": "Ñuble", "COM": "Quirihue", "LOC": "Quirihue", "ZONA": "ZEXHMP", "NOM": "ZEXHMP Zona Extensión Habitacional Mixta Productiva", "UPERM": "Residencial. Equipamiento de todo tipo, excepto cárcel, cementerio y crematorio. Actividades productivas de almacenamiento y talleres inofensivas y molestas.", "UPROH": "Todos los usos de suelo no mencionados anteriormente y los señalados en el Artículo 23 de la Ordenanza.", "P_DO": "30/06/2007", "N_DOC": "20", "T_DO": "Resolución", "OBS": null }, "geometry": { "type": "Polygon", "coordinates": [ [ [ -72.547149430767007, -36.259603635392402 ], [ -72.5470922684638, -36.259608908886797 ], [ -72.547051112611598, -36.259610130892803 ], [ -72.547015564621503, -36.261263289233803 ], [ -72.546942511999305, -36.262965836435299 ], [ -72.546928288755197, -36.263529476102697 ], [ -72.548067456197799, -36.263099427304802 ], [ -72.548112115991799, -36.2619567679128 ], [ -72.548144352450706, -36.260474759380699 ], [ -72.548138087690802, -36.259606820587003 ], [ -72.548126314227602, -36.259605140245299 ], [ -72.5479166876503, -36.259580850914404 ], [ -72.547658833468105, -36.259542020834999 ], [ -72.547400656160704, -36.2594960482894 ], [ -72.547372729739294, -36.259496877557901 ], [ -72.547360970310095, -36.259497226749403 ], [ -72.547325855928307, -36.2595018456486 ], [ -72.547227024224398, -36.259561995916897 ], [ -72.547149430767007, -36.259603635392402 ] ] ] } },
{ "type": "Feature", "properties": { "id": "monoparte.36", "Name": null, "description": null, "timestamp": null, "begin": null, "end": null, "altitudeMode": null, "tessellate": -1, "extrude": 0, "visibility": -1, "drawOrder": null, "icon": null, "REG": "Ñuble", "COM": "Quirihue", "LOC": "Quirihue", "ZONA": "ZPU", "NOM": "ZPU Zona de Parcelas Urbanas", "UPERM": "Residencial. Equipamiento de todo tipo. Actividades productivas sólo almacenamiento y talleres inofensivos.", "UPROH": "Todos los usos de suelo no mencionados como permitidos, expresamente el residencial.", "P_DO": "30/06/2007", "N_DOC": "20", "T_DO": "Resolución", "OBS": null }, "geometry": { "type": "Polygon", "coordinates": [ [ [ -72.549570237999404, -36.304924669715099 ], [ -72.549469900974401, -36.304936592463498 ], [ -72.549344892648605, -36.304940308508002 ], [ -72.549219884299902, -36.304944024422099 ], [ -72.549124694340904, -36.304955793885803 ], [ -72.548847154299693, -36.305005762562402 ], [ -72.548499079546303, -36.305042927427102 ], [ -72.548334138755294, -36.305055710445501 ], [ -72.548481608246405, -36.306075369726003 ], [ -72.548953294483894, -36.305857521144603 ], [ -72.549209234796194, -36.305753363057903 ], [ -72.549634004707301, -36.305572665530804 ], [ -72.549660890146995, -36.305775695843799 ], [ -72.549651867557102, -36.305868939316397 ], [ -72.549473239522101, -36.305924312468399 ], [ -72.549340191336796, -36.306010515164402 ], [ -72.549028188751805, -36.306144947564398 ], [ -72.548746746804397, -36.306271319416197 ], [ -72.5485431990449, -36.306361761917799 ], [ -72.548576400541506, -36.306704067713902 ], [ -72.548558487241294, -36.307380456594501 ], [ -72.549557696881806, -36.308058080483598 ], [ -72.551303036940894, -36.309229159374198 ], [ -72.553202179387995, -36.310477879798498 ], [ -72.553505914314997, -36.3101613083264 ], [ -72.553948341565999, -36.309688272312897 ], [ -72.554757849418806, -36.308834552373497 ], [ -72.554931283665894, -36.308643031292704 ], [ -72.554922650396506, -36.308610479284297 ], [ -72.554890530691296, -36.308551836350503 ], [ -72.554814423469594, -36.308497483645198 ], [ -72.554747969774695, -36.308493501861001 ], [ -72.554637393225605, -36.3084908336483 ], [ -72.554571208933496, -36.308492804031303 ], [ -72.554514974529994, -36.308470638819998 ], [ -72.554454521514302, -36.308436678594802 ], [ -72.554333481565294, -36.308365783242301 ], [ -72.554189162248804, -36.308268760790902 ], [ -72.554004128860498, -36.308166989768701 ], [ -72.553973902013595, -36.308150009534103 ], [ -72.553961789587007, -36.308126530718198 ], [ -72.553937836284007, -36.3080855243863 ], [ -72.553921911003002, -36.308059178462202 ], [ -72.553909257701406, -36.308023795162399 ], [ -72.553896335113294, -36.307982460488901 ], [ -72.553887363052297, -36.307930876186198 ], [ -72.553885875677295, -36.307898141123701 ], [ -72.553877170492797, -36.307868600591902 ], [ -72.553868599407707, -36.307842035761702 ], [ -72.553795900749407, -36.307781620621199 ], [ -72.553674996490898, -36.307713700208303 ], [ -72.553560905741904, -36.307633657204697 ], [ -72.553527002700207, -36.307616786259103 ], [ -72.553482205369093, -36.307603219228099 ], [ -72.553445166686998, -36.3075983621587 ], [ -72.5534222942848, -36.307581162897399 ], [ -72.553384444429696, -36.307558449981897 ], [ -72.553357760333796, -36.307538383550401 ], [ -72.553327670202506, -36.307524379667399 ], [ -72.553297308568304, -36.307504423566499 ], [ -72.553274165825897, -36.307481272030401 ], [ -72.553272813951693, -36.307451513514899 ], [ -72.553270921241094, -36.3074098496134 ], [ -72.553269163753896, -36.307371162282998 ], [ -72.553260053339898, -36.307332694673001 ], [ -72.553251482535103, -36.307306129781601 ], [ -72.553184894690006, -36.307299171393602 ], [ -72.553140772430993, -36.307300484413297 ], [ -72.553062748478396, -36.307284926291899 ], [ -72.552958851777205, -36.307267158320599 ], [ -72.552791772388204, -36.307236370932799 ], [ -72.552639401222805, -36.307205144774699 ], [ -72.552572272844401, -36.3071862824413 ], [ -72.552519850418406, -36.307166982520499 ], [ -72.552459805834204, -36.307141949064302 ], [ -72.552414737532303, -36.3071224302902 ], [ -72.552293566215994, -36.307048556065702 ], [ -72.552224274531895, -36.306982078255899 ], [ -72.552107888834101, -36.306851442730697 ], [ -72.552022945648901, -36.306764570746203 ], [ -72.552003885427894, -36.306750238385199 ], [ -72.551973660658803, -36.306733257552999 ], [ -72.551905856013505, -36.306699514663897 ], [ -72.551842404682702, -36.306680542517597 ], [ -72.5517899838716, -36.306661242212897 ], [ -72.551737022577001, -36.306630038275998 ], [ -72.551684196438202, -36.306601809990298 ], [ -72.551604146529598, -36.306541611199499 ], [ -72.551526692291404, -36.306457496671399 ], [ -72.551424392686101, -36.3063532605061 ], [ -72.551309065676406, -36.3061647809402 ], [ -72.5512566738538, -36.306065020502203 ], [ -72.551234236251005, -36.305976288829299 ], [ -72.551216585654501, -36.305830795127399 ], [ -72.551231891135302, -36.305681341549104 ], [ -72.551232189946305, -36.305606833929502 ], [ -72.551221324402704, -36.3055296777598 ], [ -72.551203510277304, -36.3054616682426 ], [ -72.551178477400697, -36.305396854015498 ], [ -72.551153579657793, -36.305335015459903 ], [ -72.551117111226603, -36.305261600429098 ], [ -72.551052070003095, -36.305126456100702 ], [ -72.550968035884694, -36.304978467480701 ], [ -72.550952383603303, -36.304958073286102 ], [ -72.550917671727106, -36.3049233456154 ], [ -72.550888962913703, -36.304858640632197 ], [ -72.550849629134305, -36.304803190703701 ], [ -72.550811946651606, -36.304702992584403 ], [ -72.550739987078998, -36.304496534735399 ], [ -72.550718226031606, -36.304422682195998 ], [ -72.550672919987903, -36.304316751327001 ], [ -72.550618609975899, -36.3042557863551 ], [ -72.5505875749691, -36.304220950138301 ], [ -72.550553404992499, -36.304198125925801 ], [ -72.550512015214807, -36.304178496985998 ], [ -72.550391795830095, -36.304125452925298 ], [ -72.550277983827101, -36.304051357633497 ], [ -72.550159550308805, -36.303956539943499 ], [ -72.550173250644605, -36.304096191044401 ], [ -72.550161110239003, -36.3041531716867 ], [ -72.550145562444797, -36.3042162130346 ], [ -72.550108225516894, -36.304285862516203 ], [ -72.549991321401095, -36.304468136392302 ], [ -72.549868008241802, -36.304671460398403 ], [ -72.549767461483, -36.304808547781903 ], [ -72.549689544262904, -36.304876423864897 ], [ -72.549570237999404, -36.304924669715099 ] ] ] } },
{ "type": "Feature", "properties": { "id": "monoparte.37", "Name": null, "description": null, "timestamp": null, "begin": null, "end": null, "altitudeMode": null, "tessellate": -1, "extrude": 0, "visibility": -1, "drawOrder": null, "icon": null, "REG": "Ñuble", "COM": "Quirihue", "LOC": "Quirihue", "ZONA": "ZPU", "NOM": "ZPU Zona de Parcelas Urbanas", "UPERM": "Residencial. Equipamiento de todo tipo. Actividades productivas sólo almacenamiento y talleres inofensivos.", "UPROH": "Todos los usos de suelo no mencionados como permitidos, expresamente el residencial.", "P_DO": "30/06/2007", "N_DOC": "20", "T_DO": "Resolución", "OBS": null }, "geometry": { "type": "Polygon", "coordinates": [ [ [ -72.550954778796196, -36.304185733273997 ], [ -72.5510111757212, -36.304257624052703 ], [ -72.550965652255499, -36.303688272513902 ], [ -72.5508045101341, -36.30286344169 ], [ -72.550787126256395, -36.302739991657802 ], [ -72.550206789656201, -36.302565894787399 ], [ -72.549798324009203, -36.3024564558145 ], [ -72.549750615809799, -36.302443570296703 ], [ -72.549758551238199, -36.302488629964103 ], [ -72.549771587585496, -36.302581217682302 ], [ -72.549844506734601, -36.302760231263498 ], [ -72.549957042101099, -36.303033427271998 ], [ -72.549998711784397, -36.303172842455197 ], [ -72.550067934373999, -36.303335278728703 ], [ -72.5500999156652, -36.303455910759197 ], [ -72.550122773885207, -36.303505294046403 ], [ -72.550181360127198, -36.30356315153 ], [ -72.550236788890103, -36.303616335525902 ], [ -72.550400113514002, -36.303775496061597 ], [ -72.5505004182465, -36.303844032590597 ], [ -72.550585045316296, -36.303891579952499 ], [ -72.550642335486799, -36.303920868106097 ], [ -72.550699625698797, -36.303950156229597 ], [ -72.550742100307403, -36.303977500782104 ], [ -72.550777937686107, -36.303988354763703 ], [ -72.550814530420695, -36.304015874201603 ], [ -72.550867450670793, -36.304078668053599 ], [ -72.5509262540088, -36.304141286022201 ], [ -72.550954778796196, -36.304185733273997 ] ] ] } },
{ "type": "Feature", "properties": { "id": "monoparte.38", "Name": null, "description": null, "timestamp": null, "begin": null, "end": null, "altitudeMode": null, "tessellate": -1, "extrude": 0, "visibility": -1, "drawOrder": null, "icon": null, "REG": "Ñuble", "COM": "Quirihue", "LOC": "Quirihue", "ZONA": "ZPU", "NOM": "ZPU Zona de Parcelas Urbanas", "UPERM": "Residencial. Equipamiento de todo tipo. Actividades productivas sólo almacenamiento y talleres inofensivos.", "UPROH": "Todos los usos de suelo no mencionados como permitidos, expresamente el residencial.", "P_DO": "30/06/2007", "N_DOC": "20", "T_DO": "Resolución", "OBS": null }, "geometry": { "type": "Polygon", "coordinates": [ [ [ -72.548170073903904, -36.304077320855903 ], [ -72.5482763638027, -36.304770762544102 ], [ -72.548440934078798, -36.3047675181028 ], [ -72.549055516539497, -36.304680712837303 ], [ -72.549271496518699, -36.304653433299201 ], [ -72.549430270284105, -36.304663613917903 ], [ -72.549533623906498, -36.304669481531597 ], [ -72.549588773981597, -36.304667842053298 ], [ -72.549653873942603, -36.304642066462399 ], [ -72.549685074071206, -36.304599419542399 ], [ -72.549726899255404, -36.304547516746297 ], [ -72.549818202403003, -36.304368983922103 ], [ -72.549848185846201, -36.304299554043901 ], [ -72.5499171279764, -36.304196184715899 ], [ -72.549947517497202, -36.304135681838602 ], [ -72.549945491789302, -36.304091042979302 ], [ -72.5499410351986, -36.303992836407403 ], [ -72.549915052369499, -36.3037447819612 ], [ -72.549906949672604, -36.303566224703602 ], [ -72.549894839219206, -36.303542744453701 ], [ -72.549882188649903, -36.303507361464 ], [ -72.549864511312407, -36.303442327323097 ], [ -72.549813233946296, -36.303285913306702 ], [ -72.549694729054593, -36.303027199348101 ], [ -72.549616365808703, -36.302841790736601 ], [ -72.549533007069499, -36.302546272665097 ], [ -72.549504197113905, -36.3023981305872 ], [ -72.549374179738706, -36.302404975160897 ], [ -72.549141037477099, -36.3024595848579 ], [ -72.548964859382494, -36.302536340440703 ], [ -72.548837614443997, -36.302614025566797 ], [ -72.548579809128995, -36.302774262200302 ], [ -72.5483317990317, -36.302955662504402 ], [ -72.548226966104394, -36.303046984818302 ], [ -72.548119731330502, -36.303150298120102 ], [ -72.548015999610996, -36.3032663045473 ], [ -72.548170073903904, -36.304077320855903 ] ] ] } },
{ "type": "Feature", "properties": { "id": "monoparte.39", "Name": null, "description": null, "timestamp": null, "begin": null, "end": null, "altitudeMode": null, "tessellate": -1, "extrude": 0, "visibility": -1, "drawOrder": null, "icon": null, "REG": "Ñuble", "COM": "Quirihue", "LOC": "Quirihue", "ZONA": "ZPU", "NOM": "ZPU Zona de Parcelas Urbanas", "UPERM": "Residencial. Equipamiento de todo tipo. Actividades productivas sólo almacenamiento y talleres inofensivos.", "UPROH": "Todos los usos de suelo no mencionados como permitidos, expresamente el residencial.", "P_DO": "30/06/2007", "N_DOC": "20", "T_DO": "Resolución", "OBS": null }, "geometry": { "type": "Polygon", "coordinates": [ [ [ -72.547945796414794, -36.3028014064461 ], [ -72.547953291506303, -36.3028741850651 ], [ -72.548084645052896, -36.302766328570101 ], [ -72.548373185657695, -36.302569420517997 ], [ -72.548558646541906, -36.302437557848201 ], [ -72.548546556736994, -36.302430765676199 ], [ -72.548496123243496, -36.302422728882597 ], [ -72.548220856021899, -36.3023927647966 ], [ -72.547886228760106, -36.302380307505501 ], [ -72.547945796414794, -36.3028014064461 ] ] ] } },
{ "type": "Feature", "properties": { "id": "monoparte.40", "Name": null, "description": null, "timestamp": null, "begin": null, "end": null, "altitudeMode": null, "tessellate": -1, "extrude": 0, "visibility": -1, "drawOrder": null, "icon": null, "REG": "Ñuble", "COM": "Quirihue", "LOC": "Quirihue", "ZONA": "ZPU", "NOM": "ZPU Zona de Parcelas Urbanas", "UPERM": "Residencial. Equipamiento de todo tipo. Actividades productivas sólo almacenamiento y talleres inofensivos.", "UPROH": "Todos los usos de suelo no mencionados como permitidos, expresamente el residencial.", "P_DO": "30/06/2007", "N_DOC": "20", "T_DO": "Resolución", "OBS": null }, "geometry": { "type": "Polygon", "coordinates": [ [ [ -72.548881938859694, -36.302227696144499 ], [ -72.548923117010006, -36.302226472277802 ], [ -72.5490415487955, -36.302175272547998 ], [ -72.549331787797598, -36.302080822664003 ], [ -72.549327874223295, -36.302059482811899 ], [ -72.549253275719394, -36.301583713788702 ], [ -72.549181731122601, -36.301240163589 ], [ -72.549060518214503, -36.301165095793998 ], [ -72.548896734706801, -36.301086523968102 ], [ -72.548803072667795, -36.301034476467201 ], [ -72.548665508894004, -36.300988500948598 ], [ -72.548394400797093, -36.300920270289701 ], [ -72.5482549757957, -36.300898189907798 ], [ -72.548039834500798, -36.300895047137701 ], [ -72.547852351221906, -36.300917305743702 ], [ -72.547657480363299, -36.300967780308703 ], [ -72.547844633340603, -36.302094864068899 ], [ -72.547951575791998, -36.302105153282596 ], [ -72.548646122555894, -36.302158417266803 ], [ -72.548777158666894, -36.302190282930397 ], [ -72.548881938859694, -36.302227696144499 ] ] ] } },
{ "type": "Feature", "properties": { "id": "monoparte.41", "Name": null, "description": null, "timestamp": null, "begin": null, "end": null, "altitudeMode": null, "tessellate": -1, "extrude": 0, "visibility": -1, "drawOrder": null, "icon": null, "REG": "Ñuble", "COM": "Quirihue", "LOC": "Quirihue", "ZONA": "ZPU", "NOM": "ZPU Zona de Parcelas Urbanas", "UPERM": "Residencial. Equipamiento de todo tipo. Actividades productivas sólo almacenamiento y talleres inofensivos.", "UPROH": "Todos los usos de suelo no mencionados como permitidos, expresamente el residencial.", "P_DO": "30/06/2007", "N_DOC": "20", "T_DO": "Resolución", "OBS": null }, "geometry": { "type": "Polygon", "coordinates": [ [ [ -72.550444306726305, -36.302348089434901 ], [ -72.550716189433103, -36.302426225135697 ], [ -72.550577242526501, -36.301473787051499 ], [ -72.550384299964705, -36.300223765063002 ], [ -72.549940625649299, -36.300140246884901 ], [ -72.549854142001607, -36.300116593528799 ], [ -72.5498157995019, -36.300115350171097 ], [ -72.549535247734795, -36.299968731319296 ], [ -72.549395740324101, -36.2998799029073 ], [ -72.549353699424898, -36.299862081385797 ], [ -72.549342043045797, -36.299864811082699 ], [ -72.5493324387744, -36.299912776276599 ], [ -72.549325533473706, -36.300020260663302 ], [ -72.5493125557676, -36.300058789644403 ], [ -72.549307537061594, -36.300078010886402 ], [ -72.549309157131802, -36.300113722742402 ], [ -72.549410412405393, -36.300527907987203 ], [ -72.549522893420004, -36.3009298406038 ], [ -72.549546265471093, -36.301055496118202 ], [ -72.549647540860605, -36.301535002291601 ], [ -72.549691129636599, -36.301781639689601 ], [ -72.549700419596306, -36.301986386137301 ], [ -72.549705280610297, -36.302093519825199 ], [ -72.5497063608708, -36.302117328010901 ], [ -72.549710381429605, -36.302141047886302 ], [ -72.549719637859894, -36.302150308289796 ], [ -72.549728785190595, -36.302157188716798 ], [ -72.549916354049003, -36.302201676303099 ], [ -72.550217636270503, -36.302285693230402 ], [ -72.550444306726305, -36.302348089434901 ] ] ] } },
{ "type": "Feature", "properties": { "id": "monoparte.42", "Name": null, "description": null, "timestamp": null, "begin": null, "end": null, "altitudeMode": null, "tessellate": -1, "extrude": 0, "visibility": -1, "drawOrder": null, "icon": null, "REG": "Ñuble", "COM": "Quirihue", "LOC": "Quirihue", "ZONA": "ZPU", "NOM": "ZPU Zona de Parcelas Urbanas", "UPERM": "Residencial. Equipamiento de todo tipo. Actividades productivas sólo almacenamiento y talleres inofensivos.", "UPROH": "Todos los usos de suelo no mencionados como permitidos, expresamente el residencial.", "P_DO": "30/06/2007", "N_DOC": "20", "T_DO": "Resolución", "OBS": null }, "geometry": { "type": "Polygon", "coordinates": [ [ [ -72.550010555683798, -36.299864010270802 ], [ -72.550333841582798, -36.299923096584997 ], [ -72.550248580275493, -36.299261099062001 ], [ -72.550190302343395, -36.298544659148902 ], [ -72.549959233841406, -36.298538138616898 ], [ -72.549805646347707, -36.298528400688703 ], [ -72.549520057872996, -36.298465371095098 ], [ -72.549510975780706, -36.298849461127602 ], [ -72.549546286515394, -36.299368118327799 ], [ -72.549498420804298, -36.299481587635903 ], [ -72.549493403281303, -36.299500808849601 ], [ -72.549487952591505, -36.299510506455597 ], [ -72.549474002995296, -36.299527609056 ], [ -72.5494689843527, -36.299546830302098 ], [ -72.549452093392802, -36.299564020332603 ], [ -72.549452849439106, -36.299580685804301 ], [ -72.549655092484002, -36.299689104537698 ], [ -72.549953916958501, -36.299849006173801 ], [ -72.550010555683798, -36.299864010270802 ] ] ] } },
{ "type": "Feature", "properties": { "id": "monoparte.43", "Name": null, "description": null, "timestamp": null, "begin": null, "end": null, "altitudeMode": null, "tessellate": -1, "extrude": 0, "visibility": -1, "drawOrder": null, "icon": null, "REG": "Ñuble", "COM": "Quirihue", "LOC": "Quirihue", "ZONA": "ZPU", "NOM": "ZPU Zona de Parcelas Urbanas", "UPERM": "Residencial. Equipamiento de todo tipo. Actividades productivas sólo almacenamiento y talleres inofensivos.", "UPROH": "Todos los usos de suelo no mencionados como permitidos, expresamente el residencial.", "P_DO": "30/06/2007", "N_DOC": "20", "T_DO": "Resolución", "OBS": null }, "geometry": { "type": "Polygon", "coordinates": [ [ [ -72.547297197703898, -36.297115940250698 ], [ -72.547321434170001, -36.297573062012503 ], [ -72.5473827558056, -36.299023081933598 ], [ -72.547445575251601, -36.2996291300067 ], [ -72.547615358474104, -36.300684060702103 ], [ -72.547830572709699, -36.300631875322999 ], [ -72.547965652204596, -36.300623093554599 ], [ -72.548130576422295, -36.300622961309998 ], [ -72.548349306211705, -36.300640301126798 ], [ -72.548754670023598, -36.300714078459102 ], [ -72.549096420762794, -36.300781399818099 ], [ -72.548946707048103, -36.299915698542101 ], [ -72.549025372296697, -36.299734562240197 ], [ -72.5490945535538, -36.299571587783703 ], [ -72.549115706286003, -36.299518512018501 ], [ -72.549145468150797, -36.2994604121237 ], [ -72.549157581884103, -36.299402836770099 ], [ -72.549197030555604, -36.299363520114497 ], [ -72.549189146797602, -36.299189724408897 ], [ -72.549168252754598, -36.298858972403899 ], [ -72.549172050896004, -36.298618078578798 ], [ -72.549184780964595, -36.298379302490602 ], [ -72.549217586428995, -36.298193568833803 ], [ -72.549232966403295, -36.298143048754397 ], [ -72.549244863948402, -36.298080711573803 ], [ -72.549256977479303, -36.2980231362152 ], [ -72.549280855060402, -36.297965211192398 ], [ -72.549293833592301, -36.297926681289297 ], [ -72.549306703040799, -36.297885771406897 ], [ -72.549336679132395, -36.2978324333492 ], [ -72.549360341713296, -36.297769746459998 ], [ -72.549387376404098, -36.297716494919101 ], [ -72.549406992330901, -36.297694456565502 ], [ -72.549447736055498, -36.297683709005 ], [ -72.549634129854795, -36.297637641061399 ], [ -72.549567931216799, -36.297282012285699 ], [ -72.549207149377295, -36.297314192267699 ], [ -72.548579412368596, -36.297330464244098 ], [ -72.548486962770198, -36.297321291820801 ], [ -72.548327935249802, -36.297305157689202 ], [ -72.548198317164207, -36.297288149481901 ], [ -72.548097840824198, -36.297264314943099 ], [ -72.547970550585006, -36.297217437586902 ], [ -72.547827880567596, -36.297156116717403 ], [ -72.547737219342594, -36.297105171123903 ], [ -72.547654315068101, -36.297062935016498 ], [ -72.547617551473294, -36.297064027224998 ], [ -72.547522235714297, -36.297072818311598 ], [ -72.547386345382705, -36.2970798349698 ], [ -72.547317169884295, -36.2970967902571 ], [ -72.547297197703898, -36.297115940250698 ] ] ] } },
{ "type": "Feature", "properties": { "id": "monoparte.44", "Name": null, "description": null, "timestamp": null, "begin": null, "end": null, "altitudeMode": null, "tessellate": -1, "extrude": 0, "visibility": -1, "drawOrder": null, "icon": null, "REG": "Ñuble", "COM": "Quirihue", "LOC": "Quirihue", "ZONA": "ZPU", "NOM": "ZPU Zona de Parcelas Urbanas", "UPERM": "Residencial. Equipamiento de todo tipo. Actividades productivas sólo almacenamiento y talleres inofensivos.", "UPROH": "Todos los usos de suelo no mencionados como permitidos, expresamente el residencial.", "P_DO": "30/06/2007", "N_DOC": "20", "T_DO": "Resolución", "OBS": null }, "geometry": { "type": "Polygon", "coordinates": [ [ [ -72.549912503149301, -36.298254643444402 ], [ -72.550170419485198, -36.298268709409903 ], [ -72.550093861704596, -36.296581342961403 ], [ -72.550112767523601, -36.296348939085 ], [ -72.550249951410393, -36.2958025063731 ], [ -72.550334898799804, -36.295484103679698 ], [ -72.550276394174205, -36.295532291089501 ], [ -72.550174892119898, -36.295631859373799 ], [ -72.5501542923692, -36.295664655634603 ], [ -72.550089702446996, -36.295798886478899 ], [ -72.550028226925804, -36.295904417050899 ], [ -72.549956471712903, -36.295978069353801 ], [ -72.549871803797998, -36.2960592578426 ], [ -72.549757390196604, -36.296166361986899 ], [ -72.549719305866404, -36.296203253214003 ], [ -72.549698219798003, -36.296225336213197 ], [ -72.549692961242698, -36.296304164033899 ], [ -72.549713361501603, -36.2963643482069 ], [ -72.549863965896705, -36.296470726553103 ], [ -72.549991378374997, -36.296552761790601 ], [ -72.550032703065099, -36.296587293274698 ], [ -72.5500433078588, -36.296626313301097 ], [ -72.550056194501906, -36.296683145496097 ], [ -72.550059650924794, -36.296759330110298 ], [ -72.550039902496593, -36.296843356046899 ], [ -72.549946387321498, -36.296989175290904 ], [ -72.549862907584298, -36.297096552001399 ], [ -72.549962233441505, -36.297533203763599 ], [ -72.549996048797496, -36.2976943087873 ], [ -72.549930298175795, -36.297867910266397 ], [ -72.549878330405605, -36.297890910465199 ], [ -72.549664168498296, -36.297909196596102 ], [ -72.5496049727642, -36.298032539220998 ], [ -72.549580878320597, -36.298085703407999 ], [ -72.549576616870496, -36.298121589196398 ], [ -72.549563207527001, -36.298150595448398 ], [ -72.549567443758207, -36.298179077175902 ], [ -72.549567983810604, -36.298190981728297 ], [ -72.549912503149301, -36.298254643444402 ] ] ] } },
{ "type": "Feature", "properties": { "id": "monoparte.45", "Name": null, "description": null, "timestamp": null, "begin": null, "end": null, "altitudeMode": null, "tessellate": -1, "extrude": 0, "visibility": -1, "drawOrder": null, "icon": null, "REG": "Ñuble", "COM": "Quirihue", "LOC": "Quirihue", "ZONA": "ZPU", "NOM": "ZPU Zona de Parcelas Urbanas", "UPERM": "Residencial. Equipamiento de todo tipo. Actividades productivas sólo almacenamiento y talleres inofensivos.", "UPROH": "Todos los usos de suelo no mencionados como permitidos, expresamente el residencial.", "P_DO": "30/06/2007", "N_DOC": "20", "T_DO": "Resolución", "OBS": null }, "geometry": { "type": "Polygon", "coordinates": [ [ [ -72.550746457569204, -36.292703435375799 ], [ -72.550853875591898, -36.292818168908902 ], [ -72.550840647960797, -36.292656451876198 ], [ -72.550819005754406, -36.292568887401501 ], [ -72.550616377330599, -36.291348118448099 ], [ -72.550509350499595, -36.290676635408701 ], [ -72.550476189727902, -36.290464970392399 ], [ -72.550223506709699, -36.290783194275498 ], [ -72.550214452041999, -36.2911029160407 ], [ -72.550197836597505, -36.291255984817099 ], [ -72.550163791916702, -36.291414339078202 ], [ -72.550175289804699, -36.291537964416797 ], [ -72.550180689629698, -36.291657002794203 ], [ -72.550236599025695, -36.2918508260801 ], [ -72.550321702374106, -36.292039014956899 ], [ -72.550419649360293, -36.2922506604245 ], [ -72.550565300139297, -36.292475192200499 ], [ -72.550746457569204, -36.292703435375799 ] ] ] } },
{ "type": "Feature", "properties": { "id": "monoparte.46", "Name": null, "description": null, "timestamp": null, "begin": null, "end": null, "altitudeMode": null, "tessellate": -1, "extrude": 0, "visibility": -1, "drawOrder": null, "icon": null, "REG": "Ñuble", "COM": "Quirihue", "LOC": "Quirihue", "ZONA": "ZPU", "NOM": "ZPU Zona de Parcelas Urbanas", "UPERM": "Residencial. Equipamiento de todo tipo. Actividades productivas sólo almacenamiento y talleres inofensivos.", "UPROH": "Todos los usos de suelo no mencionados como permitidos, expresamente el residencial.", "P_DO": "30/06/2007", "N_DOC": "20", "T_DO": "Resolución", "OBS": null }, "geometry": { "type": "Polygon", "coordinates": [ [ [ -72.550197257359301, -36.289944814841 ], [ -72.5502346060224, -36.290248853300902 ], [ -72.550388438270204, -36.290088526326997 ], [ -72.5502626480787, -36.289782348960898 ], [ -72.550197257359301, -36.289944814841 ] ] ] } },
{ "type": "Feature", "properties": { "id": "monoparte.47", "Name": null, "description": null, "timestamp": null, "begin": null, "end": null, "altitudeMode": null, "tessellate": -1, "extrude": 0, "visibility": -1, "drawOrder": null, "icon": null, "REG": "Ñuble", "COM": "Quirihue", "LOC": "Quirihue", "ZONA": "ZPU", "NOM": "ZPU Zona de Parcelas Urbanas", "UPERM": "Residencial. Equipamiento de todo tipo. Actividades productivas sólo almacenamiento y talleres inofensivos.", "UPROH": "Todos los usos de suelo no mencionados como permitidos, expresamente el residencial.", "P_DO": "30/06/2007", "N_DOC": "20", "T_DO": "Resolución", "OBS": null }, "geometry": { "type": "Polygon", "coordinates": [ [ [ -72.5491707462064, -36.291516091181698 ], [ -72.549170942084999, -36.291517097215902 ], [ -72.549182509304003, -36.291515741581001 ], [ -72.549307212975606, -36.292155113261899 ], [ -72.549414272337501, -36.292730045866499 ], [ -72.549430199179, -36.293081208931198 ], [ -72.549442346967794, -36.293349045423597 ], [ -72.549065718416202, -36.294784666058199 ], [ -72.548858715917405, -36.295577529789099 ], [ -72.548695621401095, -36.296202210620201 ], [ -72.548673973983298, -36.296536611224198 ], [ -72.548701988455804, -36.297035047759003 ], [ -72.548853797818396, -36.297039883477197 ], [ -72.549105628656903, -36.297025470093402 ], [ -72.549471306027897, -36.2970038734816 ], [ -72.549497452261704, -36.296995944835203 ], [ -72.5495402729142, -36.2969660643463 ], [ -72.5496496280267, -36.296844806922699 ], [ -72.549715839453796, -36.296746287207 ], [ -72.549714543424699, -36.296717718078597 ], [ -72.549695925025006, -36.296696815341797 ], [ -72.549672895921304, -36.296676044615303 ], [ -72.549514844595194, -36.296600283588702 ], [ -72.5494599616773, -36.296559003462399 ], [ -72.549400019006299, -36.296503569874403 ], [ -72.549371606241394, -36.296461502912898 ], [ -72.549356264850701, -36.296415471238603 ], [ -72.549345498437503, -36.296372879761897 ], [ -72.549338818786396, -36.296323014447502 ], [ -72.549335255123694, -36.296244448856299 ], [ -72.549350309643501, -36.296186786071303 ], [ -72.549386774278503, -36.296114183076099 ], [ -72.549461323215297, -36.296004688036199 ], [ -72.549529154189599, -36.295941880312398 ], [ -72.549631629429399, -36.295863738915799 ], [ -72.549708121812998, -36.295797098350903 ], [ -72.549766480784697, -36.295720268235399 ], [ -72.549813911110704, -36.295597275299897 ], [ -72.549870488924995, -36.295481162783403 ], [ -72.549941434877496, -36.295389654585101 ], [ -72.550129384945805, -36.295248180286102 ], [ -72.550291189963104, -36.295114635381204 ], [ -72.550465499469695, -36.294964626117 ], [ -72.550556954425204, -36.2946436465799 ], [ -72.550764585869103, -36.2938650645427 ], [ -72.550852913091305, -36.293312931553402 ], [ -72.550376674719601, -36.292754937353301 ], [ -72.550334258269302, -36.292702797144997 ], [ -72.550279647734698, -36.292641483860798 ], [ -72.550237836238693, -36.292602676171803 ], [ -72.550222337464504, -36.292572621799799 ], [ -72.550135087014098, -36.292415012743298 ], [ -72.5499304313349, -36.292006284607702 ], [ -72.549879856044299, -36.2918780993366 ], [ -72.549843223252694, -36.291745685531801 ], [ -72.549820620411396, -36.291610948086202 ], [ -72.549816321567207, -36.291464222570099 ], [ -72.549850200775793, -36.291172370551301 ], [ -72.549861897990297, -36.291118621559498 ], [ -72.549870033839099, -36.291038278239498 ], [ -72.549885175060794, -36.290644948879503 ], [ -72.549878817475104, -36.290193135749398 ], [ -72.549864563973799, -36.289878874138402 ], [ -72.549849990647502, -36.289713381925701 ], [ -72.549826030191795, -36.289600617644403 ], [ -72.5497922897748, -36.289428067042103 ], [ -72.549772386514903, -36.289300877404798 ], [ -72.549742016279694, -36.289202606559499 ], [ -72.549709897757197, -36.289117737317902 ], [ -72.549699816698606, -36.289051286018299 ], [ -72.549686499192106, -36.289017352650198 ], [ -72.549656193645603, -36.288972481151298 ], [ -72.549563984917697, -36.288809296425498 ], [ -72.549293795489504, -36.288461637372002 ], [ -72.549205408240397, -36.288330761393198 ], [ -72.549090905304993, -36.288143446085499 ], [ -72.549034851294294, -36.287998259412497 ], [ -72.548871049910204, -36.287554938788404 ], [ -72.548854381247594, -36.287494060486601 ], [ -72.548847028991602, -36.287494278966797 ], [ -72.548836635458301, -36.287507492367197 ], [ -72.548151529806802, -36.288378427386498 ], [ -72.547998882266199, -36.288549334966397 ], [ -72.547996143139898, -36.288552401455398 ], [ -72.547998929274996, -36.288557295969802 ], [ -72.5481537055297, -36.2888291731349 ], [ -72.548724779022507, -36.289831356525802 ], [ -72.549000631543507, -36.290459680379698 ], [ -72.549086193454897, -36.290982805258203 ], [ -72.5491707462064, -36.291516091181698 ] ] ] } },
{ "type": "Feature", "properties": { "id": "monoparte.48", "Name": null, "description": null, "timestamp": null, "begin": null, "end": null, "altitudeMode": null, "tessellate": -1, "extrude": 0, "visibility": -1, "drawOrder": null, "icon": null, "REG": "Ñuble", "COM": "Quirihue", "LOC": "Quirihue", "ZONA": "ZPU", "NOM": "ZPU Zona de Parcelas Urbanas", "UPERM": "Residencial. Equipamiento de todo tipo. Actividades productivas sólo almacenamiento y talleres inofensivos.", "UPROH": "Todos los usos de suelo no mencionados como permitidos, expresamente el residencial.", "P_DO": "30/06/2007", "N_DOC": "20", "T_DO": "Resolución", "OBS": null }, "geometry": { "type": "Polygon", "coordinates": [ [ [ -72.532686262004603, -36.288597871879702 ], [ -72.532732161728205, -36.2887014098227 ], [ -72.532753889937098, -36.2887913588551 ], [ -72.532761694599799, -36.289029527208797 ], [ -72.532736637891702, -36.289322545882001 ], [ -72.532712104022593, -36.289366183376998 ], [ -72.532666232974094, -36.289393763987199 ], [ -72.532634636107801, -36.289411386698298 ], [ -72.532608382865504, -36.289416930653097 ], [ -72.5325643782637, -36.289420616452901 ], [ -72.532501975333801, -36.2894081583961 ], [ -72.532441331518498, -36.289369424573202 ], [ -72.532407693094697, -36.28934181172 ], [ -72.532405221812695, -36.289287053279303 ], [ -72.532422822984003, -36.288828806353997 ], [ -72.532408265370606, -36.288767252996102 ], [ -72.532381301340706, -36.288691762676102 ], [ -72.532343540385, -36.288638048029 ], [ -72.532206945823404, -36.288482359962799 ], [ -72.531762188105105, -36.287938772461402 ], [ -72.531762133424394, -36.287938793901198 ], [ -72.531761487230099, -36.2879379155805 ], [ -72.531754780990596, -36.287939011332803 ], [ -72.531589738844602, -36.288002484440497 ], [ -72.530742020823496, -36.2882063491409 ], [ -72.530228319869707, -36.288365290865201 ], [ -72.530230060060305, -36.288366809929002 ], [ -72.530352551033502, -36.288473778449799 ], [ -72.530678064788503, -36.288874679530203 ], [ -72.530769384222296, -36.288979830887399 ], [ -72.530797760204194, -36.289060524786102 ], [ -72.530858621309605, -36.2892346641503 ], [ -72.530860167870998, -36.289268947847297 ], [ -72.530856421474496, -36.289303388033801 ], [ -72.530833200532399, -36.289336974052802 ], [ -72.530790504978796, -36.2893697049944 ], [ -72.530731413869702, -36.289391477509497 ], [ -72.530650246514199, -36.289393877160997 ], [ -72.530598624159694, -36.289385390108897 ], [ -72.530548058117006, -36.289361137936901 ], [ -72.530534547302906, -36.2893357902879 ], [ -72.530503826521098, -36.289242292558598 ], [ -72.530479777234802, -36.289140015236804 ], [ -72.530468288162993, -36.289120329381703 ], [ -72.530409658812999, -36.289034808172502 ], [ -72.530345864405703, -36.288952300401597 ], [ -72.530147551826104, -36.288707843374397 ], [ -72.530140493852599, -36.288708052004097 ], [ -72.530133435879193, -36.288708260633399 ], [ -72.530126095773298, -36.288741377091497 ], [ -72.530042974904703, -36.288935506722098 ], [ -72.529994291901403, -36.289031351656099 ], [ -72.529975630425795, -36.289087689034197 ], [ -72.529954559634106, -36.289129793694102 ], [ -72.529946768444105, -36.289152910274098 ], [ -72.529938435097407, -36.289203219895398 ], [ -72.529928532193395, -36.289257867538502 ], [ -72.529904512107905, -36.289312932451899 ], [ -72.529872726442605, -36.289352493018498 ], [ -72.529836701956498, -36.2893764440905 ], [ -72.529743634489904, -36.289389208057798 ], [ -72.5296974995657, -36.2893848500538 ], [ -72.529625243208699, -36.2893497954121 ], [ -72.529582018945405, -36.289292426339301 ], [ -72.529581399454699, -36.289239519650302 ], [ -72.529598515282103, -36.289148899473197 ], [ -72.529628369612098, -36.289066484263302 ], [ -72.529652672158903, -36.2889785115593 ], [ -72.529690486266105, -36.288915887486503 ], [ -72.529732691351896, -36.288833107217599 ], [ -72.529795953164793, -36.288668744771201 ], [ -72.529804220984104, -36.2886170053482 ], [ -72.529813712824904, -36.288592408568398 ], [ -72.529821181895002, -36.288562149100599 ], [ -72.529823551324796, -36.288536331991097 ], [ -72.5298363788514, -36.288507344987899 ], [ -72.529845085403196, -36.288481919938398 ], [ -72.529845417869495, -36.288480950509403 ], [ -72.529838265969701, -36.288481988146003 ], [ -72.527180132488795, -36.2892270548532 ], [ -72.526654961572703, -36.289335539665998 ], [ -72.526095991787201, -36.2894128369296 ], [ -72.525944008893404, -36.289470964712599 ], [ -72.525735354046503, -36.289578444658297 ], [ -72.525643260711604, -36.289658642667398 ], [ -72.525421472873305, -36.289845617171999 ], [ -72.525398563712997, -36.289864930485201 ], [ -72.525043552811994, -36.290155529445101 ], [ -72.524731042878301, -36.290409112682603 ], [ -72.524601278557995, -36.290501654986699 ], [ -72.524429698584498, -36.290309365669302 ], [ -72.523660379917899, -36.289447181648903 ], [ -72.523626790413104, -36.289417993384397 ], [ -72.523541426349595, -36.289422462761102 ], [ -72.523419342994998, -36.289431786258604 ], [ -72.523242547771602, -36.2894293730754 ], [ -72.523188779059893, -36.2894385884128 ], [ -72.523026956191302, -36.289454805454199 ], [ -72.522883355510402, -36.289457134983003 ], [ -72.522788819646294, -36.289450387056803 ], [ -72.522755589454107, -36.289449032687003 ], [ -72.522748379621206, -36.289448738075997 ], [ -72.522689260399403, -36.289660431677802 ], [ -72.522648124943004, -36.290316767443301 ], [ -72.522542279397896, -36.291776647325598 ], [ -72.522549758096602, -36.291774676014498 ], [ -72.522642755303494, -36.291750168325699 ], [ -72.5226818155747, -36.291734712181501 ], [ -72.522754720617101, -36.291686073529803 ], [ -72.522843501961802, -36.291597630837003 ], [ -72.522940696739099, -36.291401659743102 ], [ -72.523014796799202, -36.291281465894102 ], [ -72.523145603256395, -36.291145295136097 ], [ -72.523351402153196, -36.291006911754501 ], [ -72.523524160056894, -36.290919566297703 ], [ -72.523799576161906, -36.290757672642798 ], [ -72.524074346753594, -36.290581492568798 ], [ -72.524211813116807, -36.2904951884695 ], [ -72.524425413397495, -36.2903130205924 ], [ -72.524596667427801, -36.290504942902402 ], [ -72.524271379956502, -36.290738981990302 ], [ -72.523772950797607, -36.291049305678897 ], [ -72.523471119410601, -36.291213171632201 ], [ -72.523365198376595, -36.2912806640608 ], [ -72.523264147522596, -36.2913909254912 ], [ -72.523177479403302, -36.291493610095898 ], [ -72.523154011230403, -36.291561054852998 ], [ -72.523079857572498, -36.291680058296002 ], [ -72.522988056822896, -36.291799582293699 ], [ -72.522871549977097, -36.2918936112697 ], [ -72.522698412998395, -36.2919726225227 ], [ -72.522532336340603, -36.292014977434498 ], [ -72.522527383021995, -36.292083295989499 ], [ -72.522453110561699, -36.293181171862599 ], [ -72.522435161199894, -36.293371228980298 ], [ -72.523066995393904, -36.293570727041001 ], [ -72.523715513904705, -36.293748272076797 ], [ -72.524015268465206, -36.293832402948503 ], [ -72.5242645679822, -36.293875110226701 ], [ -72.524647661335905, -36.2939460513374 ], [ -72.524958681363003, -36.293976206811898 ], [ -72.525703202016103, -36.2940293239566 ], [ -72.526065915390504, -36.294040071068999 ], [ -72.526856996648405, -36.294342125506503 ], [ -72.528836078021797, -36.295048921054097 ], [ -72.529904082249999, -36.295417866928702 ], [ -72.530235375300293, -36.295515353435299 ], [ -72.530404734698294, -36.295527864555602 ], [ -72.530408233624101, -36.295528123329703 ], [ -72.530522452792795, -36.295514017903798 ], [ -72.530644850114399, -36.295485367559202 ], [ -72.530721520464198, -36.295422308839903 ], [ -72.530811164222001, -36.295255162863697 ], [ -72.531059000974807, -36.294775804643002 ], [ -72.5312946678375, -36.294418389572598 ], [ -72.531434932067896, -36.294206524563897 ], [ -72.531610184050706, -36.293939579778701 ], [ -72.531837237016504, -36.293606734675897 ], [ -72.531993504378093, -36.293388984158597 ], [ -72.532130045617194, -36.293235326283501 ], [ -72.532264290892499, -36.293116924252402 ], [ -72.532370793906793, -36.293049405929999 ], [ -72.532570649965805, -36.292936215224003 ], [ -72.5327036862504, -36.292869342569702 ], [ -72.532891359228799, -36.292799422581197 ], [ -72.532994675909194, -36.292759175867602 ], [ -72.533222482745003, -36.292678055730399 ], [ -72.533323925293999, -36.292655028879103 ], [ -72.533514394208495, -36.292607911462703 ], [ -72.533729695896696, -36.2925629197101 ], [ -72.533885581294598, -36.292532559806403 ], [ -72.534023692942299, -36.292499864904102 ], [ -72.534170239710306, -36.292458337868403 ], [ -72.534377127518795, -36.292383556217402 ], [ -72.534544333647005, -36.292329974168297 ], [ -72.534597077073897, -36.292324121459501 ], [ -72.534757570692705, -36.292313649503697 ], [ -72.534818953282496, -36.2923078932875 ], [ -72.534824430649394, -36.292307379755201 ], [ -72.534877819234893, -36.292315811728898 ], [ -72.534918985509293, -36.2923274671492 ], [ -72.534989461061699, -36.292343287236903 ], [ -72.535023381608099, -36.292337250870197 ], [ -72.5350882839479, -36.292326747300997 ], [ -72.535119852529306, -36.292321521179403 ], [ -72.535222735284904, -36.292291297699499 ], [ -72.535287443987798, -36.292276509035801 ], [ -72.535293811907493, -36.292276516045398 ], [ -72.535427038648294, -36.2922766671471 ], [ -72.535542381156304, -36.292287556284101 ], [ -72.535639818801002, -36.292293253854503 ], [ -72.535724711476803, -36.292295032050603 ], [ -72.535765619695098, -36.292300973255998 ], [ -72.535797704503906, -36.292307174790402 ], [ -72.535822602027594, -36.292310729240697 ], [ -72.535876248840594, -36.292324874677099 ], [ -72.535924215337502, -36.292330606840501 ], [ -72.536002888802003, -36.292351163598298 ], [ -72.536033014920605, -36.292353132346001 ], [ -72.5360525547663, -36.292355414548098 ], [ -72.536097508462902, -36.292372678066997 ], [ -72.536170221020498, -36.292417728292399 ], [ -72.5362188318867, -36.292437744249703 ], [ -72.536255091410098, -36.292458126835299 ], [ -72.536318293636398, -36.292484290913798 ], [ -72.536402841445195, -36.292517547402497 ], [ -72.5364769966572, -36.292555402312203 ], [ -72.536524360076797, -36.292586898197598 ], [ -72.536546309517902, -36.292603412852998 ], [ -72.536591112163094, -36.292656440838002 ], [ -72.536654077011903, -36.292720374040499 ], [ -72.536704806732004, -36.292787244711903 ], [ -72.536745241242997, -36.292821807387597 ], [ -72.536792088478805, -36.292841875331703 ], [ -72.536881995677405, -36.292876402675603 ], [ -72.536970676330199, -36.292883789332798 ], [ -72.537401793876796, -36.292922513682299 ], [ -72.537817794787202, -36.292947380405202 ], [ -72.537945082034895, -36.292987951926797 ], [ -72.538260621184094, -36.293088742723803 ], [ -72.5383149147833, -36.293117172657801 ], [ -72.538603944403505, -36.293295989852801 ], [ -72.538696391962802, -36.293347605174802 ], [ -72.538699084890993, -36.293344785337602 ], [ -72.538780746502198, -36.293259282191599 ], [ -72.538895699408101, -36.2931443054052 ], [ -72.538991479589299, -36.293074238287304 ], [ -72.539120787040105, -36.293003177480898 ], [ -72.539271220325304, -36.292910893737897 ], [ -72.539324630507494, -36.292880703024203 ], [ -72.539348753033707, -36.292867114138602 ], [ -72.539360458428703, -36.292852463331897 ], [ -72.539392435298893, -36.292817186278299 ], [ -72.539421075687599, -36.292786298819301 ], [ -72.539447177937305, -36.2927383228254 ], [ -72.539474267751899, -36.292673151997803 ], [ -72.539488101664404, -36.292588348625699 ], [ -72.539484698378303, -36.292474018447898 ], [ -72.539471804912395, -36.2923842856951 ], [ -72.539356135891396, -36.292248966739798 ], [ -72.539238379114096, -36.292106556241698 ], [ -72.539226564432795, -36.292079729464398 ], [ -72.539176536019497, -36.291872088910303 ], [ -72.539149397504403, -36.291779917497799 ], [ -72.539148428568396, -36.291758490838099 ], [ -72.539153270558401, -36.2917483341717 ], [ -72.539337401077802, -36.291561217364901 ], [ -72.539527795069702, -36.2913953709228 ], [ -72.539614552163997, -36.291203987344602 ], [ -72.539618097475596, -36.291047969492901 ], [ -72.539611823098298, -36.2906748236692 ], [ -72.539703439226898, -36.2905127624676 ], [ -72.539884783079202, -36.2901743243889 ], [ -72.539840113745001, -36.290179283217697 ], [ -72.5397390354659, -36.290184185850698 ], [ -72.539557733682699, -36.290134251528897 ], [ -72.539447615268998, -36.2900955569066 ], [ -72.539369804717793, -36.29009404896 ], [ -72.539322061402004, -36.290080205856398 ], [ -72.539300887320806, -36.290080833389098 ], [ -72.539264363801905, -36.290106709523997 ], [ -72.538942825139401, -36.290289792483499 ], [ -72.538467640647795, -36.290357274548597 ], [ -72.538062863635005, -36.290418853860899 ], [ -72.537894589249603, -36.290448632829097 ], [ -72.537770670735199, -36.2904694685284 ], [ -72.537539958269903, -36.290556404737998 ], [ -72.537468229581094, -36.2905852306735 ], [ -72.537414720510199, -36.290600165381598 ], [ -72.537288706804205, -36.290626785108401 ], [ -72.537279813238897, -36.290638491651002 ], [ -72.537251724100798, -36.290694631737097 ], [ -72.537215946475001, -36.290789143864799 ], [ -72.537135035472701, -36.290875456258703 ], [ -72.537079610008803, -36.2909522413091 ], [ -72.536978299011693, -36.291056323391601 ], [ -72.536860692731594, -36.291164702077303 ], [ -72.536713273929607, -36.2912911282423 ], [ -72.5364350197992, -36.291493901525399 ], [ -72.536316378281199, -36.291579424125203 ], [ -72.536274545524194, -36.291592105994503 ], [ -72.536241779793599, -36.291596890315397 ], [ -72.536180091754602, -36.291587273859797 ], [ -72.536115449381697, -36.291564395146999 ], [ -72.5360882788829, -36.291536590977998 ], [ -72.536058239026104, -36.291497429546098 ], [ -72.536056517971602, -36.291459337077598 ], [ -72.536053046170494, -36.291434646152901 ], [ -72.536065527530198, -36.291398040638001 ], [ -72.536081136414495, -36.291378506292801 ], [ -72.536325563393703, -36.291209157388202 ], [ -72.536423803383201, -36.2911414036179 ], [ -72.536655174692697, -36.290943832891799 ], [ -72.536759096179196, -36.290845395323302 ], [ -72.536864594772098, -36.2907297471872 ], [ -72.536884564061594, -36.290702454558897 ], [ -72.536897561364199, -36.290677276802903 ], [ -72.536898365151202, -36.290642923647503 ], [ -72.536818373019599, -36.2906452927282 ], [ -72.536763572740497, -36.290631657595199 ], [ -72.536583418459699, -36.290554983528502 ], [ -72.536069442571204, -36.290337525973698 ], [ -72.536039919530197, -36.290309792338 ], [ -72.536022073568901, -36.290279806358797 ], [ -72.5360108554204, -36.2902400875982 ], [ -72.536008790261604, -36.290194376264097 ], [ -72.536057365918296, -36.290122371761299 ], [ -72.536131619971599, -36.290097286870299 ], [ -72.536192703324005, -36.290093570680703 ], [ -72.536228337809902, -36.290100144561698 ], [ -72.536672277444197, -36.290279623777302 ], [ -72.536885884855707, -36.290366750080501 ], [ -72.536902698354595, -36.290373881166197 ], [ -72.536995141851406, -36.290386400446899 ], [ -72.537042625691399, -36.290394530616403 ], [ -72.537073297090402, -36.290395528775697 ], [ -72.537173430234802, -36.290369676743602 ], [ -72.537260049740894, -36.290357575501503 ], [ -72.537601160157806, -36.290242575908401 ], [ -72.537719426405602, -36.290200929091 ], [ -72.537988866043804, -36.290168153327002 ], [ -72.538234347738296, -36.290126551155701 ], [ -72.538421615639294, -36.290100023032601 ], [ -72.538704998353793, -36.290063018467698 ], [ -72.538777242791696, -36.290045620537398 ], [ -72.538816893434799, -36.290036816548998 ], [ -72.538855684038097, -36.290008966783603 ], [ -72.538892292679506, -36.289984995734599 ], [ -72.538943018447895, -36.289960606332897 ], [ -72.538954523085295, -36.289954543852403 ], [ -72.538951740531601, -36.289945089784503 ], [ -72.538886840519993, -36.2899164986393 ], [ -72.538867501703294, -36.289905628598902 ], [ -72.538859582509502, -36.289886791117802 ], [ -72.538803201102894, -36.289733979860799 ], [ -72.538792671677101, -36.289709498166197 ], [ -72.538760106052905, -36.2896665982 ], [ -72.538673013078295, -36.289459769075002 ], [ -72.538509553594096, -36.289127039763002 ], [ -72.538434611053205, -36.288980499804801 ], [ -72.538414584838407, -36.288954392865598 ], [ -72.538402132029802, -36.288939503743698 ], [ -72.5383963077701, -36.288914882597503 ], [ -72.538388302732898, -36.288894141036202 ], [ -72.538327158471304, -36.288847245528899 ], [ -72.538324803496494, -36.288845622262301 ], [ -72.538217738065399, -36.288771815546902 ], [ -72.538073996883796, -36.288718858541102 ], [ -72.537616628422398, -36.288567912418202 ], [ -72.537472242385306, -36.288500669870103 ], [ -72.537219083219597, -36.2883722809229 ], [ -72.536985702699198, -36.288229911781599 ], [ -72.536981770097299, -36.288232215960399 ], [ -72.536981838737603, -36.2882322571771 ], [ -72.536704287210199, -36.288400753675603 ], [ -72.536428532865898, -36.288554342804296 ], [ -72.536345184988605, -36.2885997225887 ], [ -72.536183798446402, -36.288742772123101 ], [ -72.535984502210098, -36.288894097210402 ], [ -72.535822037806597, -36.289013338657398 ], [ -72.535691491573502, -36.289122099288598 ], [ -72.535604412637198, -36.289215269020197 ], [ -72.5354578349897, -36.2893602633361 ], [ -72.535398657928397, -36.2894192308326 ], [ -72.535349954410094, -36.289449280440103 ], [ -72.535291567535694, -36.289460545411799 ], [ -72.535224036072705, -36.289464928653501 ], [ -72.535161095107995, -36.289440567257799 ], [ -72.535111676490502, -36.289389582772301 ], [ -72.535097762932494, -36.289342314644401 ], [ -72.535095827408796, -36.289299460219901 ], [ -72.535109348550904, -36.289272836299503 ], [ -72.535140514643899, -36.289245690061001 ], [ -72.535495896537, -36.288899026564998 ], [ -72.535967723839093, -36.288522691612897 ], [ -72.5361786744906, -36.288368638251796 ], [ -72.5363418899572, -36.288266061252301 ], [ -72.536675499953205, -36.288075872813799 ], [ -72.536585380993301, -36.288033451166797 ], [ -72.536315412986099, -36.2879097306636 ], [ -72.536144573549905, -36.2880048979994 ], [ -72.535809966046997, -36.288224595419003 ], [ -72.535476502127494, -36.288534850688997 ], [ -72.535431599342303, -36.288583859975198 ], [ -72.535394229000602, -36.288604037546499 ], [ -72.535323542257601, -36.288603746865398 ], [ -72.535225098445494, -36.288575669097497 ], [ -72.535176216865594, -36.288536587595303 ], [ -72.535164061648203, -36.288463043739 ], [ -72.535177045012105, -36.288424515959399 ], [ -72.535288869770199, -36.288292470555803 ], [ -72.535466612540006, -36.288120329289598 ], [ -72.535674084572193, -36.287954460028601 ], [ -72.535950610739604, -36.287774481962899 ], [ -72.535928443053805, -36.2877668244642 ], [ -72.535348862016605, -36.287648095542302 ], [ -72.534681113788395, -36.287522280860898 ], [ -72.534638882028304, -36.287658019991703 ], [ -72.534620340235804, -36.2877038646362 ], [ -72.534591538561997, -36.287783388125902 ], [ -72.534588237980998, -36.287840702355297 ], [ -72.534559821886305, -36.288189605491702 ], [ -72.5345352067406, -36.288557468301498 ], [ -72.534523582433806, -36.288691315795496 ], [ -72.534509807907696, -36.288777546926603 ], [ -72.534479893607099, -36.288897631817498 ], [ -72.534452851022706, -36.288950880433497 ], [ -72.534439652200405, -36.288984646249602 ], [ -72.5344144743583, -36.289013999219399 ], [ -72.534356840175604, -36.289041929497003 ], [ -72.534319254337504, -36.289057345750599 ], [ -72.534287227969003, -36.289065445058398 ], [ -72.534260653612193, -36.2890638473705 ], [ -72.5342215627483, -36.289045932943203 ], [ -72.534182256847004, -36.289023255694701 ], [ -72.534149048031907, -36.289005167172398 ], [ -72.534126634596007, -36.2889653019554 ], [ -72.534119032633399, -36.288927383456802 ], [ -72.534117850164606, -36.288901194762303 ], [ -72.534140087089696, -36.288871928883701 ], [ -72.534162538969198, -36.288847424009802 ], [ -72.534170178374794, -36.288820974247997 ], [ -72.534186533263593, -36.288791882429997 ], [ -72.534200531184197, -36.288514925598299 ], [ -72.534210789023007, -36.288481245939501 ], [ -72.534223488840894, -36.2883712061845 ], [ -72.5342331482275, -36.288063385774798 ], [ -72.534247890504503, -36.287998582344102 ], [ -72.534237278658296, -36.287894000730901 ], [ -72.534237317174899, -36.287829631535303 ], [ -72.534264720601499, -36.2877191566402 ], [ -72.534299510898194, -36.287641840129801 ], [ -72.5343443155203, -36.287463882708401 ], [ -72.534236900563101, -36.287444992507098 ], [ -72.533900683787294, -36.2874085079415 ], [ -72.533912841943504, -36.287491171247098 ], [ -72.533918362561707, -36.287548223545201 ], [ -72.533922984492506, -36.287650598313398 ], [ -72.533905477215498, -36.287784619864702 ], [ -72.533895395456994, -36.287887429723902 ], [ -72.533865050452604, -36.287997990688197 ], [ -72.533832086879698, -36.288115781537201 ], [ -72.533791482658401, -36.288260023057099 ], [ -72.5337578750988, -36.288363529029702 ], [ -72.533693851299404, -36.288510846730297 ], [ -72.533640302582299, -36.288629246628197 ], [ -72.5335740603132, -36.288662198600598 ], [ -72.5335244966342, -36.288673200733598 ], [ -72.533489314395197, -36.288676625829503 ], [ -72.533456858181196, -36.288675201987601 ], [ -72.533427126927407, -36.288668930142599 ], [ -72.533393918386096, -36.288650840491499 ], [ -72.533351134596799, -36.2886163469773 ], [ -72.533334603668195, -36.2885763075546 ], [ -72.533330050609294, -36.288540682924001 ], [ -72.533339557629105, -36.288490337493101 ], [ -72.533438587304403, -36.288270464676899 ], [ -72.533494002325497, -36.288128169185299 ], [ -72.533547522816605, -36.287878650811102 ], [ -72.533557673397596, -36.287842590238803 ], [ -72.533574282382205, -36.287753891185403 ], [ -72.533577301527401, -36.287625066614801 ], [ -72.5335530650393, -36.287386815065503 ], [ -72.533545713782999, -36.287387032571502 ], [ -72.533211578087204, -36.287432419112697 ], [ -72.532672874097003, -36.287534178853797 ], [ -72.532523861261694, -36.2875600429347 ], [ -72.5322734928138, -36.287689032116504 ], [ -72.532093379983195, -36.287808790553797 ], [ -72.532073582298494, -36.287816404147797 ], [ -72.532075558919999, -36.287818254079497 ], [ -72.532070184232893, -36.287820321428804 ], [ -72.532069722579493, -36.287820499070598 ], [ -72.532165170806607, -36.287948151315 ], [ -72.532436276785205, -36.288278659447002 ], [ -72.532578967130306, -36.288438934311202 ], [ -72.532647533813403, -36.288522729615799 ], [ -72.532686262004603, -36.288597871879702 ] ] ] } },
{ "type": "Feature", "properties": { "id": "monoparte.49", "Name": null, "description": null, "timestamp": null, "begin": null, "end": null, "altitudeMode": null, "tessellate": -1, "extrude": 0, "visibility": -1, "drawOrder": null, "icon": null, "REG": "Ñuble", "COM": "Quirihue", "LOC": "Quirihue", "ZONA": "ZPU", "NOM": "ZPU Zona de Parcelas Urbanas", "UPERM": "Residencial. Equipamiento de todo tipo. Actividades productivas sólo almacenamiento y talleres inofensivos.", "UPROH": "Todos los usos de suelo no mencionados como permitidos, expresamente el residencial.", "P_DO": "30/06/2007", "N_DOC": "20", "T_DO": "Resolución", "OBS": null }, "geometry": { "type": "Polygon", "coordinates": [ [ [ -72.542710224748703, -36.287078435694802 ], [ -72.542637029758794, -36.287087758444699 ], [ -72.542458754792804, -36.287052519126398 ], [ -72.542266745059607, -36.287039142283597 ], [ -72.541968331910198, -36.2870170020594 ], [ -72.5417416799569, -36.287018955662802 ], [ -72.541495951838996, -36.2870548505446 ], [ -72.541317752253306, -36.2870863584088 ], [ -72.540709243414398, -36.287304656062297 ], [ -72.540324047645598, -36.287447194694003 ], [ -72.540159338052803, -36.287484022506 ], [ -72.539891696183204, -36.287556323885397 ], [ -72.539543219161601, -36.2876643956319 ], [ -72.539503017173502, -36.2876870434145 ], [ -72.539388293980593, -36.2877548105362 ], [ -72.539209054007202, -36.287893625755601 ], [ -72.539160675946903, -36.287930819616797 ], [ -72.539095049264503, -36.288042427290499 ], [ -72.539001843899399, -36.288195380629197 ], [ -72.538974653950206, -36.2882452962344 ], [ -72.538963535955901, -36.288259929587802 ], [ -72.538963933028995, -36.288333821401601 ], [ -72.538968272246905, -36.288364684726901 ], [ -72.538971428513094, -36.288369359459502 ], [ -72.539031213335207, -36.288389044099603 ], [ -72.539231470915993, -36.288259141876701 ], [ -72.539657373773395, -36.2879747444888 ], [ -72.539817857939894, -36.2878770129701 ], [ -72.5399199568255, -36.287790546591097 ], [ -72.539940111640405, -36.287780413552703 ], [ -72.539998173424294, -36.287762004490702 ], [ -72.540036402317497, -36.287760871309303 ], [ -72.540059928729704, -36.287760173932902 ], [ -72.540098481776099, -36.287766183515998 ], [ -72.540143670408995, -36.287788683502399 ], [ -72.540171428783594, -36.287816468425 ], [ -72.540193629458201, -36.287851570483397 ], [ -72.540207114964403, -36.287889314116498 ], [ -72.540192162372094, -36.2879493570343 ], [ -72.540161321676294, -36.287983647289003 ], [ -72.539664592748096, -36.288329744461599 ], [ -72.539298507462405, -36.288569457496301 ], [ -72.539223661354001, -36.288607434899802 ], [ -72.539218680643501, -36.288757773780198 ], [ -72.539201074762502, -36.2888894146623 ], [ -72.539193260703996, -36.289042221638198 ], [ -72.539184510988704, -36.289109232114903 ], [ -72.539182970594794, -36.289140269671599 ], [ -72.539114509773796, -36.2892543463905 ], [ -72.539068239686401, -36.289338203494502 ], [ -72.539051637924999, -36.289426902936803 ], [ -72.539033743229595, -36.289487032917002 ], [ -72.539037867264298, -36.2895131343477 ], [ -72.539065627042703, -36.289540919476103 ], [ -72.539078681784204, -36.289569140377999 ], [ -72.539088150726499, -36.2895831636555 ], [ -72.539103823561604, -36.289604155474301 ], [ -72.539123190953404, -36.289641724919598 ], [ -72.539140047990202, -36.289688905281501 ], [ -72.539165943383296, -36.2897405851458 ], [ -72.539181400950298, -36.289756815069801 ], [ -72.539223326579901, -36.289772260587199 ], [ -72.539286376530796, -36.289798999794399 ], [ -72.539434925884606, -36.289827973246602 ], [ -72.539550479219002, -36.289843620591697 ], [ -72.539642937313403, -36.289869487980503 ], [ -72.539711654157202, -36.289891290730502 ], [ -72.5397504224578, -36.2899020613795 ], [ -72.539779831563294, -36.289901189676399 ], [ -72.539794535559906, -36.289900753838602 ], [ -72.539811749892806, -36.289890707968198 ], [ -72.539815835262004, -36.289785691428001 ], [ -72.539827524362494, -36.289718593794902 ], [ -72.539826662954297, -36.289699547182799 ], [ -72.539834623475002, -36.289680239079203 ], [ -72.539883143675397, -36.289581057823803 ], [ -72.540034013472805, -36.289335802943299 ], [ -72.540117501008595, -36.2892284326796 ], [ -72.5402938335031, -36.289025335245398 ], [ -72.540517575990407, -36.288763615607003 ], [ -72.540634627479207, -36.288617105663398 ], [ -72.540808555957895, -36.288425998545897 ], [ -72.540861738395904, -36.288364822081398 ], [ -72.540908931128101, -36.288301439057598 ], [ -72.541042366310194, -36.288061468198698 ], [ -72.541097304517706, -36.287974015947398 ], [ -72.541122909132099, -36.287954184597801 ], [ -72.541357621911004, -36.287739818113899 ], [ -72.541377130225101, -36.287715400128597 ], [ -72.541397284811893, -36.287705266855298 ], [ -72.541742818023593, -36.287597276141497 ], [ -72.541836775653593, -36.287558730411703 ], [ -72.541874574543698, -36.287548072876596 ], [ -72.541924890169895, -36.287553733017504 ], [ -72.5419905567841, -36.287573240825999 ], [ -72.542027030781696, -36.287598383580097 ], [ -72.542049124409104, -36.287631103417802 ], [ -72.542059346634005, -36.2876617921182 ], [ -72.542063580375299, -36.287690274301603 ], [ -72.542061932255606, -36.287718930935903 ], [ -72.542045472878996, -36.287745643630103 ], [ -72.5419970963097, -36.2877828376633 ], [ -72.541936417340295, -36.287808477698803 ], [ -72.541869965260901, -36.287836672149702 ], [ -72.541742403100201, -36.287880982770801 ], [ -72.541632054448797, -36.2879152471642 ], [ -72.541566140752195, -36.287955345232298 ], [ -72.541443996669102, -36.288054327154001 ], [ -72.541388735687505, -36.288134637638798 ], [ -72.541297938332505, -36.2882756006073 ], [ -72.541213344631203, -36.2884235319505 ], [ -72.541090735703406, -36.2885773587061 ], [ -72.540553242769207, -36.289194059676497 ], [ -72.540390751882896, -36.289377674998903 ], [ -72.540300058032898, -36.289521019233 ], [ -72.540250784592004, -36.289603534961898 ], [ -72.540197923968293, -36.289671854030601 ], [ -72.540175905698206, -36.289705882766398 ], [ -72.540170885123203, -36.289725102838098 ], [ -72.540172285033904, -36.289756053233702 ], [ -72.5401647542066, -36.289784884240902 ], [ -72.5401536373612, -36.289799517669003 ], [ -72.540146323018206, -36.289833110518799 ], [ -72.540155683377606, -36.289844752793499 ], [ -72.540170602741796, -36.289849078786197 ], [ -72.540182582200401, -36.289853491927801 ], [ -72.540206215818699, -36.289855175459103 ], [ -72.540244446835899, -36.289854042122201 ], [ -72.540261984139605, -36.289851138104197 ], [ -72.540279629137302, -36.2898506150215 ], [ -72.540297920269694, -36.289864376662699 ], [ -72.540310222785394, -36.289875931704202 ], [ -72.540322201143397, -36.289880344864102 ], [ -72.540351609111099, -36.289879473053702 ], [ -72.540373736154194, -36.289847825192297 ], [ -72.540395970879004, -36.289818558265203 ], [ -72.540423978807397, -36.289786736051198 ], [ -72.540547634552397, -36.289721086297597 ], [ -72.540602110372902, -36.289688479345003 ], [ -72.540658375581103, -36.289565227776897 ], [ -72.540710266438694, -36.289475481897803 ], [ -72.540854001826204, -36.289332949756201 ], [ -72.541214591891205, -36.288971811517001 ], [ -72.541271146198795, -36.2889200714068 ], [ -72.541996421989793, -36.288483749382898 ], [ -72.542153639762404, -36.288378959256001 ], [ -72.542209083615006, -36.288367778253203 ], [ -72.542267899405203, -36.288366033726398 ], [ -72.542321910754396, -36.288388272068701 ], [ -72.542367530191697, -36.288420294020803 ], [ -72.542386360078197, -36.288445960007202 ], [ -72.542402034579794, -36.288466950426901 ], [ -72.542402681065894, -36.288481235124202 ], [ -72.542404081794402, -36.288512185451403 ], [ -72.542390777713194, -36.288543571956197 ], [ -72.542376612741805, -36.288555911863902 ], [ -72.542340429630798, -36.288602280874599 ], [ -72.542203043173203, -36.288689795039303 ], [ -72.541933827016294, -36.288857507522998 ], [ -72.541704488433794, -36.288995428145 ], [ -72.541526683048403, -36.289100828248401 ], [ -72.541495196218804, -36.289120834125903 ], [ -72.541348844606901, -36.289270596975399 ], [ -72.541016067650602, -36.289595627445998 ], [ -72.540991216435899, -36.289632123551797 ], [ -72.540935167156306, -36.289760137121803 ], [ -72.540883168689803, -36.289847502155297 ], [ -72.540797755579305, -36.289907967356299 ], [ -72.540900684555496, -36.289904915544199 ], [ -72.541039567276499, -36.289882917501501 ], [ -72.541045161647901, -36.289882977780003 ], [ -72.541113222880995, -36.289883713207502 ], [ -72.541114350805401, -36.289883428374502 ], [ -72.541153255143797, -36.289873586132302 ], [ -72.541244482562803, -36.289855981542203 ], [ -72.541422185361796, -36.289797071779397 ], [ -72.541701469933798, -36.289705350298199 ], [ -72.541812868052105, -36.289645426620702 ], [ -72.542042208236495, -36.289507505708002 ], [ -72.542123007886005, -36.289487229130501 ], [ -72.542464109218997, -36.289378772937098 ], [ -72.542470118714405, -36.289378981219301 ], [ -72.542471461702604, -36.289378554839601 ], [ -72.542973715735499, -36.289396014983801 ], [ -72.542980233576301, -36.289396241497002 ], [ -72.5430808725947, -36.289342596181299 ], [ -72.543406323705, -36.289213740977303 ], [ -72.543777908332601, -36.2891282151948 ], [ -72.543935302824806, -36.289108645115903 ], [ -72.543985958117702, -36.289089261835301 ], [ -72.544059343373505, -36.289084104340503 ], [ -72.544095025324296, -36.289059205049 ], [ -72.544336869959807, -36.288953689161403 ], [ -72.544677426257607, -36.288833321392502 ], [ -72.544869827525005, -36.288773971227002 ], [ -72.545323761281693, -36.288619989511602 ], [ -72.545476048524804, -36.2885689807202 ], [ -72.5452444177985, -36.2881360127869 ], [ -72.545243419268601, -36.288134189910302 ], [ -72.545105355384194, -36.287882187552498 ], [ -72.544611222247696, -36.288024993951097 ], [ -72.544552811160102, -36.2880356676446 ], [ -72.544115141877199, -36.287962237264402 ], [ -72.544102324763898, -36.288004337165503 ], [ -72.544064359792898, -36.288125476640502 ], [ -72.544047648964096, -36.288178798194203 ], [ -72.5439852163788, -36.288344550259502 ], [ -72.543890142386203, -36.288439750692802 ], [ -72.543864410707997, -36.288440514271002 ], [ -72.543665676901298, -36.288359991748898 ], [ -72.5431765814606, -36.288207625409903 ], [ -72.542882005412594, -36.288123984694003 ], [ -72.542788354839303, -36.288088023971397 ], [ -72.542697168782595, -36.288025169063602 ], [ -72.542638930985902, -36.287958356995397 ], [ -72.542619836487006, -36.287861776012399 ], [ -72.542649132316797, -36.287533109053399 ], [ -72.542664413584802, -36.2874641169916 ], [ -72.542673825183599, -36.287428077669396 ], [ -72.542672074209605, -36.287389389764698 ], [ -72.542684218562101, -36.2873324095982 ], [ -72.542715012453996, -36.287280836525497 ], [ -72.542768131436702, -36.287234561498103 ], [ -72.542917900830901, -36.287209258726897 ], [ -72.543089725820295, -36.287183301434503 ], [ -72.543227793562096, -36.287143445083402 ], [ -72.543375676582599, -36.287076478161602 ], [ -72.543383336516797, -36.287001750924503 ], [ -72.543284652092794, -36.286878923718902 ], [ -72.542713075511799, -36.286816113132502 ], [ -72.542755107827205, -36.2868339374958 ], [ -72.542782760103805, -36.286859341716202 ], [ -72.542796569864194, -36.2869042268999 ], [ -72.542804175750803, -36.286942145535001 ], [ -72.542791411921002, -36.286985435797 ], [ -72.542760894893306, -36.287026868575197 ], [ -72.542710224748703, -36.287078435694802 ] ] ] } },
{ "type": "Feature", "properties": { "id": "monoparte.50", "Name": null, "description": null, "timestamp": null, "begin": null, "end": null, "altitudeMode": null, "tessellate": -1, "extrude": 0, "visibility": -1, "drawOrder": null, "icon": null, "REG": "Ñuble", "COM": "Quirihue", "LOC": "Quirihue", "ZONA": "ZPU", "NOM": "ZPU Zona de Parcelas Urbanas", "UPERM": "Residencial. Equipamiento de todo tipo. Actividades productivas sólo almacenamiento y talleres inofensivos.", "UPROH": "Todos los usos de suelo no mencionados como permitidos, expresamente el residencial.", "P_DO": "30/06/2007", "N_DOC": "20", "T_DO": "Resolución", "OBS": null }, "geometry": { "type": "Polygon", "coordinates": [ [ [ -72.539746805941107, -36.287204450325099 ], [ -72.539553510249306, -36.287357986516803 ], [ -72.539727693846402, -36.287302760781301 ], [ -72.539864294485099, -36.287262951769002 ], [ -72.540149902847702, -36.2871972702888 ], [ -72.540330182766596, -36.287146630338199 ], [ -72.540637054941399, -36.287030253309602 ], [ -72.540877366739096, -36.286939689381498 ], [ -72.541153073116504, -36.286850458722299 ], [ -72.541211986466905, -36.286835494615801 ], [ -72.540945580387699, -36.286234391596103 ], [ -72.540827812006299, -36.286299866187001 ], [ -72.540669627095099, -36.286383227819996 ], [ -72.540258083103794, -36.286724418460302 ], [ -72.539746805941107, -36.287204450325099 ] ] ] } },
{ "type": "Feature", "properties": { "id": "monoparte.51", "Name": null, "description": null, "timestamp": null, "begin": null, "end": null, "altitudeMode": null, "tessellate": -1, "extrude": 0, "visibility": -1, "drawOrder": null, "icon": null, "REG": "Ñuble", "COM": "Quirihue", "LOC": "Quirihue", "ZONA": "ZEXH", "NOM": "ZEXH Zona Extensión Habitacional", "UPERM": "Residencial. Equipamiento de todo tipo, excepto cárcel, cementerio y crematorio. Actividades productivas sólo almacenamiento y talleres inofensivos.", "UPROH": "Todos los usos de suelo no mencionados anteriormente y los señalados en el Artículo 23 de la Ordenanza.", "P_DO": "30/06/2007", "N_DOC": "20", "T_DO": "Resolución", "OBS": null }, "geometry": { "type": "Polygon", "coordinates": [ [ [ -72.5301171284936, -36.2809109918825 ], [ -72.528719189602796, -36.281252685969001 ], [ -72.528055824164596, -36.281429626768102 ], [ -72.527365839093704, -36.281669335124 ], [ -72.527056561510406, -36.281019363350197 ], [ -72.526691024348196, -36.2811405002412 ], [ -72.525958582007306, -36.281352845339399 ], [ -72.525604293168399, -36.281462477642798 ], [ -72.524170819144501, -36.281800399695797 ], [ -72.522889814792805, -36.282124271885699 ], [ -72.523085053605797, -36.284369009083598 ], [ -72.5223973950512, -36.284463720605203 ], [ -72.522390029512493, -36.284464456834797 ], [ -72.522371537876495, -36.2852044765459 ], [ -72.522376594283401, -36.285316852589602 ], [ -72.522373175025507, -36.285345561376097 ], [ -72.522362526644201, -36.2853706692797 ], [ -72.522354144378994, -36.285393802851402 ], [ -72.522360048971606, -36.285420329152501 ], [ -72.522398594336096, -36.285491665477302 ], [ -72.522465332992198, -36.285613665452097 ], [ -72.522540452997504, -36.285712531826597 ], [ -72.522662089818596, -36.285850458362603 ], [ -72.522725656714996, -36.285901984276499 ], [ -72.522867078940394, -36.286008430416501 ], [ -72.522931332977706, -36.286075194109898 ], [ -72.522946477214603, -36.2860976346321 ], [ -72.522958544102806, -36.286156401143401 ], [ -72.522970830760102, -36.286272377938097 ], [ -72.522931407215495, -36.286914360364797 ], [ -72.522917748187695, -36.287238987108204 ], [ -72.522911376042998, -36.287254432338401 ], [ -72.522896193049405, -36.287283488140503 ], [ -72.522725373676593, -36.287570792103999 ], [ -72.522670757333699, -36.2876658559777 ], [ -72.522558905876807, -36.287745443258402 ], [ -72.522461804346904, -36.287838708342797 ], [ -72.522450898587905, -36.287858102260202 ], [ -72.522415484288501, -36.287908734470903 ], [ -72.522366296826306, -36.287967401078802 ], [ -72.522297136389597, -36.288053357177901 ], [ -72.522281228466198, -36.288118671306698 ], [ -72.522255787078507, -36.2882338533908 ], [ -72.522238564306093, -36.288479341668697 ], [ -72.522293925753104, -36.288728028743797 ], [ -72.522474733311498, -36.289015927688503 ], [ -72.522560421262895, -36.289116349177498 ], [ -72.522567878433193, -36.289116254465398 ], [ -72.522637104466099, -36.289115381201803 ], [ -72.522772493577804, -36.289139995540701 ], [ -72.522969139179096, -36.289164710207899 ], [ -72.523095927219202, -36.289155248391097 ], [ -72.523229773282907, -36.289145578217799 ], [ -72.523472700679605, -36.289151761002401 ], [ -72.523506253134002, -36.289160004906101 ], [ -72.523507982503801, -36.289162274953902 ], [ -72.523582346961803, -36.289129379863397 ], [ -72.523712158888202, -36.289071957892197 ], [ -72.523894859750499, -36.289009351228103 ], [ -72.5243343806968, -36.288960621101097 ], [ -72.524589591919195, -36.288938785399502 ], [ -72.524782724099396, -36.288911629875201 ], [ -72.525036003855305, -36.288846938369403 ], [ -72.525226883763295, -36.288769783427199 ], [ -72.525322001899596, -36.288724063818798 ], [ -72.525602528790401, -36.288479766982498 ], [ -72.525933736505294, -36.288183909860997 ], [ -72.526076960750501, -36.288029489311299 ], [ -72.5261972582515, -36.287954417711397 ], [ -72.526328950431704, -36.287936225338598 ], [ -72.526506870339901, -36.287930971736202 ], [ -72.526692784061694, -36.287939785756699 ], [ -72.526976389660106, -36.287960018376502 ], [ -72.526981772513494, -36.287959660277799 ], [ -72.526983742133794, -36.2879598012386 ], [ -72.527177513314697, -36.287946926078902 ], [ -72.527344174054605, -36.2879205482907 ], [ -72.528189968287194, -36.287673852658799 ], [ -72.529165838095693, -36.287373243147499 ], [ -72.5296055913619, -36.287239028303098 ], [ -72.529584510669906, -36.2868550128847 ], [ -72.529611723638396, -36.286413646510397 ], [ -72.529624068549197, -36.286269479129501 ], [ -72.529607632360893, -36.285957184879997 ], [ -72.529509454420094, -36.285399371147498 ], [ -72.529352756287594, -36.284797514036903 ], [ -72.529203702833499, -36.284365170519003 ], [ -72.529112468253899, -36.283961252501399 ], [ -72.529092051775393, -36.2838741246469 ], [ -72.528989330276801, -36.283737934584003 ], [ -72.528946590523105, -36.283678166699602 ], [ -72.528813252896299, -36.283594376200703 ], [ -72.528768761456007, -36.283548010650598 ], [ -72.528742145397203, -36.283480138119899 ], [ -72.528738333038604, -36.283447827885297 ], [ -72.528762150896995, -36.283401351540199 ], [ -72.528823436305601, -36.283349954072001 ], [ -72.528858036959505, -36.283333673593297 ], [ -72.528930878991005, -36.2833296147219 ], [ -72.528995083309397, -36.283342974865 ], [ -72.529126754695199, -36.2834420725437 ], [ -72.529212097094003, -36.283506303043303 ], [ -72.529415616972599, -36.2837882751788 ], [ -72.529510904860203, -36.284229835551301 ], [ -72.529638735189295, -36.284609404211601 ], [ -72.529694304601904, -36.284796955927902 ], [ -72.529869758458304, -36.285501247419099 ], [ -72.529928542840807, -36.285812289957903 ], [ -72.529961603263004, -36.286127525717802 ], [ -72.529941278217294, -36.286564873563201 ], [ -72.529919682857695, -36.287078547784397 ], [ -72.529912613000107, -36.287145323424902 ], [ -72.529966682752303, -36.287128820349899 ], [ -72.529970154124797, -36.2871277608456 ], [ -72.530086132867595, -36.287152940616402 ], [ -72.530134110200706, -36.287237346064799 ], [ -72.530144542524397, -36.287272797977401 ], [ -72.530155942289994, -36.287329676739397 ], [ -72.530184019269797, -36.287364607086197 ], [ -72.530257174774505, -36.287419660361003 ], [ -72.530346686503805, -36.2874456222251 ], [ -72.530417910471201, -36.287457820701903 ], [ -72.530516425946004, -36.2874549084124 ], [ -72.530523778344204, -36.287454691059402 ], [ -72.530646646522797, -36.2874367548104 ], [ -72.531030318839598, -36.287325284099097 ], [ -72.531550957415206, -36.2871167860906 ], [ -72.531721602279802, -36.286983003647101 ], [ -72.531804668701696, -36.286866115767999 ], [ -72.531836412784799, -36.2867865049652 ], [ -72.531867834567393, -36.2866997521744 ], [ -72.531864289710995, -36.286621185869997 ], [ -72.531998355109394, -36.286459876979102 ], [ -72.532153288311804, -36.286369471295998 ], [ -72.532398674707295, -36.2862756016617 ], [ -72.532329485722002, -36.286109914194398 ], [ -72.532293497656298, -36.285964959644801 ], [ -72.532230789830294, -36.285880394280902 ], [ -72.532172562301, -36.285813576504097 ], [ -72.532044485441901, -36.285719263325198 ], [ -72.5317765611845, -36.285576518400397 ], [ -72.5316587075435, -36.285522787815303 ], [ -72.5313524240117, -36.285417412237102 ], [ -72.531180290669695, -36.285361472040201 ], [ -72.531126901707594, -36.285326813658799 ], [ -72.5309575834074, -36.285228831399898 ], [ -72.530916301772393, -36.285201444027201 ], [ -72.530885579807304, -36.285147043174803 ], [ -72.5308610230596, -36.285124882889598 ], [ -72.530843009640904, -36.285091086005401 ], [ -72.530815240974604, -36.285049949358303 ], [ -72.530802275909707, -36.285023631380902 ], [ -72.530736384264202, -36.284920683561303 ], [ -72.530703568495099, -36.284872067028097 ], [ -72.530678152856794, -36.284830859880898 ], [ -72.530667110184098, -36.284794949399803 ], [ -72.5306745449885, -36.284750864512297 ], [ -72.530700541960101, -36.2847005084014 ], [ -72.530727655686505, -36.284674913956401 ], [ -72.530797372685498, -36.284653780678603 ], [ -72.5308535757936, -36.284646397525002 ], [ -72.530924924977597, -36.284661452848901 ], [ -72.5309810098924, -36.284703659793799 ], [ -72.531062132618302, -36.284830950939003 ], [ -72.531173635114996, -36.285005023858901 ], [ -72.531292518662099, -36.285081610791501 ], [ -72.531379272385905, -36.285124818208097 ], [ -72.531451051683405, -36.285149396136802 ], [ -72.531486855432306, -36.285159780584102 ], [ -72.531458689811103, -36.285057625135501 ], [ -72.531403443779297, -36.2849295691462 ], [ -72.531363945631696, -36.2848372844092 ], [ -72.531335146902705, -36.284773292055903 ], [ -72.531280416803398, -36.284656663884903 ], [ -72.531213579860605, -36.284532765485103 ], [ -72.531135668161497, -36.284424451708702 ], [ -72.531077866265306, -36.284344151176803 ], [ -72.530944902376106, -36.284216486114197 ], [ -72.5308165576742, -36.284086776838997 ], [ -72.530671058219198, -36.283942316417701 ], [ -72.530410578589795, -36.283755482989001 ], [ -72.530220554354202, -36.283616153107197 ], [ -72.530097877360205, -36.283350864250501 ], [ -72.530034211564896, -36.283218861159597 ], [ -72.530012901467003, -36.283164182752003 ], [ -72.529994286643003, -36.283117052843799 ], [ -72.529973473127399, -36.282968907046602 ], [ -72.529967256805094, -36.282883266239701 ], [ -72.529984530483503, -36.2828484262416 ], [ -72.530009548652203, -36.282828615478103 ], [ -72.5300275104359, -36.282809012371303 ], [ -72.530073700863795, -36.2827885749128 ], [ -72.530099320132294, -36.282782096107098 ], [ -72.5301202348071, -36.282775756351398 ], [ -72.5301509033104, -36.282776757360402 ], [ -72.530234271453097, -36.282797179471302 ], [ -72.530281200851405, -36.282845378993997 ], [ -72.530299214547199, -36.282879175982202 ], [ -72.530308762737405, -36.2829342029085 ], [ -72.530314121625693, -36.283000795914198 ], [ -72.530326966346394, -36.283076704203403 ], [ -72.530355678779401, -36.2831387928086 ], [ -72.530378654864293, -36.283178164670602 ], [ -72.530389611212996, -36.2832121702533 ], [ -72.530441556517104, -36.2833193455726 ], [ -72.530465048056499, -36.283370145326899 ], [ -72.5305007312013, -36.283430120340398 ], [ -72.530523621588003, -36.283467588111598 ], [ -72.530638055146696, -36.283550028905601 ], [ -72.530796208442396, -36.283661692452498 ], [ -72.530893572198906, -36.283731286984697 ], [ -72.5309622776239, -36.2837921930563 ], [ -72.531083134964405, -36.2839125878996 ], [ -72.531275394063996, -36.284101437826898 ], [ -72.531448748327094, -36.284288938022399 ], [ -72.531615565394802, -36.284592589937503 ], [ -72.531736757160303, -36.284876992239901 ], [ -72.5318461005036, -36.285159838187397 ], [ -72.5318764477001, -36.2852581140328 ], [ -72.531889499108303, -36.285286336819503 ], [ -72.531897792541002, -36.285261297783897 ], [ -72.531898458405905, -36.2851716395487 ], [ -72.531890090222205, -36.285038383399602 ], [ -72.531900629085897, -36.284906475602099 ], [ -72.531911081987403, -36.284772662854301 ], [ -72.531924198763306, -36.284697894527298 ], [ -72.531923317883496, -36.284573952602798 ], [ -72.531917560494605, -36.284446340808898 ], [ -72.531905690834606, -36.2843398894654 ], [ -72.531884410731706, -36.284233715509501 ], [ -72.531754560939603, -36.2838095809647 ], [ -72.531729951402696, -36.283734020773302 ], [ -72.531669452955796, -36.283646172103502 ], [ -72.531584226380303, -36.283532353336902 ], [ -72.531492028505497, -36.283420648127802 ], [ -72.531433366806795, -36.283321300964701 ], [ -72.531221152662397, -36.283003352549002 ], [ -72.530961064543803, -36.282616252693003 ], [ -72.530874981239705, -36.282483387366597 ], [ -72.530812217835503, -36.282397511751597 ], [ -72.530755620458905, -36.282343875772099 ], [ -72.530701460791605, -36.282292075191698 ], [ -72.530676047258794, -36.282250868850497 ], [ -72.530684888798802, -36.282185762662699 ], [ -72.530720003242095, -36.282128653175199 ], [ -72.5307796206761, -36.282092561291797 ], [ -72.530899338309098, -36.282083300486804 ], [ -72.530947161287003, -36.282099051378701 ], [ -72.530973982838603, -36.282119237227597 ], [ -72.531122689887596, -36.282282673855903 ], [ -72.531165087861893, -36.282334821984101 ], [ -72.531327587410303, -36.282595117291102 ], [ -72.531557427508005, -36.282931759833602 ], [ -72.531895868559104, -36.283423820235498 ], [ -72.532055817276103, -36.283640515772703 ], [ -72.532176713030694, -36.284048894379197 ], [ -72.532241129041907, -36.284262692477803 ], [ -72.532260690727597, -36.284539611004 ], [ -72.532241274844907, -36.284970733871397 ], [ -72.532234869577906, -36.285181191470699 ], [ -72.532245706565206, -36.285303884715397 ], [ -72.532271843860599, -36.285452445555102 ], [ -72.5322853953855, -36.285517842805397 ], [ -72.532291462682096, -36.285534828066197 ], [ -72.532309558084705, -36.285544306064999 ], [ -72.532323181241594, -36.285493838950799 ], [ -72.532340398804806, -36.2854446963672 ], [ -72.532445078613094, -36.285141216911299 ], [ -72.532540677294605, -36.284832284409198 ], [ -72.532638118932098, -36.284564207001601 ], [ -72.532796546345494, -36.284257707516403 ], [ -72.532577236929697, -36.284056787177597 ], [ -72.532406006927303, -36.2839033642529 ], [ -72.532256606443298, -36.283724691787199 ], [ -72.532215880239505, -36.283644364342699 ], [ -72.532147915632905, -36.283547676834601 ], [ -72.532075069059502, -36.283421095861499 ], [ -72.531869767285102, -36.282982313689203 ], [ -72.531718509557393, -36.282644922187501 ], [ -72.531655876962603, -36.282509742141201 ], [ -72.531609126813507, -36.282452478867903 ], [ -72.531588970240605, -36.282397289102803 ], [ -72.531543017440299, -36.282318545872599 ], [ -72.531493277195594, -36.2822341930382 ], [ -72.531479316445299, -36.282198845554298 ], [ -72.531460126577201, -36.282165083528803 ], [ -72.531446486935394, -36.282136878962802 ], [ -72.531427361511803, -36.282104544968398 ], [ -72.531415229058098, -36.282070574259897 ], [ -72.531403289935298, -36.282040889464 ], [ -72.531359364118799, -36.281869967977499 ], [ -72.531305148669304, -36.281529706479802 ], [ -72.531293685937101, -36.281471398811 ], [ -72.531333645911801, -36.281417293207099 ], [ -72.531384964919496, -36.281380015554397 ], [ -72.531437314830299, -36.281365594595997 ], [ -72.531493773247504, -36.281363925223701 ], [ -72.531561655237397, -36.281380512706001 ], [ -72.531612732784097, -36.281416192612397 ], [ -72.531633299661905, -36.281441331540897 ], [ -72.531635837774601, -36.281458421210502 ], [ -72.531674972244403, -36.281777673022198 ], [ -72.531720875811601, -36.281933658903498 ], [ -72.531826525009905, -36.282160828514499 ], [ -72.532065694131305, -36.282606332956597 ], [ -72.532181972335096, -36.282873239751297 ], [ -72.532338073888397, -36.283200474132599 ], [ -72.532431464804006, -36.283390815429101 ], [ -72.532571064636201, -36.283598957582903 ], [ -72.532584511576999, -36.283622876070403 ], [ -72.532711064041393, -36.2837650337393 ], [ -72.532905952673801, -36.283933776769402 ], [ -72.532949973914398, -36.283969664767604 ], [ -72.532980444564103, -36.283940155549303 ], [ -72.533003492968703, -36.283863662488599 ], [ -72.533012467597501, -36.283827637642503 ], [ -72.533044959861201, -36.283803790175497 ], [ -72.533058002143093, -36.283740467090396 ], [ -72.533077627394306, -36.283705556210499 ], [ -72.533117264736404, -36.283644307154503 ], [ -72.533131661905898, -36.283610982671497 ], [ -72.533143285796697, -36.283516232906102 ], [ -72.533174063491998, -36.283219516360198 ], [ -72.533177099626101, -36.283169362356901 ], [ -72.533174778781898, -36.2831179368875 ], [ -72.533184269017099, -36.283093339916 ], [ -72.533176227514801, -36.282993449437299 ], [ -72.533142032933299, -36.282705521731501 ], [ -72.533340614699199, -36.2823689393541 ], [ -72.533444612670195, -36.282207088598703 ], [ -72.533473575480002, -36.2821833454501 ], [ -72.533510174784396, -36.282172250347003 ], [ -72.533552196556002, -36.282163854688001 ], [ -72.533582255376601, -36.282164396208501 ], [ -72.533639487926706, -36.282179867609401 ], [ -72.533681163235897, -36.282202950787003 ], [ -72.533714662217804, -36.282240580689397 ], [ -72.533728238180998, -36.282267356015197 ], [ -72.533727956250104, -36.282300263830102 ], [ -72.533692944787603, -36.282385693321601 ], [ -72.5335105133707, -36.282688612426497 ], [ -72.533477869728699, -36.282748224745703 ], [ -72.533496919120907, -36.283013714128103 ], [ -72.533508009873103, -36.283063736708698 ], [ -72.533509340812998, -36.283132356160799 ], [ -72.533502259223596, -36.283171185816499 ], [ -72.533458511441793, -36.2836502320364 ], [ -72.533349905396705, -36.283866574061399 ], [ -72.533249001528901, -36.284136185256997 ], [ -72.533207793679495, -36.284201772446202 ], [ -72.533048316430893, -36.284465391725398 ], [ -72.532947885033906, -36.284667187672603 ], [ -72.532851475840403, -36.284958121043502 ], [ -72.532692520735907, -36.285429131786003 ], [ -72.532641068981604, -36.285635772414601 ], [ -72.532625335339205, -36.285717769716001 ], [ -72.532613516229802, -36.285808234481401 ], [ -72.532626593541494, -36.285902253553701 ], [ -72.532640145469202, -36.285967650739103 ], [ -72.532714989672399, -36.286152004154502 ], [ -72.532814608211893, -36.286113895409599 ], [ -72.533085838760002, -36.286055807653 ], [ -72.533093189895098, -36.286055590182102 ], [ -72.533235815682502, -36.286051370749497 ], [ -72.533428290734605, -36.286009916962499 ], [ -72.533701606665204, -36.285958918533296 ], [ -72.533708958897705, -36.285958700992097 ], [ -72.533780613985698, -36.285956580805497 ], [ -72.533787966217403, -36.285956363259501 ], [ -72.533978991902899, -36.285665802032199 ], [ -72.534148653533194, -36.285432108973303 ], [ -72.534343841269006, -36.285111646673798 ], [ -72.534438840293504, -36.284920022692198 ], [ -72.534492066049495, -36.284804969472297 ], [ -72.534512925902703, -36.284745229879299 ], [ -72.534522941336107, -36.284680088755898 ], [ -72.534523948232007, -36.284598049539703 ], [ -72.534514697808902, -36.284549689990499 ], [ -72.534486498616303, -36.284499030438496 ], [ -72.534437082656794, -36.284448044576699 ], [ -72.534391581438598, -36.2843793970032 ], [ -72.534330176671602, -36.284271551117797 ], [ -72.534308936360105, -36.2841663306952 ], [ -72.534301541400495, -36.284002530677803 ], [ -72.534324998091805, -36.283869858444298 ], [ -72.534348311761804, -36.283786205798101 ], [ -72.534379729775097, -36.283699452529603 ], [ -72.534459275266101, -36.283556920090803 ], [ -72.534521075823704, -36.283438752319697 ], [ -72.534580902813602, -36.283329034258699 ], [ -72.534707798925197, -36.2831917751814 ], [ -72.534801959280799, -36.283086000176503 ], [ -72.534921826967803, -36.282897454805997 ], [ -72.535008996862203, -36.282767283815403 ], [ -72.535196875707797, -36.282415567100102 ], [ -72.535257240490097, -36.282291719916103 ], [ -72.535259024862896, -36.282286898825802 ], [ -72.535270571725704, -36.282281788762198 ], [ -72.535525684432201, -36.282271376266301 ], [ -72.535564272320102, -36.2822130183024 ], [ -72.535775720763993, -36.281939942666703 ], [ -72.535782089964798, -36.281924496901503 ], [ -72.535813723875904, -36.281764309846501 ], [ -72.535848695966294, -36.281599827841802 ], [ -72.535849472073096, -36.2815387751317 ], [ -72.535844013887797, -36.281261439880403 ], [ -72.535680407719298, -36.281159480142001 ], [ -72.535483721008504, -36.281029129306802 ], [ -72.5354683164324, -36.2810009774755 ], [ -72.535461375835993, -36.280951596317102 ], [ -72.535463055300696, -36.280910541439802 ], [ -72.535515626979304, -36.280848908773102 ], [ -72.535565086378597, -36.280822650909698 ], [ -72.535616323653898, -36.280809691018703 ], [ -72.5356458143917, -36.280810725494703 ], [ -72.535674602327902, -36.280822269706398 ], [ -72.536156195215995, -36.281106487579201 ], [ -72.536182741309304, -36.281589937947601 ], [ -72.536177619591896, -36.281633001328203 ], [ -72.536125000596499, -36.281850072134098 ], [ -72.536093678109793, -36.282017115912602 ], [ -72.536088398819302, -36.282030622836203 ], [ -72.536083163637102, -36.282045081747498 ], [ -72.536069780158201, -36.282061688493499 ], [ -72.535904515702796, -36.282262068783197 ], [ -72.535732651538893, -36.282498881121697 ], [ -72.535716915084393, -36.282515557489397 ], [ -72.535699486705795, -36.2825208417133 ], [ -72.535477480416503, -36.282534088659503 ], [ -72.5354663821701, -36.282575231328103 ], [ -72.535386049489603, -36.2827263700336 ], [ -72.5352928499792, -36.282905544995899 ], [ -72.535200022484801, -36.283040842040101 ], [ -72.535112953892096, -36.283186268278399 ], [ -72.534946035847099, -36.283376206442703 ], [ -72.534845489929594, -36.2835231757172 ], [ -72.534763721324296, -36.283668634975797 ], [ -72.534689875082407, -36.283780865647103 ], [ -72.534678166875295, -36.2838346137505 ], [ -72.534657237419296, -36.283866701791297 ], [ -72.534653204683906, -36.2839078254027 ], [ -72.534643463446002, -36.2839529329394 ], [ -72.534628743515498, -36.284018213305401 ], [ -72.534625785691802, -36.284083144663001 ], [ -72.534625438775095, -36.284153721216398 ], [ -72.534677030346998, -36.2842528938884 ], [ -72.534693310293505, -36.284274345035797 ], [ -72.534722658443002, -36.284298270192103 ], [ -72.534738063507703, -36.284326422086203 ], [ -72.534750557828204, -36.284342263700402 ], [ -72.534755520485902, -36.284347838388001 ], [ -72.534761316131295, -36.284345759366602 ], [ -72.534878602838504, -36.284178269176103 ], [ -72.5350264141872, -36.284034669139402 ], [ -72.535264108562501, -36.2838731511414 ], [ -72.535521679523796, -36.283734502702899 ], [ -72.5357237385888, -36.283644604098797 ], [ -72.535816806343604, -36.283618962566202 ], [ -72.535966663638604, -36.2835859180623 ], [ -72.536021860351795, -36.283582376370298 ], [ -72.536083140368902, -36.2836091698491 ], [ -72.536115012484998, -36.283636834907 ], [ -72.536138566301403, -36.283662837855999 ], [ -72.536150184884804, -36.283685380106199 ], [ -72.536151072647598, -36.283731126331702 ], [ -72.536139597190996, -36.283763887994198 ], [ -72.536116186501701, -36.283793189860098 ], [ -72.536086851101999, -36.283821712043597 ], [ -72.536048723176705, -36.283838099024301 ], [ -72.535960015761205, -36.283855982594702 ], [ -72.535828475672005, -36.2838903923003 ], [ -72.535702845478895, -36.283951327237702 ], [ -72.535694912044505, -36.283958236961702 ], [ -72.535695256141906, -36.283965855827901 ], [ -72.535707191418595, -36.283969316565198 ], [ -72.535730716802902, -36.283968620103003 ], [ -72.536093776561003, -36.2839750359257 ], [ -72.536174149094705, -36.283981238585099 ], [ -72.536274345093602, -36.283983040155803 ], [ -72.536358389824102, -36.2839662477056 ], [ -72.536449851641706, -36.283931117587997 ], [ -72.536542331461206, -36.283866395247799 ], [ -72.536574937277095, -36.283832053648901 ], [ -72.536616306978601, -36.283783148616898 ], [ -72.536664046880205, -36.283718797733101 ], [ -72.536706061728495, -36.283645080729499 ], [ -72.536729731434406, -36.2836214935474 ], [ -72.5367712587597, -36.283602144905203 ], [ -72.536825150472396, -36.283595780705397 ], [ -72.536894060651093, -36.283608998088397 ], [ -72.536967045823204, -36.2836602381985 ], [ -72.536991946769305, -36.283690015150299 ], [ -72.536995676471093, -36.283720419993003 ], [ -72.536997225405202, -36.283754703494303 ], [ -72.536966786405301, -36.283810913988802 ], [ -72.536895162969998, -36.283894090271602 ], [ -72.536863805006902, -36.283956049519297 ], [ -72.536834901221496, -36.283994095637397 ], [ -72.536811189505798, -36.284016729891199 ], [ -72.536667162697398, -36.284113685215502 ], [ -72.5365163429055, -36.284190624133998 ], [ -72.536367761037198, -36.284238889688197 ], [ -72.536245603416603, -36.284246320818198 ], [ -72.535941483449093, -36.284241021276799 ], [ -72.535342605521194, -36.284247307423797 ], [ -72.535246882941905, -36.2842663523328 ], [ -72.535190149879597, -36.284288057144401 ], [ -72.535153756412797, -36.2843167880309 ], [ -72.534990205361396, -36.284555260837799 ], [ -72.534950612125499, -36.284617462474898 ], [ -72.534903934216601, -36.284653173454103 ], [ -72.534862346846893, -36.284697316096 ], [ -72.534837814664002, -36.2847800515991 ], [ -72.534813641281204, -36.284844657586298 ], [ -72.534794833591306, -36.284897662529303 ], [ -72.534792164827294, -36.284916813703198 ], [ -72.534788105147996, -36.284931237772497 ], [ -72.534776987868199, -36.284945870726602 ], [ -72.534730191681305, -36.285031171746397 ], [ -72.534660778945195, -36.285173786517603 ], [ -72.534602505157693, -36.2852918499919 ], [ -72.5345615204089, -36.285349325324198 ], [ -72.534527737142, -36.285383700350202 ], [ -72.534482117509398, -36.285468967362803 ], [ -72.534448807147598, -36.285513818210497 ], [ -72.534393604761107, -36.285595553811198 ], [ -72.534132911240206, -36.285985533123601 ], [ -72.534410422746603, -36.286038071080299 ], [ -72.535142224155805, -36.286202362455199 ], [ -72.535178066043102, -36.286214654828598 ], [ -72.535169810291904, -36.285986822338202 ], [ -72.535173482872395, -36.285963827369798 ], [ -72.535196163452198, -36.285918337685501 ], [ -72.5352240228857, -36.285883182729897 ], [ -72.535243374896595, -36.285868305975598 ], [ -72.535266598706897, -36.285860943659699 ], [ -72.5352841568711, -36.285858516421598 ], [ -72.535333517617104, -36.285856101957201 ], [ -72.535397208733201, -36.285858030626002 ], [ -72.535452393617106, -36.2858802374462 ], [ -72.535482918536701, -36.2859041275537 ], [ -72.535492013432403, -36.285922929592402 ], [ -72.5354968756468, -36.285952347667298 ], [ -72.535539660559607, -36.286338658888603 ], [ -72.535967735694399, -36.286485459311898 ], [ -72.536262752648895, -36.286622632138602 ], [ -72.536249678004495, -36.2864380875845 ], [ -72.5362724887474, -36.286258612893 ], [ -72.536357342108801, -36.286051077408104 ], [ -72.536399972432093, -36.285951833110403 ], [ -72.536417223270902, -36.285877418633703 ], [ -72.536438508930601, -36.285794540208101 ], [ -72.536448048032696, -36.285777570603699 ], [ -72.536548373628804, -36.285651824070598 ], [ -72.536590387061693, -36.285604092036799 ], [ -72.536615186612906, -36.285566406278001 ], [ -72.536678501299605, -36.285501355385897 ], [ -72.536710095658293, -36.285483731731098 ], [ -72.536761234756895, -36.285475064908901 ], [ -72.536839432167696, -36.2854787094846 ], [ -72.536901437652503, -36.285515016642698 ], [ -72.536921735470798, -36.285540640091902 ], [ -72.536937353017507, -36.285560440909499 ], [ -72.5369379984391, -36.285574725698197 ], [ -72.536938482536101, -36.285585439964599 ], [ -72.536939181747101, -36.285600915227299 ], [ -72.536940042284002, -36.285619961012202 ], [ -72.536914417904796, -36.285671976066702 ], [ -72.536857307733101, -36.285743994837198 ], [ -72.536797470617699, -36.285820862607402 ], [ -72.5367499530267, -36.2858771012815 ], [ -72.536741775779106, -36.2858916473457 ], [ -72.536736701880002, -36.285909677708403 ], [ -72.536722733245199, -36.285958963419098 ], [ -72.536717553860001, -36.286007273425703 ], [ -72.536688487065504, -36.286080845784099 ], [ -72.536667058582196, -36.286127968267301 ], [ -72.536652498236194, -36.286164158755803 ], [ -72.536634118175598, -36.286213575094102 ], [ -72.536613119868093, -36.286270220465198 ], [ -72.536598935969494, -36.286314744269603 ], [ -72.536588840736897, -36.286351995494499 ], [ -72.536581183990194, -36.286410629913298 ], [ -72.536571015458307, -36.286478874347601 ], [ -72.536580534838194, -36.286689575702603 ], [ -72.536586405008293, -36.286773119573802 ], [ -72.536586669457506, -36.286776878962797 ], [ -72.537088327890402, -36.287010129019997 ], [ -72.537712333028793, -36.287338689743002 ], [ -72.537715821616302, -36.287336437438697 ], [ -72.537719684247406, -36.287338471981101 ], [ -72.537843772392193, -36.2872591237617 ], [ -72.537919815688198, -36.287182490800703 ], [ -72.537937803606397, -36.287150489349699 ], [ -72.5379489931085, -36.287124410854297 ], [ -72.537949056162603, -36.287008546976203 ], [ -72.537931992473503, -36.286904633581798 ], [ -72.537905632411395, -36.2868296042734 ], [ -72.5378653078523, -36.286719228443701 ], [ -72.537852525940707, -36.286553680979303 ], [ -72.537854245817897, -36.286396287157402 ], [ -72.537855725475396, -36.286272657648098 ], [ -72.537859663509494, -36.286242502354099 ], [ -72.537854799630693, -36.286173987728503 ], [ -72.537856714330204, -36.286020878848298 ], [ -72.537862824343307, -36.285960621476598 ], [ -72.537877671686701, -36.285937295410498 ], [ -72.537899833662195, -36.285802182250201 ], [ -72.537946396501695, -36.285737864828697 ], [ -72.537999801465702, -36.285707674953102 ], [ -72.538045159644298, -36.285694888116502 ], [ -72.538080512435997, -36.285695271632299 ], [ -72.538107172818101, -36.285698772531802 ], [ -72.538166173693597, -36.285714189274302 ], [ -72.538195695572597, -36.285741922455003 ], [ -72.538220440250498, -36.285781241177197 ], [ -72.538227025366098, -36.285809653878097 ], [ -72.538228316691601, -36.285838223414402 ], [ -72.538219344345805, -36.285874248523697 ], [ -72.538200538627905, -36.285966350605698 ], [ -72.538180442707699, -36.286029884016301 ], [ -72.538181304975495, -36.286244416918997 ], [ -72.538171666981299, -36.286422070769099 ], [ -72.538175994746993, -36.286635071055102 ], [ -72.538211477822898, -36.286755603384201 ], [ -72.538234309311406, -36.286830738059997 ], [ -72.538250081988707, -36.2869060818606 ], [ -72.538279607237101, -36.287168398778803 ], [ -72.538278295362701, -36.287178450822701 ], [ -72.538256131882406, -36.287196272136697 ], [ -72.538231215450395, -36.287231339681803 ], [ -72.538221791033394, -36.287257365907699 ], [ -72.538218046810002, -36.2872918061842 ], [ -72.538160638383502, -36.287350722575603 ], [ -72.538030173105597, -36.287474168272503 ], [ -72.537979497669994, -36.287511709043201 ], [ -72.537984402480006, -36.287515476924298 ], [ -72.538267969377301, -36.287733293726703 ], [ -72.538441080946399, -36.287849747408103 ], [ -72.538656604548095, -36.287957066406797 ], [ -72.538767104095598, -36.287940336162002 ], [ -72.538834614829, -36.287870392436801 ], [ -72.5389287513688, -36.287705491873403 ], [ -72.539031135612007, -36.287495051029602 ], [ -72.539174905380804, -36.287288151926802 ], [ -72.539634296167193, -36.286897866829101 ], [ -72.540049463569403, -36.286506507700501 ], [ -72.540331512284894, -36.286264516470403 ], [ -72.540476642794999, -36.286152934514298 ], [ -72.540588637186104, -36.286090014675601 ], [ -72.540672302834594, -36.286051774108202 ], [ -72.540703681070298, -36.286029388457699 ], [ -72.540749224066005, -36.285994662194099 ], [ -72.5408002180191, -36.285950238681401 ], [ -72.540817605781896, -36.285927956935197 ], [ -72.540703721840501, -36.285969096486099 ], [ -72.540431396159406, -36.286051669014597 ], [ -72.540146868920502, -36.2861411594318 ], [ -72.539714875019598, -36.286225483510997 ], [ -72.539498339405796, -36.286255740726602 ], [ -72.539316015579899, -36.286261144150401 ], [ -72.539245438745397, -36.286263235719602 ], [ -72.539180313127005, -36.286255630075601 ], [ -72.539043748460102, -36.286231069239001 ], [ -72.538966644051797, -36.286219050183298 ], [ -72.538859487240003, -36.286193617694202 ], [ -72.538805478312696, -36.286171377639903 ], [ -72.5387445113859, -36.286125504208798 ], [ -72.538711230231399, -36.286040666986501 ], [ -72.538345856941007, -36.285305781615598 ], [ -72.5376662001635, -36.283819235399598 ], [ -72.536926941142596, -36.282316331528797 ], [ -72.536309310944802, -36.280637218850899 ], [ -72.536272949652101, -36.280614455896597 ], [ -72.536219160420401, -36.280596976306001 ], [ -72.536135751573596, -36.280575606275001 ], [ -72.535975458232301, -36.280546975889699 ], [ -72.535896854530094, -36.280501622968103 ], [ -72.535607610395004, -36.280486346155797 ], [ -72.534894503554, -36.280474077769497 ], [ -72.532865756578701, -36.280486425505799 ], [ -72.532478039433101, -36.280507429064897 ], [ -72.531442680860806, -36.2806620147933 ], [ -72.5301171284936, -36.2809109918825 ] ] ] } },
{ "type": "Feature", "properties": { "id": "monoparte.52", "Name": null, "description": null, "timestamp": null, "begin": null, "end": null, "altitudeMode": null, "tessellate": -1, "extrude": 0, "visibility": -1, "drawOrder": null, "icon": null, "REG": "Ñuble", "COM": "Quirihue", "LOC": "Quirihue", "ZONA": "ZPU", "NOM": "ZPU Zona de Parcelas Urbanas", "UPERM": "Residencial. Equipamiento de todo tipo. Actividades productivas sólo almacenamiento y talleres inofensivos.", "UPROH": "Todos los usos de suelo no mencionados como permitidos, expresamente el residencial.", "P_DO": "30/06/2007", "N_DOC": "20", "T_DO": "Resolución", "OBS": null }, "geometry": { "type": "Polygon", "coordinates": [ [ [ -72.527992437747002, -36.2802247538229 ], [ -72.527992375987196, -36.280224840344601 ], [ -72.529465051942097, -36.279809785501101 ], [ -72.530587811936698, -36.2794714506174 ], [ -72.529939128380406, -36.278471465930501 ], [ -72.529647961729907, -36.2780207082278 ], [ -72.529381733726794, -36.278123934820698 ], [ -72.529093700255203, -36.278265949596999 ], [ -72.528807381341295, -36.278446057515303 ], [ -72.528536684838997, -36.278711526060498 ], [ -72.528358794342793, -36.278945645448097 ], [ -72.528251475189904, -36.2791776789986 ], [ -72.528168965945, -36.279437588390799 ], [ -72.528126033282604, -36.2797916880466 ], [ -72.528077093798501, -36.2800124612655 ], [ -72.527992437747002, -36.2802247538229 ] ] ] } },
{ "type": "Feature", "properties": { "id": "monoparte.53", "Name": null, "description": null, "timestamp": null, "begin": null, "end": null, "altitudeMode": null, "tessellate": -1, "extrude": 0, "visibility": -1, "drawOrder": null, "icon": null, "REG": "Ñuble", "COM": "Quirihue", "LOC": "Quirihue", "ZONA": "ZPU", "NOM": "ZPU Zona de Parcelas Urbanas", "UPERM": "Residencial. Equipamiento de todo tipo. Actividades productivas sólo almacenamiento y talleres inofensivos.", "UPROH": "Todos los usos de suelo no mencionados como permitidos, expresamente el residencial.", "P_DO": "30/06/2007", "N_DOC": "20", "T_DO": "Resolución", "OBS": null }, "geometry": { "type": "Polygon", "coordinates": [ [ [ -72.556094820277707, -36.2775841177858 ], [ -72.555904240056705, -36.277601711617201 ], [ -72.555675553106397, -36.277590639880103 ], [ -72.555404923883899, -36.277628495973303 ], [ -72.555033544821697, -36.277717030036499 ], [ -72.554845935062303, -36.2778000926236 ], [ -72.554651244942804, -36.2778893268543 ], [ -72.554161286936605, -36.278103826318301 ], [ -72.554155114397304, -36.278106528374202 ], [ -72.554184141281596, -36.278126367541901 ], [ -72.554857436954705, -36.278559285953499 ], [ -72.555197134494406, -36.278778036093499 ], [ -72.555407717713095, -36.278876662604901 ], [ -72.555546002678497, -36.278939297800299 ], [ -72.555659467074705, -36.278974063199698 ], [ -72.555730901024106, -36.278991008622 ], [ -72.555954801681295, -36.278993878225599 ], [ -72.555972445045896, -36.278993352928701 ], [ -72.555978273935196, -36.278993179384301 ], [ -72.555767072912204, -36.2792688558783 ], [ -72.555762421131206, -36.279276522460499 ], [ -72.555766898558801, -36.279277097369103 ], [ -72.556091748663306, -36.279318789669603 ], [ -72.556282313084296, -36.279365562655897 ], [ -72.556443689362695, -36.279417972717098 ], [ -72.556727846755905, -36.279528709762197 ], [ -72.557055575997893, -36.279743043406903 ], [ -72.557439913246398, -36.280036744656499 ], [ -72.557661575173697, -36.280249468437198 ], [ -72.557814546489794, -36.280376030116599 ], [ -72.558107449180397, -36.280613040806699 ], [ -72.5581148234549, -36.280612073262397 ], [ -72.558116144495898, -36.280568609785803 ], [ -72.558055162893993, -36.280101380392999 ], [ -72.558025835991401, -36.2798447845258 ], [ -72.557854940712403, -36.278474918872703 ], [ -72.557703544838304, -36.277572921636697 ], [ -72.557517378454406, -36.276811443340499 ], [ -72.557241478978895, -36.276900338853899 ], [ -72.556890753866199, -36.277119381063599 ], [ -72.556718661248496, -36.277219865321598 ], [ -72.556453981177796, -36.277388665139398 ], [ -72.556290589110603, -36.277518689441699 ], [ -72.556196920425904, -36.277563197835903 ], [ -72.556094820277707, -36.2775841177858 ] ] ] } },
{ "type": "Feature", "properties": { "id": "monoparte.54", "Name": null, "description": null, "timestamp": null, "begin": null, "end": null, "altitudeMode": null, "tessellate": -1, "extrude": 0, "visibility": -1, "drawOrder": null, "icon": null, "REG": "Ñuble", "COM": "Quirihue", "LOC": "Quirihue", "ZONA": "ZPU", "NOM": "ZPU Zona de Parcelas Urbanas", "UPERM": "Residencial. Equipamiento de todo tipo. Actividades productivas sólo almacenamiento y talleres inofensivos.", "UPROH": "Todos los usos de suelo no mencionados como permitidos, expresamente el residencial.", "P_DO": "30/06/2007", "N_DOC": "20", "T_DO": "Resolución", "OBS": null }, "geometry": { "type": "Polygon", "coordinates": [ [ [ -72.558061315296797, -36.275216731634202 ], [ -72.558077407929801, -36.2754024406741 ], [ -72.558387463193796, -36.275136046859103 ], [ -72.558024726218804, -36.274929837709799 ], [ -72.558042992963294, -36.275020838011301 ], [ -72.558061315296797, -36.275216731634202 ] ] ] } },
{ "type": "Feature", "properties": { "id": "monoparte.55", "Name": null, "description": null, "timestamp": null, "begin": null, "end": null, "altitudeMode": null, "tessellate": -1, "extrude": 0, "visibility": -1, "drawOrder": null, "icon": null, "REG": "Ñuble", "COM": "Quirihue", "LOC": "Quirihue", "ZONA": "ZPU", "NOM": "ZPU Zona de Parcelas Urbanas", "UPERM": "Residencial. Equipamiento de todo tipo. Actividades productivas sólo almacenamiento y talleres inofensivos.", "UPROH": "Todos los usos de suelo no mencionados como permitidos, expresamente el residencial.", "P_DO": "30/06/2007", "N_DOC": "20", "T_DO": "Resolución", "OBS": null }, "geometry": { "type": "Polygon", "coordinates": [ [ [ -72.555205888989406, -36.273286166220501 ], [ -72.552336166179401, -36.2747840560844 ], [ -72.550362061261794, -36.275806476065704 ], [ -72.550068924018305, -36.275960740749298 ], [ -72.550062200733294, -36.275964278899899 ], [ -72.550085970103396, -36.275976435520299 ], [ -72.550170025689894, -36.276012081344398 ], [ -72.550232046692301, -36.276029309957302 ], [ -72.550291058554293, -36.276058070165398 ], [ -72.550484352304693, -36.276113354829498 ], [ -72.550556214501896, -36.2761398263305 ], [ -72.550722684447905, -36.2761749283938 ], [ -72.550917640382394, -36.276214904881698 ], [ -72.551089505653593, -36.276265103161997 ], [ -72.551199608872594, -36.276303787866098 ], [ -72.551391795845404, -36.276365778759299 ], [ -72.551748239969697, -36.276486775178299 ], [ -72.551870277365893, -36.276528918417903 ], [ -72.551947901180895, -36.276526610023602 ], [ -72.551959661993806, -36.276526260273499 ], [ -72.552326837266605, -36.276494361740198 ], [ -72.552659473434701, -36.276453952938603 ], [ -72.552779910395898, -36.276442981198102 ], [ -72.552783795762593, -36.276442626853097 ], [ -72.553161848539801, -36.276442823943697 ], [ -72.553482443682398, -36.276448543349296 ], [ -72.553776732472201, -36.276445509016803 ], [ -72.553956811827902, -36.276441975406499 ], [ -72.553964998007999, -36.276441814717998 ], [ -72.554047239190396, -36.276437460087401 ], [ -72.554108224997606, -36.276431831313403 ], [ -72.5542758705094, -36.276373441338102 ], [ -72.554314820589298, -36.276349396116203 ], [ -72.5543603961504, -36.276315617225102 ], [ -72.554421312647193, -36.276256589069703 ], [ -72.554546881240796, -36.276168936647601 ], [ -72.554684728965498, -36.276092360822901 ], [ -72.554713924847704, -36.276060977663299 ], [ -72.554764721769004, -36.276038486296301 ], [ -72.554935846617298, -36.275968548803903 ], [ -72.554963226612401, -36.275897168899398 ], [ -72.555014260248498, -36.275744982594603 ], [ -72.555015921081406, -36.275729675138301 ], [ -72.555028737340194, -36.2757006860068 ], [ -72.555044423842205, -36.275683054510203 ], [ -72.555066216951104, -36.2756442625967 ], [ -72.555135244532906, -36.275556384109002 ], [ -72.555201832997398, -36.275466672509999 ], [ -72.555285146409503, -36.2753821836721 ], [ -72.555366798842201, -36.275313001343001 ], [ -72.555375429732294, -36.275295579829198 ], [ -72.555468687401898, -36.2751707441303 ], [ -72.555554888235505, -36.275046118434901 ], [ -72.555627754021998, -36.274939054251398 ], [ -72.555645706343697, -36.274919448653598 ], [ -72.555671062186505, -36.2749072507657 ], [ -72.555701208458302, -36.274896816840702 ], [ -72.555740935677804, -36.274889912641001 ], [ -72.555755048744999, -36.274889492496101 ], [ -72.555766809263702, -36.274889142385199 ], [ -72.555806970015098, -36.274891761745501 ], [ -72.555842771572102, -36.274902138977701 ], [ -72.555881185134993, -36.274918159969197 ], [ -72.555905743979594, -36.274940314953199 ], [ -72.555923506862797, -36.2749683937895 ], [ -72.555934472643898, -36.2750189619276 ], [ -72.555935423986796, -36.275023346843199 ], [ -72.555927571609601, -36.2750579098131 ], [ -72.555910138278804, -36.275088943966402 ], [ -72.555782099948203, -36.275277752283202 ], [ -72.555668709585404, -36.275426073686802 ], [ -72.555605789148103, -36.2754927911108 ], [ -72.555549837599003, -36.275557393573102 ], [ -72.5554978981977, -36.2756066194572 ], [ -72.555432313888204, -36.275692487268998 ], [ -72.555347339573899, -36.2757922836728 ], [ -72.555284555811696, -36.275965798516502 ], [ -72.555252021877095, -36.276079291008998 ], [ -72.555243997269201, -36.276110044111299 ], [ -72.555188668210405, -36.276136484637298 ], [ -72.555002460822706, -36.276237386558599 ], [ -72.554903390096797, -36.276286107534702 ], [ -72.554721359817293, -36.276401187641397 ], [ -72.554589253177198, -36.276500478795597 ], [ -72.554489473000302, -36.2765854572365 ], [ -72.554417936650495, -36.276618100377398 ], [ -72.554332373337999, -36.276653069279703 ], [ -72.554211872173894, -36.276696705905998 ], [ -72.554041109422499, -36.276722765934799 ], [ -72.554030822863098, -36.276722890916297 ], [ -72.554029348606704, -36.276723115891201 ], [ -72.553921058900002, -36.276724431542 ], [ -72.553703600839796, -36.276723272832299 ], [ -72.553484410523396, -36.276720258684399 ], [ -72.553050819229298, -36.276715993281698 ], [ -72.5528026664458, -36.276716001014599 ], [ -72.552615999643194, -36.276736555560198 ], [ -72.5524988199993, -36.276749577416801 ], [ -72.552456566020894, -36.276752740758198 ], [ -72.552447329519396, -36.276756830437201 ], [ -72.552447351073099, -36.276757305539803 ], [ -72.552447675113399, -36.276764448274399 ], [ -72.552464573237302, -36.276773482172104 ], [ -72.552498281924201, -36.276789644183602 ], [ -72.552573102788301, -36.276829376084201 ], [ -72.552726565324903, -36.276941149632101 ], [ -72.552919133795996, -36.277084182338101 ], [ -72.553094881708205, -36.277199106516598 ], [ -72.553191997084696, -36.2772629684032 ], [ -72.553285271690996, -36.277346017456303 ], [ -72.553410855921697, -36.277466247555502 ], [ -72.553443508937207, -36.277511048369597 ], [ -72.553489844532706, -36.277545906500997 ], [ -72.553569697673794, -36.277644611751001 ], [ -72.553708426850605, -36.277794965564503 ], [ -72.553880959293707, -36.277919328747402 ], [ -72.553883754893207, -36.277921344060303 ], [ -72.553900048303603, -36.2779170451889 ], [ -72.5539546875074, -36.277875368626901 ], [ -72.554056113461201, -36.277826578298502 ], [ -72.554168953998001, -36.277784421279698 ], [ -72.554497608710406, -36.2776465019341 ], [ -72.554623136333504, -36.277592172456899 ], [ -72.554649088957703, -36.277580940025402 ], [ -72.554956010254202, -36.277448100233997 ], [ -72.555173697424095, -36.277379041628102 ], [ -72.555359926667293, -36.277346678183001 ], [ -72.555641851552096, -36.277314446250102 ], [ -72.555914641834207, -36.277324205032301 ], [ -72.556020823332204, -36.277312103734197 ], [ -72.556068468500399, -36.277307705484503 ], [ -72.556121977106002, -36.277270352324102 ], [ -72.556257182717204, -36.277167987520002 ], [ -72.556381901261204, -36.2770778554383 ], [ -72.556810375710597, -36.276839810541702 ], [ -72.557102275829706, -36.276680450325699 ], [ -72.557448793518404, -36.2765309057216 ], [ -72.557415029223606, -36.276409851801503 ], [ -72.557319841960705, -36.276025529472797 ], [ -72.557508704620602, -36.275858747344799 ], [ -72.557771090462893, -36.275620163282902 ], [ -72.557764828889304, -36.275586020626697 ], [ -72.557756474350697, -36.275557661841603 ], [ -72.557749173317603, -36.275500664032599 ], [ -72.557709211628307, -36.275139489678402 ], [ -72.557693572558804, -36.275002638818002 ], [ -72.557702564167798, -36.274941340749002 ], [ -72.557720430513498, -36.274919829935797 ], [ -72.5577402156148, -36.274888725484701 ], [ -72.557779250375702, -36.274866584125398 ], [ -72.557811835391306, -36.274857984507101 ], [ -72.557849296348195, -36.274853054590899 ], [ -72.557905748459106, -36.274851373007799 ], [ -72.557523581135499, -36.2746161936278 ], [ -72.5574874334349, -36.274598198206597 ], [ -72.558099803181705, -36.274079322908598 ], [ -72.558178411758206, -36.2741246608851 ], [ -72.558334762650901, -36.274196290421102 ], [ -72.558454967198699, -36.274249924576999 ], [ -72.558652481629395, -36.274320327311699 ], [ -72.558918255887207, -36.274679991831 ], [ -72.559076241561101, -36.274544250542696 ], [ -72.560290695652796, -36.273572346524404 ], [ -72.560274371591902, -36.273537074024603 ], [ -72.559976116787993, -36.273128768248903 ], [ -72.559864284016399, -36.272935423223103 ], [ -72.559715700164006, -36.272743174255901 ], [ -72.559652027766006, -36.272637792763597 ], [ -72.559384534251095, -36.272258368246597 ], [ -72.558828356843406, -36.271470349724197 ], [ -72.558790731082894, -36.271413896866903 ], [ -72.558698370406006, -36.271462123549398 ], [ -72.557442432417602, -36.2721038736805 ], [ -72.556131087088502, -36.272790172162999 ], [ -72.555205888989406, -36.273286166220501 ] ] ] } },
{ "type": "Feature", "properties": { "id": "monoparte.56", "Name": null, "description": null, "timestamp": null, "begin": null, "end": null, "altitudeMode": null, "tessellate": -1, "extrude": 0, "visibility": -1, "drawOrder": null, "icon": null, "REG": "Ñuble", "COM": "Quirihue", "LOC": "Quirihue", "ZONA": "ZPU", "NOM": "ZPU Zona de Parcelas Urbanas", "UPERM": "Residencial. Equipamiento de todo tipo. Actividades productivas sólo almacenamiento y talleres inofensivos.", "UPROH": "Todos los usos de suelo no mencionados como permitidos, expresamente el residencial.", "P_DO": "30/06/2007", "N_DOC": "20", "T_DO": "Resolución", "OBS": null }, "geometry": { "type": "Polygon", "coordinates": [ [ [ -72.526382784428904, -36.2713943247442 ], [ -72.525851734542599, -36.271631236802897 ], [ -72.525043480313897, -36.271988851860499 ], [ -72.524729669713594, -36.272133524003799 ], [ -72.524582044426396, -36.272202724249098 ], [ -72.524335343054005, -36.272294683994801 ], [ -72.523777169185493, -36.272557180360003 ], [ -72.523337277787306, -36.272726547244098 ], [ -72.523148081655293, -36.272814137666401 ], [ -72.522605274440593, -36.273078082963004 ], [ -72.522513327427205, -36.273128474812502 ], [ -72.521959206715806, -36.2734289879795 ], [ -72.521490057960605, -36.273681220776901 ], [ -72.521218573648994, -36.273824635201102 ], [ -72.520902292768497, -36.274024679793101 ], [ -72.5204020893175, -36.274319781654 ], [ -72.519458374944804, -36.274966288958801 ], [ -72.518906155551704, -36.275362093068701 ], [ -72.520021445483906, -36.276331656329702 ], [ -72.520340261269595, -36.276612155113199 ], [ -72.519986140722096, -36.2769086724727 ], [ -72.519643951138704, -36.277208651359103 ], [ -72.5194055374415, -36.277433097351498 ], [ -72.519267950415696, -36.277568748139998 ], [ -72.518865366721101, -36.277992565471699 ], [ -72.518619443997096, -36.278285891309402 ], [ -72.518450539632497, -36.278510958475401 ], [ -72.518172238724702, -36.278870081448602 ], [ -72.517978149565394, -36.279163785854003 ], [ -72.5177512452846, -36.2795240647459 ], [ -72.517456857405804, -36.280049587302202 ], [ -72.517211934505994, -36.280575178013002 ], [ -72.517018566345996, -36.281042416194602 ], [ -72.516799653649002, -36.281675187466902 ], [ -72.516706410953503, -36.282011694232402 ], [ -72.516561626811907, -36.282721622549502 ], [ -72.516560362169002, -36.282732515508599 ], [ -72.519588352981401, -36.2822273291249 ], [ -72.520703960443896, -36.282022800547502 ], [ -72.522875913779998, -36.2816059238652 ], [ -72.522804767060407, -36.281150294302101 ], [ -72.524785058133205, -36.280662748480999 ], [ -72.526483888330205, -36.280202552389497 ], [ -72.526587174330999, -36.280142286887397 ], [ -72.526631219563399, -36.280074234854602 ], [ -72.526686169580699, -36.279986788569502 ], [ -72.526793494364696, -36.279754755237299 ], [ -72.526843296461195, -36.279553029226399 ], [ -72.526869145131997, -36.279342473945398 ], [ -72.526980938773406, -36.278948196668203 ], [ -72.527195584777203, -36.278484130458203 ], [ -72.527394426736194, -36.278192179046698 ], [ -72.527742737693202, -36.277819523763903 ], [ -72.528096623463995, -36.277570671079303 ], [ -72.528450936108797, -36.277331341352799 ], [ -72.528843421399401, -36.277195277804701 ], [ -72.528798886848193, -36.277187056992297 ], [ -72.528769160315704, -36.277180783716403 ], [ -72.528744994171504, -36.277167193729703 ], [ -72.528720612335306, -36.277148841825202 ], [ -72.528677837144301, -36.277114345222898 ], [ -72.528585226769806, -36.277019337674098 ], [ -72.528532880167603, -36.276968436583203 ], [ -72.528467010804704, -36.276944157818598 ], [ -72.528305762626999, -36.2768940895551 ], [ -72.528225084414998, -36.276867864866702 ], [ -72.528094099206498, -36.276835973692997 ], [ -72.527987707970297, -36.276827196460097 ], [ -72.527840366654701, -36.276824396938203 ], [ -72.527698238563701, -36.276826210646199 ], [ -72.527602707979497, -36.276862408318401 ], [ -72.527535721676699, -36.276878690653199 ], [ -72.527427463402205, -36.276893807693199 ], [ -72.5272951464991, -36.276897715314099 ], [ -72.527112413054198, -36.276893575034599 ], [ -72.527032700313598, -36.276888777410598 ], [ -72.526973356004504, -36.276878609986902 ], [ -72.526922511712897, -36.276861039108198 ], [ -72.526889524243103, -36.276847709214501 ], [ -72.526708918041905, -36.276760065860401 ], [ -72.526684966819005, -36.276751237384701 ], [ -72.526661336140293, -36.276749550970997 ], [ -72.526584992991104, -36.276754189226601 ], [ -72.526573553463507, -36.276761678518 ], [ -72.526562328429094, -36.276773930664902 ], [ -72.526551531107302, -36.276795704957202 ], [ -72.526541271026204, -36.2768293841076 ], [ -72.526525558654299, -36.276872759913502 ], [ -72.526512357978106, -36.276906525883497 ], [ -72.526481728236604, -36.276945573832698 ], [ -72.5264352799459, -36.277025617461597 ], [ -72.526404436826994, -36.277059904304899 ], [ -72.526384175490193, -36.277067654036998 ], [ -72.526241596794904, -36.2771052396849 ], [ -72.526120853307305, -36.277111188473199 ], [ -72.526017296252704, -36.277099941667601 ], [ -72.525918332851603, -36.277059951231799 ], [ -72.525885131027195, -36.277041859096201 ], [ -72.525857380484496, -36.277014070353097 ], [ -72.525824178693099, -36.276995978198599 ], [ -72.525764084020906, -36.276969144207897 ], [ -72.525607968022001, -36.276902232636701 ], [ -72.525454362967594, -36.2768257101595 ], [ -72.525400149693894, -36.276798702380901 ], [ -72.525337436302195, -36.276779097895698 ], [ -72.525283544623093, -36.276759232104801 ], [ -72.525254462661493, -36.276767242885398 ], [ -72.525222760526404, -36.276782482526301 ], [ -72.525202927870197, -36.276799755987597 ], [ -72.525195286217496, -36.276826205320098 ], [ -72.525173156039102, -36.276857850556603 ], [ -72.525135788132005, -36.276878024784097 ], [ -72.525053671819407, -36.276885216594799 ], [ -72.524959578805905, -36.276887993516901 ], [ -72.524900234680601, -36.276877825047102 ], [ -72.524822283664903, -36.276846749247198 ], [ -72.524756523712796, -36.276824850214503 ], [ -72.524691455808707, -36.276779090166698 ], [ -72.524628528242403, -36.276754723331699 ], [ -72.524495353898601, -36.276739580874199 ], [ -72.524365440540706, -36.276731494481901 ], [ -72.524256431553894, -36.276729942678102 ], [ -72.524171052111498, -36.2767300777221 ], [ -72.524067710007998, -36.276723591149803 ], [ -72.5240028074533, -36.276720737762901 ], [ -72.523952819860398, -36.276722212588503 ], [ -72.523909357370101, -36.2767377988582 ], [ -72.523849001361896, -36.276770571642302 ], [ -72.523761812972694, -36.276861351918903 ], [ -72.5236360296105, -36.277010487545098 ], [ -72.523606363613993, -36.277070961875502 ], [ -72.523592197458896, -36.277083300520196 ], [ -72.5235781383968, -36.277098019249401 ], [ -72.523537615100096, -36.277113518681801 ], [ -72.523453950335096, -36.277151746279998 ], [ -72.523395463161194, -36.277160624052101 ], [ -72.522918737946299, -36.277127005821498 ], [ -72.522791657442795, -36.277116450021403 ], [ -72.522704992230402, -36.277088013983501 ], [ -72.522490498115303, -36.277032355697202 ], [ -72.522439761671507, -36.277017163847297 ], [ -72.522418107685098, -36.276993962771797 ], [ -72.522273910482895, -36.276864711029297 ], [ -72.522204567992304, -36.276828612231803 ], [ -72.522066418570503, -36.276768317654401 ], [ -72.5218364732456, -36.276696425640701 ], [ -72.521588671824205, -36.2766202922422 ], [ -72.521540555195998, -36.276597871211699 ], [ -72.521513341609307, -36.276581985419803 ], [ -72.521501045076405, -36.2765704281192 ], [ -72.521488213184796, -36.276546965860199 ], [ -72.521481475490106, -36.276528092222101 ], [ -72.521481154314102, -36.276520950147699 ], [ -72.521480404849996, -36.276504284107602 ], [ -72.521480083674405, -36.276497142033101 ], [ -72.521478691820406, -36.276466190944099 ], [ -72.521491466409898, -36.276422902348202 ], [ -72.521513598026701, -36.276391257717997 ], [ -72.521550645479394, -36.276363940711498 ], [ -72.521623512907496, -36.276347488325897 ], [ -72.521676761078297, -36.276353070791799 ], [ -72.521811006321101, -36.276392024536399 ], [ -72.522061960820295, -36.276472832805197 ], [ -72.522331307793706, -36.276569786270798 ], [ -72.522364295582094, -36.276583117441596 ], [ -72.522376806436498, -36.276599436624203 ], [ -72.522404127288993, -36.276617703198198 ], [ -72.522431232839907, -36.276631207820103 ], [ -72.522482504500402, -36.276658303732397 ], [ -72.522540085735898, -36.276694749229797 ], [ -72.522600557554597, -36.276769254002502 ], [ -72.522746886464205, -36.276815002725698 ], [ -72.522875144663999, -36.276851747666399 ], [ -72.522981855946497, -36.276867671583702 ], [ -72.523141173190993, -36.276874893066498 ], [ -72.523365287082598, -36.2768825861789 ], [ -72.523389930085401, -36.276841330547697 ], [ -72.523509511215806, -36.276685227501602 ], [ -72.523582425369099, -36.276604404188497 ], [ -72.523641602942007, -36.276545442494701 ], [ -72.523730612418902, -36.276495136370499 ], [ -72.523829622015398, -36.276470759863798 ], [ -72.5239711861866, -36.2764498951585 ], [ -72.5242775219603, -36.2764527765586 ], [ -72.524596584410801, -36.276476738030901 ], [ -72.524721366366194, -36.276501663727899 ], [ -72.5248470057454, -36.276545636252301 ], [ -72.524964682005006, -36.276608915010698 ], [ -72.525000180980598, -36.276612635647801 ], [ -72.525017608929701, -36.276607353015301 ], [ -72.525110385299996, -36.276542630738199 ], [ -72.525187632589095, -36.276492670688199 ], [ -72.525219762249804, -36.2764869550222 ], [ -72.525281509659393, -36.276485132581897 ], [ -72.525310807003095, -36.276481883730803 ], [ -72.5253346508199, -36.276488331514102 ], [ -72.525385281332703, -36.276501142007596 ], [ -72.525478041054797, -36.2765341635887 ], [ -72.5256891197606, -36.276644749019802 ], [ -72.525914365909998, -36.2767429960141 ], [ -72.525947032716303, -36.276749184116497 ], [ -72.525979591165694, -36.276752990362901 ], [ -72.526000817280902, -36.276766667719301 ], [ -72.526109458614997, -36.276825444642498 ], [ -72.526186337927399, -36.2768327106821 ], [ -72.526205741534099, -36.276805914052098 ], [ -72.526253307944899, -36.276685309744998 ], [ -72.526265436608099, -36.276627735807303 ], [ -72.526316433644993, -36.276583318313499 ], [ -72.526412868048496, -36.276501798941297 ], [ -72.526507386850795, -36.276482321103401 ], [ -72.526707761586295, -36.276485940549001 ], [ -72.526865638594799, -36.276526574895897 ], [ -72.526952624991495, -36.276562149929603 ], [ -72.527075755005598, -36.276615729839399 ], [ -72.5271558953349, -36.276630051390001 ], [ -72.527367496425697, -36.276621418376997 ], [ -72.527525204322103, -36.276592921170099 ], [ -72.5276502463729, -36.276558236104101 ], [ -72.527895366842401, -36.276548612172498 ], [ -72.528182192229494, -36.276575900307002 ], [ -72.528378617994306, -36.276622545448497 ], [ -72.528641233840204, -36.2767006110222 ], [ -72.528677483940399, -36.276720996463503 ], [ -72.528727319060806, -36.276781508262602 ], [ -72.528836605997697, -36.276854567523699 ], [ -72.528932205127404, -36.276911342996797 ], [ -72.528915795491798, -36.276894645962599 ], [ -72.528823133146403, -36.276800361863302 ], [ -72.528742285255404, -36.276705006911399 ], [ -72.528707472628696, -36.276651203728697 ], [ -72.528696077223003, -36.2765943245698 ], [ -72.5286985252135, -36.276517964188798 ], [ -72.528705200059505, -36.2764700868413 ], [ -72.528715674853402, -36.276441169469798 ], [ -72.529265248906896, -36.275700196742903 ], [ -72.529313152341899, -36.275717853525897 ], [ -72.529479850403206, -36.275758223765401 ], [ -72.5296727964827, -36.275793049821502 ], [ -72.529954136437695, -36.275796655326097 ], [ -72.530172151116702, -36.275799747652201 ], [ -72.530298907833298, -36.275803153647601 ], [ -72.530389092462798, -36.275779031690199 ], [ -72.530553686730997, -36.2757074151531 ], [ -72.5307872384154, -36.275597999673202 ], [ -72.531102903385403, -36.275481387961499 ], [ -72.531209655731999, -36.275432935993202 ], [ -72.531215322017303, -36.275428000192399 ], [ -72.531234938252197, -36.2754059647866 ], [ -72.5312845358836, -36.275330594592099 ], [ -72.531303400557107, -36.275291893310197 ], [ -72.531323595303505, -36.275217392389997 ], [ -72.5313346464348, -36.275136009375998 ], [ -72.531352585445404, -36.2750115108853 ], [ -72.5313710385674, -36.274767798251503 ], [ -72.531394256087594, -36.2745644724451 ], [ -72.531423461786503, -36.274363352829198 ], [ -72.531446207925299, -36.274214872588303 ], [ -72.531441484131093, -36.2741101163491 ], [ -72.531438560545098, -36.273849394323499 ], [ -72.531450082715395, -36.273713165725098 ], [ -72.531483367730502, -36.273602517441503 ], [ -72.531515000570494, -36.273520526791501 ], [ -72.531525258159505, -36.273486847339697 ], [ -72.531577794868198, -36.273411390148802 ], [ -72.5316326277391, -36.273321561100197 ], [ -72.531658916286602, -36.2732516482356 ], [ -72.531701302573495, -36.273212250528502 ], [ -72.531738344831197, -36.273184931524298 ], [ -72.531772446643799, -36.273157699452597 ], [ -72.531826915500304, -36.273125096866998 ], [ -72.531923191016503, -36.273105562013797 ], [ -72.532060523803594, -36.2730824288655 ], [ -72.532282156542806, -36.273035347177597 ], [ -72.532351218643598, -36.2729999286612 ], [ -72.532362012760004, -36.272978153982997 ], [ -72.532366819733795, -36.2729541713204 ], [ -72.532372633167697, -36.272887247965102 ], [ -72.532365842963102, -36.2726061372841 ], [ -72.532384962368496, -36.272507827500299 ], [ -72.5324265288628, -36.272385015175203 ], [ -72.532504415469106, -36.272349892453398 ], [ -72.531771705460301, -36.271727714150401 ], [ -72.531397846031993, -36.2714348085537 ], [ -72.531302879885104, -36.271369076109799 ], [ -72.531209791238197, -36.271345007863097 ], [ -72.531058705110794, -36.271340535116501 ], [ -72.530959742605702, -36.271349420013998 ], [ -72.530821023801593, -36.271374380453402 ], [ -72.530648690939501, -36.271388414495298 ], [ -72.530453233262406, -36.271379292155999 ], [ -72.530371707156704, -36.271366801311203 ], [ -72.530264053350507, -36.271346143430101 ], [ -72.530171099107605, -36.271325050117802 ], [ -72.529731983123597, -36.271168167143202 ], [ -72.529231458189003, -36.271004156823899 ], [ -72.529111438418198, -36.270954063250102 ], [ -72.529047350898196, -36.270920197250099 ], [ -72.529013335027003, -36.270900341420301 ], [ -72.528964216342501, -36.270871992588098 ], [ -72.528918639600505, -36.270840559364302 ], [ -72.528743546396299, -36.270711632545598 ], [ -72.528610087193897, -36.270608294930099 ], [ -72.5283420886839, -36.270478225770901 ], [ -72.527587271049597, -36.270819021838101 ], [ -72.527583338097898, -36.270836302748997 ], [ -72.527583852794393, -36.270847730723702 ], [ -72.527572693013894, -36.2708614109671 ], [ -72.527559094934205, -36.270873255721398 ], [ -72.527524241888599, -36.270883820675799 ], [ -72.527420197405704, -36.2709269443572 ], [ -72.527008978413605, -36.271105014264997 ], [ -72.526730372723094, -36.271246743598802 ], [ -72.526382784428904, -36.2713943247442 ] ], [ [ -72.526873425142597, -36.278999528284999 ], [ -72.525500037725095, -36.279297547236702 ], [ -72.525149623469304, -36.278185026317502 ], [ -72.525964540720594, -36.278039387799602 ], [ -72.526278247852204, -36.277944302677298 ], [ -72.526559148396899, -36.277876548835998 ], [ -72.526873425142597, -36.278999528284999 ] ] ] } },
{ "type": "Feature", "properties": { "id": "monoparte.57", "Name": null, "description": null, "timestamp": null, "begin": null, "end": null, "altitudeMode": null, "tessellate": -1, "extrude": 0, "visibility": -1, "drawOrder": null, "icon": null, "REG": "Ñuble", "COM": "Quirihue", "LOC": "Quirihue", "ZONA": "ZPU", "NOM": "ZPU Zona de Parcelas Urbanas", "UPERM": "Residencial. Equipamiento de todo tipo. Actividades productivas sólo almacenamiento y talleres inofensivos.", "UPROH": "Todos los usos de suelo no mencionados como permitidos, expresamente el residencial.", "P_DO": "30/06/2007", "N_DOC": "20", "T_DO": "Resolución", "OBS": null }, "geometry": { "type": "Polygon", "coordinates": [ [ [ -72.528010012983302, -36.266679488594498 ], [ -72.528373442929507, -36.267336523146 ], [ -72.528410294965198, -36.267402981789999 ], [ -72.528412828863793, -36.267400988634797 ], [ -72.528529996037904, -36.2673102522986 ], [ -72.528742389248293, -36.267123748219198 ], [ -72.528802612834298, -36.267049018465201 ], [ -72.528817716147898, -36.267031407531697 ], [ -72.528827941165702, -36.266983901924398 ], [ -72.528829104667807, -36.266941633227702 ], [ -72.528820138941001, -36.266928347386298 ], [ -72.528771250345002, -36.266862562506802 ], [ -72.528744109028594, -36.2668090092005 ], [ -72.528724023760105, -36.266755247447897 ], [ -72.528708367393506, -36.266721380417003 ], [ -72.528633029548203, -36.266735049073702 ], [ -72.528574818042301, -36.266736768610102 ], [ -72.528507528588506, -36.266733034680598 ], [ -72.528433182018603, -36.266729509166403 ], [ -72.528379489852696, -36.266713930349702 ], [ -72.528303380964999, -36.266710456808298 ], [ -72.528186506443603, -36.2667038956345 ], [ -72.528110139105195, -36.266694708013901 ], [ -72.528056897387501, -36.266689128976402 ], [ -72.528010012983302, -36.266679488594498 ] ] ] } },
{ "type": "Feature", "properties": { "id": "monoparte.58", "Name": null, "description": null, "timestamp": null, "begin": null, "end": null, "altitudeMode": null, "tessellate": -1, "extrude": 0, "visibility": -1, "drawOrder": null, "icon": null, "REG": "Ñuble", "COM": "Quirihue", "LOC": "Quirihue", "ZONA": "ZPU", "NOM": "ZPU Zona de Parcelas Urbanas", "UPERM": "Residencial. Equipamiento de todo tipo. Actividades productivas sólo almacenamiento y talleres inofensivos.", "UPROH": "Todos los usos de suelo no mencionados como permitidos, expresamente el residencial.", "P_DO": "30/06/2007", "N_DOC": "20", "T_DO": "Resolución", "OBS": null }, "geometry": { "type": "Polygon", "coordinates": [ [ [ -72.546275709146101, -36.260182939407898 ], [ -72.546182155532904, -36.2601971596903 ], [ -72.546044460006598, -36.260172639289202 ], [ -72.545888061907604, -36.260099086413902 ], [ -72.545887236397704, -36.260184935213402 ], [ -72.545889626053594, -36.260289759842799 ], [ -72.545889601160297, -36.260341254617998 ], [ -72.545883407774198, -36.260360509717401 ], [ -72.545831345357001, -36.2604115965432 ], [ -72.545729285539494, -36.260512891601799 ], [ -72.545622457606001, -36.260598071659402 ], [ -72.545507540984204, -36.260660605453502 ], [ -72.545395861105405, -36.260690620303897 ], [ -72.545258941598803, -36.260683240661699 ], [ -72.545128473119405, -36.260662319711798 ], [ -72.545090844294606, -36.260663436385997 ], [ -72.545019489923405, -36.260699883233798 ], [ -72.544963908909594, -36.260720603872798 ], [ -72.544953012118299, -36.260739999403398 ], [ -72.544956976088599, -36.2608276126766 ], [ -72.544938826109401, -36.260894903418297 ], [ -72.544895064171598, -36.260968674837997 ], [ -72.544819153034396, -36.261060565818099 ], [ -72.544739684279094, -36.261125861099202 ], [ -72.544638875761294, -36.261187974555902 ], [ -72.544599412603304, -36.261200588632903 ], [ -72.544477721991797, -36.261217549976102 ], [ -72.544431031087797, -36.261226564377701 ], [ -72.544284306637195, -36.261314833620197 ], [ -72.544219237935394, -36.261354908494198 ], [ -72.544191447085396, -36.261365268648099 ], [ -72.5441420592458, -36.2613667339035 ], [ -72.544090663858995, -36.261375887747903 ], [ -72.544021229776206, -36.261402741415303 ], [ -72.543976003252993, -36.2614441340856 ], [ -72.543894895419598, -36.261473240590497 ], [ -72.543710222264295, -36.261503512719102 ], [ -72.543564496688802, -36.261509742101701 ], [ -72.543426342258599, -36.261527190758002 ], [ -72.543280530479805, -36.261531515764403 ], [ -72.543178971662897, -36.261524992413598 ], [ -72.543085097838798, -36.261480096682902 ], [ -72.542975330253199, -36.261344127229201 ], [ -72.542930964445603, -36.261404566170299 ], [ -72.542859667627198, -36.261494411625797 ], [ -72.542787338287098, -36.261561401404897 ], [ -72.542716929263406, -36.261618797651401 ], [ -72.542627533761205, -36.261672942837798 ], [ -72.542555660532202, -36.261697960514397 ], [ -72.542459838151501, -36.261714152700897 ], [ -72.542287519052607, -36.2617364272459 ], [ -72.542115402692602, -36.261738431278197 ], [ -72.542038699168899, -36.2617347461698 ], [ -72.541997272883506, -36.261730014137001 ], [ -72.541975279237803, -36.261731858320097 ], [ -72.541957139301402, -36.261753852492397 ], [ -72.541927383938898, -36.261811950393898 ], [ -72.541898776724693, -36.261862861838701 ], [ -72.541845019471296, -36.261910943651202 ], [ -72.541769374954598, -36.2619632505697 ], [ -72.541708963843007, -36.261994364901199 ], [ -72.541617668916203, -36.261993495366497 ], [ -72.541530299673298, -36.261981781666996 ], [ -72.541463848008206, -36.261944415254298 ], [ -72.541454814013804, -36.261939915702698 ], [ -72.541436549036007, -36.261991712508703 ], [ -72.541398673885396, -36.262065546990399 ], [ -72.541378383640506, -36.262137668987499 ], [ -72.5413540610936, -36.262218253194597 ], [ -72.541320690438994, -36.262359182980198 ], [ -72.541291850224098, -36.262437517865997 ], [ -72.541261826203396, -36.262489663239499 ], [ -72.541198639054898, -36.262557096510903 ], [ -72.541120323594399, -36.262615441657402 ], [ -72.541042454674198, -36.262651126023599 ], [ -72.540960946222697, -36.262671421335398 ], [ -72.540850704116295, -36.262674689065499 ], [ -72.540816215953896, -36.262725775489102 ], [ -72.540718702600898, -36.262896737537801 ], [ -72.540596810277293, -36.263098221089997 ], [ -72.540401008523006, -36.263260176241701 ], [ -72.540380644637295, -36.2632655471443 ], [ -72.540316362793604, -36.2632436126923 ], [ -72.540222412926198, -36.263216597102598 ], [ -72.540184087306599, -36.263215348771197 ], [ -72.540162253445104, -36.263220764101099 ], [ -72.540145475089602, -36.263240333527598 ], [ -72.540082448825601, -36.263311336777903 ], [ -72.540021894998205, -36.263339354963101 ], [ -72.539945225884495, -36.263369042741502 ], [ -72.539781670127098, -36.263397729840896 ], [ -72.539672447610201, -36.263423613797102 ], [ -72.539582209784797, -36.263478735946897 ], [ -72.539526298520599, -36.263498749392703 ], [ -72.539470208164801, -36.263527827121003 ], [ -72.539425555206805, -36.2635494135302 ], [ -72.539370074358303, -36.263559401855098 ], [ -72.539284656439193, -36.263558356448002 ], [ -72.539233890546598, -36.263509796344302 ], [ -72.539215606139507, -36.263496034141298 ], [ -72.539197913272105, -36.263495366266199 ], [ -72.539138506339597, -36.263516198521401 ], [ -72.539101094747096, -36.263535187035203 ], [ -72.539083993385802, -36.263547613476 ], [ -72.539081376017094, -36.263554843432601 ], [ -72.539084781917197, -36.263597654305499 ], [ -72.539076912738906, -36.263651526937302 ], [ -72.539055490740495, -36.263698649575403 ], [ -72.538987891708203, -36.263766211544201 ], [ -72.538880604191704, -36.263834950147199 ], [ -72.538774463865593, -36.263896502259598 ], [ -72.538600150654801, -36.263980338022002 ], [ -72.538499082391894, -36.2640238595162 ], [ -72.538411800311295, -36.264046709195902 ], [ -72.538309388861705, -36.264060470393403 ], [ -72.538209862550303, -36.264072953979003 ], [ -72.538093608442495, -36.264093085346701 ], [ -72.537881757634807, -36.264127967670703 ], [ -72.537702586271607, -36.264136850170502 ], [ -72.537534528960407, -36.264131099342997 ], [ -72.537436759938501, -36.264117306521399 ], [ -72.537415965600204, -36.264113154019199 ], [ -72.5374058915082, -36.264118220616503 ], [ -72.537346679743607, -36.264175997672297 ], [ -72.537272016186193, -36.2642175441784 ], [ -72.5372185957646, -36.264240582370597 ], [ -72.537130506791897, -36.264245574876 ], [ -72.537044981632803, -36.264242146915997 ], [ -72.536936869650404, -36.264227467864899 ], [ -72.536866707669006, -36.2642057056499 ], [ -72.536834942377496, -36.2642030699431 ], [ -72.536804181382394, -36.264206364841598 ], [ -72.536776681764806, -36.264216714689198 ], [ -72.536759687354305, -36.264231521781298 ], [ -72.536710765295496, -36.264288994786298 ], [ -72.536552867635294, -36.264410485143301 ], [ -72.536412413063601, -36.264494506550299 ], [ -72.536343682612596, -36.264537069818402 ], [ -72.536237019991205, -36.2645545313176 ], [ -72.536127974930096, -36.264551798959403 ], [ -72.535990517748402, -36.264539179795698 ], [ -72.5358391317708, -36.264511476748297 ], [ -72.535693196262798, -36.264474076521701 ], [ -72.535609245162703, -36.264459873215102 ], [ -72.535474566012994, -36.264443595916802 ], [ -72.535327805361007, -36.264420523597401 ], [ -72.535277397555802, -36.2644124788509 ], [ -72.535230359607397, -36.264413870916599 ], [ -72.535183589146399, -36.264421215399203 ], [ -72.535133591415402, -36.264454879115199 ], [ -72.535101394147503, -36.264491591348602 ], [ -72.535072673012905, -36.264540121407997 ], [ -72.535042140876996, -36.264613736728997 ], [ -72.534935810865306, -36.2648016433808 ], [ -72.534873280585501, -36.264851172970197 ], [ -72.534822113177299, -36.264891546050102 ], [ -72.534636697102599, -36.264957824552297 ], [ -72.534405390172296, -36.265018309059997 ], [ -72.534336892889399, -36.265033447585502 ], [ -72.534254391366701, -36.2650513845484 ], [ -72.533970506371205, -36.265088391223401 ], [ -72.533706805684105, -36.2651486397559 ], [ -72.533502439376605, -36.2652190533218 ], [ -72.5334033744533, -36.265274431144697 ], [ -72.533284804527497, -36.265386887093499 ], [ -72.533207015887598, -36.265457132364801 ], [ -72.533166534906599, -36.265506008925797 ], [ -72.533146417835397, -36.265549515785501 ], [ -72.533105452521795, -36.265587679815901 ], [ -72.533064165025294, -36.265618700936301 ], [ -72.532951547690999, -36.265667327709203 ], [ -72.5326865786746, -36.265755027392302 ], [ -72.532364537395097, -36.265859911108002 ], [ -72.532157389838702, -36.265933979993299 ], [ -72.532059094263602, -36.265973838866302 ], [ -72.531979298203197, -36.266032222016001 ], [ -72.531945628761093, -36.266068977873402 ], [ -72.531914771095202, -36.266135449667097 ], [ -72.531870575363897, -36.266199932575297 ], [ -72.531831347481699, -36.266244004274803 ], [ -72.5318160901125, -36.266264719691698 ], [ -72.531807592738204, -36.266272122454303 ], [ -72.531806444694297, -36.266279308825901 ], [ -72.531806927708601, -36.266290022286498 ], [ -72.532030282953698, -36.2664121539026 ], [ -72.532259562183697, -36.266535064105298 ], [ -72.532290947714003, -36.266578239958797 ], [ -72.532438682960802, -36.266786047324501 ], [ -72.532485069850296, -36.266868115146103 ], [ -72.532556923228299, -36.267057901990803 ], [ -72.532597926695004, -36.267216416998501 ], [ -72.532610859178504, -36.267340002714697 ], [ -72.532589829880706, -36.267363272164197 ], [ -72.5325393986096, -36.267387412010599 ], [ -72.532496318880007, -36.267411333533303 ], [ -72.532443774381306, -36.2674212318827 ], [ -72.532386282725994, -36.267419355793599 ], [ -72.532319273740995, -36.267402265089999 ], [ -72.532278670686793, -36.267383201443003 ], [ -72.532273723606096, -36.267371427920899 ], [ -72.532240883954699, -36.267132808026403 ], [ -72.532159278461407, -36.266955229149502 ], [ -72.532041352731497, -36.266788259806901 ], [ -72.532003367665297, -36.2667293063488 ], [ -72.531954825317897, -36.266697365444699 ], [ -72.531849455847805, -36.266645649240502 ], [ -72.531823500539701, -36.266624961167601 ], [ -72.531815989084194, -36.266621607040399 ], [ -72.531807438000499, -36.266627819320398 ], [ -72.531788575353701, -36.266666521498898 ], [ -72.531780291517506, -36.266678686232297 ], [ -72.531699689518902, -36.266719212872701 ], [ -72.531644473484505, -36.266735149301802 ], [ -72.531633035907205, -36.266742639881301 ], [ -72.531629054966004, -36.266752293247499 ], [ -72.531623818617803, -36.266766752015002 ], [ -72.531621877089606, -36.266821641996998 ], [ -72.531611205512306, -36.2670746613151 ], [ -72.531590960859603, -36.267311275555201 ], [ -72.531586402183606, -36.267373393535699 ], [ -72.531577023847703, -36.267393935114697 ], [ -72.531547420891599, -36.267455602345898 ], [ -72.531496572457201, -36.267535777842603 ], [ -72.531460190950995, -36.267580957356998 ], [ -72.531433512292693, -36.267616075566899 ], [ -72.531355346330002, -36.267658437475902 ], [ -72.531239547514801, -36.267701911839701 ], [ -72.5311361104648, -36.267758371327702 ], [ -72.530987607730694, -36.267860028039003 ], [ -72.530904994028006, -36.2679082427208 ], [ -72.530858125453506, -36.267913442195002 ], [ -72.530803599838805, -36.267905518220303 ], [ -72.530779564041396, -36.267894785508702 ], [ -72.530740900960595, -36.267873041976202 ], [ -72.530706685155195, -36.267845445397001 ], [ -72.530679180944304, -36.267810021353199 ], [ -72.530669721094696, -36.267756899213602 ], [ -72.530679249934906, -36.2677070308116 ], [ -72.530701739273596, -36.267683479753998 ], [ -72.530843788072701, -36.267595363925899 ], [ -72.530912116572694, -36.267543757462398 ], [ -72.530962401847503, -36.267509848160103 ], [ -72.531068963861699, -36.2674704621015 ], [ -72.531193826327197, -36.267419090897597 ], [ -72.531224264207694, -36.267362881873801 ], [ -72.531243801012906, -36.267326068242397 ], [ -72.531245638232903, -36.2673145707655 ], [ -72.531273446335007, -36.266886535690098 ], [ -72.531271504617493, -36.266791233676102 ], [ -72.531013213370699, -36.266808404639399 ], [ -72.530772450988806, -36.266796449014201 ], [ -72.530640051562301, -36.266785105102997 ], [ -72.530616875703103, -36.266793419178697 ], [ -72.530566247276397, -36.266819708491496 ], [ -72.530529559190498, -36.266841772580399 ], [ -72.5305070689068, -36.266865323630597 ], [ -72.530443153207301, -36.266962572112 ], [ -72.530372009710007, -36.2670562209872 ], [ -72.5303414842965, -36.267110523998198 ], [ -72.530311904234495, -36.2671857797082 ], [ -72.530276554481503, -36.267289812948697 ], [ -72.530235643713993, -36.267374938278103 ], [ -72.530228896208698, -36.267434261029699 ], [ -72.530176224515401, -36.267519734815899 ], [ -72.530015143622805, -36.267734286257003 ], [ -72.529919877454503, -36.267815297082699 ], [ -72.529658319117004, -36.268021374956803 ], [ -72.529620771928194, -36.268024391016702 ], [ -72.529578521069098, -36.268027546950201 ], [ -72.529537936016496, -36.268015395486302 ], [ -72.529503891096695, -36.267991608494299 ], [ -72.529470190559806, -36.267975439496503 ], [ -72.529458001619503, -36.2679662630674 ], [ -72.5294479065617, -36.267951304084498 ], [ -72.529432764518006, -36.267928865141798 ], [ -72.529427115675801, -36.267908052298601 ], [ -72.529418343221195, -36.267870167891203 ], [ -72.529417399237303, -36.267849216935403 ], [ -72.529430395790001, -36.2678240390917 ], [ -72.529457334015405, -36.267794635223197 ], [ -72.529707131344296, -36.267588905318298 ], [ -72.529876787827803, -36.267381729045098 ], [ -72.530026358187996, -36.266990147907997 ], [ -72.530219051729503, -36.266719352974597 ], [ -72.530052574717004, -36.266683458479797 ], [ -72.529945447427707, -36.266658016287003 ], [ -72.529868553207905, -36.2666240515303 ], [ -72.529775314596193, -36.266540982910598 ], [ -72.529675999441196, -36.266427578337897 ], [ -72.529660943458197, -36.2664070434666 ], [ -72.529644051188299, -36.2663980069253 ], [ -72.529613474951006, -36.2663989103904 ], [ -72.529459616650001, -36.266433971897499 ], [ -72.529258803382106, -36.266472327091599 ], [ -72.5292003464331, -36.266481683263201 ], [ -72.529143898590505, -36.266483350966503 ], [ -72.529078042397899, -36.2664852965977 ], [ -72.5290709864165, -36.266485505054902 ], [ -72.528999326731196, -36.266567724319202 ], [ -72.529031411894593, -36.266652600239901 ], [ -72.529090999116207, -36.266772900662403 ], [ -72.529168888468007, -36.266881217154001 ], [ -72.529179412391898, -36.2669057000751 ], [ -72.529189420354996, -36.266918755065397 ], [ -72.529177968375095, -36.266978215869301 ], [ -72.529172027883803, -36.267003185219899 ], [ -72.529162842482606, -36.267060672463003 ], [ -72.529151940902395, -36.267080066797597 ], [ -72.529143562192701, -36.267103200686201 ], [ -72.529144763504704, -36.2671298656321 ], [ -72.529133861911703, -36.267149259965599 ], [ -72.529117998119006, -36.2671630793144 ], [ -72.529092898606095, -36.267180985609798 ], [ -72.528923034413594, -36.267383589678097 ], [ -72.528757428349095, -36.267523893452598 ], [ -72.528563479462605, -36.267672665129098 ], [ -72.528560950369396, -36.267674666254997 ], [ -72.528752825368798, -36.268020681204298 ], [ -72.529448896358801, -36.269251620869802 ], [ -72.529746371308704, -36.269790196384498 ], [ -72.529761428038597, -36.269810731198604 ], [ -72.529795468967095, -36.269861174481903 ], [ -72.528774318790298, -36.270296193255 ], [ -72.528694302496902, -36.270328546290102 ], [ -72.528702143885994, -36.270332648632902 ], [ -72.528919184255003, -36.270446212535198 ], [ -72.529163782474996, -36.270647586011798 ], [ -72.529208689795993, -36.270664138473698 ], [ -72.529268834122803, -36.270692161440103 ], [ -72.5294261419956, -36.270753073812003 ], [ -72.5301819455008, -36.271028739041803 ], [ -72.5304573983816, -36.271098077196399 ], [ -72.530538788963995, -36.271107592267597 ], [ -72.530686065646506, -36.271109198559898 ], [ -72.530913929061398, -36.2711024630784 ], [ -72.531127627360405, -36.271108065721698 ], [ -72.531179080048304, -36.271106544663901 ], [ -72.531150425555097, -36.270797472203398 ], [ -72.531142001374803, -36.270773881620201 ], [ -72.531110990231895, -36.2707390380383 ], [ -72.530829578476599, -36.270210958017799 ], [ -72.530674897785204, -36.269881770005497 ], [ -72.530629990663201, -36.269865218086103 ], [ -72.530236668534599, -36.269793402540202 ], [ -72.530221163364004, -36.269775980608699 ], [ -72.530110748582999, -36.269612364542397 ], [ -72.529766146783601, -36.269151708546403 ], [ -72.529725908729006, -36.269075417409098 ], [ -72.529736642966299, -36.268496980495101 ], [ -72.529816906070195, -36.268154888962002 ], [ -72.529864066497396, -36.268058135010698 ], [ -72.529920720986297, -36.268008781559203 ], [ -72.529971636336299, -36.267995356234103 ], [ -72.530030973004202, -36.268005523459799 ], [ -72.530097929545207, -36.268021424027303 ], [ -72.530143907388805, -36.2680617859737 ], [ -72.530149272181305, -36.268180827400798 ], [ -72.5300609088372, -36.268506470397703 ], [ -72.5300681512539, -36.268667176146003 ], [ -72.530069813719194, -36.2690306863717 ], [ -72.530079040978805, -36.269072133489601 ], [ -72.5301791545415, -36.269170495518097 ], [ -72.530439955263006, -36.269568066761899 ], [ -72.530900233353705, -36.269655781752597 ], [ -72.530938058044697, -36.269678504186402 ], [ -72.531003568542204, -36.269825567576802 ], [ -72.531254558096194, -36.270331899035 ], [ -72.531493585481002, -36.270736071722702 ], [ -72.531536673481895, -36.271038756981802 ], [ -72.531563287307407, -36.271139289847099 ], [ -72.531809504597504, -36.271376370095503 ], [ -72.532908793902195, -36.272295846204798 ], [ -72.532916275205494, -36.272295952904201 ], [ -72.532908471735198, -36.272288704213302 ], [ -72.533044724568398, -36.272290633584802 ], [ -72.533254079760795, -36.272281461260697 ], [ -72.533481407779803, -36.272262816821197 ], [ -72.533660152741803, -36.272227729077002 ], [ -72.533790447814795, -36.272179174933498 ], [ -72.533944991060096, -36.2720971226777 ], [ -72.534020426215093, -36.272056150812297 ], [ -72.534079413695594, -36.271976925525301 ], [ -72.534138669656798, -36.271903652616601 ], [ -72.534244763554995, -36.271808133959198 ], [ -72.534324677838399, -36.271784909525401 ], [ -72.534473416880402, -36.271762133566398 ], [ -72.534136937971496, -36.271428159900204 ], [ -72.533796561209599, -36.271127118931503 ], [ -72.533727991230904, -36.271075507968902 ], [ -72.533614029622001, -36.270996631907899 ], [ -72.533256760672103, -36.2708105205378 ], [ -72.532947522074807, -36.270612259723798 ], [ -72.532677172767706, -36.270394967767601 ], [ -72.532525032504594, -36.270252851516901 ], [ -72.5323707990581, -36.270064308901397 ], [ -72.532263628440603, -36.269842190260498 ], [ -72.532214595983305, -36.269636233393598 ], [ -72.532200300668293, -36.269515072098898 ], [ -72.532202740794304, -36.269275408118801 ], [ -72.532212329101299, -36.269096324769201 ], [ -72.532220182545402, -36.269074637064797 ], [ -72.532257780297201, -36.269027037211401 ], [ -72.532300432581806, -36.268993591827901 ], [ -72.532344050029295, -36.268981574262703 ], [ -72.532410363577299, -36.26898318856 ], [ -72.532454786276602, -36.268989027302801 ], [ -72.532508997190504, -36.269016032034799 ], [ -72.532541478268996, -36.269050830888297 ], [ -72.532552391715797, -36.269096996198101 ], [ -72.5325436094964, -36.269293935876497 ], [ -72.532536598927805, -36.269530158788001 ], [ -72.532565736653297, -36.269686640502698 ], [ -72.532606977275904, -36.269817732592301 ], [ -72.532630961186896, -36.2698599360291 ], [ -72.5327448586375, -36.270035366414199 ], [ -72.532892427314806, -36.270174042289099 ], [ -72.533071674062796, -36.270329660246603 ], [ -72.533290773543598, -36.2704876752872 ], [ -72.533535530091797, -36.270627050760403 ], [ -72.533639704520795, -36.270684760989496 ], [ -72.533693593650995, -36.270704622235499 ], [ -72.533742105610798, -36.270703187074503 ], [ -72.533794544684199, -36.270690907983202 ], [ -72.533807452742593, -36.270683373686303 ], [ -72.533824450157397, -36.270668566887103 ], [ -72.533828215021003, -36.270654151565502 ], [ -72.5338272482863, -36.2706327247068 ], [ -72.533850666564703, -36.270270856275403 ], [ -72.533858198477404, -36.270242025565899 ], [ -72.533843839254502, -36.270217418707901 ], [ -72.533816412, -36.2701967737666 ], [ -72.533575905775194, -36.270053697799703 ], [ -72.533521533777304, -36.270023122138603 ], [ -72.533472437249401, -36.269913718262103 ], [ -72.533400807637705, -36.269794253175199 ], [ -72.533381233817295, -36.269751920351503 ], [ -72.533298306431107, -36.269675702118903 ], [ -72.533128042760097, -36.269523394071904 ], [ -72.533104380940699, -36.269488334534998 ], [ -72.533070932900401, -36.269432108080203 ], [ -72.532806952059502, -36.2689643084125 ], [ -72.532506121676306, -36.268658517456601 ], [ -72.5323672153297, -36.268516009520397 ], [ -72.532348125559096, -36.268484389921902 ], [ -72.532342426832699, -36.268455950541501 ], [ -72.5323664722047, -36.268401599897402 ], [ -72.532400464466306, -36.268371986788502 ], [ -72.532430207365906, -36.268346074644597 ], [ -72.532490660585495, -36.268315679002498 ], [ -72.532539171130693, -36.268314244410298 ], [ -72.532592253090598, -36.268316250818501 ], [ -72.5326379649904, -36.268350659273999 ], [ -72.532869260942803, -36.268583409636101 ], [ -72.533091737576299, -36.268816421265498 ], [ -72.533130240046503, -36.268886802169597 ], [ -72.533268282056696, -36.269108006870603 ], [ -72.533371204972397, -36.269333826436402 ], [ -72.533528882895695, -36.2695008094869 ], [ -72.533658005647496, -36.269622149918497 ], [ -72.533752814293095, -36.269765960801102 ], [ -72.533800138743104, -36.269836080467698 ], [ -72.533863008192796, -36.269859252188297 ], [ -72.533877808693006, -36.269697894761002 ], [ -72.533887191146604, -36.269318562292099 ], [ -72.533866507663504, -36.268957998546298 ], [ -72.533845806039693, -36.268890667488002 ], [ -72.533808108483797, -36.268838142271903 ], [ -72.533750676182507, -36.268739713724301 ], [ -72.533700714337201, -36.268709007652603 ], [ -72.533569599347601, -36.268641366618702 ], [ -72.533538245715306, -36.268631566377003 ], [ -72.533385402452296, -36.2685717194068 ], [ -72.533097196971099, -36.268447932499498 ], [ -72.532841473292606, -36.2683589445273 ], [ -72.532620869666104, -36.268265341153999 ], [ -72.532476364187801, -36.268194518662099 ], [ -72.532421832873297, -36.268160370947598 ], [ -72.532393601534906, -36.268121870162602 ], [ -72.532392313170305, -36.2680933003614 ], [ -72.532395434035493, -36.268064600171598 ], [ -72.532407376644699, -36.2680356382062 ], [ -72.532437119464007, -36.268009726966397 ], [ -72.532484180370801, -36.267976151157498 ], [ -72.532540545084601, -36.267953028828998 ], [ -72.532602447462594, -36.267954774393402 ], [ -72.5326431045428, -36.267975027491303 ], [ -72.532958412797001, -36.268112317913896 ], [ -72.533470664792404, -36.268308150084998 ], [ -72.533726550020702, -36.268400708123799 ], [ -72.533748278469801, -36.268392913808199 ], [ -72.533758084797796, -36.268120847875501 ], [ -72.533556147280606, -36.267951598104503 ], [ -72.533332805613796, -36.267797285037702 ], [ -72.533164801387898, -36.267694974344302 ], [ -72.533123661079799, -36.2676640070801 ], [ -72.533086770071705, -36.2676293388066 ], [ -72.533076984096695, -36.267608171877498 ], [ -72.533075212297007, -36.267568888651297 ], [ -72.533086670266201, -36.267529213223298 ], [ -72.533154814568107, -36.2674735580988 ], [ -72.533206768366199, -36.2674505650321 ], [ -72.533254796217307, -36.267438416704202 ], [ -72.533313093300407, -36.267458148707902 ], [ -72.5336984170292, -36.267679189843101 ], [ -72.533900030765196, -36.267841297445003 ], [ -72.533987366931598, -36.267917384873599 ], [ -72.534107505741204, -36.268035414465103 ], [ -72.534054710538697, -36.268627015195598 ], [ -72.534201896435505, -36.268855099754497 ], [ -72.534228000307905, -36.269433638340097 ], [ -72.534216263291796, -36.269662849543302 ], [ -72.534201709324293, -36.2702211346827 ], [ -72.534171621409399, -36.270435154043099 ], [ -72.534167253883595, -36.2706319630948 ], [ -72.534173216138498, -36.270764098339498 ], [ -72.534248655889002, -36.271065825137498 ], [ -72.534270003222304, -36.2711474418196 ], [ -72.534366163589894, -36.2712232677464 ], [ -72.534579510337196, -36.271449393955599 ], [ -72.5347830702473, -36.271654353917 ], [ -72.534866162482999, -36.271734143240501 ], [ -72.535116786930303, -36.271905525692503 ], [ -72.535318132201297, -36.272081997308902 ], [ -72.535330011984897, -36.272084418180697 ], [ -72.5353178098173, -36.272074855335802 ], [ -72.535448553795803, -36.272101500016198 ], [ -72.535596364060396, -36.272140990927298 ], [ -72.535684597614406, -36.272165079558697 ], [ -72.535817092474105, -36.2721783222675 ], [ -72.536024769745097, -36.272187432599502 ], [ -72.536258664242595, -36.2722033945576 ], [ -72.536475922476498, -36.272216033628702 ], [ -72.536686296391693, -36.272232692021298 ], [ -72.537011121651204, -36.272280289498397 ], [ -72.537294123597306, -36.2723405677865 ], [ -72.537410347007395, -36.272358581297198 ], [ -72.537604578646807, -36.272421965296701 ], [ -72.537632007616907, -36.272442608363001 ], [ -72.537853275095998, -36.272452742919 ], [ -72.537922011286298, -36.272410179389297 ], [ -72.537981712288996, -36.272363115170897 ], [ -72.538116674127906, -36.2722875979413 ], [ -72.538205453647905, -36.272232519866101 ], [ -72.538283548318304, -36.2722015987014 ], [ -72.538382009202905, -36.272165305902199 ], [ -72.538628051789701, -36.272072193570203 ], [ -72.538717992494597, -36.272042828674302 ], [ -72.539043957170307, -36.2719592674786 ], [ -72.539338223914498, -36.271890948571603 ], [ -72.5395433904078, -36.271870565152199 ], [ -72.539716107588404, -36.2718487588659 ], [ -72.539864341436498, -36.2718324461826 ], [ -72.540140213708696, -36.271747982407497 ], [ -72.540367178081695, -36.271688808083603 ], [ -72.5405315384631, -36.271612415927898 ], [ -72.540635015989096, -36.271556901333803 ], [ -72.540705613792596, -36.271490440624 ], [ -72.540742113761198, -36.271451215215798 ], [ -72.540752151839698, -36.271412773306999 ], [ -72.540784419852201, -36.2713450655218 ], [ -72.540786283876201, -36.271321170722501 ], [ -72.540790939059207, -36.271240256878698 ], [ -72.540763726325494, -36.2711478074824 ], [ -72.540711905930607, -36.271043494667197 ], [ -72.540602401056603, -36.270965685434703 ], [ -72.540522837519305, -36.270898907485297 ], [ -72.540457865831399, -36.270829313739497 ], [ -72.540422303475594, -36.270792192819002 ], [ -72.540007347143501, -36.270774428393302 ], [ -72.539419588597497, -36.270553446868902 ], [ -72.539014111895796, -36.270538641768397 ], [ -72.538811037913007, -36.270523797540399 ], [ -72.538561441673394, -36.270456692593598 ], [ -72.538330624283901, -36.2703979700023 ], [ -72.538151797884495, -36.270349627637501 ], [ -72.538092188745395, -36.270333513164601 ], [ -72.538069465522497, -36.270319286725801 ], [ -72.538034911251302, -36.270287529688503 ], [ -72.538011112638102, -36.270249495522798 ], [ -72.538005421384796, -36.270204963778802 ], [ -72.538024782747897, -36.270144790482902 ], [ -72.538074353512599, -36.270101602511197 ], [ -72.538132079309094, -36.2700760530903 ], [ -72.538209123386807, -36.270070790359497 ], [ -72.5383735177533, -36.270125520511101 ], [ -72.538890948926706, -36.270256211550802 ], [ -72.539443967573803, -36.270278565979602 ], [ -72.539510523036796, -36.270285533876397 ], [ -72.540109170731, -36.270503211659197 ], [ -72.540356883486098, -36.270514044631298 ], [ -72.540359760347698, -36.270514129658402 ], [ -72.540404316969997, -36.270391055044598 ], [ -72.540436369697602, -36.270318585460402 ], [ -72.540460354809596, -36.270263042137302 ], [ -72.540485818930406, -36.270219443224697 ], [ -72.540485496057101, -36.270212300389503 ], [ -72.540268628320206, -36.270123007799199 ], [ -72.539867859086598, -36.269968005724103 ], [ -72.539743352187699, -36.269900175859 ], [ -72.539648245969403, -36.2698314746265 ], [ -72.539556008888695, -36.269744808175702 ], [ -72.539509486397193, -36.269692546381201 ], [ -72.539388656119598, -36.2696246071785 ], [ -72.539328509448694, -36.269596589464101 ], [ -72.539287007855805, -36.269573979605603 ], [ -72.539271366355095, -36.269553583222702 ], [ -72.539254244528095, -36.269500450177901 ], [ -72.539263521794098, -36.269461435333703 ], [ -72.539290233783305, -36.269401044058903 ], [ -72.5393474218546, -36.269363590222802 ], [ -72.539435489406699, -36.269358000987403 ], [ -72.539465293107199, -36.269366057022701 ], [ -72.539506256755104, -36.269376763883102 ], [ -72.539630493609593, -36.269438641688701 ], [ -72.539742898335703, -36.269482990774499 ], [ -72.539769834344895, -36.269509012730602 ], [ -72.539886713830001, -36.269636071929099 ], [ -72.540007974948097, -36.269713534388401 ], [ -72.5402775330938, -36.2698152084415 ], [ -72.540670050213905, -36.269991250503502 ], [ -72.540676857111393, -36.269986387687801 ], [ -72.540669727367103, -36.269984108569297 ], [ -72.540719863429103, -36.269948292155 ], [ -72.540972826979797, -36.269721943256002 ], [ -72.541192983294295, -36.269512301207698 ], [ -72.541253666824204, -36.269408943977297 ], [ -72.541249856564605, -36.269249528051297 ], [ -72.5412497033318, -36.269243136157101 ], [ -72.541212198030095, -36.269077750563397 ], [ -72.541184530854906, -36.269012771904599 ], [ -72.541156992929899, -36.268950651088801 ], [ -72.541105724202197, -36.2687476597631 ], [ -72.541107501121004, -36.2685201393437 ], [ -72.541144905792805, -36.268331648818197 ], [ -72.541214598092196, -36.268193123912702 ], [ -72.541256845855898, -36.268111768646698 ], [ -72.541321703338397, -36.268022592465002 ], [ -72.541367478960396, -36.267941133475503 ], [ -72.541410501429297, -36.267876919883101 ], [ -72.541416847059594, -36.267860997903099 ], [ -72.541483596738999, -36.267774625422803 ], [ -72.541501430515694, -36.267778388310603 ], [ -72.541574937259, -36.267763334989198 ], [ -72.5416609863031, -36.267752201375302 ], [ -72.541716057262803, -36.2677591508875 ], [ -72.541870236299999, -36.267770314152401 ], [ -72.542113733917404, -36.2677645238632 ], [ -72.542260112973196, -36.267759467748803 ], [ -72.542347183553602, -36.267731854083401 ], [ -72.542435023208498, -36.267688721576903 ], [ -72.542548854170406, -36.267601906480799 ], [ -72.542625128460301, -36.267498324114598 ], [ -72.542764590868799, -36.267327309374799 ], [ -72.542882271779007, -36.267162899946797 ], [ -72.542947074899004, -36.267131178033402 ], [ -72.543188277308104, -36.267094223864099 ], [ -72.543445256042105, -36.267080640755502 ], [ -72.5437285917438, -36.267161635105097 ], [ -72.545587282129105, -36.267738235904403 ], [ -72.5456983485075, -36.267751947031698 ], [ -72.546261288354401, -36.267959415326899 ], [ -72.546375713865402, -36.2677557629031 ], [ -72.546488038065803, -36.2675056858156 ], [ -72.5465872117571, -36.2672577867285 ], [ -72.546745382815502, -36.2667524535577 ], [ -72.5468123993479, -36.266282010777097 ], [ -72.546819161050607, -36.266138770247402 ], [ -72.546830979707295, -36.266009684351097 ], [ -72.546830656305801, -36.266002541559999 ], [ -72.546813193894096, -36.265616855120001 ], [ -72.546813164794301, -36.2653236249485 ], [ -72.546855839620406, -36.264510610646298 ], [ -72.546900616122002, -36.263744021745303 ], [ -72.546928288755197, -36.263529476102697 ], [ -72.546942511999305, -36.262965836435299 ], [ -72.547015564621503, -36.261263289233803 ], [ -72.547051112611598, -36.259610130892803 ], [ -72.547050636059893, -36.259610122516698 ], [ -72.546901972498503, -36.259607447213703 ], [ -72.546773857620295, -36.259586457249497 ], [ -72.546717243402199, -36.259584324020402 ], [ -72.546659656415002, -36.259612734022802 ], [ -72.546605259190699, -36.259711616391101 ], [ -72.546548338384497, -36.259806758683602 ], [ -72.546473292332905, -36.259917696230701 ], [ -72.546433460751203, -36.259974186814802 ], [ -72.546412073432194, -36.260073995722401 ], [ -72.546381993977505, -36.260137825827101 ], [ -72.546355238375597, -36.260171042872599 ], [ -72.546275709146101, -36.260182939407898 ] ] ] } },
{ "type": "Feature", "properties": { "id": "monoparte.59", "Name": null, "description": null, "timestamp": null, "begin": null, "end": null, "altitudeMode": null, "tessellate": -1, "extrude": 0, "visibility": -1, "drawOrder": null, "icon": null, "REG": "Ñuble", "COM": "Quirihue", "LOC": "Quirihue", "ZONA": "ZR1", "NOM": "ZR1 Zona de Restricción por Infraestructura Sanitaria e Industrial", "UPERM": "Áreas verdes, estacionamientos y casetas de vigilancia.", "UPROH": "Todos los usos de suelo no mencionados como permitidos, expresamente el residencial.", "P_DO": "30/06/2007", "N_DOC": "20", "T_DO": "Resolución", "OBS": null }, "geometry": { "type": "Polygon", "coordinates": [ [ [ -72.5456983485075, -36.267751947031698 ], [ -72.544677069960301, -36.2693842961841 ], [ -72.544860099092901, -36.269438682358 ], [ -72.544862495783704, -36.269439394229103 ], [ -72.544874022523501, -36.269442819368699 ], [ -72.544972499462403, -36.2694720808162 ], [ -72.545012513698893, -36.269478044772399 ], [ -72.545054512746106, -36.269430310449202 ], [ -72.545087692149195, -36.269382837867802 ], [ -72.545108611386794, -36.269357185430202 ], [ -72.545121518084102, -36.269349650879803 ], [ -72.545156798665701, -36.2693486037846 ], [ -72.545192240850696, -36.269351127179 ], [ -72.545268020564095, -36.269366758134701 ], [ -72.545362895401894, -36.269414006254301 ], [ -72.545427385016097, -36.269472883869497 ], [ -72.5454964455961, -36.269535201067001 ], [ -72.545546734426296, -36.269573044741101 ], [ -72.545610092686701, -36.269606923353798 ], [ -72.545695015669395, -36.269629435021201 ], [ -72.545960753574207, -36.269646578177799 ], [ -72.546043736524794, -36.269626234630202 ], [ -72.546112196025703, -36.269577714420798 ], [ -72.546166617110103, -36.269511731764602 ], [ -72.546241956928796, -36.269420095571697 ], [ -72.546299817967693, -36.269332553555401 ], [ -72.546376773268307, -36.269276629481197 ], [ -72.546501593162802, -36.269204980364002 ], [ -72.546553058576905, -36.269171268359102 ], [ -72.5471206841342, -36.268265531352199 ], [ -72.5471166281297, -36.268264345300402 ], [ -72.547051436379903, -36.268245276316797 ], [ -72.546261288354401, -36.267959415326899 ], [ -72.5456983485075, -36.267751947031698 ] ], [ [ -72.546638326557598, -36.268549480787001 ], [ -72.545949406237398, -36.269532483955501 ], [ -72.545187937423293, -36.269197488321403 ], [ -72.5458201611834, -36.268238239558798 ], [ -72.546638326557598, -36.268549480787001 ] ] ] } },
{ "type": "Feature", "properties": { "id": "monoparte.60", "Name": null, "description": null, "timestamp": null, "begin": null, "end": null, "altitudeMode": null, "tessellate": -1, "extrude": 0, "visibility": -1, "drawOrder": null, "icon": null, "REG": "Ñuble", "COM": "Quirihue", "LOC": "Quirihue", "ZONA": "ZR1", "NOM": "ZR1 Zona de Restricción por Infraestructura Sanitaria e Industrial", "UPERM": "Áreas verdes, estacionamientos y casetas de vigilancia.", "UPROH": "Todos los usos de suelo no mencionados como permitidos, expresamente el residencial.", "P_DO": "30/06/2007", "N_DOC": "20", "T_DO": "Resolución", "OBS": null }, "geometry": { "type": "Polygon", "coordinates": [ [ [ -72.554861618338606, -36.273030658838202 ], [ -72.550003372844003, -36.275554363748299 ], [ -72.549853391270304, -36.275493261518399 ], [ -72.549613853149793, -36.2754050217413 ], [ -72.549546618387396, -36.275383179478297 ], [ -72.549486194153403, -36.275349215952403 ], [ -72.549406752456406, -36.275220456963197 ], [ -72.549334122643501, -36.2750795766568 ], [ -72.549290355676703, -36.274925918885899 ], [ -72.549262099149104, -36.274789679345197 ], [ -72.549244700592794, -36.274730596774802 ], [ -72.549068083554204, -36.274568965866699 ], [ -72.548898278839005, -36.2743952125292 ], [ -72.548786132086704, -36.274356825079998 ], [ -72.548682145589197, -36.274336075134499 ], [ -72.548614641197901, -36.274308280904798 ], [ -72.548547137963396, -36.274280486601199 ], [ -72.548413600722895, -36.274224854227 ], [ -72.548187420514196, -36.274106413886798 ], [ -72.547748955199793, -36.273851239980203 ], [ -72.547596282372098, -36.273730615991298 ], [ -72.547395303769505, -36.273917887927098 ], [ -72.547468214774895, -36.273980624668503 ], [ -72.5476507115347, -36.274109661635698 ], [ -72.547781956895506, -36.274199215602401 ], [ -72.547922266479404, -36.274280871141798 ], [ -72.548146800799401, -36.274401982874203 ], [ -72.548209511595502, -36.274434449254997 ], [ -72.548324746434901, -36.274482519896502 ], [ -72.548471649600899, -36.274527742118799 ], [ -72.548572340093898, -36.274566708995799 ], [ -72.548636885907996, -36.274587677533397 ], [ -72.548686885996105, -36.274599542588 ], [ -72.548713450133107, -36.274614010505097 ], [ -72.548747847662796, -36.274645411216099 ], [ -72.548898668094296, -36.274803040837703 ], [ -72.548938029812504, -36.274840014635302 ], [ -72.548956394471205, -36.274881427268497 ], [ -72.549018025481899, -36.2752019100204 ], [ -72.549056135747904, -36.275523092514398 ], [ -72.5490612713876, -36.275532475521601 ], [ -72.549078255175004, -36.2755434139535 ], [ -72.549109352255698, -36.275553933015502 ], [ -72.549173466318607, -36.2755653784576 ], [ -72.549309926834496, -36.275588023701403 ], [ -72.549352612027306, -36.275594384282002 ], [ -72.549407490669097, -36.275609918102298 ], [ -72.549493724367096, -36.275641684733401 ], [ -72.549656524827498, -36.275699783551502 ], [ -72.549741010492596, -36.275744952515801 ], [ -72.549827848842895, -36.275790051494504 ], [ -72.549927571544799, -36.275859560218997 ], [ -72.549959531173499, -36.2758891255259 ], [ -72.550000987518004, -36.2759203151425 ], [ -72.550039832308698, -36.275945861723798 ], [ -72.550061876919798, -36.275957136145799 ], [ -72.550068924018305, -36.275960740749298 ], [ -72.550362061261794, -36.275806476065704 ], [ -72.552336166179401, -36.2747840560844 ], [ -72.555205888989406, -36.273286166220501 ], [ -72.556131087088502, -36.272790172162999 ], [ -72.557442432417602, -36.2721038736805 ], [ -72.558698370406006, -36.271462123549398 ], [ -72.558790731082894, -36.271413896866903 ], [ -72.558567322633493, -36.271078691128302 ], [ -72.556491387986696, -36.272159670143701 ], [ -72.554861618338606, -36.273030658838202 ] ] ] } },
{ "type": "Feature", "properties": { "id": "monoparte.61", "Name": null, "description": null, "timestamp": null, "begin": null, "end": null, "altitudeMode": null, "tessellate": -1, "extrude": 0, "visibility": -1, "drawOrder": null, "icon": null, "REG": "Ñuble", "COM": "Quirihue", "LOC": "Quirihue", "ZONA": "ZR1", "NOM": "ZR1 Zona de Restricción por Infraestructura Sanitaria e Industrial", "UPERM": "Áreas verdes, estacionamientos y casetas de vigilancia.", "UPROH": "Todos los usos de suelo no mencionados como permitidos, expresamente el residencial.", "P_DO": "30/06/2007", "N_DOC": "20", "T_DO": "Resolución", "OBS": null }, "geometry": { "type": "Polygon", "coordinates": [ [ [ -72.558024726218804, -36.274929837709799 ], [ -72.558387463193796, -36.275136046859103 ], [ -72.558918255887207, -36.274679991831 ], [ -72.558652481629395, -36.274320327311699 ], [ -72.558454967198699, -36.274249924576999 ], [ -72.558334762650901, -36.274196290421102 ], [ -72.558178411758206, -36.2741246608851 ], [ -72.558099803181705, -36.274079322908598 ], [ -72.5574874334349, -36.274598198206597 ], [ -72.557523581135499, -36.2746161936278 ], [ -72.557905748459106, -36.274851373007799 ], [ -72.557927264142606, -36.274858361101302 ], [ -72.557946601451206, -36.274869228133099 ], [ -72.5579803967928, -36.274887292580999 ], [ -72.558024726218804, -36.274929837709799 ] ] ] } },
{ "type": "Feature", "properties": { "id": "monoparte.62", "Name": null, "description": null, "timestamp": null, "begin": null, "end": null, "altitudeMode": null, "tessellate": -1, "extrude": 0, "visibility": -1, "drawOrder": null, "icon": null, "REG": "Ñuble", "COM": "Quirihue", "LOC": "Quirihue", "ZONA": "ZR2", "NOM": "ZR2 Zona de Restricción por Incendios Forestales", "UPERM": "Los usos de suelo y condiciones de subdivisión, urbanización y edificación de esta zona son los de la zona contigua.", "UPROH": "Todos los usos de suelo no mencionados como permitidos, expresamente el residencial.", "P_DO": "30/06/2007", "N_DOC": "20", "T_DO": "Resolución", "OBS": null }, "geometry": { "type": "Polygon", "coordinates": [ [ [ -72.555223772712495, -36.308512114451197 ], [ -72.555292501923901, -36.308647146379499 ], [ -72.555317969354107, -36.308640427748202 ], [ -72.555478073954205, -36.308619817439499 ], [ -72.555477655831794, -36.308558799815799 ], [ -72.555457721120305, -36.308483107197297 ], [ -72.555370249440799, -36.308321312568999 ], [ -72.555349606265196, -36.308281876674798 ], [ -72.5552788526374, -36.308228675843203 ], [ -72.5551879804474, -36.308169985786499 ], [ -72.554913773515395, -36.308253148036201 ], [ -72.554948082892594, -36.308278946451303 ], [ -72.555011806709203, -36.308303869058797 ], [ -72.555072123431103, -36.308334852462401 ], [ -72.555128900079694, -36.308368921835097 ], [ -72.555178998931396, -36.308418089379899 ], [ -72.555223772712495, -36.308512114451197 ] ] ] } },
{ "type": "Feature", "properties": { "id": "monoparte.63", "Name": null, "description": null, "timestamp": null, "begin": null, "end": null, "altitudeMode": null, "tessellate": -1, "extrude": 0, "visibility": -1, "drawOrder": null, "icon": null, "REG": "Ñuble", "COM": "Quirihue", "LOC": "Quirihue", "ZONA": "ZR2", "NOM": "ZR2 Zona de Restricción por Incendios Forestales", "UPERM": "Los usos de suelo y condiciones de subdivisión, urbanización y edificación de esta zona son los de la zona contigua.", "UPROH": "Todos los usos de suelo no mencionados como permitidos, expresamente el residencial.", "P_DO": "30/06/2007", "N_DOC": "20", "T_DO": "Resolución", "OBS": null }, "geometry": { "type": "Polygon", "coordinates": [ [ [ -72.551772795932493, -36.309992648683398 ], [ -72.553286849884302, -36.310999978839298 ], [ -72.554345729110494, -36.309877556490001 ], [ -72.555141068380493, -36.309028177069699 ], [ -72.555043618109806, -36.308922753768599 ], [ -72.554999926357496, -36.308852535758099 ], [ -72.554987272418501, -36.308817152610601 ], [ -72.554966317455097, -36.308761156969702 ], [ -72.554935980547697, -36.308660741670998 ], [ -72.554931283665894, -36.308643031292704 ], [ -72.554757849418806, -36.308834552373497 ], [ -72.553948341565999, -36.309688272312897 ], [ -72.553505914314997, -36.3101613083264 ], [ -72.553202179387995, -36.310477879798498 ], [ -72.551303036940894, -36.309229159374198 ], [ -72.549557696881806, -36.308058080483598 ], [ -72.548558487241294, -36.307380456594501 ], [ -72.548576400541506, -36.306704067713902 ], [ -72.5485431990449, -36.306361761917799 ], [ -72.548115356035495, -36.306540633244701 ], [ -72.5481316957178, -36.3067316846277 ], [ -72.548124298923696, -36.307140041286097 ], [ -72.548118758180493, -36.307485405070103 ], [ -72.548216581131598, -36.307616000690501 ], [ -72.548447995716302, -36.307782676743201 ], [ -72.549481087150099, -36.3084694505703 ], [ -72.550173881920202, -36.308937090894197 ], [ -72.551255555095594, -36.3096552066851 ], [ -72.551772795932493, -36.309992648683398 ] ] ] } },
{ "type": "Feature", "properties": { "id": "monoparte.64", "Name": null, "description": null, "timestamp": null, "begin": null, "end": null, "altitudeMode": null, "tessellate": -1, "extrude": 0, "visibility": -1, "drawOrder": null, "icon": null, "REG": "Ñuble", "COM": "Quirihue", "LOC": "Quirihue", "ZONA": "ZR2", "NOM": "ZR2 Zona de Restricción por Incendios Forestales", "UPERM": "Los usos de suelo y condiciones de subdivisión, urbanización y edificación de esta zona son los de la zona contigua.", "UPROH": "Todos los usos de suelo no mencionados como permitidos, expresamente el residencial.", "P_DO": "30/06/2007", "N_DOC": "20", "T_DO": "Resolución", "OBS": null }, "geometry": { "type": "Polygon", "coordinates": [ [ [ -72.551554759878101, -36.305830153353597 ], [ -72.551559060679693, -36.305989752302999 ], [ -72.551584105586201, -36.3060223822891 ], [ -72.551659498882699, -36.306125988745499 ], [ -72.551774817275898, -36.306265596504403 ], [ -72.551861824988805, -36.306365519021298 ], [ -72.551988391502405, -36.306428504701501 ], [ -72.552075531488796, -36.306466440573203 ], [ -72.552159404431606, -36.306497320320901 ], [ -72.552222472250705, -36.306524052540901 ], [ -72.552274314230601, -36.306563037489298 ], [ -72.552388769385701, -36.3066835982508 ], [ -72.552466630266807, -36.306776640976203 ], [ -72.552516179685995, -36.306829997819897 ], [ -72.552601568167802, -36.3068942088805 ], [ -72.552705443884705, -36.306924493064102 ], [ -72.552810125217107, -36.3069595223172 ], [ -72.552934638730605, -36.306977272523397 ], [ -72.553177890849, -36.307015329411499 ], [ -72.553382472806305, -36.307045001079999 ], [ -72.553502726800701, -36.307098637386197 ], [ -72.553539430140304, -36.307128536739903 ], [ -72.553562291789703, -36.3071779200639 ], [ -72.553591684544003, -36.307241411895099 ], [ -72.553617185422596, -36.307348885116802 ], [ -72.553641041882301, -36.307355327433697 ], [ -72.553734282103306, -36.307397847810499 ], [ -72.5539602999755, -36.307510319078197 ], [ -72.5540092018161, -36.307549390742402 ], [ -72.5541092993234, -36.307613161935798 ], [ -72.554146435885698, -36.307652584654001 ], [ -72.554181496267006, -36.307711140281597 ], [ -72.554205656662305, -36.307789091483301 ], [ -72.554214332041298, -36.3079151841333 ], [ -72.554246775485495, -36.307980969080297 ], [ -72.554280106260904, -36.308001433020102 ], [ -72.554361905507804, -36.308051444895398 ], [ -72.5545770262015, -36.308183311327802 ], [ -72.554677764777793, -36.308021008118097 ], [ -72.554651844172994, -36.308016576388603 ], [ -72.554598690142896, -36.307987643798903 ], [ -72.554486895059597, -36.307912778248401 ], [ -72.554442979972706, -36.307879755597597 ], [ -72.554434622179699, -36.3078513968278 ], [ -72.554431694947198, -36.307735146185699 ], [ -72.554378746586394, -36.307607035027601 ], [ -72.554316108980402, -36.307524983500599 ], [ -72.554252676963699, -36.307477285582401 ], [ -72.554111779619902, -36.307384213935002 ], [ -72.554009398829294, -36.307309066764098 ], [ -72.553879125437604, -36.307242378706299 ], [ -72.5538334643783, -36.3072227591882 ], [ -72.553813253840701, -36.307192845680298 ], [ -72.553790604401797, -36.307161098187898 ], [ -72.5537713639836, -36.307100640738398 ], [ -72.5537266698027, -36.307050477338798 ], [ -72.553656109255996, -36.306975527965498 ], [ -72.553558868022705, -36.306909763875403 ], [ -72.553510421061404, -36.306880690675499 ], [ -72.553313551952499, -36.306852220514401 ], [ -72.553213508618995, -36.306828496721003 ], [ -72.5531638330568, -36.3068242534844 ], [ -72.552967223708393, -36.306801496531897 ], [ -72.552843736401101, -36.306780378414302 ], [ -72.552743000115299, -36.306741417753898 ], [ -72.552674777235694, -36.306691954028103 ], [ -72.552597417793507, -36.306596989048998 ], [ -72.5525005418842, -36.306487348500902 ], [ -72.552437110637996, -36.306439648635902 ], [ -72.552370981116994, -36.306384400920301 ], [ -72.552330026800007, -36.306364640767299 ], [ -72.552166639912102, -36.306295121871102 ], [ -72.552021992566097, -36.306223137792202 ], [ -72.551997336565094, -36.3061990777164 ], [ -72.551851132889595, -36.306040935763399 ], [ -72.551805403872805, -36.305967916287102 ], [ -72.551785195559503, -36.305938002336603 ], [ -72.551782326113496, -36.3058748076635 ], [ -72.551655199408401, -36.3058367022388 ], [ -72.551640600713498, -36.305839520601602 ], [ -72.551617177229502, -36.305842600557298 ], [ -72.551578506514602, -36.305834215250201 ], [ -72.551554759878101, -36.305830153353597 ] ] ] } },
{ "type": "Feature", "properties": { "id": "monoparte.65", "Name": null, "description": null, "timestamp": null, "begin": null, "end": null, "altitudeMode": null, "tessellate": -1, "extrude": 0, "visibility": -1, "drawOrder": null, "icon": null, "REG": "Ñuble", "COM": "Quirihue", "LOC": "Quirihue", "ZONA": "ZR2", "NOM": "ZR2 Zona de Restricción por Incendios Forestales", "UPERM": "Los usos de suelo y condiciones de subdivisión, urbanización y edificación de esta zona son los de la zona contigua.", "UPROH": "Todos los usos de suelo no mencionados como permitidos, expresamente el residencial.", "P_DO": "30/06/2007", "N_DOC": "20", "T_DO": "Resolución", "OBS": null }, "geometry": { "type": "Polygon", "coordinates": [ [ [ -72.547874238731396, -36.3050392876549 ], [ -72.547892314572707, -36.305142488641302 ], [ -72.547999580707796, -36.305793081957802 ], [ -72.548030801046906, -36.305961893530203 ], [ -72.548075737329597, -36.306248233979296 ], [ -72.548481608246405, -36.306075369726003 ], [ -72.548334138755294, -36.305055710445501 ], [ -72.548311971574194, -36.305057427902497 ], [ -72.547874238731396, -36.3050392876549 ] ] ] } },
{ "type": "Feature", "properties": { "id": "monoparte.66", "Name": null, "description": null, "timestamp": null, "begin": null, "end": null, "altitudeMode": null, "tessellate": -1, "extrude": 0, "visibility": -1, "drawOrder": null, "icon": null, "REG": "Ñuble", "COM": "Quirihue", "LOC": "Quirihue", "ZONA": "ZR2", "NOM": "ZR2 Zona de Restricción por Incendios Forestales", "UPERM": "Los usos de suelo y condiciones de subdivisión, urbanización y edificación de esta zona son los de la zona contigua.", "UPROH": "Todos los usos de suelo no mencionados como permitidos, expresamente el residencial.", "P_DO": "30/06/2007", "N_DOC": "20", "T_DO": "Resolución", "OBS": null }, "geometry": { "type": "Polygon", "coordinates": [ [ [ -72.551664570186205, -36.305524123006201 ], [ -72.551788281202306, -36.305579197266603 ], [ -72.551780115507995, -36.305514759939797 ], [ -72.551763075088303, -36.305398928917803 ], [ -72.551746293056596, -36.305288811726797 ], [ -72.551728784357906, -36.305266446452997 ], [ -72.5517183338563, -36.305243871224299 ], [ -72.551698229758003, -36.305164367925599 ], [ -72.551626513644393, -36.304944505177097 ], [ -72.5515750352601, -36.304727130032902 ], [ -72.551525087002005, -36.304722488723797 ], [ -72.551498073814003, -36.304711372514198 ], [ -72.551471276821403, -36.304705018104002 ], [ -72.551429450077805, -36.304691958368302 ], [ -72.551385113020601, -36.304688508853097 ], [ -72.5513431770962, -36.3046730682156 ], [ -72.551298841162605, -36.304669618634499 ], [ -72.551251778755002, -36.3046710183634 ], [ -72.551173335464597, -36.304694807544102 ], [ -72.551196086729107, -36.304741810556003 ], [ -72.551253894816696, -36.304847370264703 ], [ -72.551351778427005, -36.304992265296796 ], [ -72.551441270085505, -36.3051469454143 ], [ -72.551532577712194, -36.305406466316597 ], [ -72.551539086340895, -36.305484944104499 ], [ -72.551551175763706, -36.305491735963102 ], [ -72.551664570186205, -36.305524123006201 ] ] ] } },
{ "type": "Feature", "properties": { "id": "monoparte.67", "Name": null, "description": null, "timestamp": null, "begin": null, "end": null, "altitudeMode": null, "tessellate": -1, "extrude": 0, "visibility": -1, "drawOrder": null, "icon": null, "REG": "Ñuble", "COM": "Quirihue", "LOC": "Quirihue", "ZONA": "ZR2", "NOM": "ZR2 Zona de Restricción por Incendios Forestales", "UPERM": "Los usos de suelo y condiciones de subdivisión, urbanización y edificación de esta zona son los de la zona contigua.", "UPROH": "Todos los usos de suelo no mencionados como permitidos, expresamente el residencial.", "P_DO": "30/06/2007", "N_DOC": "20", "T_DO": "Resolución", "OBS": null }, "geometry": { "type": "Polygon", "coordinates": [ [ [ -72.548142985231493, -36.304773392535502 ], [ -72.5482763638027, -36.304770762544102 ], [ -72.548170073903904, -36.304077320855903 ], [ -72.548015999610996, -36.3032663045473 ], [ -72.547979576026506, -36.303307037492999 ], [ -72.547623312522504, -36.303598422142898 ], [ -72.547631588490205, -36.303653861616503 ], [ -72.547825085530903, -36.304758647918099 ], [ -72.548142985231493, -36.304773392535502 ] ] ] } },
{ "type": "Feature", "properties": { "id": "monoparte.68", "Name": null, "description": null, "timestamp": null, "begin": null, "end": null, "altitudeMode": null, "tessellate": -1, "extrude": 0, "visibility": -1, "drawOrder": null, "icon": null, "REG": "Ñuble", "COM": "Quirihue", "LOC": "Quirihue", "ZONA": "ZR2", "NOM": "ZR2 Zona de Restricción por Incendios Forestales", "UPERM": "Los usos de suelo y condiciones de subdivisión, urbanización y edificación de esta zona son los de la zona contigua.", "UPROH": "Todos los usos de suelo no mencionados como permitidos, expresamente el residencial.", "P_DO": "30/06/2007", "N_DOC": "20", "T_DO": "Resolución", "OBS": null }, "geometry": { "type": "Polygon", "coordinates": [ [ [ -72.547573026094796, -36.303261568277897 ], [ -72.547589854364603, -36.303374297849899 ], [ -72.547724031422106, -36.303257415129004 ], [ -72.547573026094796, -36.303261568277897 ] ] ] } },
{ "type": "Feature", "properties": { "id": "monoparte.69", "Name": null, "description": null, "timestamp": null, "begin": null, "end": null, "altitudeMode": null, "tessellate": -1, "extrude": 0, "visibility": -1, "drawOrder": null, "icon": null, "REG": "Ñuble", "COM": "Quirihue", "LOC": "Quirihue", "ZONA": "ZR2", "NOM": "ZR2 Zona de Restricción por Incendios Forestales", "UPERM": "Los usos de suelo y condiciones de subdivisión, urbanización y edificación de esta zona son los de la zona contigua.", "UPROH": "Todos los usos de suelo no mencionados como permitidos, expresamente el residencial.", "P_DO": "30/06/2007", "N_DOC": "20", "T_DO": "Resolución", "OBS": null }, "geometry": { "type": "Polygon", "coordinates": [ [ [ -72.551013344574798, -36.304284754361099 ], [ -72.551096304256703, -36.304425325236302 ], [ -72.5512723537705, -36.304410553752703 ], [ -72.551381183690296, -36.3044073168981 ], [ -72.551494237457703, -36.304418751881997 ], [ -72.551462782487803, -36.304140732124402 ], [ -72.551426943235597, -36.303714590412298 ], [ -72.551362747525801, -36.303234746553699 ], [ -72.551286242283197, -36.302859707715101 ], [ -72.550787126256395, -36.302739991657802 ], [ -72.5508045101341, -36.30286344169 ], [ -72.550965652255499, -36.303688272513902 ], [ -72.5510111757212, -36.304257624052703 ], [ -72.551013344574798, -36.304284754361099 ] ] ] } },
{ "type": "Feature", "properties": { "id": "monoparte.70", "Name": null, "description": null, "timestamp": null, "begin": null, "end": null, "altitudeMode": null, "tessellate": -1, "extrude": 0, "visibility": -1, "drawOrder": null, "icon": null, "REG": "Ñuble", "COM": "Quirihue", "LOC": "Quirihue", "ZONA": "ZR2", "NOM": "ZR2 Zona de Restricción por Incendios Forestales", "UPERM": "Los usos de suelo y condiciones de subdivisión, urbanización y edificación de esta zona son los de la zona contigua.", "UPROH": "Todos los usos de suelo no mencionados como permitidos, expresamente el residencial.", "P_DO": "30/06/2007", "N_DOC": "20", "T_DO": "Resolución", "OBS": null }, "geometry": { "type": "Polygon", "coordinates": [ [ [ -72.547542019505499, -36.303053866248803 ], [ -72.547732825921301, -36.3030616675929 ], [ -72.547767905631105, -36.303055857066802 ], [ -72.547911434371102, -36.302908554189599 ], [ -72.547953291506303, -36.3028741850651 ], [ -72.547945796414794, -36.3028014064461 ], [ -72.547886228760106, -36.302380307505501 ], [ -72.547722266984493, -36.302374203724298 ], [ -72.547436032776204, -36.302352353947803 ], [ -72.547452223048197, -36.3024523259283 ], [ -72.547542019505499, -36.303053866248803 ] ] ] } },
{ "type": "Feature", "properties": { "id": "monoparte.71", "Name": null, "description": null, "timestamp": null, "begin": null, "end": null, "altitudeMode": null, "tessellate": -1, "extrude": 0, "visibility": -1, "drawOrder": null, "icon": null, "REG": "Ñuble", "COM": "Quirihue", "LOC": "Quirihue", "ZONA": "ZR2", "NOM": "ZR2 Zona de Restricción por Incendios Forestales", "UPERM": "Los usos de suelo y condiciones de subdivisión, urbanización y edificación de esta zona son los de la zona contigua.", "UPROH": "Todos los usos de suelo no mencionados como permitidos, expresamente el residencial.", "P_DO": "30/06/2007", "N_DOC": "20", "T_DO": "Resolución", "OBS": null }, "geometry": { "type": "Polygon", "coordinates": [ [ [ -72.547572933773097, -36.3020687236315 ], [ -72.547844633340603, -36.302094864068899 ], [ -72.547657480363299, -36.300967780308703 ], [ -72.547634025869101, -36.300973855389302 ], [ -72.547399240264397, -36.301057118090803 ], [ -72.547235090160299, -36.301111515136199 ], [ -72.547389597087303, -36.3020656160664 ], [ -72.547572933773097, -36.3020687236315 ] ] ] } },
{ "type": "Feature", "properties": { "id": "monoparte.72", "Name": null, "description": null, "timestamp": null, "begin": null, "end": null, "altitudeMode": null, "tessellate": -1, "extrude": 0, "visibility": -1, "drawOrder": null, "icon": null, "REG": "Ñuble", "COM": "Quirihue", "LOC": "Quirihue", "ZONA": "ZR2", "NOM": "ZR2 Zona de Restricción por Incendios Forestales", "UPERM": "Los usos de suelo y condiciones de subdivisión, urbanización y edificación de esta zona son los de la zona contigua.", "UPROH": "Todos los usos de suelo no mencionados como permitidos, expresamente el residencial.", "P_DO": "30/06/2007", "N_DOC": "20", "T_DO": "Resolución", "OBS": null }, "geometry": { "type": "Polygon", "coordinates": [ [ [ -72.551144941386696, -36.302544593186099 ], [ -72.551222727042699, -36.302547462510397 ], [ -72.551125796885501, -36.302063538086799 ], [ -72.551004174790606, -36.301252790038802 ], [ -72.550867143639195, -36.300362016549101 ], [ -72.550859379682507, -36.300306884673503 ], [ -72.550384299964705, -36.300223765063002 ], [ -72.550577242526501, -36.301473787051499 ], [ -72.550716189433103, -36.302426225135697 ], [ -72.551144941386696, -36.302544593186099 ] ] ] } },
{ "type": "Feature", "properties": { "id": "monoparte.73", "Name": null, "description": null, "timestamp": null, "begin": null, "end": null, "altitudeMode": null, "tessellate": -1, "extrude": 0, "visibility": -1, "drawOrder": null, "icon": null, "REG": "Ñuble", "COM": "Quirihue", "LOC": "Quirihue", "ZONA": "ZR2", "NOM": "ZR2 Zona de Restricción por Incendios Forestales", "UPERM": "Los usos de suelo y condiciones de subdivisión, urbanización y edificación de esta zona son los de la zona contigua.", "UPROH": "Todos los usos de suelo no mencionados como permitidos, expresamente el residencial.", "P_DO": "30/06/2007", "N_DOC": "20", "T_DO": "Resolución", "OBS": null }, "geometry": { "type": "Polygon", "coordinates": [ [ [ -72.550530315877495, -36.299953014740503 ], [ -72.550817184959598, -36.300007234856402 ], [ -72.5507837026706, -36.299769458112799 ], [ -72.550724828939906, -36.299250930024201 ], [ -72.550671911221102, -36.298595700088804 ], [ -72.550538046105004, -36.298581999612502 ], [ -72.550190302343395, -36.298544659148902 ], [ -72.550248580275493, -36.299261099062001 ], [ -72.550333841582798, -36.299923096584997 ], [ -72.550530315877495, -36.299953014740503 ] ] ] } },
{ "type": "Feature", "properties": { "id": "monoparte.74", "Name": null, "description": null, "timestamp": null, "begin": null, "end": null, "altitudeMode": null, "tessellate": -1, "extrude": 0, "visibility": -1, "drawOrder": null, "icon": null, "REG": "Ñuble", "COM": "Quirihue", "LOC": "Quirihue", "ZONA": "ZR2", "NOM": "ZR2 Zona de Restricción por Incendios Forestales", "UPERM": "Los usos de suelo y condiciones de subdivisión, urbanización y edificación de esta zona son los de la zona contigua.", "UPROH": "Todos los usos de suelo no mencionados como permitidos, expresamente el residencial.", "P_DO": "30/06/2007", "N_DOC": "20", "T_DO": "Resolución", "OBS": null }, "geometry": { "type": "Polygon", "coordinates": [ [ [ -72.547371867154894, -36.300140537092602 ], [ -72.547297522810695, -36.300163725228401 ], [ -72.5472243216782, -36.300160178267603 ], [ -72.547164461141605, -36.300139070365603 ], [ -72.547069064193906, -36.300067954040003 ], [ -72.547170793961101, -36.300714471211698 ], [ -72.547186964819602, -36.300814328507599 ], [ -72.5475392573139, -36.300702514028202 ], [ -72.547615358474104, -36.300684060702103 ], [ -72.547445575251601, -36.2996291300067 ], [ -72.5473827558056, -36.299023081933598 ], [ -72.547321434170001, -36.297573062012503 ], [ -72.547297197703898, -36.297115940250698 ], [ -72.547281890288701, -36.297130617719397 ], [ -72.547250961275196, -36.297179216253902 ], [ -72.547220436962306, -36.297236742770799 ], [ -72.547194534085705, -36.297314990824802 ], [ -72.547124109507706, -36.297385622278803 ], [ -72.547051762537293, -36.297495050547496 ], [ -72.547042082336304, -36.297525137828501 ], [ -72.547040833462304, -36.297578814094301 ], [ -72.547051019742796, -36.297641091600497 ], [ -72.547057798622802, -36.297709428825499 ], [ -72.547042655013399, -36.297781398747297 ], [ -72.547002989671697, -36.297880915293597 ], [ -72.546948888705899, -36.297986821826697 ], [ -72.546888247814707, -36.298033297887599 ], [ -72.546965588708602, -36.299410332909801 ], [ -72.547007625452295, -36.299677493576098 ], [ -72.547183694221602, -36.299783763035101 ], [ -72.547417609302599, -36.299954181646598 ], [ -72.547427711246698, -36.2999691395596 ], [ -72.547438764177699, -36.300005046973297 ], [ -72.547438656162598, -36.300054637404003 ], [ -72.547419206691202, -36.300093358467002 ], [ -72.547371867154894, -36.300140537092602 ] ] ] } },
{ "type": "Feature", "properties": { "id": "monoparte.75", "Name": null, "description": null, "timestamp": null, "begin": null, "end": null, "altitudeMode": null, "tessellate": -1, "extrude": 0, "visibility": -1, "drawOrder": null, "icon": null, "REG": "Ñuble", "COM": "Quirihue", "LOC": "Quirihue", "ZONA": "ZR2", "NOM": "ZR2 Zona de Restricción por Incendios Forestales", "UPERM": "Los usos de suelo y condiciones de subdivisión, urbanización y edificación de esta zona son los de la zona contigua.", "UPROH": "Todos los usos de suelo no mencionados como permitidos, expresamente el residencial.", "P_DO": "30/06/2007", "N_DOC": "20", "T_DO": "Resolución", "OBS": null }, "geometry": { "type": "Polygon", "coordinates": [ [ [ -72.546839606235494, -36.296423231977698 ], [ -72.546861132597996, -36.297202211820199 ], [ -72.546927610033094, -36.297111341707598 ], [ -72.546988523018399, -36.296993314033401 ], [ -72.547021644249497, -36.296911871002301 ], [ -72.547056923832599, -36.296878042715399 ], [ -72.547122087090898, -36.296853757955901 ], [ -72.547326342890898, -36.296811930400601 ], [ -72.547517108687202, -36.296797323293198 ], [ -72.547634886041195, -36.296796804022101 ], [ -72.547617515475295, -36.2966572614136 ], [ -72.547579672710995, -36.296634546237698 ], [ -72.547474307137605, -36.296584037262598 ], [ -72.5474339010363, -36.296504778416001 ], [ -72.547286139643703, -36.296249910238998 ], [ -72.547124315090997, -36.2960908182202 ], [ -72.547036387271206, -36.296018931119697 ], [ -72.546984008636997, -36.295919167992601 ], [ -72.546895535260802, -36.295807562487703 ], [ -72.546828103722305, -36.296013529569699 ], [ -72.546827455899304, -36.296103185918902 ], [ -72.546839606235494, -36.296423231977698 ] ] ] } },
{ "type": "Feature", "properties": { "id": "monoparte.76", "Name": null, "description": null, "timestamp": null, "begin": null, "end": null, "altitudeMode": null, "tessellate": -1, "extrude": 0, "visibility": -1, "drawOrder": null, "icon": null, "REG": "Ñuble", "COM": "Quirihue", "LOC": "Quirihue", "ZONA": "ZR2", "NOM": "ZR2 Zona de Restricción por Incendios Forestales", "UPERM": "Los usos de suelo y condiciones de subdivisión, urbanización y edificación de esta zona son los de la zona contigua.", "UPROH": "Todos los usos de suelo no mencionados como permitidos, expresamente el residencial.", "P_DO": "30/06/2007", "N_DOC": "20", "T_DO": "Resolución", "OBS": null }, "geometry": { "type": "Polygon", "coordinates": [ [ [ -72.550517621804204, -36.298294145461199 ], [ -72.550651008988098, -36.298317144377897 ], [ -72.550617150828501, -36.297864560073997 ], [ -72.550592479790296, -36.297424735032102 ], [ -72.550565571744897, -36.297143272712397 ], [ -72.550539817726602, -36.296575698689999 ], [ -72.550560985054901, -36.296367186777097 ], [ -72.550605507039805, -36.296154166390203 ], [ -72.550658211872999, -36.2959656953741 ], [ -72.550695722965102, -36.295857777527601 ], [ -72.550753803505202, -36.2956156345615 ], [ -72.550463510292104, -36.295391357354497 ], [ -72.550422455994195, -36.295421185632698 ], [ -72.550380526995696, -36.295457715623201 ], [ -72.550334898799804, -36.295484103679698 ], [ -72.550249951410393, -36.2958025063731 ], [ -72.550112767523601, -36.296348939085 ], [ -72.550093861704596, -36.296581342961403 ], [ -72.550170419485198, -36.298268709409903 ], [ -72.550517621804204, -36.298294145461199 ] ] ] } },
{ "type": "Feature", "properties": { "id": "monoparte.77", "Name": null, "description": null, "timestamp": null, "begin": null, "end": null, "altitudeMode": null, "tessellate": -1, "extrude": 0, "visibility": -1, "drawOrder": null, "icon": null, "REG": "Ñuble", "COM": "Quirihue", "LOC": "Quirihue", "ZONA": "ZR2", "NOM": "ZR2 Zona de Restricción por Incendios Forestales", "UPERM": "Los usos de suelo y condiciones de subdivisión, urbanización y edificación de esta zona son los de la zona contigua.", "UPROH": "Todos los usos de suelo no mencionados como permitidos, expresamente el residencial.", "P_DO": "30/06/2007", "N_DOC": "20", "T_DO": "Resolución", "OBS": null }, "geometry": { "type": "Polygon", "coordinates": [ [ [ -72.550717054389594, -36.295189763295802 ], [ -72.550834369393002, -36.295289959897097 ], [ -72.5509236054789, -36.294969167734898 ], [ -72.550717054389594, -36.295189763295802 ] ] ] } },
{ "type": "Feature", "properties": { "id": "monoparte.78", "Name": null, "description": null, "timestamp": null, "begin": null, "end": null, "altitudeMode": null, "tessellate": -1, "extrude": 0, "visibility": -1, "drawOrder": null, "icon": null, "REG": "Ñuble", "COM": "Quirihue", "LOC": "Quirihue", "ZONA": "ZR2", "NOM": "ZR2 Zona de Restricción por Incendios Forestales", "UPERM": "Los usos de suelo y condiciones de subdivisión, urbanización y edificación de esta zona son los de la zona contigua.", "UPROH": "Todos los usos de suelo no mencionados como permitidos, expresamente el residencial.", "P_DO": "30/06/2007", "N_DOC": "20", "T_DO": "Resolución", "OBS": null }, "geometry": { "type": "Polygon", "coordinates": [ [ [ -72.550465499469695, -36.294964626117 ], [ -72.550477263068501, -36.294964276360602 ], [ -72.550631457704895, -36.2947576694432 ], [ -72.550688032657604, -36.294641556659201 ], [ -72.550784347546895, -36.294427710708497 ], [ -72.550992281170295, -36.294142602676303 ], [ -72.551169047488401, -36.294019582685998 ], [ -72.551239621602903, -36.2937401303234 ], [ -72.550864676437101, -36.293312581772497 ], [ -72.550852913091305, -36.293312931553402 ], [ -72.550764585869103, -36.2938650645427 ], [ -72.550556954425204, -36.2946436465799 ], [ -72.550465499469695, -36.294964626117 ] ] ] } },
{ "type": "Feature", "properties": { "id": "monoparte.79", "Name": null, "description": null, "timestamp": null, "begin": null, "end": null, "altitudeMode": null, "tessellate": -1, "extrude": 0, "visibility": -1, "drawOrder": null, "icon": null, "REG": "Ñuble", "COM": "Quirihue", "LOC": "Quirihue", "ZONA": "ZR2", "NOM": "ZR2 Zona de Restricción por Incendios Forestales", "UPERM": "Los usos de suelo y condiciones de subdivisión, urbanización y edificación de esta zona son los de la zona contigua.", "UPROH": "Todos los usos de suelo no mencionados como permitidos, expresamente el residencial.", "P_DO": "30/06/2007", "N_DOC": "20", "T_DO": "Resolución", "OBS": null }, "geometry": { "type": "Polygon", "coordinates": [ [ [ -72.551040376780506, -36.293034332986501 ], [ -72.5513118331953, -36.293340287883197 ], [ -72.551313244433302, -36.2930598900424 ], [ -72.551292326496807, -36.292650849641198 ], [ -72.551219719243306, -36.292244872678197 ], [ -72.551116517649703, -36.291631921903701 ], [ -72.5510065376764, -36.291025275184097 ], [ -72.550918752300305, -36.290440474236199 ], [ -72.550853387251706, -36.290139091883901 ], [ -72.550643242603201, -36.290252597657997 ], [ -72.550476189727902, -36.290464970392399 ], [ -72.550509350499595, -36.290676635408701 ], [ -72.550616377330599, -36.291348118448099 ], [ -72.550819005754406, -36.292568887401501 ], [ -72.550840647960797, -36.292656451876198 ], [ -72.550853875591898, -36.292818168908902 ], [ -72.551040376780506, -36.293034332986501 ] ] ] } },
{ "type": "Feature", "properties": { "id": "monoparte.80", "Name": null, "description": null, "timestamp": null, "begin": null, "end": null, "altitudeMode": null, "tessellate": -1, "extrude": 0, "visibility": -1, "drawOrder": null, "icon": null, "REG": "Ñuble", "COM": "Quirihue", "LOC": "Quirihue", "ZONA": "ZR2", "NOM": "ZR2 Zona de Restricción por Incendios Forestales", "UPERM": "Los usos de suelo y condiciones de subdivisión, urbanización y edificación de esta zona son los de la zona contigua.", "UPROH": "Todos los usos de suelo no mencionados como permitidos, expresamente el residencial.", "P_DO": "30/06/2007", "N_DOC": "20", "T_DO": "Resolución", "OBS": null }, "geometry": { "type": "Polygon", "coordinates": [ [ [ -72.540117113314295, -36.290009876756002 ], [ -72.540076724094405, -36.2900153647441 ], [ -72.539980774179398, -36.290042526022397 ], [ -72.5399511011736, -36.290050557089799 ], [ -72.539884783079202, -36.2901743243889 ], [ -72.539703439226898, -36.2905127624676 ], [ -72.539611823098298, -36.2906748236692 ], [ -72.539618097475596, -36.291047969492901 ], [ -72.539614552163997, -36.291203987344602 ], [ -72.539527795069702, -36.2913953709228 ], [ -72.539337401077802, -36.291561217364901 ], [ -72.539153270558401, -36.2917483341717 ], [ -72.539148428568396, -36.291758490838099 ], [ -72.539149397504403, -36.291779917497799 ], [ -72.539176536019497, -36.291872088910303 ], [ -72.539226564432795, -36.292079729464398 ], [ -72.539238379114096, -36.292106556241698 ], [ -72.539356135891396, -36.292248966739798 ], [ -72.539471804912395, -36.2923842856951 ], [ -72.539484698378303, -36.292474018447898 ], [ -72.539488101664404, -36.292588348625699 ], [ -72.539474267751899, -36.292673151997803 ], [ -72.539447177937305, -36.2927383228254 ], [ -72.539421075687599, -36.292786298819301 ], [ -72.539392435298893, -36.292817186278299 ], [ -72.539360458428703, -36.292852463331897 ], [ -72.539348753033707, -36.292867114138602 ], [ -72.539324630507494, -36.292880703024203 ], [ -72.539271220325304, -36.292910893737897 ], [ -72.539120787040105, -36.293003177480898 ], [ -72.538991479589299, -36.293074238287304 ], [ -72.538895699408101, -36.2931443054052 ], [ -72.538780746502198, -36.293259282191599 ], [ -72.538699084890993, -36.293344785337602 ], [ -72.538696391962802, -36.293347605174802 ], [ -72.538603944403505, -36.293295989852801 ], [ -72.5383149147833, -36.293117172657801 ], [ -72.538260621184094, -36.293088742723803 ], [ -72.537945082034895, -36.292987951926797 ], [ -72.537817794787202, -36.292947380405202 ], [ -72.537401793876796, -36.292922513682299 ], [ -72.536970676330199, -36.292883789332798 ], [ -72.536881995677405, -36.292876402675603 ], [ -72.536792088478805, -36.292841875331703 ], [ -72.536745241242997, -36.292821807387597 ], [ -72.536704806732004, -36.292787244711903 ], [ -72.536654077011903, -36.292720374040499 ], [ -72.536591112163094, -36.292656440838002 ], [ -72.536546309517902, -36.292603412852998 ], [ -72.536524360076797, -36.292586898197598 ], [ -72.5364769966572, -36.292555402312203 ], [ -72.536402841445195, -36.292517547402497 ], [ -72.536318293636398, -36.292484290913798 ], [ -72.536255091410098, -36.292458126835299 ], [ -72.5362188318867, -36.292437744249703 ], [ -72.536170221020498, -36.292417728292399 ], [ -72.536097508462902, -36.292372678066997 ], [ -72.5360525547663, -36.292355414548098 ], [ -72.536033014920605, -36.292353132346001 ], [ -72.536002888802003, -36.292351163598298 ], [ -72.535924215337502, -36.292330606840501 ], [ -72.535876248840594, -36.292324874677099 ], [ -72.535822602027594, -36.292310729240697 ], [ -72.535797704503906, -36.292307174790402 ], [ -72.535765619695098, -36.292300973255998 ], [ -72.535724711476803, -36.292295032050603 ], [ -72.535639818801002, -36.292293253854503 ], [ -72.535542381156304, -36.292287556284101 ], [ -72.535427038648294, -36.2922766671471 ], [ -72.535293811907493, -36.292276516045398 ], [ -72.535287443987798, -36.292276509035801 ], [ -72.535222735284904, -36.292291297699499 ], [ -72.535119852529306, -36.292321521179403 ], [ -72.5350882839479, -36.292326747300997 ], [ -72.535023381608099, -36.292337250870197 ], [ -72.534989461061699, -36.292343287236903 ], [ -72.534918985509293, -36.2923274671492 ], [ -72.534877819234893, -36.292315811728898 ], [ -72.534824430649394, -36.292307379755201 ], [ -72.534818953282496, -36.2923078932875 ], [ -72.534757570692705, -36.292313649503697 ], [ -72.534597077073897, -36.292324121459501 ], [ -72.534544333647005, -36.292329974168297 ], [ -72.534377127518795, -36.292383556217402 ], [ -72.534170239710306, -36.292458337868403 ], [ -72.534023692942299, -36.292499864904102 ], [ -72.533885581294598, -36.292532559806403 ], [ -72.533729695896696, -36.2925629197101 ], [ -72.533514394208495, -36.292607911462703 ], [ -72.533323925293999, -36.292655028879103 ], [ -72.533222482745003, -36.292678055730399 ], [ -72.532994675909194, -36.292759175867602 ], [ -72.532891359228799, -36.292799422581197 ], [ -72.5327036862504, -36.292869342569702 ], [ -72.532570649965805, -36.292936215224003 ], [ -72.532370793906793, -36.293049405929999 ], [ -72.532264290892499, -36.293116924252402 ], [ -72.532130045617194, -36.293235326283501 ], [ -72.531993504378093, -36.293388984158597 ], [ -72.531837237016504, -36.293606734675897 ], [ -72.531610184050706, -36.293939579778701 ], [ -72.531434932067896, -36.294206524563897 ], [ -72.5312946678375, -36.294418389572598 ], [ -72.531059000974807, -36.294775804643002 ], [ -72.530811164222001, -36.295255162863697 ], [ -72.530721520464198, -36.295422308839903 ], [ -72.530644850114399, -36.295485367559202 ], [ -72.530522452792795, -36.295514017903798 ], [ -72.530408233624101, -36.295528123329703 ], [ -72.530404734698294, -36.295527864555602 ], [ -72.530235375300293, -36.295515353435299 ], [ -72.529904082249999, -36.295417866928702 ], [ -72.528836078021797, -36.295048921054097 ], [ -72.526856996648405, -36.294342125506503 ], [ -72.526065915390504, -36.294040071068999 ], [ -72.525703202016103, -36.2940293239566 ], [ -72.524958681363003, -36.293976206811898 ], [ -72.524647661335905, -36.2939460513374 ], [ -72.5242645679822, -36.293875110226701 ], [ -72.524015268465206, -36.293832402948503 ], [ -72.523715513904705, -36.293748272076797 ], [ -72.523066995393904, -36.293570727041001 ], [ -72.522435161199894, -36.293371228980298 ], [ -72.522453110561699, -36.293181171862599 ], [ -72.522527383021995, -36.292083295989499 ], [ -72.522532336340603, -36.292014977434498 ], [ -72.522524861372204, -36.292016883760397 ], [ -72.522386169403404, -36.292091734841797 ], [ -72.522325854956307, -36.292125697962298 ], [ -72.522249662558806, -36.292199465031402 ], [ -72.522140911616106, -36.292334984382997 ], [ -72.522056484132506, -36.292364444246097 ], [ -72.522027644830899, -36.292663813744397 ], [ -72.521967572852901, -36.293115445221297 ], [ -72.521937175592399, -36.293329947820297 ], [ -72.521896493573493, -36.293573855416597 ], [ -72.523050938815999, -36.293967015278 ], [ -72.523652749305199, -36.2941209068291 ], [ -72.524151992309598, -36.294220606380698 ], [ -72.524828557327396, -36.294334142220599 ], [ -72.525673560532695, -36.294395022149601 ], [ -72.525867884307303, -36.294394052209299 ], [ -72.5259391131097, -36.294406253073198 ], [ -72.526441793267693, -36.294582129380501 ], [ -72.528387212879394, -36.295299939560401 ], [ -72.529862228315594, -36.295747450951097 ], [ -72.531006217702696, -36.296037852592399 ], [ -72.531441283514894, -36.294976031542703 ], [ -72.532350904262501, -36.293623630267099 ], [ -72.532529671774995, -36.293408550965999 ], [ -72.532656281483995, -36.293342821744503 ], [ -72.532781816244395, -36.293253284642198 ], [ -72.533020978843297, -36.293149704933398 ], [ -72.533315311106193, -36.2930418226792 ], [ -72.533893297788396, -36.2929026607287 ], [ -72.534440310491803, -36.292766318440698 ], [ -72.534614359485403, -36.2927077654806 ], [ -72.534683480086002, -36.2926732977322 ], [ -72.534965524577601, -36.292710721701603 ], [ -72.535055360601902, -36.292717598948997 ], [ -72.535262863498701, -36.292669497869802 ], [ -72.535381823061499, -36.292643089930202 ], [ -72.535709975964593, -36.292658167444102 ], [ -72.535925510935996, -36.292735702611303 ], [ -72.536158806941302, -36.2928413192436 ], [ -72.536250334891903, -36.292937782025703 ], [ -72.536398174390399, -36.2930917011373 ], [ -72.536442245696705, -36.293128540349102 ], [ -72.536504537448295, -36.293151488457397 ], [ -72.536716057891695, -36.293244398206703 ], [ -72.5367777461868, -36.293254014340398 ], [ -72.537130118460496, -36.293283628651402 ], [ -72.537520738399493, -36.293325459510399 ], [ -72.5377104238935, -36.2933522621816 ], [ -72.537837704976198, -36.293405707932898 ], [ -72.538017435457903, -36.293472855911098 ], [ -72.5382095055609, -36.293604482584001 ], [ -72.538981831560903, -36.294090053861801 ], [ -72.539000758230401, -36.293727126769397 ], [ -72.539027753717704, -36.293594731034901 ], [ -72.539071450899399, -36.293519055852101 ], [ -72.539088980762799, -36.293489928574303 ], [ -72.539173019171301, -36.293420685931402 ], [ -72.539635876258899, -36.293132332974203 ], [ -72.539702410309104, -36.293040722606897 ], [ -72.539774912643296, -36.292950842780101 ], [ -72.539860381317197, -36.292809084596897 ], [ -72.539921287996805, -36.292645168240398 ], [ -72.539938957604704, -36.292514956261599 ], [ -72.5399038585727, -36.292311927415099 ], [ -72.539835795825994, -36.292161369628602 ], [ -72.539682258628602, -36.291996181580103 ], [ -72.539650193918902, -36.291860195869397 ], [ -72.539646031801993, -36.291820267466797 ], [ -72.539656504049304, -36.291791349304198 ], [ -72.539687719006494, -36.291752280697203 ], [ -72.539853696453207, -36.2916195792886 ], [ -72.539939137742095, -36.291529315851001 ], [ -72.539979703491497, -36.2914365685373 ], [ -72.540060836948797, -36.291251073814898 ], [ -72.540076901412206, -36.2911895671172 ], [ -72.540058837067903, -36.290738099077899 ], [ -72.540132695121798, -36.290600117848498 ], [ -72.540337102947703, -36.290228242011402 ], [ -72.540337306581094, -36.290227871957697 ], [ -72.540332901364295, -36.290203734160798 ], [ -72.540337633253699, -36.290152099911701 ], [ -72.540331261190403, -36.290089351739503 ], [ -72.540318069091597, -36.290071147328199 ], [ -72.540292396837899, -36.290050453015802 ], [ -72.540229541306601, -36.290027999306702 ], [ -72.540181317659901, -36.290016555821197 ], [ -72.540124465875806, -36.290009658799498 ], [ -72.540120150636895, -36.290010245344099 ], [ -72.540117113314295, -36.290009876756002 ] ] ] } },
{ "type": "Feature", "properties": { "id": "monoparte.81", "Name": null, "description": null, "timestamp": null, "begin": null, "end": null, "altitudeMode": null, "tessellate": -1, "extrude": 0, "visibility": -1, "drawOrder": null, "icon": null, "REG": "Ñuble", "COM": "Quirihue", "LOC": "Quirihue", "ZONA": "ZR2", "NOM": "ZR2 Zona de Restricción por Incendios Forestales", "UPERM": "Los usos de suelo y condiciones de subdivisión, urbanización y edificación de esta zona son los de la zona contigua.", "UPROH": "Todos los usos de suelo no mencionados como permitidos, expresamente el residencial.", "P_DO": "30/06/2007", "N_DOC": "20", "T_DO": "Resolución", "OBS": null }, "geometry": { "type": "Polygon", "coordinates": [ [ [ -72.5502626480787, -36.289782348960898 ], [ -72.550388438270204, -36.290088526326997 ], [ -72.550556113743795, -36.289954806745797 ], [ -72.550739165353207, -36.289815242516802 ], [ -72.550594012597202, -36.289461828114803 ], [ -72.550479654176101, -36.289241451243001 ], [ -72.550321214830902, -36.289580354145897 ], [ -72.5502626480787, -36.289782348960898 ] ] ] } },
{ "type": "Feature", "properties": { "id": "monoparte.82", "Name": null, "description": null, "timestamp": null, "begin": null, "end": null, "altitudeMode": null, "tessellate": -1, "extrude": 0, "visibility": -1, "drawOrder": null, "icon": null, "REG": "Ñuble", "COM": "Quirihue", "LOC": "Quirihue", "ZONA": "ZR2", "NOM": "ZR2 Zona de Restricción por Incendios Forestales", "UPERM": "Los usos de suelo y condiciones de subdivisión, urbanización y edificación de esta zona son los de la zona contigua.", "UPROH": "Todos los usos de suelo no mencionados como permitidos, expresamente el residencial.", "P_DO": "30/06/2007", "N_DOC": "20", "T_DO": "Resolución", "OBS": null }, "geometry": { "type": "Polygon", "coordinates": [ [ [ -72.522135539291099, -36.291033091188403 ], [ -72.522077069125302, -36.292017786676404 ], [ -72.522167989321503, -36.291955130330003 ], [ -72.522421997351401, -36.291808174174797 ], [ -72.522542279397896, -36.291776647325598 ], [ -72.522648124943004, -36.290316767443301 ], [ -72.522689260399403, -36.289660431677802 ], [ -72.522748379621206, -36.289448738075997 ], [ -72.522520137296098, -36.289451040956898 ], [ -72.522424266505794, -36.289480093377399 ], [ -72.522257116274204, -36.289546658783898 ], [ -72.522187628616095, -36.289834787503302 ], [ -72.522170529483205, -36.289978332358302 ], [ -72.5221920318847, -36.290063521976698 ], [ -72.522135539291099, -36.291033091188403 ] ] ] } },
{ "type": "Feature", "properties": { "id": "monoparte.83", "Name": null, "description": null, "timestamp": null, "begin": null, "end": null, "altitudeMode": null, "tessellate": -1, "extrude": 0, "visibility": -1, "drawOrder": null, "icon": null, "REG": "Ñuble", "COM": "Quirihue", "LOC": "Quirihue", "ZONA": "ZR2", "NOM": "ZR2 Zona de Restricción por Incendios Forestales", "UPERM": "Los usos de suelo y condiciones de subdivisión, urbanización y edificación de esta zona son los de la zona contigua.", "UPROH": "Todos los usos de suelo no mencionados como permitidos, expresamente el residencial.", "P_DO": "30/06/2007", "N_DOC": "20", "T_DO": "Resolución", "OBS": null }, "geometry": { "type": "Polygon", "coordinates": [ [ [ -72.543935302824806, -36.289108645115903 ], [ -72.543777908332601, -36.2891282151948 ], [ -72.543406323705, -36.289213740977303 ], [ -72.5430808725947, -36.289342596181299 ], [ -72.542980233576301, -36.289396241497002 ], [ -72.542973715735499, -36.289396014983801 ], [ -72.542471461702604, -36.289378554839601 ], [ -72.542470118714405, -36.289378981219301 ], [ -72.542464109218997, -36.289378772937098 ], [ -72.542123007886005, -36.289487229130501 ], [ -72.542042208236495, -36.289507505708002 ], [ -72.541812868052105, -36.289645426620702 ], [ -72.541701469933798, -36.289705350298199 ], [ -72.541422185361796, -36.289797071779397 ], [ -72.541244482562803, -36.289855981542203 ], [ -72.541153255143797, -36.289873586132302 ], [ -72.541114350805401, -36.289883428374502 ], [ -72.541113222880995, -36.289883713207502 ], [ -72.541045161647901, -36.289882977780003 ], [ -72.541039567276499, -36.289882917501501 ], [ -72.540900684555496, -36.289904915544199 ], [ -72.540797755579305, -36.289907967356299 ], [ -72.540714126110302, -36.289943821996097 ], [ -72.540645592376407, -36.2899911496717 ], [ -72.540508512991593, -36.290150649819203 ], [ -72.540475161393999, -36.290194550226097 ], [ -72.540469627608104, -36.290230694286102 ], [ -72.540898536474501, -36.290239840455001 ], [ -72.541224956703999, -36.290216811895903 ], [ -72.541460555041098, -36.2901754961783 ], [ -72.5418102928449, -36.290043064199402 ], [ -72.542092664451602, -36.289931700559698 ], [ -72.542248077808196, -36.2898260104811 ], [ -72.542393623128305, -36.289762570343797 ], [ -72.542530965218006, -36.289726074532801 ], [ -72.542741040943895, -36.289735099875102 ], [ -72.543003393906901, -36.289754017005201 ], [ -72.543113513309606, -36.289792708276202 ], [ -72.543288772290097, -36.289688334666302 ], [ -72.543499328764597, -36.289603893078201 ], [ -72.543755102800006, -36.289529551544199 ], [ -72.544128164341302, -36.289444100653498 ], [ -72.544371741976605, -36.289360584165202 ], [ -72.544591103399796, -36.289262528799597 ], [ -72.544860266374997, -36.2891717681225 ], [ -72.545122145359699, -36.289076263806997 ], [ -72.5454339915525, -36.289667769093903 ], [ -72.545969352699601, -36.290569992277902 ], [ -72.546142019643298, -36.290845221589002 ], [ -72.546301263237098, -36.291136106370502 ], [ -72.546737613962904, -36.290991552348302 ], [ -72.547274766941001, -36.290794415312099 ], [ -72.547361986063606, -36.291211405235103 ], [ -72.547400966341598, -36.291343750191999 ], [ -72.547442463837996, -36.291583585274203 ], [ -72.547473868494293, -36.291912595003701 ], [ -72.547504258485205, -36.292167254858803 ], [ -72.547564587244494, -36.292510662430402 ], [ -72.547634439533098, -36.292960208514998 ], [ -72.547652225868504, -36.293144676784799 ], [ -72.547651858569594, -36.293188552511999 ], [ -72.547641994703895, -36.293230803783203 ], [ -72.547612293651, -36.2934071471959 ], [ -72.547585506408694, -36.293491858550397 ], [ -72.547510282410101, -36.293755377352802 ], [ -72.547356440259193, -36.294311505377898 ], [ -72.547118482337495, -36.295090982244197 ], [ -72.547019087272005, -36.295430171780197 ], [ -72.547116771723594, -36.295542727195297 ], [ -72.547312153606697, -36.295873660559501 ], [ -72.547326330691007, -36.295885591626302 ], [ -72.547334655716497, -36.2958925976085 ], [ -72.547393341489595, -36.295767088892397 ], [ -72.547662382418494, -36.294799545245198 ], [ -72.548043132933202, -36.293535452910398 ], [ -72.548075340258904, -36.293352716933498 ], [ -72.548089539075605, -36.293259916136499 ], [ -72.548089571967196, -36.293179455946401 ], [ -72.548093146903895, -36.293095910812198 ], [ -72.547887067971104, -36.291716942283998 ], [ -72.547877327445306, -36.291632004188997 ], [ -72.547725732633197, -36.290840854586399 ], [ -72.547701288712702, -36.290691389929002 ], [ -72.547665714685195, -36.290588743630501 ], [ -72.547567939304599, -36.290380666706 ], [ -72.547556176356693, -36.290381016138497 ], [ -72.547470892477904, -36.290383549563501 ], [ -72.547459128416904, -36.290383899019503 ], [ -72.546523993958402, -36.290673459091401 ], [ -72.545323761281693, -36.288619989511602 ], [ -72.544869827525005, -36.288773971227002 ], [ -72.544677426257607, -36.288833321392502 ], [ -72.544336869959807, -36.288953689161403 ], [ -72.544095025324296, -36.289059205049 ], [ -72.544059343373505, -36.289084104340503 ], [ -72.543985958117702, -36.289089261835301 ], [ -72.543935302824806, -36.289108645115903 ] ] ] } },
{ "type": "Feature", "properties": { "id": "monoparte.84", "Name": null, "description": null, "timestamp": null, "begin": null, "end": null, "altitudeMode": null, "tessellate": -1, "extrude": 0, "visibility": -1, "drawOrder": null, "icon": null, "REG": "Ñuble", "COM": "Quirihue", "LOC": "Quirihue", "ZONA": "ZR2", "NOM": "ZR2 Zona de Restricción por Incendios Forestales", "UPERM": "Los usos de suelo y condiciones de subdivisión, urbanización y edificación de esta zona son los de la zona contigua.", "UPROH": "Todos los usos de suelo no mencionados como permitidos, expresamente el residencial.", "P_DO": "30/06/2007", "N_DOC": "20", "T_DO": "Resolución", "OBS": null }, "geometry": { "type": "Polygon", "coordinates": [ [ [ -72.550035536574995, -36.288995236183702 ], [ -72.550118317324902, -36.289262165046097 ], [ -72.550236265176295, -36.289005957011803 ], [ -72.550303320215406, -36.288870089572697 ], [ -72.551036189136198, -36.288199858419397 ], [ -72.551396078565801, -36.287876378951999 ], [ -72.552229727050403, -36.287143257925699 ], [ -72.552254582659202, -36.287121730977702 ], [ -72.551921674320099, -36.286877192111596 ], [ -72.550874260521795, -36.2878193508691 ], [ -72.549890875270606, -36.288723222261602 ], [ -72.549890785131296, -36.288725382004898 ], [ -72.549915606193693, -36.288753251867199 ], [ -72.550000838199907, -36.288879452817497 ], [ -72.550035536574995, -36.288995236183702 ] ] ] } },
{ "type": "Feature", "properties": { "id": "monoparte.85", "Name": null, "description": null, "timestamp": null, "begin": null, "end": null, "altitudeMode": null, "tessellate": -1, "extrude": 0, "visibility": -1, "drawOrder": null, "icon": null, "REG": "Ñuble", "COM": "Quirihue", "LOC": "Quirihue", "ZONA": "ZR2", "NOM": "ZR2 Zona de Restricción por Incendios Forestales", "UPERM": "Los usos de suelo y condiciones de subdivisión, urbanización y edificación de esta zona son los de la zona contigua.", "UPROH": "Todos los usos de suelo no mencionados como permitidos, expresamente el residencial.", "P_DO": "30/06/2007", "N_DOC": "20", "T_DO": "Resolución", "OBS": null }, "geometry": { "type": "Polygon", "coordinates": [ [ [ -72.552175850485995, -36.286667471111997 ], [ -72.552504690575105, -36.2869051130806 ], [ -72.553360316688597, -36.286164044214999 ], [ -72.553958382011302, -36.2856389377258 ], [ -72.554484231347899, -36.285174737416099 ], [ -72.554253524079598, -36.284851131715101 ], [ -72.554240872946096, -36.284850234165702 ], [ -72.553909574769193, -36.285141402460397 ], [ -72.553507461278102, -36.285494276409402 ], [ -72.552435967711801, -36.286429680634903 ], [ -72.552169308466503, -36.286663248853102 ], [ -72.552175850485995, -36.286667471111997 ] ] ] } },
{ "type": "Feature", "properties": { "id": "monoparte.86", "Name": null, "description": null, "timestamp": null, "begin": null, "end": null, "altitudeMode": null, "tessellate": -1, "extrude": 0, "visibility": -1, "drawOrder": null, "icon": null, "REG": "Ñuble", "COM": "Quirihue", "LOC": "Quirihue", "ZONA": "ZR2", "NOM": "ZR2 Zona de Restricción por Incendios Forestales", "UPERM": "Los usos de suelo y condiciones de subdivisión, urbanización y edificación de esta zona son los de la zona contigua.", "UPROH": "Todos los usos de suelo no mencionados como permitidos, expresamente el residencial.", "P_DO": "30/06/2007", "N_DOC": "20", "T_DO": "Resolución", "OBS": null }, "geometry": { "type": "Polygon", "coordinates": [ [ [ -72.554482392341498, -36.284657096490797 ], [ -72.554733755984103, -36.284954463479103 ], [ -72.554901921879093, -36.284806010687497 ], [ -72.554769920238996, -36.284413716259202 ], [ -72.554768450047604, -36.2844091566663 ], [ -72.554470630341001, -36.284657446556203 ], [ -72.554482392341498, -36.284657096490797 ] ] ] } },
{ "type": "Feature", "properties": { "id": "monoparte.87", "Name": null, "description": null, "timestamp": null, "begin": null, "end": null, "altitudeMode": null, "tessellate": -1, "extrude": 0, "visibility": -1, "drawOrder": null, "icon": null, "REG": "Ñuble", "COM": "Quirihue", "LOC": "Quirihue", "ZONA": "ZR2", "NOM": "ZR2 Zona de Restricción por Incendios Forestales", "UPERM": "Los usos de suelo y condiciones de subdivisión, urbanización y edificación de esta zona son los de la zona contigua.", "UPROH": "Todos los usos de suelo no mencionados como permitidos, expresamente el residencial.", "P_DO": "30/06/2007", "N_DOC": "20", "T_DO": "Resolución", "OBS": null }, "geometry": { "type": "Polygon", "coordinates": [ [ [ -72.555049909884701, -36.284174503564103 ], [ -72.555185758000803, -36.2845596533422 ], [ -72.555681205651695, -36.2841492659241 ], [ -72.555382488698797, -36.283897231254997 ], [ -72.555049909884701, -36.284174503564103 ] ] ] } },
{ "type": "Feature", "properties": { "id": "monoparte.88", "Name": null, "description": null, "timestamp": null, "begin": null, "end": null, "altitudeMode": null, "tessellate": -1, "extrude": 0, "visibility": -1, "drawOrder": null, "icon": null, "REG": "Ñuble", "COM": "Quirihue", "LOC": "Quirihue", "ZONA": "ZR2", "NOM": "ZR2 Zona de Restricción por Incendios Forestales", "UPERM": "Los usos de suelo y condiciones de subdivisión, urbanización y edificación de esta zona son los de la zona contigua.", "UPROH": "Todos los usos de suelo no mencionados como permitidos, expresamente el residencial.", "P_DO": "30/06/2007", "N_DOC": "20", "T_DO": "Resolución", "OBS": null }, "geometry": { "type": "Polygon", "coordinates": [ [ [ -72.5557016245765, -36.283769664034097 ], [ -72.555916695697107, -36.283954202879002 ], [ -72.556102102052407, -36.283845694918497 ], [ -72.556205047926198, -36.283818324355401 ], [ -72.5560778143156, -36.283624365199202 ], [ -72.556065435320505, -36.283594934095397 ], [ -72.556068030329996, -36.2835710165321 ], [ -72.556078246431397, -36.283552832346402 ], [ -72.556111571078901, -36.283479632613698 ], [ -72.556043983531396, -36.2834914275237 ], [ -72.555881146295405, -36.283552894712699 ], [ -72.555707416783406, -36.283617666575097 ], [ -72.555627375581395, -36.283713526713697 ], [ -72.5557016245765, -36.283769664034097 ] ] ] } },
{ "type": "Feature", "properties": { "id": "monoparte.89", "Name": null, "description": null, "timestamp": null, "begin": null, "end": null, "altitudeMode": null, "tessellate": -1, "extrude": 0, "visibility": -1, "drawOrder": null, "icon": null, "REG": "Ñuble", "COM": "Quirihue", "LOC": "Quirihue", "ZONA": "ZR2", "NOM": "ZR2 Zona de Restricción por Incendios Forestales", "UPERM": "Los usos de suelo y condiciones de subdivisión, urbanización y edificación de esta zona son los de la zona contigua.", "UPROH": "Todos los usos de suelo no mencionados como permitidos, expresamente el residencial.", "P_DO": "30/06/2007", "N_DOC": "20", "T_DO": "Resolución", "OBS": null }, "geometry": { "type": "Polygon", "coordinates": [ [ [ -72.556304888743199, -36.283444767675597 ], [ -72.556354218340303, -36.283470116050097 ], [ -72.556416138983494, -36.2835368115541 ], [ -72.556506222993804, -36.2836563074273 ], [ -72.556516844594796, -36.283647051128 ], [ -72.556573382541899, -36.283514249007403 ], [ -72.556593408924599, -36.283468953544002 ], [ -72.556625813297899, -36.283453088249303 ], [ -72.556651678171207, -36.283455297687702 ], [ -72.556670868372507, -36.283472606190102 ], [ -72.556719844401599, -36.283578426709198 ], [ -72.556832881059194, -36.283733485307103 ], [ -72.557017410268998, -36.2837192639861 ], [ -72.557273653425995, -36.283707817862002 ], [ -72.557616055592007, -36.283726226344598 ], [ -72.557919403274894, -36.283818270545197 ], [ -72.558096514326294, -36.283879744892999 ], [ -72.558750349828401, -36.284302729215803 ], [ -72.559202381809698, -36.284556263526802 ], [ -72.559642495939997, -36.284754842638698 ], [ -72.560031131596702, -36.284909182451798 ], [ -72.560941208047097, -36.285180333357097 ], [ -72.561289088795803, -36.285267225919398 ], [ -72.561594105729, -36.285343952721597 ], [ -72.561826209021405, -36.285371359714901 ], [ -72.562143694979994, -36.285411477544997 ], [ -72.562410477889202, -36.285424498494201 ], [ -72.5628923535415, -36.285412031000902 ], [ -72.563161501417298, -36.285373486095303 ], [ -72.563560914189395, -36.285298632099803 ], [ -72.564215292875303, -36.285080758078699 ], [ -72.564865830465195, -36.284882067201501 ], [ -72.565955139288803, -36.284536770338399 ], [ -72.5658105224758, -36.284215881403497 ], [ -72.564473524569607, -36.284617619729403 ], [ -72.563819891165096, -36.284812944484401 ], [ -72.563204809038297, -36.284998174649402 ], [ -72.563000188008203, -36.285031099433098 ], [ -72.562652347038807, -36.285071276065601 ], [ -72.562442017532007, -36.2850596702987 ], [ -72.562091062556703, -36.285031398948298 ], [ -72.561865353415101, -36.285005351509703 ], [ -72.561610895821204, -36.284962281028498 ], [ -72.560993549474901, -36.284822751981501 ], [ -72.5605338543334, -36.284669580598099 ], [ -72.560220085784096, -36.284568676030297 ], [ -72.559874262444694, -36.284450846122802 ], [ -72.559630603926706, -36.284353809511202 ], [ -72.5593062395548, -36.284181699276502 ], [ -72.558869750750802, -36.283923530377798 ], [ -72.558528116984604, -36.283695312892398 ], [ -72.5583778001469, -36.2835830861098 ], [ -72.558157070756494, -36.283500010284101 ], [ -72.557940906133695, -36.283440890616198 ], [ -72.557833094977298, -36.283417282399398 ], [ -72.557600174743698, -36.283394422128303 ], [ -72.557356362636796, -36.283374864622203 ], [ -72.556915010630803, -36.283382049689997 ], [ -72.556540767773001, -36.2834080952709 ], [ -72.556304888743199, -36.283444767675597 ] ] ] } },
{ "type": "Feature", "properties": { "id": "monoparte.90", "Name": null, "description": null, "timestamp": null, "begin": null, "end": null, "altitudeMode": null, "tessellate": -1, "extrude": 0, "visibility": -1, "drawOrder": null, "icon": null, "REG": "Ñuble", "COM": "Quirihue", "LOC": "Quirihue", "ZONA": "ZR2", "NOM": "ZR2 Zona de Restricción por Incendios Forestales", "UPERM": "Los usos de suelo y condiciones de subdivisión, urbanización y edificación de esta zona son los de la zona contigua.", "UPROH": "Todos los usos de suelo no mencionados como permitidos, expresamente el residencial.", "P_DO": "30/06/2007", "N_DOC": "20", "T_DO": "Resolución", "OBS": null }, "geometry": { "type": "Polygon", "coordinates": [ [ [ -72.561353695196303, -36.281601520042699 ], [ -72.561536540302598, -36.281676227433401 ], [ -72.5616147140301, -36.281708167652098 ], [ -72.562160293719003, -36.2818563905209 ], [ -72.562535666940207, -36.281952472019 ], [ -72.564025920395494, -36.281507502850701 ], [ -72.564541703978904, -36.281341935124303 ], [ -72.564388133472406, -36.281007596773698 ], [ -72.563907007798903, -36.281149735495198 ], [ -72.5630296434272, -36.281425753298201 ], [ -72.562553129984096, -36.281565841597903 ], [ -72.5618900733092, -36.2813853651041 ], [ -72.561614984065898, -36.281298209701497 ], [ -72.561591114715398, -36.281291293422903 ], [ -72.561043714412804, -36.280960509224002 ], [ -72.560223749529797, -36.280489089019497 ], [ -72.559951353393302, -36.280352263135804 ], [ -72.559882009272499, -36.2803295364929 ], [ -72.559652191845601, -36.280253615244199 ], [ -72.559277853973299, -36.2801541551733 ], [ -72.558722575673698, -36.280012405771799 ], [ -72.558464108884806, -36.2799228409921 ], [ -72.558424846901303, -36.279525410614298 ], [ -72.558296552852397, -36.278464645363201 ], [ -72.558249907395194, -36.278060187832402 ], [ -72.558075151832497, -36.277169019106097 ], [ -72.557967641141801, -36.276693534526402 ], [ -72.5577762923553, -36.276716367534398 ], [ -72.557517378454406, -36.276811443340499 ], [ -72.557703544838304, -36.277572921636697 ], [ -72.557854940712403, -36.278474918872703 ], [ -72.558025835991401, -36.2798447845258 ], [ -72.558055162893993, -36.280101380392999 ], [ -72.558365338361199, -36.280220873864799 ], [ -72.558853726438301, -36.280374392451002 ], [ -72.559422318849997, -36.280543397793402 ], [ -72.559832108083398, -36.280677798524799 ], [ -72.560012594208899, -36.280761817799203 ], [ -72.560375514104507, -36.2809727088367 ], [ -72.560937353388397, -36.2813814973387 ], [ -72.561353695196303, -36.281601520042699 ] ] ] } },
{ "type": "Feature", "properties": { "id": "monoparte.91", "Name": null, "description": null, "timestamp": null, "begin": null, "end": null, "altitudeMode": null, "tessellate": -1, "extrude": 0, "visibility": -1, "drawOrder": null, "icon": null, "REG": "Ñuble", "COM": "Quirihue", "LOC": "Quirihue", "ZONA": "ZR2", "NOM": "ZR2 Zona de Restricción por Incendios Forestales", "UPERM": "Los usos de suelo y condiciones de subdivisión, urbanización y edificación de esta zona son los de la zona contigua.", "UPROH": "Todos los usos de suelo no mencionados como permitidos, expresamente el residencial.", "P_DO": "30/06/2007", "N_DOC": "20", "T_DO": "Resolución", "OBS": null }, "geometry": { "type": "Polygon", "coordinates": [ [ [ -72.557415029223606, -36.276409851801503 ], [ -72.557448793518404, -36.2765309057216 ], [ -72.557540165039597, -36.276476658920501 ], [ -72.557839980347694, -36.276218510364501 ], [ -72.557810475190806, -36.276113078762997 ], [ -72.557885864122099, -36.276052756420299 ], [ -72.557771090462893, -36.275620163282902 ], [ -72.557508704620602, -36.275858747344799 ], [ -72.557319841960705, -36.276025529472797 ], [ -72.557415029223606, -36.276409851801503 ] ] ] } },
{ "type": "Feature", "properties": { "id": "monoparte.92", "Name": null, "description": null, "timestamp": null, "begin": null, "end": null, "altitudeMode": null, "tessellate": -1, "extrude": 0, "visibility": -1, "drawOrder": null, "icon": null, "REG": "Ñuble", "COM": "Quirihue", "LOC": "Quirihue", "ZONA": "ZR2", "NOM": "ZR2 Zona de Restricción por Incendios Forestales", "UPERM": "Los usos de suelo y condiciones de subdivisión, urbanización y edificación de esta zona son los de la zona contigua.", "UPROH": "Todos los usos de suelo no mencionados como permitidos, expresamente el residencial.", "P_DO": "30/06/2007", "N_DOC": "20", "T_DO": "Resolución", "OBS": null }, "geometry": { "type": "Polygon", "coordinates": [ [ [ -72.516162962889993, -36.285359698968598 ], [ -72.516395873159794, -36.286087114726399 ], [ -72.517341836849894, -36.285906682262201 ], [ -72.5182106937893, -36.285714210755003 ], [ -72.518948440672105, -36.285487450697602 ], [ -72.519679230733004, -36.2852370524188 ], [ -72.519922825927694, -36.285153585097 ], [ -72.520184065983798, -36.285069597213798 ], [ -72.520523904643099, -36.285030972140902 ], [ -72.521460116990497, -36.284922315704499 ], [ -72.521952657239396, -36.2848744157398 ], [ -72.521948937686105, -36.285184445450597 ], [ -72.521958149505494, -36.285389197710401 ], [ -72.521969387089598, -36.285508066389603 ], [ -72.522022436941, -36.285640005989897 ], [ -72.522104895105301, -36.285771078282998 ], [ -72.522130135303499, -36.285808477544798 ], [ -72.522214093600297, -36.285972881742097 ], [ -72.522324674054303, -36.286074516534498 ], [ -72.522489902454893, -36.286212683038897 ], [ -72.522492902237005, -36.286279347018301 ], [ -72.5225095833365, -36.286519161692098 ], [ -72.522466098551703, -36.2869924761101 ], [ -72.522472312503297, -36.287130565123398 ], [ -72.522342725141499, -36.2873918594996 ], [ -72.522197301986495, -36.287563027784799 ], [ -72.522034234494697, -36.287734717157598 ], [ -72.521898859013106, -36.287867445169901 ], [ -72.521866782857202, -36.287939910936998 ], [ -72.521820703844099, -36.288093846059603 ], [ -72.521787031463802, -36.288261719275702 ], [ -72.521767049012595, -36.288472100688303 ], [ -72.521797431892793, -36.288623780089402 ], [ -72.521841506227304, -36.288817968526203 ], [ -72.522097046509799, -36.289266010387799 ], [ -72.522418089458199, -36.289146515188698 ], [ -72.522560421262895, -36.289116349177498 ], [ -72.522474733311498, -36.289015927688503 ], [ -72.522293925753104, -36.288728028743797 ], [ -72.522238564306093, -36.288479341668697 ], [ -72.522255787078507, -36.2882338533908 ], [ -72.522281228466198, -36.288118671306698 ], [ -72.522297136389597, -36.288053357177901 ], [ -72.522366296826306, -36.287967401078802 ], [ -72.522415484288501, -36.287908734470903 ], [ -72.522450898587905, -36.287858102260202 ], [ -72.522461804346904, -36.287838708342797 ], [ -72.522558905876807, -36.287745443258402 ], [ -72.522670757333699, -36.2876658559777 ], [ -72.522725373676593, -36.287570792103999 ], [ -72.522896193049405, -36.287283488140503 ], [ -72.522911376042998, -36.287254432338401 ], [ -72.522917748187695, -36.287238987108204 ], [ -72.522931407215495, -36.286914360364797 ], [ -72.522970830760102, -36.286272377938097 ], [ -72.522958544102806, -36.286156401143401 ], [ -72.522946477214603, -36.2860976346321 ], [ -72.522931332977706, -36.286075194109898 ], [ -72.522867078940394, -36.286008430416501 ], [ -72.522725656714996, -36.285901984276499 ], [ -72.522662089818596, -36.285850458362603 ], [ -72.522540452997504, -36.285712531826597 ], [ -72.522465332992198, -36.285613665452097 ], [ -72.522398594336096, -36.285491665477302 ], [ -72.522360048971606, -36.285420329152501 ], [ -72.522354144378994, -36.285393802851402 ], [ -72.522362526644201, -36.2853706692797 ], [ -72.522373175025507, -36.285345561376097 ], [ -72.522376594283401, -36.285316852589602 ], [ -72.522371537876495, -36.2852044765459 ], [ -72.522390029512493, -36.284464456834797 ], [ -72.521288147572093, -36.284574625307798 ], [ -72.520584905118895, -36.284641130209799 ], [ -72.520453504742306, -36.284652632632998 ], [ -72.520367144854504, -36.284670436394599 ], [ -72.520064223283399, -36.2847442090671 ], [ -72.519705010760106, -36.284823454917898 ], [ -72.519309228023602, -36.2849800655557 ], [ -72.518624847446205, -36.285204301269303 ], [ -72.518322521110505, -36.2852914036527 ], [ -72.517823944894701, -36.285414800557803 ], [ -72.517245550630506, -36.2855443610908 ], [ -72.5167031057467, -36.285661416213898 ], [ -72.5166143040219, -36.285362692860701 ], [ -72.516482854685705, -36.284691413651998 ], [ -72.516441252087503, -36.284551886314702 ], [ -72.516407032479506, -36.2844193895424 ], [ -72.516452412710294, -36.2838039338097 ], [ -72.516514065260097, -36.283131164965098 ], [ -72.516560362169002, -36.282732515508599 ], [ -72.516561626811907, -36.282721622549502 ], [ -72.516706410953503, -36.282011694232402 ], [ -72.516799653649002, -36.281675187466902 ], [ -72.517018566345996, -36.281042416194602 ], [ -72.517211934505994, -36.280575178013002 ], [ -72.517456857405804, -36.280049587302202 ], [ -72.5177512452846, -36.2795240647459 ], [ -72.517978149565394, -36.279163785854003 ], [ -72.518172238724702, -36.278870081448602 ], [ -72.518450539632497, -36.278510958475401 ], [ -72.518619443997096, -36.278285891309402 ], [ -72.518865366721101, -36.277992565471699 ], [ -72.519267950415696, -36.277568748139998 ], [ -72.5194055374415, -36.277433097351498 ], [ -72.519643951138704, -36.277208651359103 ], [ -72.519986140722096, -36.2769086724727 ], [ -72.520340261269595, -36.276612155113199 ], [ -72.520021445483906, -36.276331656329702 ], [ -72.518906155551704, -36.275362093068701 ], [ -72.519458374944804, -36.274966288958801 ], [ -72.5204020893175, -36.274319781654 ], [ -72.520902292768497, -36.274024679793101 ], [ -72.521218573648994, -36.273824635201102 ], [ -72.521490057960605, -36.273681220776901 ], [ -72.521959206715806, -36.2734289879795 ], [ -72.522513327427205, -36.273128474812502 ], [ -72.522605274440593, -36.273078082963004 ], [ -72.523148081655293, -36.272814137666401 ], [ -72.523337277787306, -36.272726547244098 ], [ -72.523777169185493, -36.272557180360003 ], [ -72.524335343054005, -36.272294683994801 ], [ -72.524582044426396, -36.272202724249098 ], [ -72.524729669713594, -36.272133524003799 ], [ -72.525043480313897, -36.271988851860499 ], [ -72.525851734542599, -36.271631236802897 ], [ -72.526382784428904, -36.2713943247442 ], [ -72.526730372723094, -36.271246743598802 ], [ -72.527008978413605, -36.271105014264997 ], [ -72.527420197405704, -36.2709269443572 ], [ -72.527524241888599, -36.270883820675799 ], [ -72.527559094934205, -36.270873255721398 ], [ -72.527572693013894, -36.2708614109671 ], [ -72.527583852794393, -36.270847730723702 ], [ -72.527583338097898, -36.270836302748997 ], [ -72.527587271049597, -36.270819021838101 ], [ -72.5283420886839, -36.270478225770901 ], [ -72.527906954967605, -36.270255466807399 ], [ -72.526776061324099, -36.270796177824899 ], [ -72.523363432828305, -36.272317753091698 ], [ -72.522094354055298, -36.272903501556897 ], [ -72.520626897762696, -36.273726809856001 ], [ -72.519978870524497, -36.274113045110802 ], [ -72.519213547418502, -36.274641005560902 ], [ -72.518267679146206, -36.275331623544098 ], [ -72.519702622233297, -36.2766005501583 ], [ -72.519019374789195, -36.277251966431301 ], [ -72.518300213606395, -36.2780217297313 ], [ -72.517777354408196, -36.278704651857197 ], [ -72.517227328270494, -36.279569556527697 ], [ -72.516678788658993, -36.280730030904998 ], [ -72.516310573889399, -36.281827979077903 ], [ -72.516131033760502, -36.282681970262601 ], [ -72.516060777744102, -36.2833467919356 ], [ -72.516006196334203, -36.284229527136702 ], [ -72.516012825929394, -36.284639381514403 ], [ -72.516162962889993, -36.285359698968598 ] ] ] } },
{ "type": "Feature", "properties": { "id": "monoparte.93", "Name": null, "description": null, "timestamp": null, "begin": null, "end": null, "altitudeMode": null, "tessellate": -1, "extrude": 0, "visibility": -1, "drawOrder": null, "icon": null, "REG": "Ñuble", "COM": "Quirihue", "LOC": "Quirihue", "ZONA": "ZR2", "NOM": "ZR2 Zona de Restricción por Incendios Forestales", "UPERM": "Los usos de suelo y condiciones de subdivisión, urbanización y edificación de esta zona son los de la zona contigua.", "UPROH": "Todos los usos de suelo no mencionados como permitidos, expresamente el residencial.", "P_DO": "30/06/2007", "N_DOC": "20", "T_DO": "Resolución", "OBS": null }, "geometry": { "type": "Polygon", "coordinates": [ [ [ -72.558077407929801, -36.2754024406741 ], [ -72.558186542506405, -36.275812167604599 ], [ -72.558226391156595, -36.275780282457397 ], [ -72.558923086108294, -36.275199196734597 ], [ -72.5594995897752, -36.274720479557701 ], [ -72.560867545561706, -36.273595664399402 ], [ -72.560241657842099, -36.272780503881101 ], [ -72.560127155273904, -36.272593198975798 ], [ -72.559822293399193, -36.272156005315601 ], [ -72.559313655628699, -36.271432703266797 ], [ -72.558991299904093, -36.270973142369002 ], [ -72.558357399889701, -36.270089550147503 ], [ -72.557993341557605, -36.2695930852733 ], [ -72.557400947866597, -36.268736095404797 ], [ -72.557191219619995, -36.268439181117699 ], [ -72.556997782389899, -36.268382437130199 ], [ -72.556848241160594, -36.268304882061798 ], [ -72.556681976534094, -36.268222102311803 ], [ -72.556661776284997, -36.268192188632 ], [ -72.556568526417195, -36.268057648308996 ], [ -72.556506614736193, -36.267990833265699 ], [ -72.556433893789304, -36.267945318679097 ], [ -72.556339247344994, -36.267925256755603 ], [ -72.557124731490205, -36.2690690566277 ], [ -72.558567322633493, -36.271078691128302 ], [ -72.558790731082894, -36.271413896866903 ], [ -72.558828356843406, -36.271470349724197 ], [ -72.559384534251095, -36.272258368246597 ], [ -72.559652027766006, -36.272637792763597 ], [ -72.559715700164006, -36.272743174255901 ], [ -72.559864284016399, -36.272935423223103 ], [ -72.559976116787993, -36.273128768248903 ], [ -72.560274371591902, -36.273537074024603 ], [ -72.560290695652796, -36.273572346524404 ], [ -72.559076241561101, -36.274544250542696 ], [ -72.558918255887207, -36.274679991831 ], [ -72.558387463193796, -36.275136046859103 ], [ -72.558077407929801, -36.2754024406741 ] ] ] } },
{ "type": "Feature", "properties": { "id": "monoparte.94", "Name": null, "description": null, "timestamp": null, "begin": null, "end": null, "altitudeMode": null, "tessellate": -1, "extrude": 0, "visibility": -1, "drawOrder": null, "icon": null, "REG": "Ñuble", "COM": "Quirihue", "LOC": "Quirihue", "ZONA": "ZR2", "NOM": "ZR2 Zona de Restricción por Incendios Forestales", "UPERM": "Los usos de suelo y condiciones de subdivisión, urbanización y edificación de esta zona son los de la zona contigua.", "UPROH": "Todos los usos de suelo no mencionados como permitidos, expresamente el residencial.", "P_DO": "30/06/2007", "N_DOC": "20", "T_DO": "Resolución", "OBS": null }, "geometry": { "type": "Polygon", "coordinates": [ [ [ -72.527384546242502, -36.266458376515899 ], [ -72.528219904116298, -36.267948048449298 ], [ -72.529199669105296, -36.269699475493702 ], [ -72.528274703401607, -36.270079632175701 ], [ -72.528239576236601, -36.270096427989202 ], [ -72.528694302496902, -36.270328546290102 ], [ -72.528774318790298, -36.270296193255 ], [ -72.529795468967095, -36.269861174481903 ], [ -72.529761428038597, -36.269810731198604 ], [ -72.529746371308704, -36.269790196384498 ], [ -72.529448896358801, -36.269251620869802 ], [ -72.528752825368798, -36.268020681204298 ], [ -72.528560950369396, -36.267674666254997 ], [ -72.528377518062399, -36.267819788647003 ], [ -72.528144422903495, -36.267612114004997 ], [ -72.528398816139401, -36.267412011357898 ], [ -72.528410294965198, -36.267402981789999 ], [ -72.528373442929507, -36.267336523146 ], [ -72.528010012983302, -36.266679488594498 ], [ -72.528004751164502, -36.266669975865398 ], [ -72.527953729312699, -36.266635245722803 ], [ -72.527915410716005, -36.266621120145899 ], [ -72.527850620052106, -36.266594425685597 ], [ -72.527780868438597, -36.266562155207602 ], [ -72.527749434369397, -36.266544012165298 ], [ -72.527734893484094, -36.266534905005599 ], [ -72.527708678806604, -36.266528050991603 ], [ -72.527627852765406, -36.266511365642501 ], [ -72.527622634518593, -36.266500076563602 ], [ -72.527542151606099, -36.2664910101091 ], [ -72.527506442815096, -36.266482528917898 ], [ -72.527477704243395, -36.266471934388903 ], [ -72.527449308715106, -36.266468957909098 ], [ -72.527384546242502, -36.266458376515899 ] ] ] } },
{ "type": "Feature", "properties": { "id": "monoparte.95", "Name": null, "description": null, "timestamp": null, "begin": null, "end": null, "altitudeMode": null, "tessellate": -1, "extrude": 0, "visibility": -1, "drawOrder": null, "icon": null, "REG": "Ñuble", "COM": "Quirihue", "LOC": "Quirihue", "ZONA": "ZR2", "NOM": "ZR2 Zona de Restricción por Incendios Forestales", "UPERM": "Los usos de suelo y condiciones de subdivisión, urbanización y edificación de esta zona son los de la zona contigua.", "UPROH": "Todos los usos de suelo no mencionados como permitidos, expresamente el residencial.", "P_DO": "30/06/2007", "N_DOC": "20", "T_DO": "Resolución", "OBS": null }, "geometry": { "type": "Polygon", "coordinates": [ [ [ -72.5311042043882, -36.266337062294902 ], [ -72.530845699972701, -36.266349471773601 ], [ -72.530798311506004, -36.266342079260802 ], [ -72.530831160946903, -36.266510893376903 ], [ -72.531140469940397, -36.266507471979601 ], [ -72.531309985958302, -36.2665062749399 ], [ -72.531340475196302, -36.266503466115502 ], [ -72.531361299676604, -36.2664952223165 ], [ -72.531393970667395, -36.266488534892197 ], [ -72.5314503325, -36.266484961171003 ], [ -72.531469148031206, -36.266484404921002 ], [ -72.5314924106859, -36.266477995612199 ], [ -72.531501647290995, -36.266473908456298 ], [ -72.531508102188795, -36.266460366965497 ], [ -72.531507136195501, -36.266438939138197 ], [ -72.531482156295098, -36.2664072556326 ], [ -72.531467510324106, -36.266291349466499 ], [ -72.531467732806803, -36.266288510029902 ], [ -72.531467188358903, -36.266284207456799 ], [ -72.531473162129004, -36.266207742779798 ], [ -72.531485385007002, -36.266165422854698 ], [ -72.531502912512394, -36.266136296765303 ], [ -72.531538569617098, -36.266091376538498 ], [ -72.5315808533352, -36.266036725621397 ], [ -72.531612406738205, -36.266005277357102 ], [ -72.531616510352706, -36.265991805375698 ], [ -72.531439815480596, -36.2658443664901 ], [ -72.531325880274906, -36.266030125260698 ], [ -72.531260472504201, -36.266146491400903 ], [ -72.531240601258403, -36.266228134288298 ], [ -72.531231417433702, -36.266285621608198 ], [ -72.531221373945201, -36.266324062996503 ], [ -72.5311042043882, -36.266337062294902 ] ] ] } },
{ "type": "Feature", "properties": { "id": "monoparte.96", "Name": null, "description": null, "timestamp": null, "begin": null, "end": null, "altitudeMode": null, "tessellate": -1, "extrude": 0, "visibility": -1, "drawOrder": null, "icon": null, "REG": "Ñuble", "COM": "Quirihue", "LOC": "Quirihue", "ZONA": "ZR2", "NOM": "ZR2 Zona de Restricción por Incendios Forestales", "UPERM": "Los usos de suelo y condiciones de subdivisión, urbanización y edificación de esta zona son los de la zona contigua.", "UPROH": "Todos los usos de suelo no mencionados como permitidos, expresamente el residencial.", "P_DO": "30/06/2007", "N_DOC": "20", "T_DO": "Resolución", "OBS": null }, "geometry": { "type": "Polygon", "coordinates": [ [ [ -72.527054745277496, -36.265870232851498 ], [ -72.527150807306597, -36.2660415445811 ], [ -72.527154560234706, -36.266041667137102 ], [ -72.527150485696893, -36.266034401638002 ], [ -72.5272149307022, -36.266036507468499 ], [ -72.527265661715006, -36.2660516976173 ], [ -72.527344994982002, -36.266113723383 ], [ -72.527420102812201, -36.266147265013302 ], [ -72.527474524555998, -36.266179034207198 ], [ -72.527516434079104, -36.266194484741803 ], [ -72.527557915863994, -36.266200411308098 ], [ -72.527634999146201, -36.2662124389499 ], [ -72.527688562183201, -36.266225161134201 ], [ -72.5277245925339, -36.266240785214997 ], [ -72.527757575502804, -36.266254115134501 ], [ -72.527801997544501, -36.266259955683303 ], [ -72.527858393583202, -36.266270209977797 ], [ -72.527982042347404, -36.266335693909397 ], [ -72.528093073929298, -36.266382478993897 ], [ -72.528126057014205, -36.266395808804603 ], [ -72.528167324505105, -36.266396974093702 ], [ -72.528221102211802, -36.266414457983302 ], [ -72.528291769221497, -36.266414753975901 ], [ -72.528359711685695, -36.266419899594197 ], [ -72.528407180117199, -36.2664280331756 ], [ -72.528516710687796, -36.266441485959298 ], [ -72.528578558327993, -36.266442043193798 ], [ -72.528619717476403, -36.2664408273804 ], [ -72.528638864595095, -36.266434540194602 ], [ -72.528775951659199, -36.266340851801502 ], [ -72.528852916726606, -36.266271826612503 ], [ -72.528891698961203, -36.266243980482599 ], [ -72.528940232660403, -36.266223474444999 ], [ -72.528984663361499, -36.266216440272203 ], [ -72.529015153731905, -36.266213632010803 ], [ -72.529068820024307, -36.266202510870698 ], [ -72.5291396381091, -36.266206140244897 ], [ -72.529225974324902, -36.2661883313488 ], [ -72.529377738515194, -36.266159054512499 ], [ -72.529543442810095, -36.266125550604201 ], [ -72.529611135005297, -36.266112107300799 ], [ -72.529675579658104, -36.266110203091401 ], [ -72.529755976467698, -36.2661173631558 ], [ -72.529850278411999, -36.266171792456802 ], [ -72.529889026226797, -36.266195441301797 ], [ -72.529948306063801, -36.266256627006896 ], [ -72.530044925671106, -36.266362481926201 ], [ -72.5300935958293, -36.266397280651098 ], [ -72.530146198269904, -36.266414798391203 ], [ -72.530454446440501, -36.266460996902197 ], [ -72.530474893533594, -36.2664622270999 ], [ -72.530446388482702, -36.266280669048498 ], [ -72.530210533510498, -36.266234740472299 ], [ -72.530131949020003, -36.266189382657998 ], [ -72.530063621034998, -36.266110345478097 ], [ -72.529960014674899, -36.266032351658801 ], [ -72.529791728399502, -36.265956268098101 ], [ -72.529702670017599, -36.265939828312902 ], [ -72.529555886764896, -36.2659489328246 ], [ -72.529351375208194, -36.265983583327099 ], [ -72.529264677686797, -36.266019521041599 ], [ -72.5291949763849, -36.266040652588302 ], [ -72.528994628677594, -36.266037035852897 ], [ -72.528808185404401, -36.2660806873293 ], [ -72.528716036130803, -36.2661263213826 ], [ -72.528687709123204, -36.266150997814897 ], [ -72.528660024484196, -36.266189960136998 ], [ -72.528626031596502, -36.266219572214702 ], [ -72.528586158342904, -36.2662493579844 ], [ -72.528510148412295, -36.2662611389094 ], [ -72.528274091328598, -36.266249040090401 ], [ -72.5282089819502, -36.266241426595698 ], [ -72.528065503679997, -36.266193216680399 ], [ -72.527812007339904, -36.266081503279203 ], [ -72.527711190623293, -36.266065408349597 ], [ -72.527334105293207, -36.265928735682799 ], [ -72.527232001348494, -36.265884070394698 ], [ -72.527161441932193, -36.265886153829001 ], [ -72.527054745277496, -36.265870232851498 ] ] ] } },
{ "type": "Feature", "properties": { "id": "monoparte.97", "Name": null, "description": null, "timestamp": null, "begin": null, "end": null, "altitudeMode": null, "tessellate": -1, "extrude": 0, "visibility": -1, "drawOrder": null, "icon": null, "REG": "Ñuble", "COM": "Quirihue", "LOC": "Quirihue", "ZONA": "ZR2", "NOM": "ZR2 Zona de Restricción por Incendios Forestales", "UPERM": "Los usos de suelo y condiciones de subdivisión, urbanización y edificación de esta zona son los de la zona contigua.", "UPROH": "Todos los usos de suelo no mencionados como permitidos, expresamente el residencial.", "P_DO": "30/06/2007", "N_DOC": "20", "T_DO": "Resolución", "OBS": null }, "geometry": { "type": "Polygon", "coordinates": [ [ [ -72.531749417642303, -36.2657010336547 ], [ -72.531809041941003, -36.265769837301498 ], [ -72.531931034779006, -36.265707107075102 ], [ -72.5321204203684, -36.265634754960203 ], [ -72.5323012109844, -36.265570286684003 ], [ -72.532501075286206, -36.265510974779602 ], [ -72.532675496464194, -36.2654619506527 ], [ -72.532818487564299, -36.265415764200597 ], [ -72.532864409601302, -36.2653896122576 ], [ -72.532875826508302, -36.2653816455298 ], [ -72.532885953927305, -36.265345109934501 ], [ -72.532962312915501, -36.265262748566201 ], [ -72.533073006086894, -36.265158393745999 ], [ -72.533175321598307, -36.265077172038701 ], [ -72.533264298428307, -36.265013510422598 ], [ -72.533284520920105, -36.264991932551297 ], [ -72.533328434981797, -36.2649734689045 ], [ -72.533446579750603, -36.264929923235897 ], [ -72.533622451744293, -36.264871320087003 ], [ -72.533720545626494, -36.264853160187499 ], [ -72.533802003744199, -36.264831678250601 ], [ -72.533846175328804, -36.2648189283791 ], [ -72.533840632315901, -36.264636626234299 ], [ -72.533772167153998, -36.264644677731098 ], [ -72.533608605796402, -36.264673356634397 ], [ -72.5334807538691, -36.2647105147121 ], [ -72.533226048711001, -36.264820082803702 ], [ -72.532996437091398, -36.264950842137601 ], [ -72.532746957432295, -36.265163244052601 ], [ -72.532673954410697, -36.265241691052204 ], [ -72.532657817866806, -36.265275544450503 ], [ -72.532635156864799, -36.265295285939501 ], [ -72.531862577557902, -36.265527922757798 ], [ -72.531700334571596, -36.265612582977099 ], [ -72.531749417642303, -36.2657010336547 ] ] ] } },
{ "type": "Feature", "properties": { "id": "monoparte.98", "Name": null, "description": null, "timestamp": null, "begin": null, "end": null, "altitudeMode": null, "tessellate": -1, "extrude": 0, "visibility": -1, "drawOrder": null, "icon": null, "REG": "Ñuble", "COM": "Quirihue", "LOC": "Quirihue", "ZONA": "ZR2", "NOM": "ZR2 Zona de Restricción por Incendios Forestales", "UPERM": "Los usos de suelo y condiciones de subdivisión, urbanización y edificación de esta zona son los de la zona contigua.", "UPROH": "Todos los usos de suelo no mencionados como permitidos, expresamente el residencial.", "P_DO": "30/06/2007", "N_DOC": "20", "T_DO": "Resolución", "OBS": null }, "geometry": { "type": "Polygon", "coordinates": [ [ [ -72.539827076494404, -36.262808055651298 ], [ -72.539760823499506, -36.262905378959601 ], [ -72.539697437406502, -36.262935865038699 ], [ -72.539545427335696, -36.262959441403801 ], [ -72.539447623644506, -36.263010019344598 ], [ -72.539355484731502, -36.263055661093702 ], [ -72.539249650807307, -36.263058796748098 ], [ -72.539090469674505, -36.263053976248699 ], [ -72.538967641989302, -36.263071919040499 ], [ -72.538742850465795, -36.263178706733498 ], [ -72.538530233319406, -36.263359512920502 ], [ -72.538513454509697, -36.263379082141199 ], [ -72.538498181092805, -36.263431982001102 ], [ -72.538499471461805, -36.263460551636001 ], [ -72.538500546797707, -36.263484360264798 ], [ -72.538420812055804, -36.263543937814603 ], [ -72.538258975533907, -36.263610714530202 ], [ -72.538025291952593, -36.263651012027402 ], [ -72.537773753902002, -36.263687069563296 ], [ -72.537544013698806, -36.2636843375439 ], [ -72.537372427187705, -36.263665579110103 ], [ -72.537114793586397, -36.263697047485302 ], [ -72.537039646645297, -36.263727880426103 ], [ -72.537005443133793, -36.263752732754597 ], [ -72.536964929570303, -36.263768236249703 ], [ -72.536787677815298, -36.263754412993499 ], [ -72.536611930719602, -36.263773920177599 ], [ -72.536409578296002, -36.2638561987633 ], [ -72.536324176279606, -36.263920710109304 ], [ -72.536251178082793, -36.263999159049902 ], [ -72.536194099620602, -36.2640389931532 ], [ -72.536160110630405, -36.264068607177897 ], [ -72.536113287827604, -36.264074760597097 ], [ -72.535995477009095, -36.264073480551701 ], [ -72.535437405871903, -36.263970798689797 ], [ -72.535159123911498, -36.263936122545601 ], [ -72.535072215618897, -36.263967302328801 ], [ -72.534967454217295, -36.263994242078702 ], [ -72.534834583394201, -36.264050622314699 ], [ -72.534697764602697, -36.264150030161602 ], [ -72.534630429801197, -36.2642235422921 ], [ -72.534550181765098, -36.2644023323748 ], [ -72.534500271219102, -36.264470561496204 ], [ -72.534472376384201, -36.264504763025499 ], [ -72.534432291502497, -36.2645297886598 ], [ -72.534205555719396, -36.2645937128149 ], [ -72.534170111828303, -36.264597880831701 ], [ -72.534192439919096, -36.264768252197698 ], [ -72.534306739632001, -36.264743891681697 ], [ -72.534492918160097, -36.264694517098299 ], [ -72.534599732177796, -36.264660841229997 ], [ -72.534664469314194, -36.264634132794399 ], [ -72.534698802850798, -36.264612137152703 ], [ -72.534705171145106, -36.264596691474502 ], [ -72.5348307546857, -36.264352668229499 ], [ -72.534882184263395, -36.264292023999303 ], [ -72.534912962160803, -36.264243433121003 ], [ -72.534983809189697, -36.264195564001902 ], [ -72.535073471028099, -36.264147138058902 ], [ -72.535145521088594, -36.2641259336404 ], [ -72.535210561056502, -36.264116379791098 ], [ -72.535350182710104, -36.264131319960697 ], [ -72.535876949040301, -36.264218717388403 ], [ -72.535938873083893, -36.2642340491672 ], [ -72.536000538138794, -36.264243667003797 ], [ -72.536130237381499, -36.264247456808 ], [ -72.536190962439505, -36.2642571023706 ], [ -72.536221536513494, -36.2642561973027 ], [ -72.536245055971193, -36.264255501063403 ], [ -72.536322871862595, -36.264205517377697 ], [ -72.536418728737999, -36.264137834830798 ], [ -72.536467891688403, -36.264079163641497 ], [ -72.536492300639097, -36.264046019064502 ], [ -72.536519491719105, -36.264022327775599 ], [ -72.536632327746602, -36.263965585545797 ], [ -72.536700160949493, -36.263944887083703 ], [ -72.536737361746404, -36.263934249134003 ], [ -72.536800605029498, -36.263926655110403 ], [ -72.536937273401094, -36.263928330218199 ], [ -72.537008432254098, -36.263939573930102 ], [ -72.537064963791295, -36.263939807560597 ], [ -72.537114353629406, -36.263938345138499 ], [ -72.537146849822193, -36.263927846365398 ], [ -72.537178659218895, -36.263902111591598 ], [ -72.537216921150204, -36.263862834205199 ], [ -72.537261005529203, -36.2638481781837 ], [ -72.537323990677507, -36.263834869955303 ], [ -72.537418152787893, -36.263833989108399 ], [ -72.537682683222798, -36.263850949189802 ], [ -72.537816655082295, -36.263845074083399 ], [ -72.537985304331002, -36.263824822047901 ], [ -72.538130519077498, -36.263807170462101 ], [ -72.538259311179502, -36.263780469480501 ], [ -72.538362192872896, -36.263764071493398 ], [ -72.538438944977202, -36.263742726736503 ], [ -72.538542371160801, -36.2636862614686 ], [ -72.538643360005807, -36.263627960824202 ], [ -72.538708840145901, -36.263591691680503 ], [ -72.5387255759439, -36.263571170412 ], [ -72.538735643227795, -36.263559429042502 ], [ -72.538740611810297, -36.263552130342603 ], [ -72.538745431487001, -36.263463303216199 ], [ -72.538754530888497, -36.2634301341756 ], [ -72.538792907523998, -36.263380363962597 ], [ -72.538844082548195, -36.263340226894101 ], [ -72.538849244661407, -36.263337213184499 ], [ -72.538942366228099, -36.2632872519739 ], [ -72.539020451935002, -36.263256330796999 ], [ -72.539084555410696, -36.263228684598097 ], [ -72.539128007135204, -36.263213093350601 ], [ -72.539170340795707, -36.263211839138499 ], [ -72.539259315403996, -36.263209536436896 ], [ -72.539294787024801, -36.263212776214303 ], [ -72.539316470113803, -36.263223576924901 ], [ -72.539345403550698, -36.263238454442899 ], [ -72.539359901974294, -36.263246607230698 ], [ -72.539370743527002, -36.2632520075801 ], [ -72.539393673709895, -36.2632513281863 ], [ -72.539417464864599, -36.263230597783704 ], [ -72.539472296328299, -36.263193212902998 ], [ -72.539548681807005, -36.263163772606902 ], [ -72.539569332316503, -36.263151717587697 ], [ -72.539609257199402, -36.263136230669303 ], [ -72.539649504738406, -36.263127885688696 ], [ -72.539704055990896, -36.263123408483402 ], [ -72.539766910960793, -36.2631072420591 ], [ -72.539831530356295, -36.263091023317997 ], [ -72.539864282290495, -36.263073174612799 ], [ -72.539905067917303, -36.2630376365994 ], [ -72.539949057449306, -36.262994851218203 ], [ -72.539991798838997, -36.262963545947102 ], [ -72.540041596924198, -36.262932032442798 ], [ -72.540071453482895, -36.262928286878598 ], [ -72.540119079184706, -36.262926875506302 ], [ -72.540179051586506, -36.262925098216499 ], [ -72.540315517476699, -36.262935357841101 ], [ -72.540347632344805, -36.262864316400403 ], [ -72.540364691761596, -36.262837944818898 ], [ -72.5403603879342, -36.262833900581697 ], [ -72.5403390275617, -36.262830242007603 ], [ -72.540309040847404, -36.262831130710801 ], [ -72.540213855255899, -36.262835382477597 ], [ -72.540130564490596, -36.262829268470597 ], [ -72.540051533241396, -36.262800141901501 ], [ -72.539971660312304, -36.262760561188898 ], [ -72.539827076494404, -36.262808055651298 ] ] ] } },
{ "type": "Feature", "properties": { "id": "monoparte.99", "Name": null, "description": null, "timestamp": null, "begin": null, "end": null, "altitudeMode": null, "tessellate": -1, "extrude": 0, "visibility": -1, "drawOrder": null, "icon": null, "REG": "Ñuble", "COM": "Quirihue", "LOC": "Quirihue", "ZONA": "ZR2", "NOM": "ZR2 Zona de Restricción por Incendios Forestales", "UPERM": "Los usos de suelo y condiciones de subdivisión, urbanización y edificación de esta zona son los de la zona contigua.", "UPROH": "Todos los usos de suelo no mencionados como permitidos, expresamente el residencial.", "P_DO": "30/06/2007", "N_DOC": "20", "T_DO": "Resolución", "OBS": null }, "geometry": { "type": "Polygon", "coordinates": [ [ [ -72.541054176883904, -36.2615606199019 ], [ -72.540963547038402, -36.261639594216803 ], [ -72.540894644358403, -36.261808516248102 ], [ -72.5408187854853, -36.261953803961397 ], [ -72.540801078111699, -36.262083064996702 ], [ -72.540791900492493, -36.262140552704203 ], [ -72.540769674030599, -36.262169819340698 ], [ -72.540736117995493, -36.2622089574268 ], [ -72.540660758896607, -36.262235031501497 ], [ -72.540384131625601, -36.262367197212399 ], [ -72.540323974796095, -36.262469107512899 ], [ -72.540284320670594, -36.262548068116402 ], [ -72.540476007893901, -36.262570475938702 ], [ -72.540493700505806, -36.262571142735503 ], [ -72.540505459372199, -36.262570794226697 ], [ -72.5405215206751, -36.2625679349647 ], [ -72.540548712793594, -36.262518256933902 ], [ -72.540579491521598, -36.262482776516002 ], [ -72.540625021786695, -36.262448051840799 ], [ -72.540657914889806, -36.262426812656201 ], [ -72.540698157943595, -36.2624053556139 ], [ -72.540769214850698, -36.262381794067501 ], [ -72.540833353235598, -36.262367973195801 ], [ -72.540917406243693, -36.262371441217603 ], [ -72.540939455024002, -36.262370787658902 ], [ -72.540976953044506, -36.2622886209124 ], [ -72.541001018953907, -36.262221870750601 ], [ -72.541022162327295, -36.262142572011399 ], [ -72.541021667133407, -36.262092523424201 ], [ -72.541025796096605, -36.262066653978401 ], [ -72.541042337262397, -36.262041846547802 ], [ -72.541051629265795, -36.262012963272802 ], [ -72.541063932512102, -36.261972547601196 ], [ -72.541086689843496, -36.2619289612581 ], [ -72.541113168555896, -36.261889555323798 ], [ -72.5411150176718, -36.261852310321601 ], [ -72.541139281116699, -36.261802957756402 ], [ -72.541191120751805, -36.2617384838166 ], [ -72.541222373880004, -36.261687493194898 ], [ -72.541298369792699, -36.261649481022602 ], [ -72.541318955041305, -36.2616359968072 ], [ -72.5413661279499, -36.261624586087002 ], [ -72.541413557960496, -36.261618888392697 ], [ -72.541414155028605, -36.261619027472399 ], [ -72.541533157811102, -36.261646811375101 ], [ -72.541583901965495, -36.261675345662603 ], [ -72.541601798881501, -36.261680536642302 ], [ -72.5416087251932, -36.261677470514996 ], [ -72.541611607210299, -36.2616630811549 ], [ -72.541611348926594, -36.261657367245498 ], [ -72.541601561586802, -36.261636201084301 ], [ -72.541517518281793, -36.261574324599501 ], [ -72.541414866913996, -36.261491544267898 ], [ -72.541349592766196, -36.261433425389498 ], [ -72.541314021342004, -36.261448022433903 ], [ -72.541169400004904, -36.261504756966602 ], [ -72.541054176883904, -36.2615606199019 ] ] ] } },
{ "type": "Feature", "properties": { "id": "monoparte.100", "Name": null, "description": null, "timestamp": null, "begin": null, "end": null, "altitudeMode": null, "tessellate": -1, "extrude": 0, "visibility": -1, "drawOrder": null, "icon": null, "REG": "Ñuble", "COM": "Quirihue", "LOC": "Quirihue", "ZONA": "ZR2", "NOM": "ZR2 Zona de Restricción por Incendios Forestales", "UPERM": "Los usos de suelo y condiciones de subdivisión, urbanización y edificación de esta zona son los de la zona contigua.", "UPROH": "Todos los usos de suelo no mencionados como permitidos, expresamente el residencial.", "P_DO": "30/06/2007", "N_DOC": "20", "T_DO": "Resolución", "OBS": null }, "geometry": { "type": "Polygon", "coordinates": [ [ [ -72.556134577954893, -36.267638020037701 ], [ -72.556136316880497, -36.267639192767298 ], [ -72.5561353416808, -36.2676391325978 ], [ -72.556140445815998, -36.267646566409198 ], [ -72.5561481891028, -36.267647037786404 ], [ -72.556147425376594, -36.267645925226297 ], [ -72.5561990587981, -36.267649067986497 ], [ -72.5563900009533, -36.267652918818101 ], [ -72.556565948037701, -36.267689638447699 ], [ -72.556633532874102, -36.2677257702953 ], [ -72.556761247243102, -36.267817476613601 ], [ -72.556784037817906, -36.267833841862704 ], [ -72.556760922915799, -36.2678103339017 ], [ -72.556612858894894, -36.2675859514557 ], [ -72.556464767133207, -36.267361526375097 ], [ -72.556051897126096, -36.266774962577799 ], [ -72.555361878307195, -36.265779355317903 ], [ -72.554558521480203, -36.264631489310403 ], [ -72.553892298935295, -36.263676741393397 ], [ -72.553189502698899, -36.262668149380701 ], [ -72.552693098100704, -36.261952079443198 ], [ -72.552718556692199, -36.261215148535001 ], [ -72.552727975463498, -36.259898483794203 ], [ -72.552609585450995, -36.260246041703802 ], [ -72.552546805104598, -36.260419556017197 ], [ -72.552464011548807, -36.2605412173343 ], [ -72.552374906186003, -36.260653529780498 ], [ -72.552293717923604, -36.2607217517549 ], [ -72.552282922336602, -36.260730823589597 ], [ -72.552282686615996, -36.260738164091102 ], [ -72.5522410301663, -36.262033241914203 ], [ -72.552241559308797, -36.262034017284599 ], [ -72.552241354013503, -36.262040384667998 ], [ -72.552685979406306, -36.2626922933499 ], [ -72.552686128086094, -36.262692505175501 ], [ -72.554125890827294, -36.264745576671601 ], [ -72.554956787055602, -36.265929529617203 ], [ -72.5561199938345, -36.267623452079803 ], [ -72.556126298901304, -36.267632634177303 ], [ -72.556129796977203, -36.267637728976098 ], [ -72.556134577954893, -36.267638020037701 ] ] ] } },
{ "type": "Feature", "properties": { "id": "monoparte.101", "Name": null, "description": null, "timestamp": null, "begin": null, "end": null, "altitudeMode": null, "tessellate": -1, "extrude": 0, "visibility": -1, "drawOrder": null, "icon": null, "REG": "Ñuble", "COM": "Quirihue", "LOC": "Quirihue", "ZONA": "ZR2", "NOM": "ZR2 Zona de Restricción por Incendios Forestales", "UPERM": "Los usos de suelo y condiciones de subdivisión, urbanización y edificación de esta zona son los de la zona contigua.", "UPROH": "Todos los usos de suelo no mencionados como permitidos, expresamente el residencial.", "P_DO": "30/06/2007", "N_DOC": "20", "T_DO": "Resolución", "OBS": null }, "geometry": { "type": "Polygon", "coordinates": [ [ [ -72.545328002262195, -36.260184647952997 ], [ -72.545276380264994, -36.260214787768298 ], [ -72.545052315554301, -36.260207133287103 ], [ -72.544802085437496, -36.260271774320501 ], [ -72.544559672197195, -36.260379094616397 ], [ -72.544377777308497, -36.260522763229801 ], [ -72.5443566284996, -36.2605758380639 ], [ -72.544377713181007, -36.260651500282897 ], [ -72.544380944132001, -36.260722923948101 ], [ -72.544185780753395, -36.260833609885601 ], [ -72.543810075655102, -36.260987795816099 ], [ -72.543688329437103, -36.261029550838103 ], [ -72.543577049577095, -36.261042387455198 ], [ -72.543488857308105, -36.261045003495497 ], [ -72.543452719051402, -36.261027004164603 ], [ -72.543362007340093, -36.260843743114101 ], [ -72.543324577203805, -36.2607971742394 ], [ -72.543188703833394, -36.260786900403701 ], [ -72.542958757474807, -36.260779415566297 ], [ -72.542818511442206, -36.260802647086798 ], [ -72.542750110788006, -36.260852355624699 ], [ -72.542590006175004, -36.2609572310201 ], [ -72.542462312216799, -36.261127897309002 ], [ -72.542411980106493, -36.261186605500598 ], [ -72.542361217378996, -36.261235790799198 ], [ -72.542297834823998, -36.261266278103299 ], [ -72.542174148728506, -36.2612651773849 ], [ -72.541926348246804, -36.261253452616899 ], [ -72.541725798767899, -36.261245094724103 ], [ -72.541626658335502, -36.261266046554503 ], [ -72.541748859419599, -36.261383422568997 ], [ -72.541809807438199, -36.261429294683602 ], [ -72.541897341410603, -36.261438143427 ], [ -72.542081643578697, -36.261451750136601 ], [ -72.542291127604898, -36.261449353546297 ], [ -72.542382762030101, -36.261444728820699 ], [ -72.542406280487995, -36.261444031416197 ], [ -72.542440954806295, -36.261429652573497 ], [ -72.542475370766894, -36.261409559817103 ], [ -72.542534967298195, -36.2613734631258 ], [ -72.542577240736193, -36.261318808840201 ], [ -72.542739285908894, -36.261126621580701 ], [ -72.542794959295904, -36.261055834175203 ], [ -72.5428460446077, -36.261013791540201 ], [ -72.542891788276094, -36.260983827080899 ], [ -72.542935346690001, -36.260970615462099 ], [ -72.542976394664905, -36.260967013923697 ], [ -72.543005685152394, -36.260963761080802 ], [ -72.543084305082303, -36.260944741261603 ], [ -72.543181423610406, -36.260944244907002 ], [ -72.543200138711697, -36.260967530268402 ], [ -72.543241693145205, -36.261040201439002 ], [ -72.543276721799202, -36.261098762242597 ], [ -72.543287264246999, -36.261136593004203 ], [ -72.543287587227596, -36.261143734928702 ], [ -72.543288879273604, -36.261172305326198 ], [ -72.543289202254897, -36.261179447250697 ], [ -72.543289632910302, -36.2611889701165 ], [ -72.543296589479894, -36.261212604228298 ], [ -72.543300174309607, -36.261226801808299 ], [ -72.543306377163205, -36.2612337693295 ], [ -72.543362124922396, -36.261229731642601 ], [ -72.543447269838296, -36.261224822848298 ], [ -72.543520117707203, -36.261208358085 ], [ -72.5436114654173, -36.2612104157839 ], [ -72.543705645413496, -36.261210006160702 ], [ -72.543761393119595, -36.261205968289303 ], [ -72.543810507204896, -36.261185440039498 ], [ -72.543867471832897, -36.261143221665598 ], [ -72.5439468364752, -36.261114643547799 ], [ -72.544072411871696, -36.261079449515798 ], [ -72.544103773394198, -36.261069936751298 ], [ -72.544241780448004, -36.260997183570097 ], [ -72.544340404402305, -36.260957067315999 ], [ -72.544459053218702, -36.260924939176498 ], [ -72.544503220583493, -36.260912185570099 ], [ -72.544533103746502, -36.260896040803601 ], [ -72.544575547813906, -36.260845194859101 ], [ -72.544605432087906, -36.260829050943499 ], [ -72.5446115396024, -36.260807890061898 ], [ -72.544616182327402, -36.2607543507606 ], [ -72.544611507913601, -36.260651024701403 ], [ -72.544611184777494, -36.2606438818868 ], [ -72.544614164694494, -36.260605650022299 ], [ -72.544650070225401, -36.260566441188601 ], [ -72.5447085448791, -36.260505583002001 ], [ -72.544863787552003, -36.260449482392602 ], [ -72.545046648003606, -36.260379211410601 ], [ -72.545100136213605, -36.260364273504699 ], [ -72.545177658452005, -36.2603600663546 ], [ -72.545220507363993, -36.260370237862602 ], [ -72.545273194618005, -36.260389653013902 ], [ -72.545313174333003, -36.260388466516702 ], [ -72.5453622167541, -36.260379381995101 ], [ -72.545392617773103, -36.260374665674703 ], [ -72.545411345358502, -36.260372202382896 ], [ -72.545437043203705, -36.260367625634203 ], [ -72.545474817702399, -36.2603254994144 ], [ -72.545557624284498, -36.260249616582598 ], [ -72.545562792550399, -36.260244880535701 ], [ -72.545540387659301, -36.259953081864097 ], [ -72.545540454491999, -36.259951018316698 ], [ -72.545540064487597, -36.2599459399556 ], [ -72.545542026920302, -36.259885232269703 ], [ -72.545542042028302, -36.259884877715301 ], [ -72.545543172476698, -36.259858497955001 ], [ -72.545548934969503, -36.259829719125001 ], [ -72.545566111093194, -36.259792972495802 ], [ -72.545572390683304, -36.2597756214386 ], [ -72.545575260694605, -36.259759508679998 ], [ -72.545553408299895, -36.259720400062299 ], [ -72.545385425599903, -36.259286731066297 ], [ -72.545302808774693, -36.259022176133897 ], [ -72.5451672329026, -36.258763388854 ], [ -72.545073721006204, -36.258518229209301 ], [ -72.5450375474217, -36.258395334873001 ], [ -72.545015632100004, -36.2583273264529 ], [ -72.545003381405607, -36.258264752798603 ], [ -72.544994172122998, -36.258217346090198 ], [ -72.544977106683902, -36.258204502781602 ], [ -72.544953590373694, -36.258205200605197 ], [ -72.544746796619407, -36.258204992631498 ], [ -72.544751476556598, -36.258242117811299 ], [ -72.544809495934203, -36.258483562649197 ], [ -72.545021114549598, -36.258996992905303 ], [ -72.545153565399502, -36.259322053081398 ], [ -72.545254897416896, -36.259609892244498 ], [ -72.545301870352404, -36.2597372333476 ], [ -72.545317507919904, -36.259822593580601 ], [ -72.545303962115696, -36.259913586366402 ], [ -72.545301099749494, -36.259980423458501 ], [ -72.545325416861601, -36.260127509074401 ], [ -72.545328002262195, -36.260184647952997 ] ] ] } },
{ "type": "Feature", "properties": { "id": "monoparte.102", "Name": null, "description": null, "timestamp": null, "begin": null, "end": null, "altitudeMode": null, "tessellate": -1, "extrude": 0, "visibility": -1, "drawOrder": null, "icon": null, "REG": "Ñuble", "COM": "Quirihue", "LOC": "Quirihue", "ZONA": "ZR2", "NOM": "ZR2 Zona de Restricción por Incendios Forestales", "UPERM": "Los usos de suelo y condiciones de subdivisión, urbanización y edificación de esta zona son los de la zona contigua.", "UPROH": "Todos los usos de suelo no mencionados como permitidos, expresamente el residencial.", "P_DO": "30/06/2007", "N_DOC": "20", "T_DO": "Resolución", "OBS": null }, "geometry": { "type": "Polygon", "coordinates": [ [ [ -72.544668926102005, -36.2578488242833 ], [ -72.544685568693296, -36.257901707702402 ], [ -72.5446874856693, -36.257901685061903 ], [ -72.544930310761202, -36.257898833600798 ], [ -72.544927846020201, -36.257891715590098 ], [ -72.544929987628606, -36.2578916907853 ], [ -72.544911026681504, -36.257836945283302 ], [ -72.544860572411906, -36.2577106605507 ], [ -72.544810720298202, -36.257597707636897 ], [ -72.544761876487598, -36.257559106003299 ], [ -72.544613685843899, -36.257458607406797 ], [ -72.544476239685906, -36.257397841679101 ], [ -72.544385591550693, -36.257404781320098 ], [ -72.544385914587295, -36.257411923240603 ], [ -72.544385538019199, -36.257431022812199 ], [ -72.544385407440103, -36.257437654690399 ], [ -72.544424990162497, -36.2575318394071 ], [ -72.544531828688207, -36.257681245171099 ], [ -72.544628912136403, -36.257745116819102 ], [ -72.544668926102005, -36.2578488242833 ] ] ] } },
{ "type": "Feature", "properties": { "id": "monoparte.103", "Name": null, "description": null, "timestamp": null, "begin": null, "end": null, "altitudeMode": null, "tessellate": -1, "extrude": 0, "visibility": -1, "drawOrder": null, "icon": null, "REG": "Ñuble", "COM": "Quirihue", "LOC": "Quirihue", "ZONA": "ZR2", "NOM": "ZR2 Zona de Restricción por Incendios Forestales", "UPERM": "Los usos de suelo y condiciones de subdivisión, urbanización y edificación de esta zona son los de la zona contigua.", "UPROH": "Todos los usos de suelo no mencionados como permitidos, expresamente el residencial.", "P_DO": "30/06/2007", "N_DOC": "20", "T_DO": "Resolución", "OBS": null }, "geometry": { "type": "Polygon", "coordinates": [ [ [ -72.5444930880942, -36.2536749069085 ], [ -72.5444494416585, -36.256484542537599 ], [ -72.544419107857905, -36.2568811846551 ], [ -72.5444074944226, -36.257020354187397 ], [ -72.544558624708202, -36.257136430323897 ], [ -72.544711612644804, -36.257199834375903 ], [ -72.544873271356096, -36.257261998810797 ], [ -72.544954861042598, -36.254056010072297 ], [ -72.545595797382006, -36.254065083433602 ], [ -72.5494118226718, -36.254094809401302 ], [ -72.552391356762797, -36.254150740537902 ], [ -72.552391148301297, -36.254157872995997 ], [ -72.552363910727706, -36.255091183964701 ], [ -72.552293316516398, -36.256845510970997 ], [ -72.552270968837306, -36.258495296262403 ], [ -72.5522733009783, -36.258732195440402 ], [ -72.5522733734947, -36.258739537590102 ], [ -72.5522872967681, -36.260154062431297 ], [ -72.552287543949106, -36.260153453192302 ], [ -72.552435780675296, -36.259788718270002 ], [ -72.552637290900293, -36.259558631204101 ], [ -72.552728323897995, -36.259532026806802 ], [ -72.552727725476302, -36.258560835781701 ], [ -72.5527307478078, -36.257380960859898 ], [ -72.552730898666596, -36.256553236579599 ], [ -72.552805269167493, -36.255336910323898 ], [ -72.552826282320098, -36.254346073448303 ], [ -72.552840376690696, -36.253804051447098 ], [ -72.547973351487599, -36.253700336697101 ], [ -72.5444930880942, -36.2536749069085 ] ] ] } },
{ "type": "Feature", "properties": { "id": "monoparte.104", "Name": null, "description": null, "timestamp": null, "begin": null, "end": null, "altitudeMode": null, "tessellate": -1, "extrude": 0, "visibility": -1, "drawOrder": null, "icon": null, "REG": "Ñuble", "COM": "Quirihue", "LOC": "Quirihue", "ZONA": "ZP", "NOM": "ZP Zona de Protección de Drenaje", "UPERM": "Equipamiento de esparcimiento sin construcciones.", "UPROH": "Todos los usos de suelo no mencionados como permitidos, expresamente el residencial.", "P_DO": "30/06/2007", "N_DOC": "20", "T_DO": "Resolución", "OBS": null }, "geometry": { "type": "Polygon", "coordinates": [ [ [ -72.5481066072023, -36.3064383427173 ], [ -72.548115356035495, -36.306540633244701 ], [ -72.5485431990449, -36.306361761917799 ], [ -72.548746746804397, -36.306271319416197 ], [ -72.549028188751805, -36.306144947564398 ], [ -72.549340191336796, -36.306010515164402 ], [ -72.549473239522101, -36.305924312468399 ], [ -72.549651867557102, -36.305868939316397 ], [ -72.549660890146995, -36.305775695843799 ], [ -72.549634004707301, -36.305572665530804 ], [ -72.549209234796194, -36.305753363057903 ], [ -72.548953294483894, -36.305857521144603 ], [ -72.548481608246405, -36.306075369726003 ], [ -72.548075737329597, -36.306248233979296 ], [ -72.548083829287293, -36.306299796328901 ], [ -72.5481066072023, -36.3064383427173 ] ] ] } },
{ "type": "Feature", "properties": { "id": "monoparte.105", "Name": null, "description": null, "timestamp": null, "begin": null, "end": null, "altitudeMode": null, "tessellate": -1, "extrude": 0, "visibility": -1, "drawOrder": null, "icon": null, "REG": "Ñuble", "COM": "Quirihue", "LOC": "Quirihue", "ZONA": "ZP", "NOM": "ZP Zona de Protección de Drenaje", "UPERM": "Equipamiento de esparcimiento sin construcciones.", "UPROH": "Todos los usos de suelo no mencionados como permitidos, expresamente el residencial.", "P_DO": "30/06/2007", "N_DOC": "20", "T_DO": "Resolución", "OBS": null }, "geometry": { "type": "Polygon", "coordinates": [ [ [ -72.5472243216782, -36.300160178267603 ], [ -72.547297522810695, -36.300163725228401 ], [ -72.547371867154894, -36.300140537092602 ], [ -72.547419206691202, -36.300093358467002 ], [ -72.547438656162598, -36.300054637404003 ], [ -72.547438764177699, -36.300005046973297 ], [ -72.547427711246698, -36.2999691395596 ], [ -72.547417609302599, -36.299954181646598 ], [ -72.547183694221602, -36.299783763035101 ], [ -72.547007625452295, -36.299677493576098 ], [ -72.547069064193906, -36.300067954040003 ], [ -72.547164461141605, -36.300139070365603 ], [ -72.5472243216782, -36.300160178267603 ] ] ] } },
{ "type": "Feature", "properties": { "id": "monoparte.106", "Name": null, "description": null, "timestamp": null, "begin": null, "end": null, "altitudeMode": null, "tessellate": -1, "extrude": 0, "visibility": -1, "drawOrder": null, "icon": null, "REG": "Ñuble", "COM": "Quirihue", "LOC": "Quirihue", "ZONA": "ZP", "NOM": "ZP Zona de Protección de Drenaje", "UPERM": "Equipamiento de esparcimiento sin construcciones.", "UPROH": "Todos los usos de suelo no mencionados como permitidos, expresamente el residencial.", "P_DO": "30/06/2007", "N_DOC": "20", "T_DO": "Resolución", "OBS": null }, "geometry": { "type": "Polygon", "coordinates": [ [ [ -72.522077069125302, -36.292017786676404 ], [ -72.522056484132506, -36.292364444246097 ], [ -72.522140911616106, -36.292334984382997 ], [ -72.522249662558806, -36.292199465031402 ], [ -72.522325854956307, -36.292125697962298 ], [ -72.522386169403404, -36.292091734841797 ], [ -72.522524861372204, -36.292016883760397 ], [ -72.522532336340603, -36.292014977434498 ], [ -72.522698412998395, -36.2919726225227 ], [ -72.522871549977097, -36.2918936112697 ], [ -72.522988056822896, -36.291799582293699 ], [ -72.523079857572498, -36.291680058296002 ], [ -72.523154011230403, -36.291561054852998 ], [ -72.523177479403302, -36.291493610095898 ], [ -72.523264147522596, -36.2913909254912 ], [ -72.523365198376595, -36.2912806640608 ], [ -72.523471119410601, -36.291213171632201 ], [ -72.523772950797607, -36.291049305678897 ], [ -72.524271379956502, -36.290738981990302 ], [ -72.524596667427801, -36.290504942902402 ], [ -72.524425413397495, -36.2903130205924 ], [ -72.524211813116807, -36.2904951884695 ], [ -72.524074346753594, -36.290581492568798 ], [ -72.523799576161906, -36.290757672642798 ], [ -72.523524160056894, -36.290919566297703 ], [ -72.523351402153196, -36.291006911754501 ], [ -72.523145603256395, -36.291145295136097 ], [ -72.523014796799202, -36.291281465894102 ], [ -72.522940696739099, -36.291401659743102 ], [ -72.522843501961802, -36.291597630837003 ], [ -72.522754720617101, -36.291686073529803 ], [ -72.5226818155747, -36.291734712181501 ], [ -72.522642755303494, -36.291750168325699 ], [ -72.522549758096602, -36.291774676014498 ], [ -72.522542279397896, -36.291776647325598 ], [ -72.522421997351401, -36.291808174174797 ], [ -72.522167989321503, -36.291955130330003 ], [ -72.522077069125302, -36.292017786676404 ] ] ] } },
{ "type": "Feature", "properties": { "id": "monoparte.107", "Name": null, "description": null, "timestamp": null, "begin": null, "end": null, "altitudeMode": null, "tessellate": -1, "extrude": 0, "visibility": -1, "drawOrder": null, "icon": null, "REG": "Ñuble", "COM": "Quirihue", "LOC": "Quirihue", "ZONA": "ZP", "NOM": "ZP Zona de Protección de Drenaje", "UPERM": "Equipamiento de esparcimiento sin construcciones.", "UPROH": "Todos los usos de suelo no mencionados como permitidos, expresamente el residencial.", "P_DO": "30/06/2007", "N_DOC": "20", "T_DO": "Resolución", "OBS": null }, "geometry": { "type": "Polygon", "coordinates": [ [ [ -72.550477263068501, -36.294964276360602 ], [ -72.550465499469695, -36.294964626117 ], [ -72.550291189963104, -36.295114635381204 ], [ -72.550129384945805, -36.295248180286102 ], [ -72.549941434877496, -36.295389654585101 ], [ -72.549870488924995, -36.295481162783403 ], [ -72.549813911110704, -36.295597275299897 ], [ -72.549766480784697, -36.295720268235399 ], [ -72.549708121812998, -36.295797098350903 ], [ -72.549631629429399, -36.295863738915799 ], [ -72.549529154189599, -36.295941880312398 ], [ -72.549461323215297, -36.296004688036199 ], [ -72.549386774278503, -36.296114183076099 ], [ -72.549350309643501, -36.296186786071303 ], [ -72.549335255123694, -36.296244448856299 ], [ -72.549338818786396, -36.296323014447502 ], [ -72.549345498437503, -36.296372879761897 ], [ -72.549356264850701, -36.296415471238603 ], [ -72.549371606241394, -36.296461502912898 ], [ -72.549400019006299, -36.296503569874403 ], [ -72.5494599616773, -36.296559003462399 ], [ -72.549514844595194, -36.296600283588702 ], [ -72.549672895921304, -36.296676044615303 ], [ -72.549695925025006, -36.296696815341797 ], [ -72.549714543424699, -36.296717718078597 ], [ -72.549715839453796, -36.296746287207 ], [ -72.5496496280267, -36.296844806922699 ], [ -72.5495402729142, -36.2969660643463 ], [ -72.549497452261704, -36.296995944835203 ], [ -72.549471306027897, -36.2970038734816 ], [ -72.549105628656903, -36.297025470093402 ], [ -72.548853797818396, -36.297039883477197 ], [ -72.548701988455804, -36.297035047759003 ], [ -72.548690183809896, -36.297034671437601 ], [ -72.548479919804393, -36.297027973855997 ], [ -72.5482805871479, -36.297016017050098 ], [ -72.548191950007507, -36.297009710804801 ], [ -72.548082906426799, -36.296959311680297 ], [ -72.547977809962106, -36.296914754581898 ], [ -72.547969443851699, -36.296730245356599 ], [ -72.547934803819004, -36.296534596147701 ], [ -72.547929507476994, -36.296498993468603 ], [ -72.547812977875395, -36.2964458367872 ], [ -72.547718506573403, -36.296392023748503 ], [ -72.547644236640807, -36.296215431824102 ], [ -72.547569394226002, -36.296107396336602 ], [ -72.547472899802997, -36.2960089440312 ], [ -72.547334655716497, -36.2958925976085 ], [ -72.547326330691007, -36.295885591626302 ], [ -72.547312153606697, -36.295873660559501 ], [ -72.547116771723594, -36.295542727195297 ], [ -72.547019087272005, -36.295430171780197 ], [ -72.547015781676194, -36.295440268690399 ], [ -72.546895535260802, -36.295807562487703 ], [ -72.546984008636997, -36.295919167992601 ], [ -72.547036387271206, -36.296018931119697 ], [ -72.547124315090997, -36.2960908182202 ], [ -72.547286139643703, -36.296249910238998 ], [ -72.5474339010363, -36.296504778416001 ], [ -72.547474307137605, -36.296584037262598 ], [ -72.547579672710995, -36.296634546237698 ], [ -72.547617515475295, -36.2966572614136 ], [ -72.547634886041195, -36.296796804022101 ], [ -72.547517108687202, -36.296797323293198 ], [ -72.547326342890898, -36.296811930400601 ], [ -72.547122087090898, -36.296853757955901 ], [ -72.547056923832599, -36.296878042715399 ], [ -72.547021644249497, -36.296911871002301 ], [ -72.546988523018399, -36.296993314033401 ], [ -72.546927610033094, -36.297111341707598 ], [ -72.546861132597996, -36.297202211820199 ], [ -72.546880081374596, -36.297887889984899 ], [ -72.546888247814707, -36.298033297887599 ], [ -72.546948888705899, -36.297986821826697 ], [ -72.547002989671697, -36.297880915293597 ], [ -72.547042655013399, -36.297781398747297 ], [ -72.547057798622802, -36.297709428825499 ], [ -72.547051019742796, -36.297641091600497 ], [ -72.547040833462304, -36.297578814094301 ], [ -72.547042082336304, -36.297525137828501 ], [ -72.547051762537293, -36.297495050547496 ], [ -72.547124109507706, -36.297385622278803 ], [ -72.547194534085705, -36.297314990824802 ], [ -72.547220436962306, -36.297236742770799 ], [ -72.547250961275196, -36.297179216253902 ], [ -72.547281890288701, -36.297130617719397 ], [ -72.547297197703898, -36.297115940250698 ], [ -72.547317169884295, -36.2970967902571 ], [ -72.547386345382705, -36.2970798349698 ], [ -72.547522235714297, -36.297072818311598 ], [ -72.547617551473294, -36.297064027224998 ], [ -72.547654315068101, -36.297062935016498 ], [ -72.547737219342594, -36.297105171123903 ], [ -72.547827880567596, -36.297156116717403 ], [ -72.547970550585006, -36.297217437586902 ], [ -72.548097840824198, -36.297264314943099 ], [ -72.548198317164207, -36.297288149481901 ], [ -72.548327935249802, -36.297305157689202 ], [ -72.548486962770198, -36.297321291820801 ], [ -72.548579412368596, -36.297330464244098 ], [ -72.549207149377295, -36.297314192267699 ], [ -72.549567931216799, -36.297282012285699 ], [ -72.549634129854795, -36.297637641061399 ], [ -72.549447736055498, -36.297683709005 ], [ -72.549406992330901, -36.297694456565502 ], [ -72.549387376404098, -36.297716494919101 ], [ -72.549360341713296, -36.297769746459998 ], [ -72.549336679132395, -36.2978324333492 ], [ -72.549306703040799, -36.297885771406897 ], [ -72.549293833592301, -36.297926681289297 ], [ -72.549280855060402, -36.297965211192398 ], [ -72.549256977479303, -36.2980231362152 ], [ -72.549244863948402, -36.298080711573803 ], [ -72.549232966403295, -36.298143048754397 ], [ -72.549217586428995, -36.298193568833803 ], [ -72.549184780964595, -36.298379302490602 ], [ -72.549172050896004, -36.298618078578798 ], [ -72.549168252754598, -36.298858972403899 ], [ -72.549189146797602, -36.299189724408897 ], [ -72.549197030555604, -36.299363520114497 ], [ -72.549157581884103, -36.299402836770099 ], [ -72.549145468150797, -36.2994604121237 ], [ -72.549115706286003, -36.299518512018501 ], [ -72.5490945535538, -36.299571587783703 ], [ -72.549025372296697, -36.299734562240197 ], [ -72.548946707048103, -36.299915698542101 ], [ -72.549096420762794, -36.300781399818099 ], [ -72.548754670023598, -36.300714078459102 ], [ -72.548349306211705, -36.300640301126798 ], [ -72.548130576422295, -36.300622961309998 ], [ -72.547965652204596, -36.300623093554599 ], [ -72.547830572709699, -36.300631875322999 ], [ -72.547615358474104, -36.300684060702103 ], [ -72.5475392573139, -36.300702514028202 ], [ -72.547186964819602, -36.300814328507599 ], [ -72.547235090160299, -36.301111515136199 ], [ -72.547399240264397, -36.301057118090803 ], [ -72.547634025869101, -36.300973855389302 ], [ -72.547657480363299, -36.300967780308703 ], [ -72.547852351221906, -36.300917305743702 ], [ -72.548039834500798, -36.300895047137701 ], [ -72.5482549757957, -36.300898189907798 ], [ -72.548394400797093, -36.300920270289701 ], [ -72.548665508894004, -36.300988500948598 ], [ -72.548803072667795, -36.301034476467201 ], [ -72.548896734706801, -36.301086523968102 ], [ -72.549060518214503, -36.301165095793998 ], [ -72.549181731122601, -36.301240163589 ], [ -72.549253275719394, -36.301583713788702 ], [ -72.549327874223295, -36.302059482811899 ], [ -72.549331787797598, -36.302080822664003 ], [ -72.5490415487955, -36.302175272547998 ], [ -72.548923117010006, -36.302226472277802 ], [ -72.548881938859694, -36.302227696144499 ], [ -72.548777158666894, -36.302190282930397 ], [ -72.548646122555894, -36.302158417266803 ], [ -72.547951575791998, -36.302105153282596 ], [ -72.547844633340603, -36.302094864068899 ], [ -72.547572933773097, -36.3020687236315 ], [ -72.547389597087303, -36.3020656160664 ], [ -72.547436032776204, -36.302352353947803 ], [ -72.547722266984493, -36.302374203724298 ], [ -72.547886228760106, -36.302380307505501 ], [ -72.548220856021899, -36.3023927647966 ], [ -72.548496123243496, -36.302422728882597 ], [ -72.548546556736994, -36.302430765676199 ], [ -72.548558646541906, -36.302437557848201 ], [ -72.548373185657695, -36.302569420517997 ], [ -72.548084645052896, -36.302766328570101 ], [ -72.547953291506303, -36.3028741850651 ], [ -72.547911434371102, -36.302908554189599 ], [ -72.547767905631105, -36.303055857066802 ], [ -72.547732825921301, -36.3030616675929 ], [ -72.547542019505499, -36.303053866248803 ], [ -72.547573026094796, -36.303261568277897 ], [ -72.547724031422106, -36.303257415129004 ], [ -72.547589854364603, -36.303374297849899 ], [ -72.547623312522504, -36.303598422142898 ], [ -72.547979576026506, -36.303307037492999 ], [ -72.548015999610996, -36.3032663045473 ], [ -72.548119731330502, -36.303150298120102 ], [ -72.548226966104394, -36.303046984818302 ], [ -72.5483317990317, -36.302955662504402 ], [ -72.548579809128995, -36.302774262200302 ], [ -72.548837614443997, -36.302614025566797 ], [ -72.548964859382494, -36.302536340440703 ], [ -72.549141037477099, -36.3024595848579 ], [ -72.549374179738706, -36.302404975160897 ], [ -72.549504197113905, -36.3023981305872 ], [ -72.549533007069499, -36.302546272665097 ], [ -72.549616365808703, -36.302841790736601 ], [ -72.549694729054593, -36.303027199348101 ], [ -72.549813233946296, -36.303285913306702 ], [ -72.549864511312407, -36.303442327323097 ], [ -72.549882188649903, -36.303507361464 ], [ -72.549894839219206, -36.303542744453701 ], [ -72.549906949672604, -36.303566224703602 ], [ -72.549915052369499, -36.3037447819612 ], [ -72.5499410351986, -36.303992836407403 ], [ -72.549945491789302, -36.304091042979302 ], [ -72.549947517497202, -36.304135681838602 ], [ -72.5499171279764, -36.304196184715899 ], [ -72.549848185846201, -36.304299554043901 ], [ -72.549818202403003, -36.304368983922103 ], [ -72.549726899255404, -36.304547516746297 ], [ -72.549685074071206, -36.304599419542399 ], [ -72.549653873942603, -36.304642066462399 ], [ -72.549588773981597, -36.304667842053298 ], [ -72.549533623906498, -36.304669481531597 ], [ -72.549430270284105, -36.304663613917903 ], [ -72.549271496518699, -36.304653433299201 ], [ -72.549055516539497, -36.304680712837303 ], [ -72.548440934078798, -36.3047675181028 ], [ -72.5482763638027, -36.304770762544102 ], [ -72.548142985231493, -36.304773392535502 ], [ -72.547825085530903, -36.304758647918099 ], [ -72.547874238731396, -36.3050392876549 ], [ -72.548311971574194, -36.305057427902497 ], [ -72.548334138755294, -36.305055710445501 ], [ -72.548499079546303, -36.305042927427102 ], [ -72.548847154299693, -36.305005762562402 ], [ -72.549124694340904, -36.304955793885803 ], [ -72.549219884299902, -36.304944024422099 ], [ -72.549344892648605, -36.304940308508002 ], [ -72.549469900974401, -36.304936592463498 ], [ -72.549570237999404, -36.304924669715099 ], [ -72.549689544262904, -36.304876423864897 ], [ -72.549767461483, -36.304808547781903 ], [ -72.549868008241802, -36.304671460398403 ], [ -72.549991321401095, -36.304468136392302 ], [ -72.550108225516894, -36.304285862516203 ], [ -72.550145562444797, -36.3042162130346 ], [ -72.550161110239003, -36.3041531716867 ], [ -72.550173250644605, -36.304096191044401 ], [ -72.550159550308805, -36.303956539943499 ], [ -72.550277983827101, -36.304051357633497 ], [ -72.550391795830095, -36.304125452925298 ], [ -72.550512015214807, -36.304178496985998 ], [ -72.550553404992499, -36.304198125925801 ], [ -72.5505875749691, -36.304220950138301 ], [ -72.550618609975899, -36.3042557863551 ], [ -72.550672919987903, -36.304316751327001 ], [ -72.550718226031606, -36.304422682195998 ], [ -72.550739987078998, -36.304496534735399 ], [ -72.550811946651606, -36.304702992584403 ], [ -72.550849629134305, -36.304803190703701 ], [ -72.550888962913703, -36.304858640632197 ], [ -72.550917671727106, -36.3049233456154 ], [ -72.550952383603303, -36.304958073286102 ], [ -72.550968035884694, -36.304978467480701 ], [ -72.551052070003095, -36.305126456100702 ], [ -72.551117111226603, -36.305261600429098 ], [ -72.551153579657793, -36.305335015459903 ], [ -72.551178477400697, -36.305396854015498 ], [ -72.551203510277304, -36.3054616682426 ], [ -72.551221324402704, -36.3055296777598 ], [ -72.551232189946305, -36.305606833929502 ], [ -72.551231891135302, -36.305681341549104 ], [ -72.551216585654501, -36.305830795127399 ], [ -72.551234236251005, -36.305976288829299 ], [ -72.5512566738538, -36.306065020502203 ], [ -72.551309065676406, -36.3061647809402 ], [ -72.551424392686101, -36.3063532605061 ], [ -72.551526692291404, -36.306457496671399 ], [ -72.551604146529598, -36.306541611199499 ], [ -72.551684196438202, -36.306601809990298 ], [ -72.551737022577001, -36.306630038275998 ], [ -72.5517899838716, -36.306661242212897 ], [ -72.551842404682702, -36.306680542517597 ], [ -72.551905856013505, -36.306699514663897 ], [ -72.551973660658803, -36.306733257552999 ], [ -72.552003885427894, -36.306750238385199 ], [ -72.552022945648901, -36.306764570746203 ], [ -72.552107888834101, -36.306851442730697 ], [ -72.552224274531895, -36.306982078255899 ], [ -72.552293566215994, -36.307048556065702 ], [ -72.552414737532303, -36.3071224302902 ], [ -72.552459805834204, -36.307141949064302 ], [ -72.552519850418406, -36.307166982520499 ], [ -72.552572272844401, -36.3071862824413 ], [ -72.552639401222805, -36.307205144774699 ], [ -72.552791772388204, -36.307236370932799 ], [ -72.552958851777205, -36.307267158320599 ], [ -72.553062748478396, -36.307284926291899 ], [ -72.553140772430993, -36.307300484413297 ], [ -72.553184894690006, -36.307299171393602 ], [ -72.553251482535103, -36.307306129781601 ], [ -72.553260053339898, -36.307332694673001 ], [ -72.553269163753896, -36.307371162282998 ], [ -72.553270921241094, -36.3074098496134 ], [ -72.553272813951693, -36.307451513514899 ], [ -72.553274165825897, -36.307481272030401 ], [ -72.553297308568304, -36.307504423566499 ], [ -72.553327670202506, -36.307524379667399 ], [ -72.553357760333796, -36.307538383550401 ], [ -72.553384444429696, -36.307558449981897 ], [ -72.5534222942848, -36.307581162897399 ], [ -72.553445166686998, -36.3075983621587 ], [ -72.553482205369093, -36.307603219228099 ], [ -72.553527002700207, -36.307616786259103 ], [ -72.553560905741904, -36.307633657204697 ], [ -72.553674996490898, -36.307713700208303 ], [ -72.553795900749407, -36.307781620621199 ], [ -72.553868599407707, -36.307842035761702 ], [ -72.553877170492797, -36.307868600591902 ], [ -72.553885875677295, -36.307898141123701 ], [ -72.553887363052297, -36.307930876186198 ], [ -72.553896335113294, -36.307982460488901 ], [ -72.553909257701406, -36.308023795162399 ], [ -72.553921911003002, -36.308059178462202 ], [ -72.553937836284007, -36.3080855243863 ], [ -72.553961789587007, -36.308126530718198 ], [ -72.553973902013595, -36.308150009534103 ], [ -72.554004128860498, -36.308166989768701 ], [ -72.554189162248804, -36.308268760790902 ], [ -72.554333481565294, -36.308365783242301 ], [ -72.554454521514302, -36.308436678594802 ], [ -72.554514974529994, -36.308470638819998 ], [ -72.554571208933496, -36.308492804031303 ], [ -72.554637393225605, -36.3084908336483 ], [ -72.554747969774695, -36.308493501861001 ], [ -72.554814423469594, -36.308497483645198 ], [ -72.554890530691296, -36.308551836350503 ], [ -72.554922650396506, -36.308610479284297 ], [ -72.554931283665894, -36.308643031292704 ], [ -72.554935980547697, -36.308660741670998 ], [ -72.554966317455097, -36.308761156969702 ], [ -72.554987272418501, -36.308817152610601 ], [ -72.554999926357496, -36.308852535758099 ], [ -72.555043618109806, -36.308922753768599 ], [ -72.555141068380493, -36.309028177069699 ], [ -72.555331853823702, -36.308824424539701 ], [ -72.555446325806997, -36.308698956562097 ], [ -72.555478073954205, -36.308619817439499 ], [ -72.555317969354107, -36.308640427748202 ], [ -72.555292501923901, -36.308647146379499 ], [ -72.555223772712495, -36.308512114451197 ], [ -72.555178998931396, -36.308418089379899 ], [ -72.555128900079694, -36.308368921835097 ], [ -72.555072123431103, -36.308334852462401 ], [ -72.555011806709203, -36.308303869058797 ], [ -72.554948082892594, -36.308278946451303 ], [ -72.554913773515395, -36.308253148036201 ], [ -72.5551879804474, -36.308169985786499 ], [ -72.555157471452702, -36.308150281449102 ], [ -72.555010983930003, -36.308089798997003 ], [ -72.554851329787397, -36.308050687857801 ], [ -72.554677764777793, -36.308021008118097 ], [ -72.5545770262015, -36.308183311327802 ], [ -72.554361905507804, -36.308051444895398 ], [ -72.554280106260904, -36.308001433020102 ], [ -72.554246775485495, -36.307980969080297 ], [ -72.554214332041298, -36.3079151841333 ], [ -72.554205656662305, -36.307789091483301 ], [ -72.554181496267006, -36.307711140281597 ], [ -72.554146435885698, -36.307652584654001 ], [ -72.5541092993234, -36.307613161935798 ], [ -72.5540092018161, -36.307549390742402 ], [ -72.5539602999755, -36.307510319078197 ], [ -72.553734282103306, -36.307397847810499 ], [ -72.553641041882301, -36.307355327433697 ], [ -72.553617185422596, -36.307348885116802 ], [ -72.553591684544003, -36.307241411895099 ], [ -72.553562291789703, -36.3071779200639 ], [ -72.553539430140304, -36.307128536739903 ], [ -72.553502726800701, -36.307098637386197 ], [ -72.553382472806305, -36.307045001079999 ], [ -72.553177890849, -36.307015329411499 ], [ -72.552934638730605, -36.306977272523397 ], [ -72.552810125217107, -36.3069595223172 ], [ -72.552705443884705, -36.306924493064102 ], [ -72.552601568167802, -36.3068942088805 ], [ -72.552516179685995, -36.306829997819897 ], [ -72.552466630266807, -36.306776640976203 ], [ -72.552388769385701, -36.3066835982508 ], [ -72.552274314230601, -36.306563037489298 ], [ -72.552222472250705, -36.306524052540901 ], [ -72.552159404431606, -36.306497320320901 ], [ -72.552075531488796, -36.306466440573203 ], [ -72.551988391502405, -36.306428504701501 ], [ -72.551861824988805, -36.306365519021298 ], [ -72.551774817275898, -36.306265596504403 ], [ -72.551659498882699, -36.306125988745499 ], [ -72.551584105586201, -36.3060223822891 ], [ -72.551559060679693, -36.305989752302999 ], [ -72.551554759878101, -36.305830153353597 ], [ -72.551578506514602, -36.305834215250201 ], [ -72.551617177229502, -36.305842600557298 ], [ -72.551640600713498, -36.305839520601602 ], [ -72.551655199408401, -36.3058367022388 ], [ -72.551782326113496, -36.3058748076635 ], [ -72.551782255185401, -36.305873245590497 ], [ -72.551788312654907, -36.3057471919238 ], [ -72.551794803622798, -36.3056306609299 ], [ -72.551788281202306, -36.305579197266603 ], [ -72.551664570186205, -36.305524123006201 ], [ -72.551551175763706, -36.305491735963102 ], [ -72.551539086340895, -36.305484944104499 ], [ -72.551532577712194, -36.305406466316597 ], [ -72.551441270085505, -36.3051469454143 ], [ -72.551351778427005, -36.304992265296796 ], [ -72.551253894816696, -36.304847370264703 ], [ -72.551196086729107, -36.304741810556003 ], [ -72.551173335464597, -36.304694807544102 ], [ -72.551251778755002, -36.3046710183634 ], [ -72.551298841162605, -36.304669618634499 ], [ -72.5513431770962, -36.3046730682156 ], [ -72.551385113020601, -36.304688508853097 ], [ -72.551429450077805, -36.304691958368302 ], [ -72.551471276821403, -36.304705018104002 ], [ -72.551498073814003, -36.304711372514198 ], [ -72.551525087002005, -36.304722488723797 ], [ -72.5515750352601, -36.304727130032902 ], [ -72.551562379682593, -36.304673686309002 ], [ -72.551518744761793, -36.304594882874397 ], [ -72.551502137418296, -36.304488575380098 ], [ -72.551494237457703, -36.304418751881997 ], [ -72.551381183690296, -36.3044073168981 ], [ -72.5512723537705, -36.304410553752703 ], [ -72.551096304256703, -36.304425325236302 ], [ -72.551013344574798, -36.304284754361099 ], [ -72.5510111757212, -36.304257624052703 ], [ -72.550954778796196, -36.304185733273997 ], [ -72.5509262540088, -36.304141286022201 ], [ -72.550867450670793, -36.304078668053599 ], [ -72.550814530420695, -36.304015874201603 ], [ -72.550777937686107, -36.303988354763703 ], [ -72.550742100307403, -36.303977500782104 ], [ -72.550699625698797, -36.303950156229597 ], [ -72.550642335486799, -36.303920868106097 ], [ -72.550585045316296, -36.303891579952499 ], [ -72.5505004182465, -36.303844032590597 ], [ -72.550400113514002, -36.303775496061597 ], [ -72.550236788890103, -36.303616335525902 ], [ -72.550181360127198, -36.30356315153 ], [ -72.550122773885207, -36.303505294046403 ], [ -72.5500999156652, -36.303455910759197 ], [ -72.550067934373999, -36.303335278728703 ], [ -72.549998711784397, -36.303172842455197 ], [ -72.549957042101099, -36.303033427271998 ], [ -72.549844506734601, -36.302760231263498 ], [ -72.549771587585496, -36.302581217682302 ], [ -72.549758551238199, -36.302488629964103 ], [ -72.549750615809799, -36.302443570296703 ], [ -72.549798324009203, -36.3024564558145 ], [ -72.550206789656201, -36.302565894787399 ], [ -72.550787126256395, -36.302739991657802 ], [ -72.551286242283197, -36.302859707715101 ], [ -72.551232429791796, -36.302595903311399 ], [ -72.551222727042699, -36.302547462510397 ], [ -72.551144941386696, -36.302544593186099 ], [ -72.550716189433103, -36.302426225135697 ], [ -72.550444306726305, -36.302348089434901 ], [ -72.550217636270503, -36.302285693230402 ], [ -72.549916354049003, -36.302201676303099 ], [ -72.549728785190595, -36.302157188716798 ], [ -72.549719637859894, -36.302150308289796 ], [ -72.549710381429605, -36.302141047886302 ], [ -72.5497063608708, -36.302117328010901 ], [ -72.549705280610297, -36.302093519825199 ], [ -72.549700419596306, -36.301986386137301 ], [ -72.549691129636599, -36.301781639689601 ], [ -72.549647540860605, -36.301535002291601 ], [ -72.549546265471093, -36.301055496118202 ], [ -72.549522893420004, -36.3009298406038 ], [ -72.549410412405393, -36.300527907987203 ], [ -72.549309157131802, -36.300113722742402 ], [ -72.549307537061594, -36.300078010886402 ], [ -72.5493125557676, -36.300058789644403 ], [ -72.549325533473706, -36.300020260663302 ], [ -72.5493324387744, -36.299912776276599 ], [ -72.549342043045797, -36.299864811082699 ], [ -72.549353699424898, -36.299862081385797 ], [ -72.549395740324101, -36.2998799029073 ], [ -72.549535247734795, -36.299968731319296 ], [ -72.5498157995019, -36.300115350171097 ], [ -72.549854142001607, -36.300116593528799 ], [ -72.549940625649299, -36.300140246884901 ], [ -72.550384299964705, -36.300223765063002 ], [ -72.550859379682507, -36.300306884673503 ], [ -72.550817184959598, -36.300007234856402 ], [ -72.550530315877495, -36.299953014740503 ], [ -72.550333841582798, -36.299923096584997 ], [ -72.550010555683798, -36.299864010270802 ], [ -72.549953916958501, -36.299849006173801 ], [ -72.549655092484002, -36.299689104537698 ], [ -72.549452849439106, -36.299580685804301 ], [ -72.549452093392802, -36.299564020332603 ], [ -72.5494689843527, -36.299546830302098 ], [ -72.549474002995296, -36.299527609056 ], [ -72.549487952591505, -36.299510506455597 ], [ -72.549493403281303, -36.299500808849601 ], [ -72.549498420804298, -36.299481587635903 ], [ -72.549546286515394, -36.299368118327799 ], [ -72.549510975780706, -36.298849461127602 ], [ -72.549520057872996, -36.298465371095098 ], [ -72.549805646347707, -36.298528400688703 ], [ -72.549959233841406, -36.298538138616898 ], [ -72.550190302343395, -36.298544659148902 ], [ -72.550538046105004, -36.298581999612502 ], [ -72.550671911221102, -36.298595700088804 ], [ -72.550671049038499, -36.2985850161065 ], [ -72.550651008988098, -36.298317144377897 ], [ -72.550517621804204, -36.298294145461199 ], [ -72.550170419485198, -36.298268709409903 ], [ -72.549912503149301, -36.298254643444402 ], [ -72.549567983810604, -36.298190981728297 ], [ -72.549567443758207, -36.298179077175902 ], [ -72.549563207527001, -36.298150595448398 ], [ -72.549576616870496, -36.298121589196398 ], [ -72.549580878320597, -36.298085703407999 ], [ -72.5496049727642, -36.298032539220998 ], [ -72.549664168498296, -36.297909196596102 ], [ -72.549878330405605, -36.297890910465199 ], [ -72.549930298175795, -36.297867910266397 ], [ -72.549996048797496, -36.2976943087873 ], [ -72.549962233441505, -36.297533203763599 ], [ -72.549862907584298, -36.297096552001399 ], [ -72.549946387321498, -36.296989175290904 ], [ -72.550039902496593, -36.296843356046899 ], [ -72.550059650924794, -36.296759330110298 ], [ -72.550056194501906, -36.296683145496097 ], [ -72.5500433078588, -36.296626313301097 ], [ -72.550032703065099, -36.296587293274698 ], [ -72.549991378374997, -36.296552761790601 ], [ -72.549863965896705, -36.296470726553103 ], [ -72.549713361501603, -36.2963643482069 ], [ -72.549692961242698, -36.296304164033899 ], [ -72.549698219798003, -36.296225336213197 ], [ -72.549719305866404, -36.296203253214003 ], [ -72.549757390196604, -36.296166361986899 ], [ -72.549871803797998, -36.2960592578426 ], [ -72.549956471712903, -36.295978069353801 ], [ -72.550028226925804, -36.295904417050899 ], [ -72.550089702446996, -36.295798886478899 ], [ -72.5501542923692, -36.295664655634603 ], [ -72.550174892119898, -36.295631859373799 ], [ -72.550276394174205, -36.295532291089501 ], [ -72.550334898799804, -36.295484103679698 ], [ -72.550380526995696, -36.295457715623201 ], [ -72.550422455994195, -36.295421185632698 ], [ -72.550463510292104, -36.295391357354497 ], [ -72.550753803505202, -36.2956156345615 ], [ -72.550755158843202, -36.2956099844588 ], [ -72.550772012929102, -36.295514123878498 ], [ -72.550834369393002, -36.295289959897097 ], [ -72.550717054389594, -36.295189763295802 ], [ -72.5509236054789, -36.294969167734898 ], [ -72.551011028381495, -36.294654888903501 ], [ -72.551092541025398, -36.294322521925899 ], [ -72.551169047488401, -36.294019582685998 ], [ -72.550992281170295, -36.294142602676303 ], [ -72.550784347546895, -36.294427710708497 ], [ -72.550688032657604, -36.294641556659201 ], [ -72.550631457704895, -36.2947576694432 ], [ -72.550477263068501, -36.294964276360602 ] ] ] } },
{ "type": "Feature", "properties": { "id": "monoparte.108", "Name": null, "description": null, "timestamp": null, "begin": null, "end": null, "altitudeMode": null, "tessellate": -1, "extrude": 0, "visibility": -1, "drawOrder": null, "icon": null, "REG": "Ñuble", "COM": "Quirihue", "LOC": "Quirihue", "ZONA": "ZP", "NOM": "ZP Zona de Protección de Drenaje", "UPERM": "Equipamiento de esparcimiento sin construcciones.", "UPROH": "Todos los usos de suelo no mencionados como permitidos, expresamente el residencial.", "P_DO": "30/06/2007", "N_DOC": "20", "T_DO": "Resolución", "OBS": null }, "geometry": { "type": "Polygon", "coordinates": [ [ [ -72.551184773777507, -36.2860561325734 ], [ -72.551192935709906, -36.286132176401601 ], [ -72.5511808269234, -36.2861293035673 ], [ -72.551128639856302, -36.286116923637799 ], [ -72.551042392571404, -36.286085158940999 ], [ -72.551006672697994, -36.286076685440499 ], [ -72.551000202607995, -36.286078290633803 ], [ -72.550971730421097, -36.286085353413 ], [ -72.550939659380504, -36.286105378173403 ], [ -72.550912552241002, -36.286130977770199 ], [ -72.550874027301603, -36.2861645458567 ], [ -72.550847784055307, -36.286209190936603 ], [ -72.550850828112999, -36.286224357555596 ], [ -72.550876081755803, -36.286261750866899 ], [ -72.550894622277994, -36.286306971884997 ], [ -72.550912040744294, -36.286327432643603 ], [ -72.550936171253895, -36.286340065716601 ], [ -72.550958035238594, -36.286354672753497 ], [ -72.551091333126195, -36.286385038485101 ], [ -72.551318625509396, -36.286462196267401 ], [ -72.5514246437547, -36.286514351471297 ], [ -72.551602428469295, -36.286642567233898 ], [ -72.551843453681002, -36.286814674159601 ], [ -72.551921674320099, -36.286877192111596 ], [ -72.552254582659202, -36.287121730977702 ], [ -72.552504690575105, -36.2869051130806 ], [ -72.552175850485995, -36.286667471111997 ], [ -72.552169308466503, -36.286663248853102 ], [ -72.551841105577495, -36.286451426653599 ], [ -72.551673249958597, -36.286334359025901 ], [ -72.551610634001193, -36.2862523047447 ], [ -72.551557255845495, -36.286166161654201 ], [ -72.551534095622898, -36.286122985607399 ], [ -72.551519673228597, -36.286012797880602 ], [ -72.551508554288802, -36.285923490569502 ], [ -72.551502764728994, -36.285795881512001 ], [ -72.551528350990097, -36.285529069295201 ], [ -72.551533440831406, -36.28543355843 ], [ -72.551529446186805, -36.285397441439699 ], [ -72.551496962243405, -36.285356449220899 ], [ -72.551470653011904, -36.285347695100398 ], [ -72.551425609487495, -36.285341406456801 ], [ -72.551321754105103, -36.2853368657467 ], [ -72.551318645390296, -36.285337594314399 ], [ -72.551275135315294, -36.2853477875911 ], [ -72.551226855997996, -36.285374016820803 ], [ -72.551213172972695, -36.285383959280701 ], [ -72.551197741938495, -36.285407305165599 ], [ -72.551174829843802, -36.285629218836803 ], [ -72.551168058988196, -36.285791530618901 ], [ -72.551184773777507, -36.2860561325734 ] ] ] } },
{ "type": "Feature", "properties": { "id": "monoparte.109", "Name": null, "description": null, "timestamp": null, "begin": null, "end": null, "altitudeMode": null, "tessellate": -1, "extrude": 0, "visibility": -1, "drawOrder": null, "icon": null, "REG": "Ñuble", "COM": "Quirihue", "LOC": "Quirihue", "ZONA": "ZP", "NOM": "ZP Zona de Protección de Drenaje", "UPERM": "Equipamiento de esparcimiento sin construcciones.", "UPROH": "Todos los usos de suelo no mencionados como permitidos, expresamente el residencial.", "P_DO": "30/06/2007", "N_DOC": "20", "T_DO": "Resolución", "OBS": null }, "geometry": { "type": "Polygon", "coordinates": [ [ [ -72.554253524079598, -36.284851131715101 ], [ -72.554484231347899, -36.285174737416099 ], [ -72.554733755984103, -36.284954463479103 ], [ -72.554482392341498, -36.284657096490797 ], [ -72.554470630341001, -36.284657446556203 ], [ -72.554376530995398, -36.284660247136699 ], [ -72.554312701930101, -36.284681217936502 ], [ -72.554284377322602, -36.284705901209698 ], [ -72.554257024403, -36.284752010843903 ], [ -72.554246559499404, -36.284780929932801 ], [ -72.554241866946796, -36.284807293112401 ], [ -72.554249153733096, -36.284838068022303 ], [ -72.554252634978496, -36.2848498841213 ], [ -72.554253524079598, -36.284851131715101 ] ] ] } },
{ "type": "Feature", "properties": { "id": "monoparte.110", "Name": null, "description": null, "timestamp": null, "begin": null, "end": null, "altitudeMode": null, "tessellate": -1, "extrude": 0, "visibility": -1, "drawOrder": null, "icon": null, "REG": "Ñuble", "COM": "Quirihue", "LOC": "Quirihue", "ZONA": "ZP", "NOM": "ZP Zona de Protección de Drenaje", "UPERM": "Equipamiento de esparcimiento sin construcciones.", "UPROH": "Todos los usos de suelo no mencionados como permitidos, expresamente el residencial.", "P_DO": "30/06/2007", "N_DOC": "20", "T_DO": "Resolución", "OBS": null }, "geometry": { "type": "Polygon", "coordinates": [ [ [ -72.554769920238996, -36.284413716259202 ], [ -72.554901921879093, -36.284806010687497 ], [ -72.555108490790403, -36.284623654030398 ], [ -72.555185758000803, -36.2845596533422 ], [ -72.555049909884701, -36.284174503564103 ], [ -72.555047286119006, -36.284167063487402 ], [ -72.555044871411695, -36.284159889298103 ], [ -72.555023458465001, -36.284096252756598 ], [ -72.554978161240399, -36.284071377579401 ], [ -72.554939284988095, -36.284058230958401 ], [ -72.554927521971905, -36.284058581096801 ], [ -72.554854007561701, -36.284060769303501 ], [ -72.554729076371501, -36.2840978637484 ], [ -72.554697811301494, -36.2841226337327 ], [ -72.554715086579094, -36.284243702490699 ], [ -72.554768450047604, -36.2844091566663 ], [ -72.554769920238996, -36.284413716259202 ] ] ] } },
{ "type": "Feature", "properties": { "id": "monoparte.111", "Name": null, "description": null, "timestamp": null, "begin": null, "end": null, "altitudeMode": null, "tessellate": -1, "extrude": 0, "visibility": -1, "drawOrder": null, "icon": null, "REG": "Ñuble", "COM": "Quirihue", "LOC": "Quirihue", "ZONA": "ZP", "NOM": "ZP Zona de Protección de Drenaje", "UPERM": "Equipamiento de esparcimiento sin construcciones.", "UPROH": "Todos los usos de suelo no mencionados como permitidos, expresamente el residencial.", "P_DO": "30/06/2007", "N_DOC": "20", "T_DO": "Resolución", "OBS": null }, "geometry": { "type": "Polygon", "coordinates": [ [ [ -72.555382488698797, -36.283897231254997 ], [ -72.555681205651695, -36.2841492659241 ], [ -72.555916695697107, -36.283954202879002 ], [ -72.5557016245765, -36.283769664034097 ], [ -72.555627375581395, -36.283713526713697 ], [ -72.555539375235497, -36.283720914846199 ], [ -72.555452672331796, -36.2837568710273 ], [ -72.555395482719703, -36.283794333566199 ], [ -72.555374336630194, -36.283847411020602 ], [ -72.555375958463401, -36.2838831218384 ], [ -72.555382488698797, -36.283897231254997 ] ] ] } },
{ "type": "Feature", "properties": { "id": "monoparte.112", "Name": null, "description": null, "timestamp": null, "begin": null, "end": null, "altitudeMode": null, "tessellate": -1, "extrude": 0, "visibility": -1, "drawOrder": null, "icon": null, "REG": "Ñuble", "COM": "Quirihue", "LOC": "Quirihue", "ZONA": "ZP", "NOM": "ZP Zona de Protección de Drenaje", "UPERM": "Equipamiento de esparcimiento sin construcciones.", "UPROH": "Todos los usos de suelo no mencionados como permitidos, expresamente el residencial.", "P_DO": "30/06/2007", "N_DOC": "20", "T_DO": "Resolución", "OBS": null }, "geometry": { "type": "Polygon", "coordinates": [ [ [ -72.5560778143156, -36.283624365199202 ], [ -72.556205047926198, -36.283818324355401 ], [ -72.556239426252105, -36.283809184221198 ], [ -72.556573749769697, -36.283753456419802 ], [ -72.556832881059194, -36.283733485307103 ], [ -72.556719844401599, -36.283578426709198 ], [ -72.556670868372507, -36.283472606190102 ], [ -72.556651678171207, -36.283455297687702 ], [ -72.556625813297899, -36.283453088249303 ], [ -72.556593408924599, -36.283468953544002 ], [ -72.556573382541899, -36.283514249007403 ], [ -72.556516844594796, -36.283647051128 ], [ -72.556506222993804, -36.2836563074273 ], [ -72.556416138983494, -36.2835368115541 ], [ -72.556354218340303, -36.283470116050097 ], [ -72.556304888743199, -36.283444767675597 ], [ -72.5563006895553, -36.283445545961399 ], [ -72.556111571078901, -36.283479632613698 ], [ -72.556078246431397, -36.283552832346402 ], [ -72.556068030329996, -36.2835710165321 ], [ -72.556065435320505, -36.283594934095397 ], [ -72.5560778143156, -36.283624365199202 ] ] ] } },
{ "type": "Feature", "properties": { "id": "monoparte.113", "Name": null, "description": null, "timestamp": null, "begin": null, "end": null, "altitudeMode": null, "tessellate": -1, "extrude": 0, "visibility": -1, "drawOrder": null, "icon": null, "REG": "Ñuble", "COM": "Quirihue", "LOC": "Quirihue", "ZONA": "ZP", "NOM": "ZP Zona de Protección de Drenaje", "UPERM": "Equipamiento de esparcimiento sin construcciones.", "UPROH": "Todos los usos de suelo no mencionados como permitidos, expresamente el residencial.", "P_DO": "30/06/2007", "N_DOC": "20", "T_DO": "Resolución", "OBS": null }, "geometry": { "type": "Polygon", "coordinates": [ [ [ -72.559957330360405, -36.281058481117398 ], [ -72.559874431618795, -36.281119717050302 ], [ -72.5598055395659, -36.281197581073997 ], [ -72.559765665162701, -36.281253124017198 ], [ -72.559742848898196, -36.281295285550101 ], [ -72.559740554342795, -36.281322530716302 ], [ -72.559741788369806, -36.281349671612197 ], [ -72.559736095166102, -36.281379878837399 ], [ -72.559727587899502, -36.281425905471799 ], [ -72.559745068131505, -36.281538384058202 ], [ -72.559790128530807, -36.281635737685498 ], [ -72.559825987445805, -36.281686162556902 ], [ -72.559880279792296, -36.281714582722898 ], [ -72.559913985367899, -36.281756489468002 ], [ -72.559943707731307, -36.281788501820003 ], [ -72.559964804148095, -36.281825062873502 ], [ -72.559983681094906, -36.281851677869497 ], [ -72.559991842452803, -36.281875751510498 ], [ -72.559986668953897, -36.281917386294303 ], [ -72.559980121484898, -36.2819676452146 ], [ -72.559967629910702, -36.2820037766121 ], [ -72.559962131649499, -36.282038269625097 ], [ -72.559967793746594, -36.282123924559301 ], [ -72.559987839908999, -36.282176250640902 ], [ -72.560002463917201, -36.282225878482897 ], [ -72.560011079992705, -36.282259950776201 ], [ -72.560022640044295, -36.282281061443001 ], [ -72.560032110539694, -36.282295083845803 ], [ -72.560189166193496, -36.282407693341803 ], [ -72.560217719671797, -36.282413993619002 ], [ -72.560330570657797, -36.282409199562899 ], [ -72.560395664954797, -36.282364347634797 ], [ -72.560498469183599, -36.282294054555301 ], [ -72.560557166551902, -36.282225076342101 ], [ -72.560590503377696, -36.282181171083899 ], [ -72.560615028970602, -36.282098908703503 ], [ -72.560643018060503, -36.282015111329002 ], [ -72.560658656605696, -36.281931683062403 ], [ -72.560680810800093, -36.281797282280898 ], [ -72.560684359757204, -36.281719935963203 ], [ -72.560672755019397, -36.281620154451097 ], [ -72.560647141266699, -36.281422094828798 ], [ -72.560609007162697, -36.281321675196999 ], [ -72.560564271887102, -36.281231463654599 ], [ -72.560499208986897, -36.281160454388697 ], [ -72.560427348949204, -36.281095368333901 ], [ -72.560357838495094, -36.281043086060997 ], [ -72.560303416565802, -36.281011809206099 ], [ -72.560272840070695, -36.280999847720999 ], [ -72.560196521529306, -36.280992109631299 ], [ -72.560125756197493, -36.2809899283805 ], [ -72.560068678857107, -36.281003065598298 ], [ -72.560065567373698, -36.281010555776803 ], [ -72.559957330360405, -36.281058481117398 ] ], [ [ -72.560150090288403, -36.281082178174202 ], [ -72.560166981542196, -36.2810845354241 ], [ -72.560215786963397, -36.2810816497419 ], [ -72.560252278346596, -36.281087714300298 ], [ -72.560277660061999, -36.2811019759909 ], [ -72.560336720331406, -36.281138120690002 ], [ -72.560385162569204, -36.281173866476301 ], [ -72.560428636315606, -36.281216912709297 ], [ -72.560466097822598, -36.281263713433802 ], [ -72.560495523568093, -36.281308608361499 ], [ -72.560533174676905, -36.281379005805398 ], [ -72.560556052274606, -36.281474158777201 ], [ -72.560565924447801, -36.281574706472803 ], [ -72.560572319101993, -36.281734719280998 ], [ -72.560570231733905, -36.281844205796503 ], [ -72.560535883799602, -36.282001856165003 ], [ -72.560492168138694, -36.282128318340597 ], [ -72.560467328437099, -36.2821648179075 ], [ -72.560432226700598, -36.282208775747698 ], [ -72.560377095712496, -36.282259052194803 ], [ -72.560304786919303, -36.2823084107699 ], [ -72.560284854001594, -36.282316871844202 ], [ -72.560257637674596, -36.282320543930702 ], [ -72.560237153737901, -36.282316863869397 ], [ -72.560224478324102, -36.282310089372501 ], [ -72.560210889151506, -36.282302627599002 ], [ -72.560162608648895, -36.2822704531158 ], [ -72.560135040548005, -36.2822469579894 ], [ -72.560120146742406, -36.282230237399602 ], [ -72.560112996564797, -36.282208995289103 ], [ -72.560103303141204, -36.282170663527801 ], [ -72.560089984840303, -36.282130294473497 ], [ -72.560082050795302, -36.282111221071403 ], [ -72.560077872663399, -36.282097041815199 ], [ -72.560076470596997, -36.282085640568297 ], [ -72.560075788553206, -36.282070641683099 ], [ -72.560074976598997, -36.282052785910203 ], [ -72.560074592398607, -36.282024905176598 ], [ -72.5600734232018, -36.281999193187303 ], [ -72.560082314537993, -36.281981048173201 ], [ -72.560095324589, -36.281956344350498 ], [ -72.560099480130205, -36.2819311881521 ], [ -72.560101617689398, -36.281881061581998 ], [ -72.560097925921298, -36.281819307127002 ], [ -72.560082842862499, -36.281778990673899 ], [ -72.560044137211705, -36.281743669958402 ], [ -72.560015848208906, -36.281723772461902 ], [ -72.559993020564505, -36.281687978436402 ], [ -72.559968066383604, -36.281663689932998 ], [ -72.559904140242296, -36.281617677884697 ], [ -72.559886632963696, -36.281601750575298 ], [ -72.559872107705004, -36.281554265112803 ], [ -72.559838411754498, -36.281415449914903 ], [ -72.559841204554502, -36.2813602968059 ], [ -72.559862196625204, -36.281297449790003 ], [ -72.559894586123207, -36.281252142128402 ], [ -72.559940993420199, -36.281204271283698 ], [ -72.559996193687894, -36.281146080161598 ], [ -72.560017234694499, -36.281132625057602 ], [ -72.560031121496195, -36.281127205016602 ], [ -72.560043439423893, -36.2811261224291 ], [ -72.560058306052198, -36.2811228185235 ], [ -72.560066769591401, -36.281114699375102 ], [ -72.560090949675001, -36.281102535566703 ], [ -72.560107451209205, -36.2810963221607 ], [ -72.560130943753506, -36.281088470429999 ], [ -72.560150090288403, -36.281082178174202 ] ] ] } },
{ "type": "Feature", "properties": { "id": "monoparte.114", "Name": null, "description": null, "timestamp": null, "begin": null, "end": null, "altitudeMode": null, "tessellate": -1, "extrude": 0, "visibility": -1, "drawOrder": null, "icon": null, "REG": "Ñuble", "COM": "Quirihue", "LOC": "Quirihue", "ZONA": "ZP", "NOM": "ZP Zona de Protección de Drenaje", "UPERM": "Equipamiento de esparcimiento sin construcciones.", "UPROH": "Todos los usos de suelo no mencionados como permitidos, expresamente el residencial.", "P_DO": "30/06/2007", "N_DOC": "20", "T_DO": "Resolución", "OBS": null }, "geometry": { "type": "Polygon", "coordinates": [ [ [ -72.534330176671602, -36.284271551117797 ], [ -72.534391581438598, -36.2843793970032 ], [ -72.534437082656794, -36.284448044576699 ], [ -72.534486498616303, -36.284499030438496 ], [ -72.534514697808902, -36.284549689990499 ], [ -72.534523948232007, -36.284598049539703 ], [ -72.534522941336107, -36.284680088755898 ], [ -72.534512925902703, -36.284745229879299 ], [ -72.534492066049495, -36.284804969472297 ], [ -72.534438840293504, -36.284920022692198 ], [ -72.534343841269006, -36.285111646673798 ], [ -72.534148653533194, -36.285432108973303 ], [ -72.533978991902899, -36.285665802032199 ], [ -72.533787966217403, -36.285956363259501 ], [ -72.533708214283706, -36.286092226554103 ], [ -72.533653390740298, -36.286247615576599 ], [ -72.533582373572102, -36.286435668648402 ], [ -72.533536085288105, -36.286740996667596 ], [ -72.533514835519398, -36.286759505510403 ], [ -72.533458136766797, -36.286775486966498 ], [ -72.533347213963793, -36.286764464829503 ], [ -72.533164262717804, -36.286723389468399 ], [ -72.533061355728805, -36.286694249796 ], [ -72.532962054319995, -36.286647124146597 ], [ -72.532870931040193, -36.2865854516673 ], [ -72.532715510650107, -36.286154399010996 ], [ -72.532714989672399, -36.286152004154502 ], [ -72.532640145469202, -36.285967650739103 ], [ -72.532626593541494, -36.285902253553701 ], [ -72.532613516229802, -36.285808234481401 ], [ -72.532625335339205, -36.285717769716001 ], [ -72.532641068981604, -36.285635772414601 ], [ -72.532692520735907, -36.285429131786003 ], [ -72.532851475840403, -36.284958121043502 ], [ -72.532947885033906, -36.284667187672603 ], [ -72.533048316430893, -36.284465391725398 ], [ -72.533207793679495, -36.284201772446202 ], [ -72.533249001528901, -36.284136185256997 ], [ -72.533349905396705, -36.283866574061399 ], [ -72.533458511441793, -36.2836502320364 ], [ -72.533502259223596, -36.283171185816499 ], [ -72.533509340812998, -36.283132356160799 ], [ -72.533508009873103, -36.283063736708698 ], [ -72.533496919120907, -36.283013714128103 ], [ -72.533477869728699, -36.282748224745703 ], [ -72.5335105133707, -36.282688612426497 ], [ -72.533692944787603, -36.282385693321601 ], [ -72.533727956250104, -36.282300263830102 ], [ -72.533728238180998, -36.282267356015197 ], [ -72.533714662217804, -36.282240580689397 ], [ -72.533681163235897, -36.282202950787003 ], [ -72.533639487926706, -36.282179867609401 ], [ -72.533582255376601, -36.282164396208501 ], [ -72.533552196556002, -36.282163854688001 ], [ -72.533510174784396, -36.282172250347003 ], [ -72.533473575480002, -36.2821833454501 ], [ -72.533444612670195, -36.282207088598703 ], [ -72.533340614699199, -36.2823689393541 ], [ -72.533142032933299, -36.282705521731501 ], [ -72.533176227514801, -36.282993449437299 ], [ -72.533184269017099, -36.283093339916 ], [ -72.533174778781898, -36.2831179368875 ], [ -72.533177099626101, -36.283169362356901 ], [ -72.533174063491998, -36.283219516360198 ], [ -72.533143285796697, -36.283516232906102 ], [ -72.533131661905898, -36.283610982671497 ], [ -72.533117264736404, -36.283644307154503 ], [ -72.533077627394306, -36.283705556210499 ], [ -72.533058002143093, -36.283740467090396 ], [ -72.533044959861201, -36.283803790175497 ], [ -72.533012467597501, -36.283827637642503 ], [ -72.533003492968703, -36.283863662488599 ], [ -72.532980444564103, -36.283940155549303 ], [ -72.532949973914398, -36.283969664767604 ], [ -72.532905952673801, -36.283933776769402 ], [ -72.532711064041393, -36.2837650337393 ], [ -72.532584511576999, -36.283622876070403 ], [ -72.532571064636201, -36.283598957582903 ], [ -72.532431464804006, -36.283390815429101 ], [ -72.532338073888397, -36.283200474132599 ], [ -72.532181972335096, -36.282873239751297 ], [ -72.532065694131305, -36.282606332956597 ], [ -72.531826525009905, -36.282160828514499 ], [ -72.531720875811601, -36.281933658903498 ], [ -72.531674972244403, -36.281777673022198 ], [ -72.531635837774601, -36.281458421210502 ], [ -72.531633299661905, -36.281441331540897 ], [ -72.531612732784097, -36.281416192612397 ], [ -72.531561655237397, -36.281380512706001 ], [ -72.531493773247504, -36.281363925223701 ], [ -72.531437314830299, -36.281365594595997 ], [ -72.531384964919496, -36.281380015554397 ], [ -72.531333645911801, -36.281417293207099 ], [ -72.531293685937101, -36.281471398811 ], [ -72.531305148669304, -36.281529706479802 ], [ -72.531359364118799, -36.281869967977499 ], [ -72.531403289935298, -36.282040889464 ], [ -72.531415229058098, -36.282070574259897 ], [ -72.531427361511803, -36.282104544968398 ], [ -72.531446486935394, -36.282136878962802 ], [ -72.531460126577201, -36.282165083528803 ], [ -72.531479316445299, -36.282198845554298 ], [ -72.531493277195594, -36.2822341930382 ], [ -72.531543017440299, -36.282318545872599 ], [ -72.531588970240605, -36.282397289102803 ], [ -72.531609126813507, -36.282452478867903 ], [ -72.531655876962603, -36.282509742141201 ], [ -72.531718509557393, -36.282644922187501 ], [ -72.531869767285102, -36.282982313689203 ], [ -72.532075069059502, -36.283421095861499 ], [ -72.532147915632905, -36.283547676834601 ], [ -72.532215880239505, -36.283644364342699 ], [ -72.532256606443298, -36.283724691787199 ], [ -72.532406006927303, -36.2839033642529 ], [ -72.532577236929697, -36.284056787177597 ], [ -72.532796546345494, -36.284257707516403 ], [ -72.532638118932098, -36.284564207001601 ], [ -72.532540677294605, -36.284832284409198 ], [ -72.532445078613094, -36.285141216911299 ], [ -72.532340398804806, -36.2854446963672 ], [ -72.532323181241594, -36.285493838950799 ], [ -72.532309558084705, -36.285544306064999 ], [ -72.532291462682096, -36.285534828066197 ], [ -72.5322853953855, -36.285517842805397 ], [ -72.532271843860599, -36.285452445555102 ], [ -72.532245706565206, -36.285303884715397 ], [ -72.532234869577906, -36.285181191470699 ], [ -72.532241274844907, -36.284970733871397 ], [ -72.532260690727597, -36.284539611004 ], [ -72.532241129041907, -36.284262692477803 ], [ -72.532176713030694, -36.284048894379197 ], [ -72.532055817276103, -36.283640515772703 ], [ -72.531895868559104, -36.283423820235498 ], [ -72.531557427508005, -36.282931759833602 ], [ -72.531327587410303, -36.282595117291102 ], [ -72.531165087861893, -36.282334821984101 ], [ -72.531122689887596, -36.282282673855903 ], [ -72.530973982838603, -36.282119237227597 ], [ -72.530947161287003, -36.282099051378701 ], [ -72.530899338309098, -36.282083300486804 ], [ -72.5307796206761, -36.282092561291797 ], [ -72.530720003242095, -36.282128653175199 ], [ -72.530684888798802, -36.282185762662699 ], [ -72.530676047258794, -36.282250868850497 ], [ -72.530701460791605, -36.282292075191698 ], [ -72.530755620458905, -36.282343875772099 ], [ -72.530812217835503, -36.282397511751597 ], [ -72.530874981239705, -36.282483387366597 ], [ -72.530961064543803, -36.282616252693003 ], [ -72.531221152662397, -36.283003352549002 ], [ -72.531433366806795, -36.283321300964701 ], [ -72.531492028505497, -36.283420648127802 ], [ -72.531584226380303, -36.283532353336902 ], [ -72.531669452955796, -36.283646172103502 ], [ -72.531729951402696, -36.283734020773302 ], [ -72.531754560939603, -36.2838095809647 ], [ -72.531884410731706, -36.284233715509501 ], [ -72.531905690834606, -36.2843398894654 ], [ -72.531917560494605, -36.284446340808898 ], [ -72.531923317883496, -36.284573952602798 ], [ -72.531924198763306, -36.284697894527298 ], [ -72.531911081987403, -36.284772662854301 ], [ -72.531900629085897, -36.284906475602099 ], [ -72.531890090222205, -36.285038383399602 ], [ -72.531898458405905, -36.2851716395487 ], [ -72.531897792541002, -36.285261297783897 ], [ -72.531889499108303, -36.285286336819503 ], [ -72.5318764477001, -36.2852581140328 ], [ -72.5318461005036, -36.285159838187397 ], [ -72.531736757160303, -36.284876992239901 ], [ -72.531615565394802, -36.284592589937503 ], [ -72.531448748327094, -36.284288938022399 ], [ -72.531275394063996, -36.284101437826898 ], [ -72.531083134964405, -36.2839125878996 ], [ -72.5309622776239, -36.2837921930563 ], [ -72.530893572198906, -36.283731286984697 ], [ -72.530796208442396, -36.283661692452498 ], [ -72.530638055146696, -36.283550028905601 ], [ -72.530523621588003, -36.283467588111598 ], [ -72.5305007312013, -36.283430120340398 ], [ -72.530465048056499, -36.283370145326899 ], [ -72.530441556517104, -36.2833193455726 ], [ -72.530389611212996, -36.2832121702533 ], [ -72.530378654864293, -36.283178164670602 ], [ -72.530355678779401, -36.2831387928086 ], [ -72.530326966346394, -36.283076704203403 ], [ -72.530314121625693, -36.283000795914198 ], [ -72.530308762737405, -36.2829342029085 ], [ -72.530299214547199, -36.282879175982202 ], [ -72.530281200851405, -36.282845378993997 ], [ -72.530234271453097, -36.282797179471302 ], [ -72.5301509033104, -36.282776757360402 ], [ -72.5301202348071, -36.282775756351398 ], [ -72.530099320132294, -36.282782096107098 ], [ -72.530073700863795, -36.2827885749128 ], [ -72.5300275104359, -36.282809012371303 ], [ -72.530009548652203, -36.282828615478103 ], [ -72.529984530483503, -36.2828484262416 ], [ -72.529967256805094, -36.282883266239701 ], [ -72.529973473127399, -36.282968907046602 ], [ -72.529994286643003, -36.283117052843799 ], [ -72.530012901467003, -36.283164182752003 ], [ -72.530034211564896, -36.283218861159597 ], [ -72.530097877360205, -36.283350864250501 ], [ -72.530220554354202, -36.283616153107197 ], [ -72.530410578589795, -36.283755482989001 ], [ -72.530671058219198, -36.283942316417701 ], [ -72.5308165576742, -36.284086776838997 ], [ -72.530944902376106, -36.284216486114197 ], [ -72.531077866265306, -36.284344151176803 ], [ -72.531135668161497, -36.284424451708702 ], [ -72.531213579860605, -36.284532765485103 ], [ -72.531280416803398, -36.284656663884903 ], [ -72.531335146902705, -36.284773292055903 ], [ -72.531363945631696, -36.2848372844092 ], [ -72.531403443779297, -36.2849295691462 ], [ -72.531458689811103, -36.285057625135501 ], [ -72.531486855432306, -36.285159780584102 ], [ -72.531451051683405, -36.285149396136802 ], [ -72.531379272385905, -36.285124818208097 ], [ -72.531292518662099, -36.285081610791501 ], [ -72.531173635114996, -36.285005023858901 ], [ -72.531062132618302, -36.284830950939003 ], [ -72.5309810098924, -36.284703659793799 ], [ -72.530924924977597, -36.284661452848901 ], [ -72.5308535757936, -36.284646397525002 ], [ -72.530797372685498, -36.284653780678603 ], [ -72.530727655686505, -36.284674913956401 ], [ -72.530700541960101, -36.2847005084014 ], [ -72.5306745449885, -36.284750864512297 ], [ -72.530667110184098, -36.284794949399803 ], [ -72.530678152856794, -36.284830859880898 ], [ -72.530703568495099, -36.284872067028097 ], [ -72.530736384264202, -36.284920683561303 ], [ -72.530802275909707, -36.285023631380902 ], [ -72.530815240974604, -36.285049949358303 ], [ -72.530843009640904, -36.285091086005401 ], [ -72.5308610230596, -36.285124882889598 ], [ -72.530885579807304, -36.285147043174803 ], [ -72.530916301772393, -36.285201444027201 ], [ -72.5309575834074, -36.285228831399898 ], [ -72.531126901707594, -36.285326813658799 ], [ -72.531180290669695, -36.285361472040201 ], [ -72.5313524240117, -36.285417412237102 ], [ -72.5316587075435, -36.285522787815303 ], [ -72.5317765611845, -36.285576518400397 ], [ -72.532044485441901, -36.285719263325198 ], [ -72.532172562301, -36.285813576504097 ], [ -72.532230789830294, -36.285880394280902 ], [ -72.532293497656298, -36.285964959644801 ], [ -72.532329485722002, -36.286109914194398 ], [ -72.532398674707295, -36.2862756016617 ], [ -72.532536815404399, -36.286620366527799 ], [ -72.532515887755494, -36.2866460180812 ], [ -72.532465049505504, -36.286694008870498 ], [ -72.532363534065794, -36.286793563632202 ], [ -72.532216234692001, -36.286955263435601 ], [ -72.532093951821594, -36.287084040049898 ], [ -72.531929330201194, -36.287253404243799 ], [ -72.531908885550394, -36.2872897682306 ], [ -72.531892691201307, -36.287322431211997 ], [ -72.531864068243195, -36.287373341879103 ], [ -72.531766640337395, -36.287465622870798 ], [ -72.531649307570703, -36.287557300341199 ], [ -72.531504416704806, -36.287609264073097 ], [ -72.531358666430194, -36.287642182645897 ], [ -72.531282206928296, -36.287644443474498 ], [ -72.531216864583698, -36.287632070713798 ], [ -72.531150878993898, -36.287605413909901 ], [ -72.531102966627202, -36.287587759248503 ], [ -72.531060506579294, -36.2875604068077 ], [ -72.531019121640895, -36.2875568621428 ], [ -72.530972498051796, -36.287567776277498 ], [ -72.530925445991201, -36.287569167410602 ], [ -72.5308609629529, -36.287575842151199 ], [ -72.530809317660299, -36.287605976894802 ], [ -72.530745480029495, -36.287626936421397 ], [ -72.530698426810403, -36.287628327500002 ], [ -72.530574699256206, -36.287627217008399 ], [ -72.530191752724406, -36.287624233396997 ], [ -72.529985254160295, -36.287616033277601 ], [ -72.529912613000107, -36.287145323424902 ], [ -72.529919682857695, -36.287078547784397 ], [ -72.529941278217294, -36.286564873563201 ], [ -72.529961603263004, -36.286127525717802 ], [ -72.529928542840807, -36.285812289957903 ], [ -72.529869758458304, -36.285501247419099 ], [ -72.529694304601904, -36.284796955927902 ], [ -72.529638735189295, -36.284609404211601 ], [ -72.529510904860203, -36.284229835551301 ], [ -72.529415616972599, -36.2837882751788 ], [ -72.529212097094003, -36.283506303043303 ], [ -72.529126754695199, -36.2834420725437 ], [ -72.528995083309397, -36.283342974865 ], [ -72.528930878991005, -36.2833296147219 ], [ -72.528858036959505, -36.283333673593297 ], [ -72.528823436305601, -36.283349954072001 ], [ -72.528762150896995, -36.283401351540199 ], [ -72.528738333038604, -36.283447827885297 ], [ -72.528742145397203, -36.283480138119899 ], [ -72.528768761456007, -36.283548010650598 ], [ -72.528813252896299, -36.283594376200703 ], [ -72.528946590523105, -36.283678166699602 ], [ -72.528989330276801, -36.283737934584003 ], [ -72.529092051775393, -36.2838741246469 ], [ -72.529112468253899, -36.283961252501399 ], [ -72.529203702833499, -36.284365170519003 ], [ -72.529352756287594, -36.284797514036903 ], [ -72.529509454420094, -36.285399371147498 ], [ -72.529607632360893, -36.285957184879997 ], [ -72.529624068549197, -36.286269479129501 ], [ -72.529611723638396, -36.286413646510397 ], [ -72.529584510669906, -36.2868550128847 ], [ -72.5296055913619, -36.287239028303098 ], [ -72.529665695276194, -36.287647411290401 ], [ -72.528863482684102, -36.287880909729601 ], [ -72.528532523782005, -36.287986047872998 ], [ -72.527860557187694, -36.288234763650003 ], [ -72.527372079722497, -36.288373159538402 ], [ -72.526952462629893, -36.288471376305502 ], [ -72.526848309406304, -36.288512596627399 ], [ -72.526784468704804, -36.288533554163202 ], [ -72.526732391976395, -36.288554163366101 ], [ -72.526636051389801, -36.288638064633297 ], [ -72.526506069408299, -36.288824993444202 ], [ -72.526460947133501, -36.288869237688601 ], [ -72.526391439625897, -36.288895130637897 ], [ -72.526362674045103, -36.288910283971497 ], [ -72.526333265996499, -36.288911152321504 ], [ -72.526303427766706, -36.288902496800702 ], [ -72.526267708641498, -36.2888940158184 ], [ -72.526219797470404, -36.2888763582488 ], [ -72.526172315371397, -36.288868224556602 ], [ -72.526089971081007, -36.288870655837599 ], [ -72.525996292774806, -36.288882957360897 ], [ -72.525832463214698, -36.288906866495402 ], [ -72.525682328005303, -36.288973282972997 ], [ -72.525409748058905, -36.289067153492503 ], [ -72.525263562983596, -36.289090540994302 ], [ -72.524941355443005, -36.289128659577003 ], [ -72.524477127594494, -36.289151896443201 ], [ -72.524118342589105, -36.289162484367999 ], [ -72.523783083534795, -36.289172377054598 ], [ -72.523582346961803, -36.289129379863397 ], [ -72.523507982503801, -36.289162274953902 ], [ -72.523506253134002, -36.289160004906101 ], [ -72.523472700679605, -36.289151761002401 ], [ -72.523229773282907, -36.289145578217799 ], [ -72.523095927219202, -36.289155248391097 ], [ -72.522969139179096, -36.289164710207899 ], [ -72.522772493577804, -36.289139995540701 ], [ -72.522637104466099, -36.289115381201803 ], [ -72.522567878433193, -36.289116254465398 ], [ -72.522560421262895, -36.289116349177498 ], [ -72.522418089458199, -36.289146515188698 ], [ -72.522097046509799, -36.289266010387799 ], [ -72.522257116274204, -36.289546658783898 ], [ -72.522424266505794, -36.289480093377399 ], [ -72.522520137296098, -36.289451040956898 ], [ -72.522748379621206, -36.289448738075997 ], [ -72.522755589454107, -36.289449032687003 ], [ -72.522788819646294, -36.289450387056803 ], [ -72.522883355510402, -36.289457134983003 ], [ -72.523026956191302, -36.289454805454199 ], [ -72.523188779059893, -36.2894385884128 ], [ -72.523242547771602, -36.2894293730754 ], [ -72.523419342994998, -36.289431786258604 ], [ -72.523541426349595, -36.289422462761102 ], [ -72.523626790413104, -36.289417993384397 ], [ -72.523660379917899, -36.289447181648903 ], [ -72.524061613374698, -36.289439509778298 ], [ -72.524604602758103, -36.289399646057497 ], [ -72.525219772760707, -36.2893278492703 ], [ -72.525199860567298, -36.289376116281503 ], [ -72.525138516656, -36.289485207115 ], [ -72.525119140547304, -36.289545379000998 ], [ -72.525070892184104, -36.2896183229239 ], [ -72.525008742622504, -36.289709557312001 ], [ -72.524868399701901, -36.289862699564999 ], [ -72.524755589563696, -36.2899733092598 ], [ -72.524609233170594, -36.2901564286908 ], [ -72.524429698584498, -36.290309365669302 ], [ -72.524601278557995, -36.290501654986699 ], [ -72.524731042878301, -36.290409112682603 ], [ -72.525043552811994, -36.290155529445101 ], [ -72.525398563712997, -36.289864930485201 ], [ -72.525421472873305, -36.289845617171999 ], [ -72.525538173006694, -36.289702369134197 ], [ -72.525542441374995, -36.289633703104897 ], [ -72.5255787224974, -36.289540251501499 ], [ -72.525631451522202, -36.289485055270603 ], [ -72.525903135872596, -36.2893876344463 ], [ -72.526073001913602, -36.289358779579103 ], [ -72.526267297026905, -36.289341122961197 ], [ -72.526445950418903, -36.289303067122198 ], [ -72.526528220896907, -36.289249977917599 ], [ -72.5266062780628, -36.289185093272899 ], [ -72.526955245241297, -36.288760568098397 ], [ -72.527027559387406, -36.288731613113299 ], [ -72.527163763160203, -36.288650110420399 ], [ -72.527607584982704, -36.288574421951601 ], [ -72.527991289379401, -36.2885124276103 ], [ -72.528393639842506, -36.288455840605202 ], [ -72.528917528104799, -36.288359901600998 ], [ -72.529337049859507, -36.288275984732103 ], [ -72.529624503327298, -36.288201929191999 ], [ -72.529799206971703, -36.288158026609899 ], [ -72.529830255089394, -36.288356768401599 ], [ -72.529824647253406, -36.2883956732529 ], [ -72.529845417869495, -36.288480950509403 ], [ -72.529845085403196, -36.288481919938398 ], [ -72.5298363788514, -36.288507344987899 ], [ -72.529823551324796, -36.288536331991097 ], [ -72.529821181895002, -36.288562149100599 ], [ -72.529813712824904, -36.288592408568398 ], [ -72.529804220984104, -36.2886170053482 ], [ -72.529795953164793, -36.288668744771201 ], [ -72.529732691351896, -36.288833107217599 ], [ -72.529690486266105, -36.288915887486503 ], [ -72.529652672158903, -36.2889785115593 ], [ -72.529628369612098, -36.289066484263302 ], [ -72.529598515282103, -36.289148899473197 ], [ -72.529581399454699, -36.289239519650302 ], [ -72.529582018945405, -36.289292426339301 ], [ -72.529625243208699, -36.2893497954121 ], [ -72.5296974995657, -36.2893848500538 ], [ -72.529743634489904, -36.289389208057798 ], [ -72.529836701956498, -36.2893764440905 ], [ -72.529872726442605, -36.289352493018498 ], [ -72.529904512107905, -36.289312932451899 ], [ -72.529928532193395, -36.289257867538502 ], [ -72.529938435097407, -36.289203219895398 ], [ -72.529946768444105, -36.289152910274098 ], [ -72.529954559634106, -36.289129793694102 ], [ -72.529975630425795, -36.289087689034197 ], [ -72.529994291901403, -36.289031351656099 ], [ -72.530042974904703, -36.288935506722098 ], [ -72.530126095773298, -36.288741377091497 ], [ -72.530133435879193, -36.288708260633399 ], [ -72.530140493852599, -36.288708052004097 ], [ -72.530147551826104, -36.288707843374397 ], [ -72.530345864405703, -36.288952300401597 ], [ -72.530409658812999, -36.289034808172502 ], [ -72.530468288162993, -36.289120329381703 ], [ -72.530479777234802, -36.289140015236804 ], [ -72.530503826521098, -36.289242292558598 ], [ -72.530534547302906, -36.2893357902879 ], [ -72.530548058117006, -36.289361137936901 ], [ -72.530598624159694, -36.289385390108897 ], [ -72.530650246514199, -36.289393877160997 ], [ -72.530731413869702, -36.289391477509497 ], [ -72.530790504978796, -36.2893697049944 ], [ -72.530833200532399, -36.289336974052802 ], [ -72.530856421474496, -36.289303388033801 ], [ -72.530860167870998, -36.289268947847297 ], [ -72.530858621309605, -36.2892346641503 ], [ -72.530797760204194, -36.289060524786102 ], [ -72.530769384222296, -36.288979830887399 ], [ -72.530678064788503, -36.288874679530203 ], [ -72.530352551033502, -36.288473778449799 ], [ -72.530230060060305, -36.288366809929002 ], [ -72.530228319869707, -36.288365290865201 ], [ -72.530221575858107, -36.2883005012688 ], [ -72.530165548383494, -36.288200837842098 ], [ -72.530127632097702, -36.288094678688601 ], [ -72.530087434277306, -36.287937927164101 ], [ -72.530125454083105, -36.287883163824603 ], [ -72.530136482189604, -36.287882837844101 ], [ -72.530184672936798, -36.287890353428502 ], [ -72.530287870016394, -36.287893263274803 ], [ -72.530424016043895, -36.287892218391299 ], [ -72.530624258602103, -36.287892258192898 ], [ -72.530719699399796, -36.287886456896601 ], [ -72.530822359494096, -36.287877462364598 ], [ -72.530916860488503, -36.287850827938101 ], [ -72.530967788306498, -36.287837402424003 ], [ -72.531027543047898, -36.287856495552298 ], [ -72.531143916183694, -36.287906694239503 ], [ -72.531207079299406, -36.287919727054103 ], [ -72.531317493416395, -36.2879194419884 ], [ -72.531434721792195, -36.287907035535198 ], [ -72.531565580835405, -36.2878703863203 ], [ -72.531689355846495, -36.2878399058974 ], [ -72.531761487230099, -36.2879379155805 ], [ -72.531762133424394, -36.287938793901198 ], [ -72.531762188105105, -36.287938772461402 ], [ -72.532206945823404, -36.288482359962799 ], [ -72.532343540385, -36.288638048029 ], [ -72.532381301340706, -36.288691762676102 ], [ -72.532408265370606, -36.288767252996102 ], [ -72.532422822984003, -36.288828806353997 ], [ -72.532405221812695, -36.289287053279303 ], [ -72.532407693094697, -36.28934181172 ], [ -72.532441331518498, -36.289369424573202 ], [ -72.532501975333801, -36.2894081583961 ], [ -72.5325643782637, -36.289420616452901 ], [ -72.532608382865504, -36.289416930653097 ], [ -72.532634636107801, -36.289411386698298 ], [ -72.532666232974094, -36.289393763987199 ], [ -72.532712104022593, -36.289366183376998 ], [ -72.532736637891702, -36.289322545882001 ], [ -72.532761694599799, -36.289029527208797 ], [ -72.532753889937098, -36.2887913588551 ], [ -72.532732161728205, -36.2887014098227 ], [ -72.532686262004603, -36.288597871879702 ], [ -72.532647533813403, -36.288522729615799 ], [ -72.532578967130306, -36.288438934311202 ], [ -72.532436276785205, -36.288278659447002 ], [ -72.532165170806607, -36.287948151315 ], [ -72.532069722579493, -36.287820499070598 ], [ -72.532070184232893, -36.287820321428804 ], [ -72.532075558919999, -36.287818254079497 ], [ -72.532073582298494, -36.287816404147797 ], [ -72.531950324188699, -36.287701068777899 ], [ -72.531992959291998, -36.287667028232399 ], [ -72.532099611783195, -36.287583414300698 ], [ -72.532140500974194, -36.2875106853635 ], [ -72.532169102555201, -36.287491959316903 ], [ -72.532194298197197, -36.287479294341701 ], [ -72.532234330661097, -36.2874691702607 ], [ -72.532340261514705, -36.287451136734397 ], [ -72.532735923635499, -36.287409633486 ], [ -72.533042958259799, -36.287361810801102 ], [ -72.533319240802896, -36.287285098155301 ], [ -72.533537514415102, -36.287227980450901 ], [ -72.5335530650393, -36.287386815065503 ], [ -72.533577301527401, -36.287625066614801 ], [ -72.533574282382205, -36.287753891185403 ], [ -72.533557673397596, -36.287842590238803 ], [ -72.533547522816605, -36.287878650811102 ], [ -72.533494002325497, -36.288128169185299 ], [ -72.533438587304403, -36.288270464676899 ], [ -72.533339557629105, -36.288490337493101 ], [ -72.533330050609294, -36.288540682924001 ], [ -72.533334603668195, -36.2885763075546 ], [ -72.533351134596799, -36.2886163469773 ], [ -72.533393918386096, -36.288650840491499 ], [ -72.533427126927407, -36.288668930142599 ], [ -72.533456858181196, -36.288675201987601 ], [ -72.533489314395197, -36.288676625829503 ], [ -72.5335244966342, -36.288673200733598 ], [ -72.5335740603132, -36.288662198600598 ], [ -72.533640302582299, -36.288629246628197 ], [ -72.533693851299404, -36.288510846730297 ], [ -72.5337578750988, -36.288363529029702 ], [ -72.533791482658401, -36.288260023057099 ], [ -72.533832086879698, -36.288115781537201 ], [ -72.533865050452604, -36.287997990688197 ], [ -72.533895395456994, -36.287887429723902 ], [ -72.533905477215498, -36.287784619864702 ], [ -72.533922984492506, -36.287650598313398 ], [ -72.533918362561707, -36.287548223545201 ], [ -72.533912841943504, -36.287491171247098 ], [ -72.533900683787294, -36.2874085079415 ], [ -72.533900609983405, -36.287408500213999 ], [ -72.533900531479702, -36.287407476259297 ], [ -72.533880717152101, -36.287146424825899 ], [ -72.5341262794648, -36.287106735504501 ], [ -72.534198951324598, -36.287098863385701 ], [ -72.534240696167601, -36.287084278306502 ], [ -72.534257164728501, -36.287083790946298 ], [ -72.534311361205098, -36.287084093661399 ], [ -72.534431945730603, -36.287093875652999 ], [ -72.534426349922001, -36.287126463161698 ], [ -72.534415846362194, -36.287206876823703 ], [ -72.534407123569693, -36.287222392179103 ], [ -72.534401097760096, -36.287245456771203 ], [ -72.534376908478507, -36.287335810194499 ], [ -72.534364770854097, -36.2873800353333 ], [ -72.534351666777496, -36.287463665152799 ], [ -72.5343443155203, -36.287463882708401 ], [ -72.534299510898194, -36.287641840129801 ], [ -72.534264720601499, -36.2877191566402 ], [ -72.534237317174899, -36.287829631535303 ], [ -72.534237278658296, -36.287894000730901 ], [ -72.534247890504503, -36.287998582344102 ], [ -72.5342331482275, -36.288063385774798 ], [ -72.534223488840894, -36.2883712061845 ], [ -72.534210789023007, -36.288481245939501 ], [ -72.534200531184197, -36.288514925598299 ], [ -72.534186533263593, -36.288791882429997 ], [ -72.534170178374794, -36.288820974247997 ], [ -72.534162538969198, -36.288847424009802 ], [ -72.534140087089696, -36.288871928883701 ], [ -72.534117850164606, -36.288901194762303 ], [ -72.534119032633399, -36.288927383456802 ], [ -72.534126634596007, -36.2889653019554 ], [ -72.534149048031907, -36.289005167172398 ], [ -72.534182256847004, -36.289023255694701 ], [ -72.5342215627483, -36.289045932943203 ], [ -72.534260653612193, -36.2890638473705 ], [ -72.534287227969003, -36.289065445058398 ], [ -72.534319254337504, -36.289057345750599 ], [ -72.534356840175604, -36.289041929497003 ], [ -72.5344144743583, -36.289013999219399 ], [ -72.534439652200405, -36.288984646249602 ], [ -72.534452851022706, -36.288950880433497 ], [ -72.534479893607099, -36.288897631817498 ], [ -72.534509807907696, -36.288777546926603 ], [ -72.534523582433806, -36.288691315795496 ], [ -72.5345352067406, -36.288557468301498 ], [ -72.534559821886305, -36.288189605491702 ], [ -72.534588237980998, -36.287840702355297 ], [ -72.534591538561997, -36.287783388125902 ], [ -72.534620340235804, -36.2877038646362 ], [ -72.534638882028304, -36.287658019991703 ], [ -72.534681113788395, -36.287522280860898 ], [ -72.534722425613097, -36.2873446564587 ], [ -72.534754133073093, -36.2872121220162 ], [ -72.534826431293595, -36.287248125597401 ], [ -72.534882520173994, -36.287290331375402 ], [ -72.535085699372502, -36.287459778334501 ], [ -72.535220512493197, -36.287575941450299 ], [ -72.535280360401401, -36.2875970560887 ], [ -72.535415835621095, -36.287623560048999 ], [ -72.535553061767203, -36.2876366632063 ], [ -72.535705534237593, -36.287653509136398 ], [ -72.535983084058998, -36.287748279845196 ], [ -72.535950610739604, -36.287774481962899 ], [ -72.535674084572193, -36.287954460028601 ], [ -72.535466612540006, -36.288120329289598 ], [ -72.535288869770199, -36.288292470555803 ], [ -72.535177045012105, -36.288424515959399 ], [ -72.535164061648203, -36.288463043739 ], [ -72.535176216865594, -36.288536587595303 ], [ -72.535225098445494, -36.288575669097497 ], [ -72.535323542257601, -36.288603746865398 ], [ -72.535394229000602, -36.288604037546499 ], [ -72.535431599342303, -36.288583859975198 ], [ -72.535476502127494, -36.288534850688997 ], [ -72.535809966046997, -36.288224595419003 ], [ -72.536144573549905, -36.2880048979994 ], [ -72.536315412986099, -36.2879097306636 ], [ -72.536404355631802, -36.287911267833699 ], [ -72.536556128323596, -36.287933474701298 ], [ -72.536605619333599, -36.287933915699199 ], [ -72.536712605911902, -36.287955541139802 ], [ -72.536824641626097, -36.287984645097197 ], [ -72.536675499953205, -36.288075872813799 ], [ -72.5363418899572, -36.288266061252301 ], [ -72.5361786744906, -36.288368638251796 ], [ -72.535967723839093, -36.288522691612897 ], [ -72.535495896537, -36.288899026564998 ], [ -72.535140514643899, -36.289245690061001 ], [ -72.535109348550904, -36.289272836299503 ], [ -72.535095827408796, -36.289299460219901 ], [ -72.535097762932494, -36.289342314644401 ], [ -72.535111676490502, -36.289389582772301 ], [ -72.535161095107995, -36.289440567257799 ], [ -72.535224036072705, -36.289464928653501 ], [ -72.535291567535694, -36.289460545411799 ], [ -72.535349954410094, -36.289449280440103 ], [ -72.535398657928397, -36.2894192308326 ], [ -72.5354578349897, -36.2893602633361 ], [ -72.535604412637198, -36.289215269020197 ], [ -72.535691491573502, -36.289122099288598 ], [ -72.535822037806597, -36.289013338657398 ], [ -72.535984502210098, -36.288894097210402 ], [ -72.536183798446402, -36.288742772123101 ], [ -72.536345184988605, -36.2885997225887 ], [ -72.536428532865898, -36.288554342804296 ], [ -72.536704287210199, -36.288400753675603 ], [ -72.536981838737603, -36.2882322571771 ], [ -72.536981770097299, -36.288232215960399 ], [ -72.536985702699198, -36.288229911781599 ], [ -72.537150565945694, -36.288133289387503 ], [ -72.537239076556105, -36.288163089709499 ], [ -72.537284178134499, -36.288222784409498 ], [ -72.537331460605699, -36.2882785995196 ], [ -72.537416270586704, -36.288382890479298 ], [ -72.537473393415496, -36.288447949682201 ], [ -72.537524175958595, -36.288476960726598 ], [ -72.537745870023599, -36.288586732297098 ], [ -72.537901552726495, -36.288610728162098 ], [ -72.538003495199305, -36.288618435815998 ], [ -72.538392003896703, -36.288614077859798 ], [ -72.538600173085399, -36.288603306532103 ], [ -72.538467527179293, -36.288793022507598 ], [ -72.538327268809894, -36.288844713061401 ], [ -72.538324803496494, -36.288845622262301 ], [ -72.538327158471304, -36.288847245528899 ], [ -72.538388302732898, -36.288894141036202 ], [ -72.5383963077701, -36.288914882597503 ], [ -72.538402132029802, -36.288939503743698 ], [ -72.538414584838407, -36.288954392865598 ], [ -72.538434611053205, -36.288980499804801 ], [ -72.538509553594096, -36.289127039763002 ], [ -72.538673013078295, -36.289459769075002 ], [ -72.538760106052905, -36.2896665982 ], [ -72.538792671677101, -36.289709498166197 ], [ -72.538803201102894, -36.289733979860799 ], [ -72.538859582509502, -36.289886791117802 ], [ -72.538867501703294, -36.289905628598902 ], [ -72.538886840519993, -36.2899164986393 ], [ -72.538951740531601, -36.289945089784503 ], [ -72.538954523085295, -36.289954543852403 ], [ -72.538943018447895, -36.289960606332897 ], [ -72.538892292679506, -36.289984995734599 ], [ -72.538855684038097, -36.290008966783603 ], [ -72.538816893434799, -36.290036816548998 ], [ -72.538777242791696, -36.290045620537398 ], [ -72.538704998353793, -36.290063018467698 ], [ -72.538421615639294, -36.290100023032601 ], [ -72.538234347738296, -36.290126551155701 ], [ -72.537988866043804, -36.290168153327002 ], [ -72.537719426405602, -36.290200929091 ], [ -72.537601160157806, -36.290242575908401 ], [ -72.537260049740894, -36.290357575501503 ], [ -72.537173430234802, -36.290369676743602 ], [ -72.537073297090402, -36.290395528775697 ], [ -72.537042625691399, -36.290394530616403 ], [ -72.536995141851406, -36.290386400446899 ], [ -72.536902698354595, -36.290373881166197 ], [ -72.536885884855707, -36.290366750080501 ], [ -72.536672277444197, -36.290279623777302 ], [ -72.536228337809902, -36.290100144561698 ], [ -72.536192703324005, -36.290093570680703 ], [ -72.536131619971599, -36.290097286870299 ], [ -72.536057365918296, -36.290122371761299 ], [ -72.536008790261604, -36.290194376264097 ], [ -72.5360108554204, -36.2902400875982 ], [ -72.536022073568901, -36.290279806358797 ], [ -72.536039919530197, -36.290309792338 ], [ -72.536069442571204, -36.290337525973698 ], [ -72.536583418459699, -36.290554983528502 ], [ -72.536763572740497, -36.290631657595199 ], [ -72.536818373019599, -36.2906452927282 ], [ -72.536898365151202, -36.290642923647503 ], [ -72.536897561364199, -36.290677276802903 ], [ -72.536884564061594, -36.290702454558897 ], [ -72.536864594772098, -36.2907297471872 ], [ -72.536759096179196, -36.290845395323302 ], [ -72.536655174692697, -36.290943832891799 ], [ -72.536423803383201, -36.2911414036179 ], [ -72.536325563393703, -36.291209157388202 ], [ -72.536081136414495, -36.291378506292801 ], [ -72.536065527530198, -36.291398040638001 ], [ -72.536053046170494, -36.291434646152901 ], [ -72.536056517971602, -36.291459337077598 ], [ -72.536058239026104, -36.291497429546098 ], [ -72.5360882788829, -36.291536590977998 ], [ -72.536115449381697, -36.291564395146999 ], [ -72.536180091754602, -36.291587273859797 ], [ -72.536241779793599, -36.291596890315397 ], [ -72.536274545524194, -36.291592105994503 ], [ -72.536316378281199, -36.291579424125203 ], [ -72.5364350197992, -36.291493901525399 ], [ -72.536713273929607, -36.2912911282423 ], [ -72.536860692731594, -36.291164702077303 ], [ -72.536978299011693, -36.291056323391601 ], [ -72.537079610008803, -36.2909522413091 ], [ -72.537135035472701, -36.290875456258703 ], [ -72.537215946475001, -36.290789143864799 ], [ -72.537251724100798, -36.290694631737097 ], [ -72.537279813238897, -36.290638491651002 ], [ -72.537288706804205, -36.290626785108401 ], [ -72.537414720510199, -36.290600165381598 ], [ -72.537468229581094, -36.2905852306735 ], [ -72.537539958269903, -36.290556404737998 ], [ -72.537770670735199, -36.2904694685284 ], [ -72.537894589249603, -36.290448632829097 ], [ -72.538062863635005, -36.290418853860899 ], [ -72.538467640647795, -36.290357274548597 ], [ -72.538942825139401, -36.290289792483499 ], [ -72.539264363801905, -36.290106709523997 ], [ -72.539300887320806, -36.290080833389098 ], [ -72.539322061402004, -36.290080205856398 ], [ -72.539369804717793, -36.29009404896 ], [ -72.539447615268998, -36.2900955569066 ], [ -72.539557733682699, -36.290134251528897 ], [ -72.5397390354659, -36.290184185850698 ], [ -72.539840113745001, -36.290179283217697 ], [ -72.539884783079202, -36.2901743243889 ], [ -72.5399511011736, -36.290050557089799 ], [ -72.539980774179398, -36.290042526022397 ], [ -72.540076724094405, -36.2900153647441 ], [ -72.540117113314295, -36.290009876756002 ], [ -72.540120150636895, -36.290010245344099 ], [ -72.540124465875806, -36.290009658799498 ], [ -72.540181317659901, -36.290016555821197 ], [ -72.540229541306601, -36.290027999306702 ], [ -72.540292396837899, -36.290050453015802 ], [ -72.540318069091597, -36.290071147328199 ], [ -72.540331261190403, -36.290089351739503 ], [ -72.540337633253699, -36.290152099911701 ], [ -72.540332901364295, -36.290203734160798 ], [ -72.540337306581094, -36.290227871957697 ], [ -72.540337102947703, -36.290228242011402 ], [ -72.540462276140005, -36.290230912231898 ], [ -72.540467808817894, -36.290194768204998 ], [ -72.540501160419794, -36.290150867800001 ], [ -72.540638239820794, -36.2899913676601 ], [ -72.540706773559606, -36.289944039988399 ], [ -72.540790404144104, -36.289908185320698 ], [ -72.540797755579305, -36.289907967356299 ], [ -72.540883168689803, -36.289847502155297 ], [ -72.540935167156306, -36.289760137121803 ], [ -72.540991216435899, -36.289632123551797 ], [ -72.541016067650602, -36.289595627445998 ], [ -72.541348844606901, -36.289270596975399 ], [ -72.541495196218804, -36.289120834125903 ], [ -72.541526683048403, -36.289100828248401 ], [ -72.541704488433794, -36.288995428145 ], [ -72.541933827016294, -36.288857507522998 ], [ -72.542203043173203, -36.288689795039303 ], [ -72.542340429630798, -36.288602280874599 ], [ -72.542376612741805, -36.288555911863902 ], [ -72.542390777713194, -36.288543571956197 ], [ -72.542404081794402, -36.288512185451403 ], [ -72.542402681065894, -36.288481235124202 ], [ -72.542402034579794, -36.288466950426901 ], [ -72.542386360078197, -36.288445960007202 ], [ -72.542367530191697, -36.288420294020803 ], [ -72.542321910754396, -36.288388272068701 ], [ -72.542267899405203, -36.288366033726398 ], [ -72.542209083615006, -36.288367778253203 ], [ -72.542153639762404, -36.288378959256001 ], [ -72.541996421989793, -36.288483749382898 ], [ -72.541271146198795, -36.2889200714068 ], [ -72.541214591891205, -36.288971811517001 ], [ -72.540854001826204, -36.289332949756201 ], [ -72.540710266438694, -36.289475481897803 ], [ -72.540658375581103, -36.289565227776897 ], [ -72.540602110372902, -36.289688479345003 ], [ -72.540547634552397, -36.289721086297597 ], [ -72.540423978807397, -36.289786736051198 ], [ -72.540395970879004, -36.289818558265203 ], [ -72.540373736154194, -36.289847825192297 ], [ -72.540351609111099, -36.289879473053702 ], [ -72.540322201143397, -36.289880344864102 ], [ -72.540310222785394, -36.289875931704202 ], [ -72.540297920269694, -36.289864376662699 ], [ -72.540279629137302, -36.2898506150215 ], [ -72.540261984139605, -36.289851138104197 ], [ -72.540244446835899, -36.289854042122201 ], [ -72.540206215818699, -36.289855175459103 ], [ -72.540182582200401, -36.289853491927801 ], [ -72.540170602741796, -36.289849078786197 ], [ -72.540155683377606, -36.289844752793499 ], [ -72.540146323018206, -36.289833110518799 ], [ -72.5401536373612, -36.289799517669003 ], [ -72.5401647542066, -36.289784884240902 ], [ -72.540172285033904, -36.289756053233702 ], [ -72.540170885123203, -36.289725102838098 ], [ -72.540175905698206, -36.289705882766398 ], [ -72.540197923968293, -36.289671854030601 ], [ -72.540250784592004, -36.289603534961898 ], [ -72.540300058032898, -36.289521019233 ], [ -72.540390751882896, -36.289377674998903 ], [ -72.540553242769207, -36.289194059676497 ], [ -72.541090735703406, -36.2885773587061 ], [ -72.541213344631203, -36.2884235319505 ], [ -72.541297938332505, -36.2882756006073 ], [ -72.541388735687505, -36.288134637638798 ], [ -72.541443996669102, -36.288054327154001 ], [ -72.541566140752195, -36.287955345232298 ], [ -72.541632054448797, -36.2879152471642 ], [ -72.541742403100201, -36.287880982770801 ], [ -72.541869965260901, -36.287836672149702 ], [ -72.541936417340295, -36.287808477698803 ], [ -72.5419970963097, -36.2877828376633 ], [ -72.542045472878996, -36.287745643630103 ], [ -72.542061932255606, -36.287718930935903 ], [ -72.542063580375299, -36.287690274301603 ], [ -72.542059346634005, -36.2876617921182 ], [ -72.542049124409104, -36.287631103417802 ], [ -72.542027030781696, -36.287598383580097 ], [ -72.5419905567841, -36.287573240825999 ], [ -72.541924890169895, -36.287553733017504 ], [ -72.541874574543698, -36.287548072876596 ], [ -72.541836775653593, -36.287558730411703 ], [ -72.541742818023593, -36.287597276141497 ], [ -72.541397284811893, -36.287705266855298 ], [ -72.541377130225101, -36.287715400128597 ], [ -72.541357621911004, -36.287739818113899 ], [ -72.541122909132099, -36.287954184597801 ], [ -72.541097304517706, -36.287974015947398 ], [ -72.541042366310194, -36.288061468198698 ], [ -72.540908931128101, -36.288301439057598 ], [ -72.540861738395904, -36.288364822081398 ], [ -72.540808555957895, -36.288425998545897 ], [ -72.540634627479207, -36.288617105663398 ], [ -72.540517575990407, -36.288763615607003 ], [ -72.5402938335031, -36.289025335245398 ], [ -72.540117501008595, -36.2892284326796 ], [ -72.540034013472805, -36.289335802943299 ], [ -72.539883143675397, -36.289581057823803 ], [ -72.539834623475002, -36.289680239079203 ], [ -72.539826662954297, -36.289699547182799 ], [ -72.539827524362494, -36.289718593794902 ], [ -72.539815835262004, -36.289785691428001 ], [ -72.539811749892806, -36.289890707968198 ], [ -72.539794535559906, -36.289900753838602 ], [ -72.539779831563294, -36.289901189676399 ], [ -72.5397504224578, -36.2899020613795 ], [ -72.539711654157202, -36.289891290730502 ], [ -72.539642937313403, -36.289869487980503 ], [ -72.539550479219002, -36.289843620591697 ], [ -72.539434925884606, -36.289827973246602 ], [ -72.539286376530796, -36.289798999794399 ], [ -72.539223326579901, -36.289772260587199 ], [ -72.539181400950298, -36.289756815069801 ], [ -72.539165943383296, -36.2897405851458 ], [ -72.539140047990202, -36.289688905281501 ], [ -72.539123190953404, -36.289641724919598 ], [ -72.539103823561604, -36.289604155474301 ], [ -72.539088150726499, -36.2895831636555 ], [ -72.539078681784204, -36.289569140377999 ], [ -72.539065627042703, -36.289540919476103 ], [ -72.539037867264298, -36.2895131343477 ], [ -72.539033743229595, -36.289487032917002 ], [ -72.539051637924999, -36.289426902936803 ], [ -72.539068239686401, -36.289338203494502 ], [ -72.539114509773796, -36.2892543463905 ], [ -72.539182970594794, -36.289140269671599 ], [ -72.539184510988704, -36.289109232114903 ], [ -72.539193260703996, -36.289042221638198 ], [ -72.539201074762502, -36.2888894146623 ], [ -72.539218680643501, -36.288757773780198 ], [ -72.539223661354001, -36.288607434899802 ], [ -72.539298507462405, -36.288569457496301 ], [ -72.539664592748096, -36.288329744461599 ], [ -72.540161321676294, -36.287983647289003 ], [ -72.540192162372094, -36.2879493570343 ], [ -72.540207114964403, -36.287889314116498 ], [ -72.540193629458201, -36.287851570483397 ], [ -72.540171428783594, -36.287816468425 ], [ -72.540143670408995, -36.287788683502399 ], [ -72.540098481776099, -36.287766183515998 ], [ -72.540059928729704, -36.287760173932902 ], [ -72.540036402317497, -36.287760871309303 ], [ -72.539998173424294, -36.287762004490702 ], [ -72.539940111640405, -36.287780413552703 ], [ -72.5399199568255, -36.287790546591097 ], [ -72.539817857939894, -36.2878770129701 ], [ -72.539657373773395, -36.2879747444888 ], [ -72.539231470915993, -36.288259141876701 ], [ -72.539031213335207, -36.288389044099603 ], [ -72.538971428513094, -36.288369359459502 ], [ -72.538968272246905, -36.288364684726901 ], [ -72.538963933028995, -36.288333821401601 ], [ -72.538963535955901, -36.288259929587802 ], [ -72.538974653950206, -36.2882452962344 ], [ -72.539001843899399, -36.288195380629197 ], [ -72.539095049264503, -36.288042427290499 ], [ -72.539160675946903, -36.287930819616797 ], [ -72.539209054007202, -36.287893625755601 ], [ -72.539388293980593, -36.2877548105362 ], [ -72.539503017173502, -36.2876870434145 ], [ -72.539543219161601, -36.2876643956319 ], [ -72.539891696183204, -36.287556323885397 ], [ -72.540159338052803, -36.287484022506 ], [ -72.540324047645598, -36.287447194694003 ], [ -72.540709243414398, -36.287304656062297 ], [ -72.541317752253306, -36.2870863584088 ], [ -72.541495951838996, -36.2870548505446 ], [ -72.5417416799569, -36.287018955662802 ], [ -72.541968331910198, -36.2870170020594 ], [ -72.542266745059607, -36.287039142283597 ], [ -72.542458754792804, -36.287052519126398 ], [ -72.542637029758794, -36.287087758444699 ], [ -72.542710224748703, -36.287078435694802 ], [ -72.542760894893306, -36.287026868575197 ], [ -72.542791411921002, -36.286985435797 ], [ -72.542804175750803, -36.286942145535001 ], [ -72.542796569864194, -36.2869042268999 ], [ -72.542782760103805, -36.286859341716202 ], [ -72.542755107827205, -36.2868339374958 ], [ -72.542713075511799, -36.286816113132502 ], [ -72.542596967056994, -36.2868076367103 ], [ -72.542448745942707, -36.286785809733097 ], [ -72.542235721886698, -36.2867635205331 ], [ -72.541887639939404, -36.2867500047494 ], [ -72.5416376781249, -36.286757417702901 ], [ -72.541365591481494, -36.286796478094303 ], [ -72.541211986466905, -36.286835494615801 ], [ -72.541153073116504, -36.286850458722299 ], [ -72.540877366739096, -36.286939689381498 ], [ -72.540637054941399, -36.287030253309602 ], [ -72.540330182766596, -36.287146630338199 ], [ -72.540149902847702, -36.2871972702888 ], [ -72.539864294485099, -36.287262951769002 ], [ -72.539727693846402, -36.287302760781301 ], [ -72.539553510249306, -36.287357986516803 ], [ -72.539746805941107, -36.287204450325099 ], [ -72.540258083103794, -36.286724418460302 ], [ -72.540669627095099, -36.286383227819996 ], [ -72.540827812006299, -36.286299866187001 ], [ -72.540945580387699, -36.286234391596103 ], [ -72.541013680010096, -36.286177540165802 ], [ -72.541078623288598, -36.286116014925199 ], [ -72.541172791641799, -36.285984487813899 ], [ -72.541221631283406, -36.285892448094998 ], [ -72.5412452976975, -36.285829762555103 ], [ -72.541237369627197, -36.2857847018565 ], [ -72.5412245302889, -36.285761243058403 ], [ -72.541202652961701, -36.285733283985898 ], [ -72.541166072463199, -36.285705760873498 ], [ -72.541079499610404, -36.285679720046097 ], [ -72.541011756592397, -36.285679344494298 ], [ -72.540953696594102, -36.285697753956697 ], [ -72.540922964712294, -36.285734424389403 ], [ -72.540901808168201, -36.285787499834299 ], [ -72.540877927198693, -36.285845423412198 ], [ -72.540836400987601, -36.285903870138497 ], [ -72.540817605781896, -36.285927956935197 ], [ -72.5408002180191, -36.285950238681401 ], [ -72.540749224066005, -36.285994662194099 ], [ -72.540703681070298, -36.286029388457699 ], [ -72.540672302834594, -36.286051774108202 ], [ -72.540588637186104, -36.286090014675601 ], [ -72.540476642794999, -36.286152934514298 ], [ -72.540331512284894, -36.286264516470403 ], [ -72.540049463569403, -36.286506507700501 ], [ -72.539634296167193, -36.286897866829101 ], [ -72.539174905380804, -36.287288151926802 ], [ -72.539031135612007, -36.287495051029602 ], [ -72.5389287513688, -36.287705491873403 ], [ -72.538834614829, -36.287870392436801 ], [ -72.538767104095598, -36.287940336162002 ], [ -72.538656604548095, -36.287957066406797 ], [ -72.538650630987306, -36.287957970540397 ], [ -72.538619649783897, -36.2883345911644 ], [ -72.538372999543199, -36.288350018475697 ], [ -72.538165512062406, -36.288352589618903 ], [ -72.5380060640572, -36.288343009530003 ], [ -72.537921605220404, -36.288331207725598 ], [ -72.537885992968697, -36.288325110321303 ], [ -72.537845646463296, -36.288312001656799 ], [ -72.5378054625033, -36.288302464361998 ], [ -72.537764631803995, -36.288278642316698 ], [ -72.537732300081501, -36.288247416093597 ], [ -72.5376999694967, -36.288216189827303 ], [ -72.537598081153305, -36.288111928319999 ], [ -72.537481185669407, -36.2879687757504 ], [ -72.537451006148203, -36.2878874225038 ], [ -72.537449230802295, -36.287848138696901 ], [ -72.537465422897796, -36.2878154759848 ], [ -72.537516581299698, -36.287774624237699 ], [ -72.537719870843404, -36.287679202842099 ], [ -72.537980174663304, -36.287518093528398 ], [ -72.537984402480006, -36.287515476924298 ], [ -72.537979497669994, -36.287511709043201 ], [ -72.538030173105597, -36.287474168272503 ], [ -72.538160638383502, -36.287350722575603 ], [ -72.538218046810002, -36.2872918061842 ], [ -72.538221791033394, -36.287257365907699 ], [ -72.538231215450395, -36.287231339681803 ], [ -72.538256131882406, -36.287196272136697 ], [ -72.538278295362701, -36.287178450822701 ], [ -72.538279607237101, -36.287168398778803 ], [ -72.538250081988707, -36.2869060818606 ], [ -72.538234309311406, -36.286830738059997 ], [ -72.538211477822898, -36.286755603384201 ], [ -72.538175994746993, -36.286635071055102 ], [ -72.538171666981299, -36.286422070769099 ], [ -72.538181304975495, -36.286244416918997 ], [ -72.538180442707699, -36.286029884016301 ], [ -72.538200538627905, -36.285966350605698 ], [ -72.538219344345805, -36.285874248523697 ], [ -72.538228316691601, -36.285838223414402 ], [ -72.538227025366098, -36.285809653878097 ], [ -72.538220440250498, -36.285781241177197 ], [ -72.538195695572597, -36.285741922455003 ], [ -72.538166173693597, -36.285714189274302 ], [ -72.538107172818101, -36.285698772531802 ], [ -72.538080512435997, -36.285695271632299 ], [ -72.538045159644298, -36.285694888116502 ], [ -72.537999801465702, -36.285707674953102 ], [ -72.537946396501695, -36.285737864828697 ], [ -72.537899833662195, -36.285802182250201 ], [ -72.537877671686701, -36.285937295410498 ], [ -72.537862824343307, -36.285960621476598 ], [ -72.537856714330204, -36.286020878848298 ], [ -72.537854799630693, -36.286173987728503 ], [ -72.537859663509494, -36.286242502354099 ], [ -72.537855725475396, -36.286272657648098 ], [ -72.537854245817897, -36.286396287157402 ], [ -72.537852525940707, -36.286553680979303 ], [ -72.5378653078523, -36.286719228443701 ], [ -72.537905632411395, -36.2868296042734 ], [ -72.537931992473503, -36.286904633581798 ], [ -72.537949056162603, -36.287008546976203 ], [ -72.5379489931085, -36.287124410854297 ], [ -72.537937803606397, -36.287150489349699 ], [ -72.537919815688198, -36.287182490800703 ], [ -72.537843772392193, -36.2872591237617 ], [ -72.537719684247406, -36.287338471981101 ], [ -72.537503185599405, -36.287478214482697 ], [ -72.537446647600802, -36.287497769268803 ], [ -72.5373889798703, -36.287492325894704 ], [ -72.537349280529, -36.287493501777199 ], [ -72.537322490399802, -36.287487142885503 ], [ -72.537299950329896, -36.2874770828059 ], [ -72.537272515793603, -36.287456439090597 ], [ -72.5372493302159, -36.287432094221202 ], [ -72.537234806071595, -36.287403916608099 ], [ -72.537215870535803, -36.2873758696512 ], [ -72.537193330511201, -36.287365809548803 ], [ -72.537161322143703, -36.287341725074299 ], [ -72.5371296376766, -36.2873247833978 ], [ -72.537057607407306, -36.287294733642902 ], [ -72.536844744012498, -36.287276005329602 ], [ -72.536822042689295, -36.287262373731103 ], [ -72.536785785596706, -36.287241992078997 ], [ -72.536753778510899, -36.287217907452103 ], [ -72.536708214612602, -36.287187073689601 ], [ -72.536685029247707, -36.287162727795803 ], [ -72.536645383849802, -36.287067350727298 ], [ -72.536619294272001, -36.286978723711997 ], [ -72.536596325358701, -36.286861396470798 ], [ -72.536586669457506, -36.286776878962797 ], [ -72.536586405008293, -36.286773119573802 ], [ -72.536580534838194, -36.286689575702603 ], [ -72.536571015458307, -36.286478874347601 ], [ -72.536581183990194, -36.286410629913298 ], [ -72.536588840736897, -36.286351995494499 ], [ -72.536598935969494, -36.286314744269603 ], [ -72.536613119868093, -36.286270220465198 ], [ -72.536634118175598, -36.286213575094102 ], [ -72.536652498236194, -36.286164158755803 ], [ -72.536667058582196, -36.286127968267301 ], [ -72.536688487065504, -36.286080845784099 ], [ -72.536717553860001, -36.286007273425703 ], [ -72.536722733245199, -36.285958963419098 ], [ -72.536736701880002, -36.285909677708403 ], [ -72.536741775779106, -36.2858916473457 ], [ -72.5367499530267, -36.2858771012815 ], [ -72.536797470617699, -36.285820862607402 ], [ -72.536857307733101, -36.285743994837198 ], [ -72.536914417904796, -36.285671976066702 ], [ -72.536940042284002, -36.285619961012202 ], [ -72.536939181747101, -36.285600915227299 ], [ -72.536938482536101, -36.285585439964599 ], [ -72.5369379984391, -36.285574725698197 ], [ -72.536937353017507, -36.285560440909499 ], [ -72.536921735470798, -36.285540640091902 ], [ -72.536901437652503, -36.285515016642698 ], [ -72.536839432167696, -36.2854787094846 ], [ -72.536761234756895, -36.285475064908901 ], [ -72.536710095658293, -36.285483731731098 ], [ -72.536678501299605, -36.285501355385897 ], [ -72.536615186612906, -36.285566406278001 ], [ -72.536590387061693, -36.285604092036799 ], [ -72.536548373628804, -36.285651824070598 ], [ -72.536448048032696, -36.285777570603699 ], [ -72.536438508930601, -36.285794540208101 ], [ -72.536417223270902, -36.285877418633703 ], [ -72.536399972432093, -36.285951833110403 ], [ -72.536357342108801, -36.286051077408104 ], [ -72.5362724887474, -36.286258612893 ], [ -72.536249678004495, -36.2864380875845 ], [ -72.536262752648895, -36.286622632138602 ], [ -72.536250970279198, -36.286696399917503 ], [ -72.536260060268205, -36.286799834295401 ], [ -72.536281843947506, -36.286988716231498 ], [ -72.536319659965898, -36.287141363218403 ], [ -72.536378240263204, -36.287264788426 ], [ -72.536351934321203, -36.287269143577497 ], [ -72.536320734043798, -36.287262915045197 ], [ -72.5362676392255, -36.287260911013497 ], [ -72.536121749245396, -36.287258079279901 ], [ -72.536094475304694, -36.287241006728998 ], [ -72.535950576918196, -36.287184475494797 ], [ -72.535870909418804, -36.287083130696601 ], [ -72.535773815028705, -36.286889326841198 ], [ -72.535612545728597, -36.286643782456899 ], [ -72.535606198706901, -36.286601057733897 ], [ -72.535579466443806, -36.286498146471899 ], [ -72.535539976117306, -36.286341505823401 ], [ -72.535539660559607, -36.286338658888603 ], [ -72.5354968756468, -36.285952347667298 ], [ -72.535492013432403, -36.285922929592402 ], [ -72.535482918536701, -36.2859041275537 ], [ -72.535452393617106, -36.2858802374462 ], [ -72.535397208733201, -36.285858030626002 ], [ -72.535333517617104, -36.285856101957201 ], [ -72.5352841568711, -36.285858516421598 ], [ -72.535266598706897, -36.285860943659699 ], [ -72.535243374896595, -36.285868305975598 ], [ -72.5352240228857, -36.285883182729897 ], [ -72.535196163452198, -36.285918337685501 ], [ -72.535173482872395, -36.285963827369798 ], [ -72.535169810291904, -36.285986822338202 ], [ -72.535178066043102, -36.286214654828598 ], [ -72.535185217979404, -36.286277377626803 ], [ -72.535229215813004, -36.2864691784741 ], [ -72.535282519381397, -36.286671431535098 ], [ -72.535318720400298, -36.286788367384098 ], [ -72.535346638069697, -36.286819724974599 ], [ -72.535375363342794, -36.286868938761501 ], [ -72.535422377109299, -36.286931914151403 ], [ -72.535522753060803, -36.287100590454202 ], [ -72.535626895609596, -36.287254850340602 ], [ -72.535568849297505, -36.287338816928099 ], [ -72.535431781902503, -36.287335722261602 ], [ -72.535400096662798, -36.287318780137802 ], [ -72.535350606767395, -36.2872987897711 ], [ -72.535291003719706, -36.287250490037401 ], [ -72.535139146209502, -36.2871155223648 ], [ -72.535055875873795, -36.287032162849997 ], [ -72.534925211632398, -36.286975239513801 ], [ -72.534749790815496, -36.286905335908898 ], [ -72.5345546819552, -36.286839590025401 ], [ -72.534389858243998, -36.286808708678997 ], [ -72.534080112765594, -36.286796418707098 ], [ -72.534009535049407, -36.286798507212403 ], [ -72.533951867938896, -36.2867930621345 ], [ -72.533884895474003, -36.286777163764 ], [ -72.533898244075999, -36.286583665464001 ], [ -72.533931334016899, -36.286436070957897 ], [ -72.533946721208295, -36.286385551486497 ], [ -72.533985512157102, -36.286266396102299 ], [ -72.534067445804794, -36.286124508632497 ], [ -72.534131956284497, -36.2859869615896 ], [ -72.534132911240206, -36.285985533123601 ], [ -72.534393604761107, -36.285595553811198 ], [ -72.534448807147598, -36.285513818210497 ], [ -72.534482117509398, -36.285468967362803 ], [ -72.534527737142, -36.285383700350202 ], [ -72.5345615204089, -36.285349325324198 ], [ -72.534602505157693, -36.2852918499919 ], [ -72.534660778945195, -36.285173786517603 ], [ -72.534730191681305, -36.285031171746397 ], [ -72.534776987868199, -36.284945870726602 ], [ -72.534788105147996, -36.284931237772497 ], [ -72.534792164827294, -36.284916813703198 ], [ -72.534794833591306, -36.284897662529303 ], [ -72.534813641281204, -36.284844657586298 ], [ -72.534837814664002, -36.2847800515991 ], [ -72.534862346846893, -36.284697316096 ], [ -72.534903934216601, -36.284653173454103 ], [ -72.534950612125499, -36.284617462474898 ], [ -72.534990205361396, -36.284555260837799 ], [ -72.535153756412797, -36.2843167880309 ], [ -72.535190149879597, -36.284288057144401 ], [ -72.535246882941905, -36.2842663523328 ], [ -72.535342605521194, -36.284247307423797 ], [ -72.535941483449093, -36.284241021276799 ], [ -72.536245603416603, -36.284246320818198 ], [ -72.536367761037198, -36.284238889688197 ], [ -72.5365163429055, -36.284190624133998 ], [ -72.536667162697398, -36.284113685215502 ], [ -72.536811189505798, -36.284016729891199 ], [ -72.536834901221496, -36.283994095637397 ], [ -72.536863805006902, -36.283956049519297 ], [ -72.536895162969998, -36.283894090271602 ], [ -72.536966786405301, -36.283810913988802 ], [ -72.536997225405202, -36.283754703494303 ], [ -72.536995676471093, -36.283720419993003 ], [ -72.536991946769305, -36.283690015150299 ], [ -72.536967045823204, -36.2836602381985 ], [ -72.536894060651093, -36.283608998088397 ], [ -72.536825150472396, -36.283595780705397 ], [ -72.5367712587597, -36.283602144905203 ], [ -72.536729731434406, -36.2836214935474 ], [ -72.536706061728495, -36.283645080729499 ], [ -72.536664046880205, -36.283718797733101 ], [ -72.536616306978601, -36.283783148616898 ], [ -72.536574937277095, -36.283832053648901 ], [ -72.536542331461206, -36.283866395247799 ], [ -72.536449851641706, -36.283931117587997 ], [ -72.536358389824102, -36.2839662477056 ], [ -72.536274345093602, -36.283983040155803 ], [ -72.536174149094705, -36.283981238585099 ], [ -72.536093776561003, -36.2839750359257 ], [ -72.535730716802902, -36.283968620103003 ], [ -72.535707191418595, -36.283969316565198 ], [ -72.535695256141906, -36.283965855827901 ], [ -72.535694912044505, -36.283958236961702 ], [ -72.535702845478895, -36.283951327237702 ], [ -72.535828475672005, -36.2838903923003 ], [ -72.535960015761205, -36.283855982594702 ], [ -72.536048723176705, -36.283838099024301 ], [ -72.536086851101999, -36.283821712043597 ], [ -72.536116186501701, -36.283793189860098 ], [ -72.536139597190996, -36.283763887994198 ], [ -72.536151072647598, -36.283731126331702 ], [ -72.536150184884804, -36.283685380106199 ], [ -72.536138566301403, -36.283662837855999 ], [ -72.536115012484998, -36.283636834907 ], [ -72.536083140368902, -36.2836091698491 ], [ -72.536021860351795, -36.283582376370298 ], [ -72.535966663638604, -36.2835859180623 ], [ -72.535816806343604, -36.283618962566202 ], [ -72.5357237385888, -36.283644604098797 ], [ -72.535521679523796, -36.283734502702899 ], [ -72.535264108562501, -36.2838731511414 ], [ -72.5350264141872, -36.284034669139402 ], [ -72.534878602838504, -36.284178269176103 ], [ -72.534761316131295, -36.284345759366602 ], [ -72.534755520485902, -36.284347838388001 ], [ -72.534750557828204, -36.284342263700402 ], [ -72.534738063507703, -36.284326422086203 ], [ -72.534722658443002, -36.284298270192103 ], [ -72.534693310293505, -36.284274345035797 ], [ -72.534677030346998, -36.2842528938884 ], [ -72.534625438775095, -36.284153721216398 ], [ -72.534625785691802, -36.284083144663001 ], [ -72.534628743515498, -36.284018213305401 ], [ -72.534643463446002, -36.2839529329394 ], [ -72.534653204683906, -36.2839078254027 ], [ -72.534657237419296, -36.283866701791297 ], [ -72.534678166875295, -36.2838346137505 ], [ -72.534689875082407, -36.283780865647103 ], [ -72.534763721324296, -36.283668634975797 ], [ -72.534845489929594, -36.2835231757172 ], [ -72.534946035847099, -36.283376206442703 ], [ -72.535112953892096, -36.283186268278399 ], [ -72.535200022484801, -36.283040842040101 ], [ -72.5352928499792, -36.282905544995899 ], [ -72.535386049489603, -36.2827263700336 ], [ -72.5354663821701, -36.282575231328103 ], [ -72.535477480416503, -36.282534088659503 ], [ -72.535699486705795, -36.2825208417133 ], [ -72.535716915084393, -36.282515557489397 ], [ -72.535732651538893, -36.282498881121697 ], [ -72.535904515702796, -36.282262068783197 ], [ -72.536069780158201, -36.282061688493499 ], [ -72.536083163637102, -36.282045081747498 ], [ -72.536088398819302, -36.282030622836203 ], [ -72.536093678109793, -36.282017115912602 ], [ -72.536125000596499, -36.281850072134098 ], [ -72.536177619591896, -36.281633001328203 ], [ -72.536182741309304, -36.281589937947601 ], [ -72.536156195215995, -36.281106487579201 ], [ -72.535674602327902, -36.280822269706398 ], [ -72.5356458143917, -36.280810725494703 ], [ -72.535616323653898, -36.280809691018703 ], [ -72.535565086378597, -36.280822650909698 ], [ -72.535515626979304, -36.280848908773102 ], [ -72.535463055300696, -36.280910541439802 ], [ -72.535461375835993, -36.280951596317102 ], [ -72.5354683164324, -36.2810009774755 ], [ -72.535483721008504, -36.281029129306802 ], [ -72.535680407719298, -36.281159480142001 ], [ -72.535844013887797, -36.281261439880403 ], [ -72.535849472073096, -36.2815387751317 ], [ -72.535848695966294, -36.281599827841802 ], [ -72.535813723875904, -36.281764309846501 ], [ -72.535782089964798, -36.281924496901503 ], [ -72.535775720763993, -36.281939942666703 ], [ -72.535564272320102, -36.2822130183024 ], [ -72.535525684432201, -36.282271376266301 ], [ -72.535270571725704, -36.282281788762198 ], [ -72.535259024862896, -36.282286898825802 ], [ -72.535257240490097, -36.282291719916103 ], [ -72.535196875707797, -36.282415567100102 ], [ -72.535008996862203, -36.282767283815403 ], [ -72.534921826967803, -36.282897454805997 ], [ -72.534801959280799, -36.283086000176503 ], [ -72.534707798925197, -36.2831917751814 ], [ -72.534580902813602, -36.283329034258699 ], [ -72.534521075823704, -36.283438752319697 ], [ -72.534459275266101, -36.283556920090803 ], [ -72.534379729775097, -36.283699452529603 ], [ -72.534348311761804, -36.283786205798101 ], [ -72.534324998091805, -36.283869858444298 ], [ -72.534301541400495, -36.284002530677803 ], [ -72.534308936360105, -36.2841663306952 ], [ -72.534330176671602, -36.284271551117797 ] ] ] } },
{ "type": "Feature", "properties": { "id": "monoparte.115", "Name": null, "description": null, "timestamp": null, "begin": null, "end": null, "altitudeMode": null, "tessellate": -1, "extrude": 0, "visibility": -1, "drawOrder": null, "icon": null, "REG": "Ñuble", "COM": "Quirihue", "LOC": "Quirihue", "ZONA": "ZP", "NOM": "ZP Zona de Protección de Drenaje", "UPERM": "Equipamiento de esparcimiento sin construcciones.", "UPROH": "Todos los usos de suelo no mencionados como permitidos, expresamente el residencial.", "P_DO": "30/06/2007", "N_DOC": "20", "T_DO": "Resolución", "OBS": null }, "geometry": { "type": "Polygon", "coordinates": [ [ [ -72.557771090462893, -36.275620163282902 ], [ -72.557885864122099, -36.276052756420299 ], [ -72.558186542506405, -36.275812167604599 ], [ -72.558077407929801, -36.2754024406741 ], [ -72.558061315296797, -36.275216731634202 ], [ -72.558042992963294, -36.275020838011301 ], [ -72.558024726218804, -36.274929837709799 ], [ -72.5579803967928, -36.274887292580999 ], [ -72.557946601451206, -36.274869228133099 ], [ -72.557927264142606, -36.274858361101302 ], [ -72.557905748459106, -36.274851373007799 ], [ -72.557849296348195, -36.274853054590899 ], [ -72.557811835391306, -36.274857984507101 ], [ -72.557779250375702, -36.274866584125398 ], [ -72.5577402156148, -36.274888725484701 ], [ -72.557720430513498, -36.274919829935797 ], [ -72.557702564167798, -36.274941340749002 ], [ -72.557693572558804, -36.275002638818002 ], [ -72.557709211628307, -36.275139489678402 ], [ -72.557749173317603, -36.275500664032599 ], [ -72.557756474350697, -36.275557661841603 ], [ -72.557764828889304, -36.275586020626697 ], [ -72.557771090462893, -36.275620163282902 ] ] ] } },
{ "type": "Feature", "properties": { "id": "monoparte.116", "Name": null, "description": null, "timestamp": null, "begin": null, "end": null, "altitudeMode": null, "tessellate": -1, "extrude": 0, "visibility": -1, "drawOrder": null, "icon": null, "REG": "Ñuble", "COM": "Quirihue", "LOC": "Quirihue", "ZONA": "ZP", "NOM": "ZP Zona de Protección de Drenaje", "UPERM": "Equipamiento de esparcimiento sin construcciones.", "UPROH": "Todos los usos de suelo no mencionados como permitidos, expresamente el residencial.", "P_DO": "30/06/2007", "N_DOC": "20", "T_DO": "Resolución", "OBS": null }, "geometry": { "type": "Polygon", "coordinates": [ [ [ -72.5443868707615, -36.257339867137397 ], [ -72.544385591550693, -36.257404781320098 ], [ -72.544476239685906, -36.257397841679101 ], [ -72.544613685843899, -36.257458607406797 ], [ -72.544761876487598, -36.257559106003299 ], [ -72.544810720298202, -36.257597707636897 ], [ -72.544860572411906, -36.2577106605507 ], [ -72.544911026681504, -36.257836945283302 ], [ -72.544929987628606, -36.2578916907853 ], [ -72.544927846020201, -36.257891715590098 ], [ -72.544930310761202, -36.257898833600798 ], [ -72.5446874856693, -36.257901685061903 ], [ -72.544704837733903, -36.257956823437098 ], [ -72.544723607285405, -36.258016464562502 ], [ -72.544738680763302, -36.258136034070297 ], [ -72.544746473540599, -36.258197850714801 ], [ -72.544746796619407, -36.258204992631498 ], [ -72.544953590373694, -36.258205200605197 ], [ -72.544977106683902, -36.258204502781602 ], [ -72.544994172122998, -36.258217346090198 ], [ -72.545003381405607, -36.258264752798603 ], [ -72.545015632100004, -36.2583273264529 ], [ -72.5450375474217, -36.258395334873001 ], [ -72.545073721006204, -36.258518229209301 ], [ -72.5451672329026, -36.258763388854 ], [ -72.545302808774693, -36.259022176133897 ], [ -72.545385425599903, -36.259286731066297 ], [ -72.545553408299895, -36.259720400062299 ], [ -72.545575260694605, -36.259759508679998 ], [ -72.545572390683304, -36.2597756214386 ], [ -72.545566111093194, -36.259792972495802 ], [ -72.545548934969503, -36.259829719125001 ], [ -72.545543172476698, -36.259858497955001 ], [ -72.545542042028302, -36.259884877715301 ], [ -72.545542026920302, -36.259885232269703 ], [ -72.545540064487597, -36.2599459399556 ], [ -72.545540454491999, -36.259951018316698 ], [ -72.545540387659301, -36.259953081864097 ], [ -72.545562792550399, -36.260244880535701 ], [ -72.545557624284498, -36.260249616582598 ], [ -72.545474817702399, -36.2603254994144 ], [ -72.545437043203705, -36.260367625634203 ], [ -72.545411345358502, -36.260372202382896 ], [ -72.545392617773103, -36.260374665674703 ], [ -72.5453622167541, -36.260379381995101 ], [ -72.545313174333003, -36.260388466516702 ], [ -72.545273194618005, -36.260389653013902 ], [ -72.545220507363993, -36.260370237862602 ], [ -72.545177658452005, -36.2603600663546 ], [ -72.545100136213605, -36.260364273504699 ], [ -72.545046648003606, -36.260379211410601 ], [ -72.544863787552003, -36.260449482392602 ], [ -72.5447085448791, -36.260505583002001 ], [ -72.544650070225401, -36.260566441188601 ], [ -72.544614164694494, -36.260605650022299 ], [ -72.544611184777494, -36.2606438818868 ], [ -72.544611507913601, -36.260651024701403 ], [ -72.544616182327402, -36.2607543507606 ], [ -72.5446115396024, -36.260807890061898 ], [ -72.544605432087906, -36.260829050943499 ], [ -72.544575547813906, -36.260845194859101 ], [ -72.544533103746502, -36.260896040803601 ], [ -72.544503220583493, -36.260912185570099 ], [ -72.544459053218702, -36.260924939176498 ], [ -72.544340404402305, -36.260957067315999 ], [ -72.544241780448004, -36.260997183570097 ], [ -72.544103773394198, -36.261069936751298 ], [ -72.544072411871696, -36.261079449515798 ], [ -72.5439468364752, -36.261114643547799 ], [ -72.543867471832897, -36.261143221665598 ], [ -72.543810507204896, -36.261185440039498 ], [ -72.543761393119595, -36.261205968289303 ], [ -72.543705645413496, -36.261210006160702 ], [ -72.5436114654173, -36.2612104157839 ], [ -72.543520117707203, -36.261208358085 ], [ -72.543447269838296, -36.261224822848298 ], [ -72.543362124922396, -36.261229731642601 ], [ -72.543306377163205, -36.2612337693295 ], [ -72.543300174309607, -36.261226801808299 ], [ -72.543296589479894, -36.261212604228298 ], [ -72.543289632910302, -36.2611889701165 ], [ -72.543289202254897, -36.261179447250697 ], [ -72.543288879273604, -36.261172305326198 ], [ -72.543287587227596, -36.261143734928702 ], [ -72.543287264246999, -36.261136593004203 ], [ -72.543276721799202, -36.261098762242597 ], [ -72.543241693145205, -36.261040201439002 ], [ -72.543200138711697, -36.260967530268402 ], [ -72.543181423610406, -36.260944244907002 ], [ -72.543084305082303, -36.260944741261603 ], [ -72.543005685152394, -36.260963761080802 ], [ -72.542976394664905, -36.260967013923697 ], [ -72.542935346690001, -36.260970615462099 ], [ -72.542891788276094, -36.260983827080899 ], [ -72.5428460446077, -36.261013791540201 ], [ -72.542794959295904, -36.261055834175203 ], [ -72.542739285908894, -36.261126621580701 ], [ -72.542577240736193, -36.261318808840201 ], [ -72.542534967298195, -36.2613734631258 ], [ -72.542475370766894, -36.261409559817103 ], [ -72.542440954806295, -36.261429652573497 ], [ -72.542406280487995, -36.261444031416197 ], [ -72.542382762030101, -36.261444728820699 ], [ -72.542291127604898, -36.261449353546297 ], [ -72.542081643578697, -36.261451750136601 ], [ -72.541897341410603, -36.261438143427 ], [ -72.541809807438199, -36.261429294683602 ], [ -72.541748859419599, -36.261383422568997 ], [ -72.541626658335502, -36.261266046554503 ], [ -72.541388841366398, -36.261410043266302 ], [ -72.541349592766196, -36.261433425389498 ], [ -72.541414866913996, -36.261491544267898 ], [ -72.541517518281793, -36.261574324599501 ], [ -72.541601561586802, -36.261636201084301 ], [ -72.541611348926594, -36.261657367245498 ], [ -72.541611607210299, -36.2616630811549 ], [ -72.5416087251932, -36.261677470514996 ], [ -72.541601798881501, -36.261680536642302 ], [ -72.541583901965495, -36.261675345662603 ], [ -72.541533157811102, -36.261646811375101 ], [ -72.541414155028605, -36.261619027472399 ], [ -72.541413557960496, -36.261618888392697 ], [ -72.5413661279499, -36.261624586087002 ], [ -72.541318955041305, -36.2616359968072 ], [ -72.541298369792699, -36.261649481022602 ], [ -72.541222373880004, -36.261687493194898 ], [ -72.541191120751805, -36.2617384838166 ], [ -72.541139281116699, -36.261802957756402 ], [ -72.5411150176718, -36.261852310321601 ], [ -72.541113168555896, -36.261889555323798 ], [ -72.541086689843496, -36.2619289612581 ], [ -72.541063932512102, -36.261972547601196 ], [ -72.541051629265795, -36.262012963272802 ], [ -72.541042337262397, -36.262041846547802 ], [ -72.541025796096605, -36.262066653978401 ], [ -72.541021667133407, -36.262092523424201 ], [ -72.541022162327295, -36.262142572011399 ], [ -72.541001018953907, -36.262221870750601 ], [ -72.540976953044506, -36.2622886209124 ], [ -72.540939455024002, -36.262370787658902 ], [ -72.540917406243693, -36.262371441217603 ], [ -72.540833353235598, -36.262367973195801 ], [ -72.540769214850698, -36.262381794067501 ], [ -72.540698157943595, -36.2624053556139 ], [ -72.540657914889806, -36.262426812656201 ], [ -72.540625021786695, -36.262448051840799 ], [ -72.540579491521598, -36.262482776516002 ], [ -72.540548712793594, -36.262518256933902 ], [ -72.5405215206751, -36.2625679349647 ], [ -72.540505459372199, -36.262570794226697 ], [ -72.540493700505806, -36.262571142735503 ], [ -72.540476007893901, -36.262570475938702 ], [ -72.540284320670594, -36.262548068116402 ], [ -72.540280627351805, -36.2625476360503 ], [ -72.540226425395602, -36.262655565339699 ], [ -72.540180678626896, -36.262685529813197 ], [ -72.540018200076503, -36.262738023947499 ], [ -72.539971337573704, -36.2627534183408 ], [ -72.540051210495093, -36.262792999054099 ], [ -72.540130241736804, -36.262822125623799 ], [ -72.540213532494406, -36.262828239631503 ], [ -72.540308718117998, -36.262823988765199 ], [ -72.540338704829495, -36.262823100062299 ], [ -72.540360065159405, -36.262826757736697 ], [ -72.540367443500998, -36.262833691476601 ], [ -72.540364691761596, -36.262837944818898 ], [ -72.540347632344805, -36.262864316400403 ], [ -72.540315517476699, -36.262935357841101 ], [ -72.540179051586506, -36.262925098216499 ], [ -72.540119079184706, -36.262926875506302 ], [ -72.540071453482895, -36.262928286878598 ], [ -72.540041596924198, -36.262932032442798 ], [ -72.539991798838997, -36.262963545947102 ], [ -72.539949057449306, -36.262994851218203 ], [ -72.539905067917303, -36.2630376365994 ], [ -72.539864282290495, -36.263073174612799 ], [ -72.539831530356295, -36.263091023317997 ], [ -72.539766910960793, -36.2631072420591 ], [ -72.539704055990896, -36.263123408483402 ], [ -72.539649504738406, -36.263127885688696 ], [ -72.539609257199402, -36.263136230669303 ], [ -72.539569332316503, -36.263151717587697 ], [ -72.539548681807005, -36.263163772606902 ], [ -72.539472296328299, -36.263193212902998 ], [ -72.539417464864599, -36.263230597783704 ], [ -72.539393673709895, -36.2632513281863 ], [ -72.539370743527002, -36.2632520075801 ], [ -72.539359901974294, -36.263246607230698 ], [ -72.539345403550698, -36.263238454442899 ], [ -72.539316470113803, -36.263223576924901 ], [ -72.539294787024801, -36.263212776214303 ], [ -72.539259315403996, -36.263209536436896 ], [ -72.539170340795707, -36.263211839138499 ], [ -72.539128007135204, -36.263213093350601 ], [ -72.539084555410696, -36.263228684598097 ], [ -72.539020451935002, -36.263256330796999 ], [ -72.538942366228099, -36.2632872519739 ], [ -72.538849244661407, -36.263337213184499 ], [ -72.538844082548195, -36.263340226894101 ], [ -72.538792907523998, -36.263380363962597 ], [ -72.538754530888497, -36.2634301341756 ], [ -72.538745431487001, -36.263463303216199 ], [ -72.538740611810297, -36.263552130342603 ], [ -72.538735643227795, -36.263559429042502 ], [ -72.5387255759439, -36.263571170412 ], [ -72.538708840145901, -36.263591691680503 ], [ -72.538643360005807, -36.263627960824202 ], [ -72.538542371160801, -36.2636862614686 ], [ -72.538438944977202, -36.263742726736503 ], [ -72.538362192872896, -36.263764071493398 ], [ -72.538259311179502, -36.263780469480501 ], [ -72.538130519077498, -36.263807170462101 ], [ -72.537985304331002, -36.263824822047901 ], [ -72.537816655082295, -36.263845074083399 ], [ -72.537682683222798, -36.263850949189802 ], [ -72.537418152787893, -36.263833989108399 ], [ -72.537323990677507, -36.263834869955303 ], [ -72.537261005529203, -36.2638481781837 ], [ -72.537216921150204, -36.263862834205199 ], [ -72.537178659218895, -36.263902111591598 ], [ -72.537146849822193, -36.263927846365398 ], [ -72.537114353629406, -36.263938345138499 ], [ -72.537064963791295, -36.263939807560597 ], [ -72.537008432254098, -36.263939573930102 ], [ -72.536937273401094, -36.263928330218199 ], [ -72.536800605029498, -36.263926655110403 ], [ -72.536737361746404, -36.263934249134003 ], [ -72.536700160949493, -36.263944887083703 ], [ -72.536632327746602, -36.263965585545797 ], [ -72.536519491719105, -36.264022327775599 ], [ -72.536492300639097, -36.264046019064502 ], [ -72.536467891688403, -36.264079163641497 ], [ -72.536418728737999, -36.264137834830798 ], [ -72.536322871862595, -36.264205517377697 ], [ -72.536245055971193, -36.264255501063403 ], [ -72.536221536513494, -36.2642561973027 ], [ -72.536190962439505, -36.2642571023706 ], [ -72.536130237381499, -36.264247456808 ], [ -72.536000538138794, -36.264243667003797 ], [ -72.535938873083893, -36.2642340491672 ], [ -72.535876949040301, -36.264218717388403 ], [ -72.535350182710104, -36.264131319960697 ], [ -72.535210561056502, -36.264116379791098 ], [ -72.535145521088594, -36.2641259336404 ], [ -72.535073471028099, -36.264147138058902 ], [ -72.534983809189697, -36.264195564001902 ], [ -72.534912962160803, -36.264243433121003 ], [ -72.534882184263395, -36.264292023999303 ], [ -72.5348307546857, -36.264352668229499 ], [ -72.534705171145106, -36.264596691474502 ], [ -72.534698802850798, -36.264612137152703 ], [ -72.534664469314194, -36.264634132794399 ], [ -72.534599732177796, -36.264660841229997 ], [ -72.534492918160097, -36.264694517098299 ], [ -72.534306739632001, -36.264743891681697 ], [ -72.534192439919096, -36.264768252197698 ], [ -72.534170111828303, -36.264597880831701 ], [ -72.534169185346698, -36.264590809880097 ], [ -72.533840415307097, -36.2646294721199 ], [ -72.533840632315901, -36.264636626234299 ], [ -72.533846175328804, -36.2648189283791 ], [ -72.533802003744199, -36.264831678250601 ], [ -72.533720545626494, -36.264853160187499 ], [ -72.533622451744293, -36.264871320087003 ], [ -72.533446579750603, -36.264929923235897 ], [ -72.533328434981797, -36.2649734689045 ], [ -72.533284520920105, -36.264991932551297 ], [ -72.533264298428307, -36.265013510422598 ], [ -72.533175321598307, -36.265077172038701 ], [ -72.533073006086894, -36.265158393745999 ], [ -72.532962312915501, -36.265262748566201 ], [ -72.532885953927305, -36.265345109934501 ], [ -72.532875826508302, -36.2653816455298 ], [ -72.532864409601302, -36.2653896122576 ], [ -72.532818487564299, -36.265415764200597 ], [ -72.532675496464194, -36.2654619506527 ], [ -72.532501075286206, -36.265510974779602 ], [ -72.5323012109844, -36.265570286684003 ], [ -72.5321204203684, -36.265634754960203 ], [ -72.531931034779006, -36.265707107075102 ], [ -72.531809041941003, -36.265769837301498 ], [ -72.531749417642303, -36.2657010336547 ], [ -72.5317034263322, -36.265618154584402 ], [ -72.531700334571596, -36.265612582977099 ], [ -72.531667061323105, -36.2656314468707 ], [ -72.531468562106099, -36.265799427122303 ], [ -72.531439815480596, -36.2658443664901 ], [ -72.531616510352706, -36.265991805375698 ], [ -72.531614840344005, -36.265997286197603 ], [ -72.531612406738205, -36.266005277357102 ], [ -72.5315808533352, -36.266036725621397 ], [ -72.531538569617098, -36.266091376538498 ], [ -72.531502912512394, -36.266136296765303 ], [ -72.531485385007002, -36.266165422854698 ], [ -72.531473162129004, -36.266207742779798 ], [ -72.531467188358903, -36.266284207456799 ], [ -72.531467732806803, -36.266288510029902 ], [ -72.531467510324106, -36.266291349466499 ], [ -72.531482156295098, -36.2664072556326 ], [ -72.531507136195501, -36.266438939138197 ], [ -72.531508102188795, -36.266460366965497 ], [ -72.531501647290995, -36.266473908456298 ], [ -72.5314924106859, -36.266477995612199 ], [ -72.531469148031206, -36.266484404921002 ], [ -72.5314503325, -36.266484961171003 ], [ -72.531393970667395, -36.266488534892197 ], [ -72.531361299676604, -36.2664952223165 ], [ -72.531340475196302, -36.266503466115502 ], [ -72.531309985958302, -36.2665062749399 ], [ -72.531140469940397, -36.266507471979601 ], [ -72.530831160946903, -36.266510893376903 ], [ -72.530798311506004, -36.266342079260802 ], [ -72.530614126887201, -36.266306252106197 ], [ -72.530446388482702, -36.266280669048498 ], [ -72.530474717075407, -36.266461101513798 ], [ -72.530474893533594, -36.2664622270999 ], [ -72.530454446440501, -36.266460996902197 ], [ -72.530146198269904, -36.266414798391203 ], [ -72.5300935958293, -36.266397280651098 ], [ -72.530044925671106, -36.266362481926201 ], [ -72.529948306063801, -36.266256627006896 ], [ -72.529889026226797, -36.266195441301797 ], [ -72.529850278411999, -36.266171792456802 ], [ -72.529755976467698, -36.2661173631558 ], [ -72.529675579658104, -36.266110203091401 ], [ -72.529611135005297, -36.266112107300799 ], [ -72.529543442810095, -36.266125550604201 ], [ -72.529377738515194, -36.266159054512499 ], [ -72.529225974324902, -36.2661883313488 ], [ -72.5291396381091, -36.266206140244897 ], [ -72.529068820024307, -36.266202510870698 ], [ -72.529015153731905, -36.266213632010803 ], [ -72.528984663361499, -36.266216440272203 ], [ -72.528940232660403, -36.266223474444999 ], [ -72.528891698961203, -36.266243980482599 ], [ -72.528852916726606, -36.266271826612503 ], [ -72.528775951659199, -36.266340851801502 ], [ -72.528638864595095, -36.266434540194602 ], [ -72.528619717476403, -36.2664408273804 ], [ -72.528578558327993, -36.266442043193798 ], [ -72.528516710687796, -36.266441485959298 ], [ -72.528407180117199, -36.2664280331756 ], [ -72.528359711685695, -36.266419899594197 ], [ -72.528291769221497, -36.266414753975901 ], [ -72.528221102211802, -36.266414457983302 ], [ -72.528167324505105, -36.266396974093702 ], [ -72.528126057014205, -36.266395808804603 ], [ -72.528093073929298, -36.266382478993897 ], [ -72.527982042347404, -36.266335693909397 ], [ -72.527858393583202, -36.266270209977797 ], [ -72.527801997544501, -36.266259955683303 ], [ -72.527757575502804, -36.266254115134501 ], [ -72.5277245925339, -36.266240785214997 ], [ -72.527688562183201, -36.266225161134201 ], [ -72.527634999146201, -36.2662124389499 ], [ -72.527557915863994, -36.266200411308098 ], [ -72.527516434079104, -36.266194484741803 ], [ -72.527474524555998, -36.266179034207198 ], [ -72.527420102812201, -36.266147265013302 ], [ -72.527344994982002, -36.266113723383 ], [ -72.527265661715006, -36.2660516976173 ], [ -72.5272149307022, -36.266036507468499 ], [ -72.527150485696893, -36.266034401638002 ], [ -72.527154560234706, -36.266041667137102 ], [ -72.527384224606607, -36.266451233575097 ], [ -72.527384546242502, -36.266458376515899 ], [ -72.527449308715106, -36.266468957909098 ], [ -72.527477704243395, -36.266471934388903 ], [ -72.527506442815096, -36.266482528917898 ], [ -72.527542151606099, -36.2664910101091 ], [ -72.527622634518593, -36.266500076563602 ], [ -72.527627852765406, -36.266511365642501 ], [ -72.527708678806604, -36.266528050991603 ], [ -72.527734893484094, -36.266534905005599 ], [ -72.527749434369397, -36.266544012165298 ], [ -72.527780868438597, -36.266562155207602 ], [ -72.527850620052106, -36.266594425685597 ], [ -72.527915410716005, -36.266621120145899 ], [ -72.527953729312699, -36.266635245722803 ], [ -72.528004751164502, -36.266669975865398 ], [ -72.528010012983302, -36.266679488594498 ], [ -72.528056897387501, -36.266689128976402 ], [ -72.528110139105195, -36.266694708013901 ], [ -72.528186506443603, -36.2667038956345 ], [ -72.528303380964999, -36.266710456808298 ], [ -72.528379489852696, -36.266713930349702 ], [ -72.528433182018603, -36.266729509166403 ], [ -72.528507528588506, -36.266733034680598 ], [ -72.528574818042301, -36.266736768610102 ], [ -72.528633029548203, -36.266735049073702 ], [ -72.528708367393506, -36.266721380417003 ], [ -72.528724023760105, -36.266755247447897 ], [ -72.528744109028594, -36.2668090092005 ], [ -72.528771250345002, -36.266862562506802 ], [ -72.528820138941001, -36.266928347386298 ], [ -72.528829104667807, -36.266941633227702 ], [ -72.528827941165702, -36.266983901924398 ], [ -72.528817716147898, -36.267031407531697 ], [ -72.528802612834298, -36.267049018465201 ], [ -72.528742389248293, -36.267123748219198 ], [ -72.528529996037904, -36.2673102522986 ], [ -72.528412828863793, -36.267400988634797 ], [ -72.528410294965198, -36.267402981789999 ], [ -72.528398816139401, -36.267412011357898 ], [ -72.528144422903495, -36.267612114004997 ], [ -72.528377518062399, -36.267819788647003 ], [ -72.528560950369396, -36.267674666254997 ], [ -72.528563479462605, -36.267672665129098 ], [ -72.528757428349095, -36.267523893452598 ], [ -72.528923034413594, -36.267383589678097 ], [ -72.529092898606095, -36.267180985609798 ], [ -72.529117998119006, -36.2671630793144 ], [ -72.529133861911703, -36.267149259965599 ], [ -72.529144763504704, -36.2671298656321 ], [ -72.529143562192701, -36.267103200686201 ], [ -72.529151940902395, -36.267080066797597 ], [ -72.529162842482606, -36.267060672463003 ], [ -72.529172027883803, -36.267003185219899 ], [ -72.529177968375095, -36.266978215869301 ], [ -72.529189420354996, -36.266918755065397 ], [ -72.529179412391898, -36.2669057000751 ], [ -72.529168888468007, -36.266881217154001 ], [ -72.529090999116207, -36.266772900662403 ], [ -72.529031411894593, -36.266652600239901 ], [ -72.528999326731196, -36.266567724319202 ], [ -72.5290709864165, -36.266485505054902 ], [ -72.529078042397899, -36.2664852965977 ], [ -72.529143898590505, -36.266483350966503 ], [ -72.5292003464331, -36.266481683263201 ], [ -72.529258803382106, -36.266472327091599 ], [ -72.529459616650001, -36.266433971897499 ], [ -72.529613474951006, -36.2663989103904 ], [ -72.529644051188299, -36.2663980069253 ], [ -72.529660943458197, -36.2664070434666 ], [ -72.529675999441196, -36.266427578337897 ], [ -72.529775314596193, -36.266540982910598 ], [ -72.529868553207905, -36.2666240515303 ], [ -72.529945447427707, -36.266658016287003 ], [ -72.530052574717004, -36.266683458479797 ], [ -72.530219051729503, -36.266719352974597 ], [ -72.530026358187996, -36.266990147907997 ], [ -72.529876787827803, -36.267381729045098 ], [ -72.529707131344296, -36.267588905318298 ], [ -72.529457334015405, -36.267794635223197 ], [ -72.529430395790001, -36.2678240390917 ], [ -72.529417399237303, -36.267849216935403 ], [ -72.529418343221195, -36.267870167891203 ], [ -72.529427115675801, -36.267908052298601 ], [ -72.529432764518006, -36.267928865141798 ], [ -72.5294479065617, -36.267951304084498 ], [ -72.529458001619503, -36.2679662630674 ], [ -72.529470190559806, -36.267975439496503 ], [ -72.529503891096695, -36.267991608494299 ], [ -72.529537936016496, -36.268015395486302 ], [ -72.529578521069098, -36.268027546950201 ], [ -72.529620771928194, -36.268024391016702 ], [ -72.529658319117004, -36.268021374956803 ], [ -72.529919877454503, -36.267815297082699 ], [ -72.530015143622805, -36.267734286257003 ], [ -72.530176224515401, -36.267519734815899 ], [ -72.530228896208698, -36.267434261029699 ], [ -72.530235643713993, -36.267374938278103 ], [ -72.530276554481503, -36.267289812948697 ], [ -72.530311904234495, -36.2671857797082 ], [ -72.5303414842965, -36.267110523998198 ], [ -72.530372009710007, -36.2670562209872 ], [ -72.530443153207301, -36.266962572112 ], [ -72.5305070689068, -36.266865323630597 ], [ -72.530529559190498, -36.266841772580399 ], [ -72.530566247276397, -36.266819708491496 ], [ -72.530616875703103, -36.266793419178697 ], [ -72.530640051562301, -36.266785105102997 ], [ -72.530772450988806, -36.266796449014201 ], [ -72.531013213370699, -36.266808404639399 ], [ -72.531271504617493, -36.266791233676102 ], [ -72.531273446335007, -36.266886535690098 ], [ -72.531245638232903, -36.2673145707655 ], [ -72.531243801012906, -36.267326068242397 ], [ -72.531224264207694, -36.267362881873801 ], [ -72.531193826327197, -36.267419090897597 ], [ -72.531068963861699, -36.2674704621015 ], [ -72.530962401847503, -36.267509848160103 ], [ -72.530912116572694, -36.267543757462398 ], [ -72.530843788072701, -36.267595363925899 ], [ -72.530701739273596, -36.267683479753998 ], [ -72.530679249934906, -36.2677070308116 ], [ -72.530669721094696, -36.267756899213602 ], [ -72.530679180944304, -36.267810021353199 ], [ -72.530706685155195, -36.267845445397001 ], [ -72.530740900960595, -36.267873041976202 ], [ -72.530779564041396, -36.267894785508702 ], [ -72.530803599838805, -36.267905518220303 ], [ -72.530858125453506, -36.267913442195002 ], [ -72.530904994028006, -36.2679082427208 ], [ -72.530987607730694, -36.267860028039003 ], [ -72.5311361104648, -36.267758371327702 ], [ -72.531239547514801, -36.267701911839701 ], [ -72.531355346330002, -36.267658437475902 ], [ -72.531433512292693, -36.267616075566899 ], [ -72.531460190950995, -36.267580957356998 ], [ -72.531496572457201, -36.267535777842603 ], [ -72.531547420891599, -36.267455602345898 ], [ -72.531577023847703, -36.267393935114697 ], [ -72.531586402183606, -36.267373393535699 ], [ -72.531590960859603, -36.267311275555201 ], [ -72.531611205512306, -36.2670746613151 ], [ -72.531621877089606, -36.266821641996998 ], [ -72.531623818617803, -36.266766752015002 ], [ -72.531629054966004, -36.266752293247499 ], [ -72.531633035907205, -36.266742639881301 ], [ -72.531644473484505, -36.266735149301802 ], [ -72.531699689518902, -36.266719212872701 ], [ -72.531780291517506, -36.266678686232297 ], [ -72.531788575353701, -36.266666521498898 ], [ -72.531807438000499, -36.266627819320398 ], [ -72.531815989084194, -36.266621607040399 ], [ -72.531823500539701, -36.266624961167601 ], [ -72.531849455847805, -36.266645649240502 ], [ -72.531954825317897, -36.266697365444699 ], [ -72.532003367665297, -36.2667293063488 ], [ -72.532041352731497, -36.266788259806901 ], [ -72.532159278461407, -36.266955229149502 ], [ -72.532240883954699, -36.267132808026403 ], [ -72.532273723606096, -36.267371427920899 ], [ -72.532278670686793, -36.267383201443003 ], [ -72.532319273740995, -36.267402265089999 ], [ -72.532386282725994, -36.267419355793599 ], [ -72.532443774381306, -36.2674212318827 ], [ -72.532496318880007, -36.267411333533303 ], [ -72.5325393986096, -36.267387412010599 ], [ -72.532589829880706, -36.267363272164197 ], [ -72.532610859178504, -36.267340002714697 ], [ -72.532597926695004, -36.267216416998501 ], [ -72.532556923228299, -36.267057901990803 ], [ -72.532485069850296, -36.266868115146103 ], [ -72.532438682960802, -36.266786047324501 ], [ -72.532290947714003, -36.266578239958797 ], [ -72.532259562183697, -36.266535064105298 ], [ -72.532030282953698, -36.2664121539026 ], [ -72.531806927708601, -36.266290022286498 ], [ -72.531806444694297, -36.266279308825901 ], [ -72.531807592738204, -36.266272122454303 ], [ -72.5318160901125, -36.266264719691698 ], [ -72.531831347481699, -36.266244004274803 ], [ -72.531870575363897, -36.266199932575297 ], [ -72.531914771095202, -36.266135449667097 ], [ -72.531945628761093, -36.266068977873402 ], [ -72.531979298203197, -36.266032222016001 ], [ -72.532059094263602, -36.265973838866302 ], [ -72.532157389838702, -36.265933979993299 ], [ -72.532364537395097, -36.265859911108002 ], [ -72.5326865786746, -36.265755027392302 ], [ -72.532951547690999, -36.265667327709203 ], [ -72.533064165025294, -36.265618700936301 ], [ -72.533105452521795, -36.265587679815901 ], [ -72.533146417835397, -36.265549515785501 ], [ -72.533166534906599, -36.265506008925797 ], [ -72.533207015887598, -36.265457132364801 ], [ -72.533284804527497, -36.265386887093499 ], [ -72.5334033744533, -36.265274431144697 ], [ -72.533502439376605, -36.2652190533218 ], [ -72.533706805684105, -36.2651486397559 ], [ -72.533970506371205, -36.265088391223401 ], [ -72.534254391366701, -36.2650513845484 ], [ -72.534336892889399, -36.265033447585502 ], [ -72.534405390172296, -36.265018309059997 ], [ -72.534636697102599, -36.264957824552297 ], [ -72.534822113177299, -36.264891546050102 ], [ -72.534873280585501, -36.264851172970197 ], [ -72.534935810865306, -36.2648016433808 ], [ -72.535042140876996, -36.264613736728997 ], [ -72.535072673012905, -36.264540121407997 ], [ -72.535101394147503, -36.264491591348602 ], [ -72.535133591415402, -36.264454879115199 ], [ -72.535183589146399, -36.264421215399203 ], [ -72.535230359607397, -36.264413870916599 ], [ -72.535277397555802, -36.2644124788509 ], [ -72.535327805361007, -36.264420523597401 ], [ -72.535474566012994, -36.264443595916802 ], [ -72.535609245162703, -36.264459873215102 ], [ -72.535693196262798, -36.264474076521701 ], [ -72.5358391317708, -36.264511476748297 ], [ -72.535990517748402, -36.264539179795698 ], [ -72.536127974930096, -36.264551798959403 ], [ -72.536237019991205, -36.2645545313176 ], [ -72.536343682612596, -36.264537069818402 ], [ -72.536412413063601, -36.264494506550299 ], [ -72.536552867635294, -36.264410485143301 ], [ -72.536710765295496, -36.264288994786298 ], [ -72.536759687354305, -36.264231521781298 ], [ -72.536776681764806, -36.264216714689198 ], [ -72.536804181382394, -36.264206364841598 ], [ -72.536834942377496, -36.2642030699431 ], [ -72.536866707669006, -36.2642057056499 ], [ -72.536936869650404, -36.264227467864899 ], [ -72.537044981632803, -36.264242146915997 ], [ -72.537130506791897, -36.264245574876 ], [ -72.5372185957646, -36.264240582370597 ], [ -72.537272016186193, -36.2642175441784 ], [ -72.537346679743607, -36.264175997672297 ], [ -72.5374058915082, -36.264118220616503 ], [ -72.537415965600204, -36.264113154019199 ], [ -72.537436759938501, -36.264117306521399 ], [ -72.537534528960407, -36.264131099342997 ], [ -72.537702586271607, -36.264136850170502 ], [ -72.537881757634807, -36.264127967670703 ], [ -72.538093608442495, -36.264093085346701 ], [ -72.538209862550303, -36.264072953979003 ], [ -72.538309388861705, -36.264060470393403 ], [ -72.538411800311295, -36.264046709195902 ], [ -72.538499082391894, -36.2640238595162 ], [ -72.538600150654801, -36.263980338022002 ], [ -72.538774463865593, -36.263896502259598 ], [ -72.538880604191704, -36.263834950147199 ], [ -72.538987891708203, -36.263766211544201 ], [ -72.539055490740495, -36.263698649575403 ], [ -72.539076912738906, -36.263651526937302 ], [ -72.539084781917197, -36.263597654305499 ], [ -72.539081376017094, -36.263554843432601 ], [ -72.539083993385802, -36.263547613476 ], [ -72.539101094747096, -36.263535187035203 ], [ -72.539138506339597, -36.263516198521401 ], [ -72.539197913272105, -36.263495366266199 ], [ -72.539215606139507, -36.263496034141298 ], [ -72.539233890546598, -36.263509796344302 ], [ -72.539284656439193, -36.263558356448002 ], [ -72.539370074358303, -36.263559401855098 ], [ -72.539425555206805, -36.2635494135302 ], [ -72.539470208164801, -36.263527827121003 ], [ -72.539526298520599, -36.263498749392703 ], [ -72.539582209784797, -36.263478735946897 ], [ -72.539672447610201, -36.263423613797102 ], [ -72.539781670127098, -36.263397729840896 ], [ -72.539945225884495, -36.263369042741502 ], [ -72.540021894998205, -36.263339354963101 ], [ -72.540082448825601, -36.263311336777903 ], [ -72.540145475089602, -36.263240333527598 ], [ -72.540162253445104, -36.263220764101099 ], [ -72.540184087306599, -36.263215348771197 ], [ -72.540222412926198, -36.263216597102598 ], [ -72.540316362793604, -36.2632436126923 ], [ -72.540380644637295, -36.2632655471443 ], [ -72.540401008523006, -36.263260176241701 ], [ -72.540596810277293, -36.263098221089997 ], [ -72.540718702600898, -36.262896737537801 ], [ -72.540816215953896, -36.262725775489102 ], [ -72.540850704116295, -36.262674689065499 ], [ -72.540960946222697, -36.262671421335398 ], [ -72.541042454674198, -36.262651126023599 ], [ -72.541120323594399, -36.262615441657402 ], [ -72.541198639054898, -36.262557096510903 ], [ -72.541261826203396, -36.262489663239499 ], [ -72.541291850224098, -36.262437517865997 ], [ -72.541320690438994, -36.262359182980198 ], [ -72.5413540610936, -36.262218253194597 ], [ -72.541378383640506, -36.262137668987499 ], [ -72.541398673885396, -36.262065546990399 ], [ -72.541436549036007, -36.261991712508703 ], [ -72.541454814013804, -36.261939915702698 ], [ -72.541463848008206, -36.261944415254298 ], [ -72.541530299673298, -36.261981781666996 ], [ -72.541617668916203, -36.261993495366497 ], [ -72.541708963843007, -36.261994364901199 ], [ -72.541769374954598, -36.2619632505697 ], [ -72.541845019471296, -36.261910943651202 ], [ -72.541898776724693, -36.261862861838701 ], [ -72.541927383938898, -36.261811950393898 ], [ -72.541957139301402, -36.261753852492397 ], [ -72.541975279237803, -36.261731858320097 ], [ -72.541997272883506, -36.261730014137001 ], [ -72.542038699168899, -36.2617347461698 ], [ -72.542115402692602, -36.261738431278197 ], [ -72.542287519052607, -36.2617364272459 ], [ -72.542459838151501, -36.261714152700897 ], [ -72.542555660532202, -36.261697960514397 ], [ -72.542627533761205, -36.261672942837798 ], [ -72.542716929263406, -36.261618797651401 ], [ -72.542787338287098, -36.261561401404897 ], [ -72.542859667627198, -36.261494411625797 ], [ -72.542930964445603, -36.261404566170299 ], [ -72.542975330253199, -36.261344127229201 ], [ -72.543085097838798, -36.261480096682902 ], [ -72.543178971662897, -36.261524992413598 ], [ -72.543280530479805, -36.261531515764403 ], [ -72.543426342258599, -36.261527190758002 ], [ -72.543564496688802, -36.261509742101701 ], [ -72.543710222264295, -36.261503512719102 ], [ -72.543894895419598, -36.261473240590497 ], [ -72.543976003252993, -36.2614441340856 ], [ -72.544021229776206, -36.261402741415303 ], [ -72.544090663858995, -36.261375887747903 ], [ -72.5441420592458, -36.2613667339035 ], [ -72.544191447085396, -36.261365268648099 ], [ -72.544219237935394, -36.261354908494198 ], [ -72.544284306637195, -36.261314833620197 ], [ -72.544431031087797, -36.261226564377701 ], [ -72.544477721991797, -36.261217549976102 ], [ -72.544599412603304, -36.261200588632903 ], [ -72.544638875761294, -36.261187974555902 ], [ -72.544739684279094, -36.261125861099202 ], [ -72.544819153034396, -36.261060565818099 ], [ -72.544895064171598, -36.260968674837997 ], [ -72.544938826109401, -36.260894903418297 ], [ -72.544956976088599, -36.2608276126766 ], [ -72.544953012118299, -36.260739999403398 ], [ -72.544963908909594, -36.260720603872798 ], [ -72.545019489923405, -36.260699883233798 ], [ -72.545090844294606, -36.260663436385997 ], [ -72.545128473119405, -36.260662319711798 ], [ -72.545258941598803, -36.260683240661699 ], [ -72.545395861105405, -36.260690620303897 ], [ -72.545507540984204, -36.260660605453502 ], [ -72.545622457606001, -36.260598071659402 ], [ -72.545729285539494, -36.260512891601799 ], [ -72.545831345357001, -36.2604115965432 ], [ -72.545883407774198, -36.260360509717401 ], [ -72.545889601160297, -36.260341254617998 ], [ -72.545889626053594, -36.260289759842799 ], [ -72.545887236397704, -36.260184935213402 ], [ -72.545888061907604, -36.260099086413902 ], [ -72.546044460006598, -36.260172639289202 ], [ -72.546182155532904, -36.2601971596903 ], [ -72.546275709146101, -36.260182939407898 ], [ -72.546355238375597, -36.260171042872599 ], [ -72.546381993977505, -36.260137825827101 ], [ -72.546412073432194, -36.260073995722401 ], [ -72.546433460751203, -36.259974186814802 ], [ -72.546473292332905, -36.259917696230701 ], [ -72.546548338384497, -36.259806758683602 ], [ -72.546605259190699, -36.259711616391101 ], [ -72.546659656415002, -36.259612734022802 ], [ -72.546717243402199, -36.259584324020402 ], [ -72.546773857620295, -36.259586457249497 ], [ -72.546901972498503, -36.259607447213703 ], [ -72.547050636059893, -36.259610122516698 ], [ -72.547051112611598, -36.259610130892803 ], [ -72.5470922684638, -36.259608908886797 ], [ -72.547149430767007, -36.259603635392402 ], [ -72.547227024224398, -36.259561995916897 ], [ -72.547325855928307, -36.2595018456486 ], [ -72.547360970310095, -36.259497226749403 ], [ -72.547372729739294, -36.259496877557901 ], [ -72.547400656160704, -36.2594960482894 ], [ -72.547658833468105, -36.259542020834999 ], [ -72.5479166876503, -36.259580850914404 ], [ -72.548126314227602, -36.259605140245299 ], [ -72.548138087690802, -36.259606820587003 ], [ -72.548138072552206, -36.259604791010602 ], [ -72.548241770645006, -36.259619591104197 ], [ -72.548383763494002, -36.2596675225995 ], [ -72.548737532513201, -36.259841773367697 ], [ -72.549092516213094, -36.2600428061739 ], [ -72.549301800006205, -36.260114068068198 ], [ -72.549477472923598, -36.260174407600502 ], [ -72.549575037841294, -36.2602112234446 ], [ -72.549579018669505, -36.260217512398803 ], [ -72.549795148022298, -36.260299067918098 ], [ -72.549958988678796, -36.2603418782411 ], [ -72.550181354178505, -36.260376990554299 ], [ -72.550351161887704, -36.2604702826006 ], [ -72.550505598562594, -36.260549132683302 ], [ -72.550637312047201, -36.260613757587898 ], [ -72.550821280778194, -36.260694708287303 ], [ -72.550877748545204, -36.260722829642297 ], [ -72.551001709353898, -36.260778744536999 ], [ -72.551046407552505, -36.260796240200499 ], [ -72.550991250451702, -36.2607954451951 ], [ -72.550988249166295, -36.260795920952098 ], [ -72.550946826566502, -36.260802487256001 ], [ -72.550907104726505, -36.260809389533598 ], [ -72.550867901889305, -36.260827719471003 ], [ -72.550831395338605, -36.260853598285003 ], [ -72.5507723212462, -36.260901126596401 ], [ -72.550728047102496, -36.260963472144802 ], [ -72.550668951198006, -36.261062495909599 ], [ -72.550585016901195, -36.261174653391699 ], [ -72.550558262804401, -36.261207870396198 ], [ -72.550515045882506, -36.261241577598597 ], [ -72.550467902462202, -36.261292565236801 ], [ -72.550404813997403, -36.261355470758502 ], [ -72.550342156948005, -36.261427899044598 ], [ -72.550330290150796, -36.261477838199298 ], [ -72.550324011531998, -36.261495189452198 ], [ -72.550306405881201, -36.261522413862203 ], [ -72.550284872596905, -36.261566918749097 ], [ -72.550252768141505, -36.261689932929201 ], [ -72.550205429729303, -36.261788606156699 ], [ -72.550187909143304, -36.261817734605899 ], [ -72.550145188654994, -36.2619143639889 ], [ -72.550045398541002, -36.262050832732498 ], [ -72.549949167330794, -36.262213895909497 ], [ -72.549921356033906, -36.262275751954803 ], [ -72.549915681374301, -36.262306435826702 ], [ -72.549916005013003, -36.262313578598302 ], [ -72.549917407367204, -36.262344528808697 ], [ -72.549917731006602, -36.262351671580198 ], [ -72.549921808039798, -36.2623896937952 ], [ -72.549990895713407, -36.262563102185901 ], [ -72.550120439644203, -36.262823397884802 ], [ -72.550166290298307, -36.262951723418603 ], [ -72.550167606464001, -36.262980768699002 ], [ -72.550162190793401, -36.263017166432299 ], [ -72.550139621413095, -36.263038815890503 ], [ -72.550069019130902, -36.2630626082356 ], [ -72.5499817691407, -36.263086060917601 ], [ -72.549837522675006, -36.263102268151897 ], [ -72.5496521328119, -36.263152476423798 ], [ -72.549445368039002, -36.263218219893602 ], [ -72.549228252594503, -36.263299170908297 ], [ -72.549026374753694, -36.263391587681497 ], [ -72.548879349084004, -36.263476415131599 ], [ -72.548732997121505, -36.2635761227573 ], [ -72.548655251802103, -36.263646972035303 ], [ -72.548624874350494, -36.263707474102098 ], [ -72.548622883758995, -36.263712064524903 ], [ -72.548596915709098, -36.263771956248497 ], [ -72.548563578884199, -36.263815859102699 ], [ -72.548495609902503, -36.263875093698701 ], [ -72.548461841571594, -36.263909471921799 ], [ -72.548402772951505, -36.264035194129598 ], [ -72.548389691462205, -36.264071342866302 ], [ -72.548390268129197, -36.264077786135402 ], [ -72.5483900149828, -36.264078485647602 ], [ -72.548395974338703, -36.264145059774201 ], [ -72.548434164022595, -36.2642082932703 ], [ -72.548434810993896, -36.2642225770322 ], [ -72.548435134520403, -36.264229719813002 ], [ -72.548456684172905, -36.264250535949003 ], [ -72.548472245928096, -36.264269145823398 ], [ -72.548508386771502, -36.264287143479599 ], [ -72.548559981612598, -36.264321370958299 ], [ -72.548578052053799, -36.264330369773397 ], [ -72.548580487279594, -36.264338640986601 ], [ -72.548571605527897, -36.264383008537202 ], [ -72.548564295191298, -36.264416601721301 ], [ -72.548534760830506, -36.264479462854901 ], [ -72.548522542032899, -36.264534657217602 ], [ -72.548512615119506, -36.264575479616497 ], [ -72.548504846104393, -36.264663917813998 ], [ -72.548505169642496, -36.264671060593798 ], [ -72.548506463714702, -36.264699629912897 ], [ -72.548506787253402, -36.264706772692499 ], [ -72.548568683984598, -36.264838437160698 ], [ -72.548622759632096, -36.264927422292097 ], [ -72.548681744894793, -36.264994805274 ], [ -72.5487170672112, -36.265069048849099 ], [ -72.548716212069806, -36.265105828238802 ], [ -72.548716672007998, -36.265107114763801 ], [ -72.548716535632394, -36.2651129710163 ], [ -72.548730021438701, -36.265150713758601 ], [ -72.548741784151701, -36.265170190614803 ], [ -72.548725487005598, -36.265310575259903 ], [ -72.548726097946101, -36.265315244277097 ], [ -72.548725810571497, -36.265317718037103 ], [ -72.548734277314594, -36.2653824534192 ], [ -72.548734818324306, -36.265386585696803 ], [ -72.548731504311704, -36.265432576396698 ], [ -72.548731203026605, -36.2654367571241 ], [ -72.548738700939396, -36.2654722945218 ], [ -72.548749354611203, -36.265512505525599 ], [ -72.548891815570897, -36.265667999968301 ], [ -72.548933270124095, -36.265738287755703 ], [ -72.548961886949797, -36.2657851174421 ], [ -72.548971676802495, -36.265806281949303 ], [ -72.548984192171801, -36.265822598121602 ], [ -72.548996235077894, -36.2658466348527 ], [ -72.548992659847301, -36.265879562050102 ], [ -72.548993481932698, -36.265882112773902 ], [ -72.548992983444194, -36.265886704824602 ], [ -72.5489998343796, -36.2659079575457 ], [ -72.549006015485901, -36.2659252557171 ], [ -72.549004823765998, -36.265953104166002 ], [ -72.548988910044002, -36.265991720337801 ], [ -72.548985942070303, -36.266056176409997 ], [ -72.548986455345101, -36.266059204845099 ], [ -72.548986265668702, -36.266063319184397 ], [ -72.548990284348505, -36.266087039280997 ], [ -72.549000613587197, -36.266120108406 ], [ -72.549011267507893, -36.266160319370698 ], [ -72.549018657775704, -36.266193475811797 ], [ -72.549031495716406, -36.266216934781198 ], [ -72.549059248774697, -36.266244717965002 ], [ -72.549188335534396, -36.266364849214703 ], [ -72.5492924995105, -36.266454729870503 ], [ -72.549329396721006, -36.2664893936727 ], [ -72.549342235878498, -36.266512851667102 ], [ -72.549343853938495, -36.266548562822599 ], [ -72.549344177575307, -36.266555705593603 ], [ -72.549352322037606, -36.266605527601001 ], [ -72.549352861353199, -36.266617430419302 ], [ -72.549341964985501, -36.2666368263205 ], [ -72.549327130071703, -36.266699250868797 ], [ -72.5493052546434, -36.266801220038801 ], [ -72.549306414202107, -36.266804465338801 ], [ -72.5493055782797, -36.266808362809698 ], [ -72.549312321521199, -36.266827234577597 ], [ -72.549312968714304, -36.266841518319602 ], [ -72.549298241630893, -36.266906323789698 ], [ -72.549291362940394, -36.266949439797401 ], [ -72.549291686577106, -36.266956582568199 ], [ -72.549293951874702, -36.2670065783648 ], [ -72.549294275512395, -36.267013721135598 ], [ -72.549298971331993, -36.267056213006299 ], [ -72.5492994534047, -36.2671279982683 ], [ -72.549296378954395, -36.267190073370003 ], [ -72.549291901032703, -36.2672211982985 ], [ -72.549276714817296, -36.267340848770097 ], [ -72.549263282080702, -36.267434222620899 ], [ -72.5492621757694, -36.2674747829819 ], [ -72.549232128049994, -36.2675912997355 ], [ -72.549203348327794, -36.267670825709402 ], [ -72.549167933164995, -36.267733861731401 ], [ -72.549083617191897, -36.2678221901675 ], [ -72.549012274893101, -36.267871989724703 ], [ -72.548974594281106, -36.267885028995899 ], [ -72.548889874313204, -36.267899465808597 ], [ -72.548881411726398, -36.2678992532013 ], [ -72.548715982997507, -36.267895096393097 ], [ -72.5487095335737, -36.267895579029698 ], [ -72.548557547502298, -36.267906955577999 ], [ -72.548441458397093, -36.267943779325698 ], [ -72.548389723919001, -36.2679715406803 ], [ -72.5482975863153, -36.268017189306001 ], [ -72.548250409562101, -36.268080574454999 ], [ -72.548200509327899, -36.268148807844298 ], [ -72.548179362654395, -36.268201883238802 ], [ -72.548178766667803, -36.268318716985 ], [ -72.548163442388599, -36.268500354314298 ], [ -72.548159368072604, -36.268605370730903 ], [ -72.548118826195605, -36.268685246757499 ], [ -72.548045915735599, -36.268830451222598 ], [ -72.547975622845598, -36.268968426411099 ], [ -72.547935511962095, -36.2690578251974 ], [ -72.547887364895601, -36.269099782774298 ], [ -72.5476937254532, -36.2691794376261 ], [ -72.547635355750799, -36.269190707738403 ], [ -72.547630984149905, -36.269189630192301 ], [ -72.547549015509404, -36.2691694316132 ], [ -72.5474694484287, -36.2691026594064 ], [ -72.547341074593106, -36.268965816291598 ], [ -72.547210261895998, -36.2688075900802 ], [ -72.547204691712807, -36.268815425977799 ], [ -72.547022614580101, -36.269071586410803 ], [ -72.547025740399604, -36.269074786861701 ], [ -72.5471707992197, -36.2692233375207 ], [ -72.5472396991686, -36.269282083154401 ], [ -72.547308922664996, -36.269347970625802 ], [ -72.547349745629703, -36.269371789849899 ], [ -72.547343615205705, -36.2693751669674 ], [ -72.547164479783504, -36.2694738435275 ], [ -72.547074698163797, -36.269539089021201 ], [ -72.547014412056598, -36.269573063180601 ], [ -72.546863131076194, -36.269645498565097 ], [ -72.546810695264696, -36.269657784150397 ], [ -72.5464825965052, -36.269706237941698 ], [ -72.546477307593193, -36.269707018486002 ], [ -72.546478265356697, -36.269705488930299 ], [ -72.546938571541105, -36.268970975141698 ], [ -72.547324987336197, -36.2683252919037 ], [ -72.5471206841342, -36.268265531352199 ], [ -72.546553058576905, -36.269171268359102 ], [ -72.546501593162802, -36.269204980364002 ], [ -72.546376773268307, -36.269276629481197 ], [ -72.546299817967693, -36.269332553555401 ], [ -72.546241956928796, -36.269420095571697 ], [ -72.546166617110103, -36.269511731764602 ], [ -72.546112196025703, -36.269577714420798 ], [ -72.546043736524794, -36.269626234630202 ], [ -72.545960753574207, -36.269646578177799 ], [ -72.545695015669395, -36.269629435021201 ], [ -72.545610092686701, -36.269606923353798 ], [ -72.545546734426296, -36.269573044741101 ], [ -72.5454964455961, -36.269535201067001 ], [ -72.545427385016097, -36.269472883869497 ], [ -72.545362895401894, -36.269414006254301 ], [ -72.545268020564095, -36.269366758134701 ], [ -72.545192240850696, -36.269351127179 ], [ -72.545156798665701, -36.2693486037846 ], [ -72.545121518084102, -36.269349650879803 ], [ -72.545108611386794, -36.269357185430202 ], [ -72.545087692149195, -36.269382837867802 ], [ -72.545054512746106, -36.269430310449202 ], [ -72.545012513698893, -36.269478044772399 ], [ -72.544972499462403, -36.2694720808162 ], [ -72.544874022523501, -36.269442819368699 ], [ -72.544862495783704, -36.269439394229103 ], [ -72.544860099092901, -36.269438682358 ], [ -72.544796253566403, -36.2696366705675 ], [ -72.544762585464696, -36.269725400535101 ], [ -72.544749248923793, -36.269742960978498 ], [ -72.544695213155293, -36.269797966019802 ], [ -72.544531294226601, -36.269922982969 ], [ -72.544402053514006, -36.270033621000302 ], [ -72.544341736802195, -36.270105976936001 ], [ -72.5443201118822, -36.270148576084097 ], [ -72.544308412737394, -36.270202324722099 ], [ -72.544307734407397, -36.270343477180802 ], [ -72.544299792034096, -36.270376134703703 ], [ -72.544287230969601, -36.270410836759197 ], [ -72.544267096553497, -36.270434320417898 ], [ -72.544234339181102, -36.270439107365597 ], [ -72.544208380540695, -36.270437970117399 ], [ -72.544179810902705, -36.270431188778701 ], [ -72.544144529796696, -36.270432235612503 ], [ -72.544119087186104, -36.270442527048402 ], [ -72.544048697306593, -36.270448429627699 ], [ -72.543931524819797, -36.2704614417394 ], [ -72.543836726352296, -36.270500491136701 ], [ -72.543733381968096, -36.270558866157202 ], [ -72.543649456878995, -36.2706300146817 ], [ -72.543552864627003, -36.270421181701003 ], [ -72.543535797687994, -36.270408338308201 ], [ -72.543380956248996, -36.270317571822602 ], [ -72.543340280981297, -36.270303521243903 ], [ -72.543119069099006, -36.270281475338003 ], [ -72.542970974681594, -36.270287774671502 ], [ -72.542587155679897, -36.270289622947701 ], [ -72.542323809180601, -36.270299340465101 ], [ -72.5420490459516, -36.270317024094602 ], [ -72.541924558544693, -36.270324529585203 ], [ -72.541867419702399, -36.2703109666801 ], [ -72.541813062832304, -36.270306856892503 ], [ -72.541774912490894, -36.270296544977498 ], [ -72.541696260500899, -36.2702759908275 ], [ -72.541644256103496, -36.270271811210002 ], [ -72.541506114051501, -36.270237762701598 ], [ -72.541248558220801, -36.270167204278501 ], [ -72.541031505374406, -36.2701068868124 ], [ -72.540904520001902, -36.270059157139201 ], [ -72.540888762313799, -36.270054120742401 ], [ -72.540689328208799, -36.269990373617503 ], [ -72.540676857111393, -36.269986387687801 ], [ -72.540670050213905, -36.269991250503502 ], [ -72.5402775330938, -36.2698152084415 ], [ -72.540007974948097, -36.269713534388401 ], [ -72.539886713830001, -36.269636071929099 ], [ -72.539769834344895, -36.269509012730602 ], [ -72.539742898335703, -36.269482990774499 ], [ -72.539630493609593, -36.269438641688701 ], [ -72.539506256755104, -36.269376763883102 ], [ -72.539465293107199, -36.269366057022701 ], [ -72.539435489406699, -36.269358000987403 ], [ -72.5393474218546, -36.269363590222802 ], [ -72.539290233783305, -36.269401044058903 ], [ -72.539263521794098, -36.269461435333703 ], [ -72.539254244528095, -36.269500450177901 ], [ -72.539271366355095, -36.269553583222702 ], [ -72.539287007855805, -36.269573979605603 ], [ -72.539328509448694, -36.269596589464101 ], [ -72.539388656119598, -36.2696246071785 ], [ -72.539509486397193, -36.269692546381201 ], [ -72.539556008888695, -36.269744808175702 ], [ -72.539648245969403, -36.2698314746265 ], [ -72.539743352187699, -36.269900175859 ], [ -72.539867859086598, -36.269968005724103 ], [ -72.540268628320206, -36.270123007799199 ], [ -72.540485496057101, -36.270212300389503 ], [ -72.540485818930406, -36.270219443224697 ], [ -72.540769355213499, -36.270325403374002 ], [ -72.541391213699697, -36.270500690354602 ], [ -72.541290727744396, -36.270526890051201 ], [ -72.541220165223507, -36.270528982008599 ], [ -72.540840352851703, -36.270528321764402 ], [ -72.540430003834103, -36.270516204135298 ], [ -72.540359760347698, -36.270514129658402 ], [ -72.540356883486098, -36.270514044631298 ], [ -72.540109170731, -36.270503211659197 ], [ -72.539510523036796, -36.270285533876397 ], [ -72.539443967573803, -36.270278565979602 ], [ -72.538890948926706, -36.270256211550802 ], [ -72.5383735177533, -36.270125520511101 ], [ -72.538209123386807, -36.270070790359497 ], [ -72.538132079309094, -36.2700760530903 ], [ -72.538074353512599, -36.270101602511197 ], [ -72.538024782747897, -36.270144790482902 ], [ -72.538005421384796, -36.270204963778802 ], [ -72.538011112638102, -36.270249495522798 ], [ -72.538034911251302, -36.270287529688503 ], [ -72.538069465522497, -36.270319286725801 ], [ -72.538092188745395, -36.270333513164601 ], [ -72.538151797884495, -36.270349627637501 ], [ -72.538330624283901, -36.2703979700023 ], [ -72.538561441673394, -36.270456692593598 ], [ -72.538811037913007, -36.270523797540399 ], [ -72.539014111895796, -36.270538641768397 ], [ -72.539419588597497, -36.270553446868902 ], [ -72.540007347143501, -36.270774428393302 ], [ -72.540422303475594, -36.270792192819002 ], [ -72.540428905774206, -36.270792279150498 ], [ -72.541361274786098, -36.270804440524003 ], [ -72.541814938249999, -36.270680372372802 ], [ -72.541940918486205, -36.270653750546302 ], [ -72.542001211013996, -36.270632890527999 ], [ -72.542028230190098, -36.270605389004999 ], [ -72.542180025725401, -36.270602794244603 ], [ -72.542322641827695, -36.270579493662602 ], [ -72.542790966091403, -36.270571325754197 ], [ -72.543141857658895, -36.270570453507197 ], [ -72.543248476734306, -36.270584455524002 ], [ -72.543277218680103, -36.270595046047397 ], [ -72.543321598062704, -36.270690996065902 ], [ -72.543424618780406, -36.271018709109399 ], [ -72.5433607722305, -36.271140408032501 ], [ -72.543231777186506, -36.271100368686398 ], [ -72.543103384330294, -36.271073662838802 ], [ -72.5429829104948, -36.271065793221801 ], [ -72.542849961001707, -36.271094529454999 ], [ -72.542735543026296, -36.271168489281699 ], [ -72.542677059484305, -36.271229346937602 ], [ -72.542621271785805, -36.271297752756603 ], [ -72.542602144020293, -36.271395587464397 ], [ -72.542602467059695, -36.271402729381897 ], [ -72.542605848459004, -36.271477486910797 ], [ -72.542606171499699, -36.271484628828198 ], [ -72.542623644010007, -36.271558490885702 ], [ -72.542631820314497, -36.271583042109697 ], [ -72.542723242625897, -36.271677597101899 ], [ -72.542750460627502, -36.2717065419303 ], [ -72.5427851377259, -36.271723812486002 ], [ -72.542782523576193, -36.271738490358203 ], [ -72.542742597798707, -36.271793076067397 ], [ -72.542730897365402, -36.271846823712302 ], [ -72.542573796561399, -36.271914421216302 ], [ -72.542534215123396, -36.2719766247926 ], [ -72.542507169267495, -36.272055622156998 ], [ -72.542366041653196, -36.272059807616799 ], [ -72.542236501965505, -36.272059834289699 ], [ -72.5421735975209, -36.272075050347603 ], [ -72.542047072646398, -36.272141739541603 ], [ -72.541989189696395, -36.272215928780902 ], [ -72.541951547426905, -36.2722845603097 ], [ -72.541943748246794, -36.272372521563902 ], [ -72.541941860058799, -36.272487009651101 ], [ -72.541939309576406, -36.272534765245801 ], [ -72.5419358115618, -36.272561569284903 ], [ -72.541870871787495, -36.272635967731603 ], [ -72.541570226999795, -36.2726544188194 ], [ -72.541480501260594, -36.272649450123197 ], [ -72.541447916085303, -36.272658045298598 ], [ -72.541348376875604, -36.272592337782498 ], [ -72.541307357309194, -36.272570667692797 ], [ -72.541257359403403, -36.272558799408799 ], [ -72.541164763439994, -36.272542472444002 ], [ -72.541119901210195, -36.272539988381197 ], [ -72.541091675472899, -36.272540825168598 ], [ -72.541072943661902, -36.272543287079401 ], [ -72.540939877302193, -36.272621613088901 ], [ -72.540880357919605, -36.272659613475703 ], [ -72.540832366999794, -36.272640057368903 ], [ -72.540786213078604, -36.272609003663298 ], [ -72.540748233899095, -36.272602500447199 ], [ -72.540668777144106, -36.272616298903202 ], [ -72.540607966091798, -36.2726257305359 ], [ -72.540551772832998, -36.272633117771399 ], [ -72.540448050863802, -36.272735366263497 ], [ -72.540280362012396, -36.272881468154701 ], [ -72.540085593834903, -36.273001672073001 ], [ -72.539960873500902, -36.273108357485697 ], [ -72.539903962943995, -36.2731520016495 ], [ -72.539876031911007, -36.273284426273698 ], [ -72.539875660515406, -36.273328302297102 ], [ -72.539876021559095, -36.273330873959303 ], [ -72.539879131119505, -36.273352993181803 ], [ -72.539896371502905, -36.273369646929801 ], [ -72.539956267310203, -36.273444159625797 ], [ -72.540013811799099, -36.273518741975103 ], [ -72.540063696077993, -36.273580200712701 ], [ -72.540074654868704, -36.273614205292503 ], [ -72.540074977703995, -36.273621347226999 ], [ -72.540076376753504, -36.273652297709098 ], [ -72.540075057342193, -36.273675223063798 ], [ -72.540054576492594, -36.273691088173599 ], [ -72.5399554985039, -36.273739797087899 ], [ -72.539716035816397, -36.273861325061702 ], [ -72.5396398770432, -36.273896003894897 ], [ -72.5395831662495, -36.273891962907797 ], [ -72.539519312836603, -36.273886226966503 ], [ -72.539432223765999, -36.273835406117101 ], [ -72.539354801044993, -36.2737900203322 ], [ -72.539281281447401, -36.273778848223202 ], [ -72.5391767516074, -36.273759059280202 ], [ -72.539025350630098, -36.273744473983498 ], [ -72.538796585698194, -36.273737901263303 ], [ -72.538787176581494, -36.273738180029298 ], [ -72.538703071422205, -36.273805516501902 ], [ -72.538575738221198, -36.273906555478398 ], [ -72.538465614806995, -36.274075743277898 ], [ -72.538432225098106, -36.274118690875603 ], [ -72.538411657713297, -36.274132650787998 ], [ -72.538402507824102, -36.274138643410801 ], [ -72.538390746085199, -36.2741389918409 ], [ -72.538354172269507, -36.2741114674701 ], [ -72.538298970604799, -36.274073051774202 ], [ -72.538224675261006, -36.274044737298603 ], [ -72.538189220214406, -36.274041973485602 ], [ -72.538179638927502, -36.274038442326699 ], [ -72.538092722590306, -36.273991430341297 ], [ -72.538000930217393, -36.273940747742898 ], [ -72.537957471009506, -36.273917241270503 ], [ -72.537933863792304, -36.273916033932302 ], [ -72.537779765829498, -36.273893896980901 ], [ -72.537713301786894, -36.273882515824099 ], [ -72.537566202371806, -36.273963159514601 ], [ -72.537539177532295, -36.273977021297704 ], [ -72.537539962968395, -36.273955831841697 ], [ -72.537539640319395, -36.273948688988199 ], [ -72.537538672413504, -36.273927261327501 ], [ -72.537538349805502, -36.273920119373798 ], [ -72.537548733847004, -36.2738892965071 ], [ -72.537554758016199, -36.273866231821899 ], [ -72.537558344682296, -36.273841331838298 ], [ -72.537564712997806, -36.273825886016603 ], [ -72.537572056194193, -36.273779895996697 ], [ -72.537589755994105, -36.273754578022903 ], [ -72.537595694136101, -36.273729609295401 ], [ -72.537603324987998, -36.2736378373165 ], [ -72.537607832071203, -36.273585917790001 ], [ -72.537607972596504, -36.273584298974697 ], [ -72.537602868016606, -36.273523419507697 ], [ -72.537601728053204, -36.273498182864898 ], [ -72.537601405444605, -36.273491040911203 ], [ -72.537595581881007, -36.273466419630097 ], [ -72.537592456133794, -36.273449347503799 ], [ -72.537568417752496, -36.273438616313001 ], [ -72.537430958525803, -36.273419801073302 ], [ -72.537400035677507, -36.273413087813701 ], [ -72.537369370959993, -36.273412089370098 ], [ -72.537357610428103, -36.273412437659701 ], [ -72.537338277147498, -36.273401566178201 ], [ -72.537314496893302, -36.273396548858102 ], [ -72.537288451242603, -36.273393506111397 ], [ -72.537223105976096, -36.273406884396103 ], [ -72.537136763126, -36.273424699432901 ], [ -72.537068722261296, -36.273430528401498 ], [ -72.537023772375605, -36.273426137910199 ], [ -72.536965599610596, -36.273389716133799 ], [ -72.536932152231202, -36.273379263428502 ], [ -72.536783878852603, -36.273381747343699 ], [ -72.536607551236699, -36.273388874907099 ], [ -72.536512229153203, -36.273416491006103 ], [ -72.5364258000684, -36.273432400594501 ], [ -72.536409249506093, -36.273430983120001 ], [ -72.536401934940599, -36.273425478113602 ], [ -72.536366652190296, -36.273426522726801 ], [ -72.536354546503105, -36.2734192520766 ], [ -72.536353923009202, -36.273405444160602 ], [ -72.536358571435798, -36.273351904919799 ], [ -72.536357674428004, -36.273351384549201 ], [ -72.536358248901493, -36.273344762056396 ], [ -72.536305039631301, -36.2733139154656 ], [ -72.5362078560497, -36.273248133824403 ], [ -72.536201774944999, -36.2732177985175 ], [ -72.5361837624597, -36.273184002361297 ], [ -72.536143289330596, -36.273122263296301 ], [ -72.5361232118521, -36.273042755701397 ], [ -72.536028047263599, -36.272656505276998 ], [ -72.535988692435097, -36.272619525912603 ], [ -72.5358852582483, -36.272519599587298 ], [ -72.535577140241401, -36.272278109988299 ], [ -72.535339338445496, -36.272091728853901 ], [ -72.535330011984897, -36.272084418180697 ], [ -72.535318132201297, -36.272081997308902 ], [ -72.535116786930303, -36.271905525692503 ], [ -72.534866162482999, -36.271734143240501 ], [ -72.5347830702473, -36.271654353917 ], [ -72.534579510337196, -36.271449393955599 ], [ -72.534366163589894, -36.2712232677464 ], [ -72.534270003222304, -36.2711474418196 ], [ -72.534248655889002, -36.271065825137498 ], [ -72.534173216138498, -36.270764098339498 ], [ -72.534167253883595, -36.2706319630948 ], [ -72.534171621409399, -36.270435154043099 ], [ -72.534201709324293, -36.2702211346827 ], [ -72.534216263291796, -36.269662849543302 ], [ -72.534228000307905, -36.269433638340097 ], [ -72.534201896435505, -36.268855099754497 ], [ -72.534054710538697, -36.268627015195598 ], [ -72.534107505741204, -36.268035414465103 ], [ -72.533987366931598, -36.267917384873599 ], [ -72.533900030765196, -36.267841297445003 ], [ -72.5336984170292, -36.267679189843101 ], [ -72.533313093300407, -36.267458148707902 ], [ -72.533254796217307, -36.267438416704202 ], [ -72.533206768366199, -36.2674505650321 ], [ -72.533154814568107, -36.2674735580988 ], [ -72.533086670266201, -36.267529213223298 ], [ -72.533075212297007, -36.267568888651297 ], [ -72.533076984096695, -36.267608171877498 ], [ -72.533086770071705, -36.2676293388066 ], [ -72.533123661079799, -36.2676640070801 ], [ -72.533164801387898, -36.267694974344302 ], [ -72.533332805613796, -36.267797285037702 ], [ -72.533556147280606, -36.267951598104503 ], [ -72.533758084797796, -36.268120847875501 ], [ -72.533748278469801, -36.268392913808199 ], [ -72.533726550020702, -36.268400708123799 ], [ -72.533470664792404, -36.268308150084998 ], [ -72.532958412797001, -36.268112317913896 ], [ -72.5326431045428, -36.267975027491303 ], [ -72.532602447462594, -36.267954774393402 ], [ -72.532540545084601, -36.267953028828998 ], [ -72.532484180370801, -36.267976151157498 ], [ -72.532437119464007, -36.268009726966397 ], [ -72.532407376644699, -36.2680356382062 ], [ -72.532395434035493, -36.268064600171598 ], [ -72.532392313170305, -36.2680933003614 ], [ -72.532393601534906, -36.268121870162602 ], [ -72.532421832873297, -36.268160370947598 ], [ -72.532476364187801, -36.268194518662099 ], [ -72.532620869666104, -36.268265341153999 ], [ -72.532841473292606, -36.2683589445273 ], [ -72.533097196971099, -36.268447932499498 ], [ -72.533385402452296, -36.2685717194068 ], [ -72.533538245715306, -36.268631566377003 ], [ -72.533569599347601, -36.268641366618702 ], [ -72.533700714337201, -36.268709007652603 ], [ -72.533750676182507, -36.268739713724301 ], [ -72.533808108483797, -36.268838142271903 ], [ -72.533845806039693, -36.268890667488002 ], [ -72.533866507663504, -36.268957998546298 ], [ -72.533887191146604, -36.269318562292099 ], [ -72.533877808693006, -36.269697894761002 ], [ -72.533863008192796, -36.269859252188297 ], [ -72.533800138743104, -36.269836080467698 ], [ -72.533752814293095, -36.269765960801102 ], [ -72.533658005647496, -36.269622149918497 ], [ -72.533528882895695, -36.2695008094869 ], [ -72.533371204972397, -36.269333826436402 ], [ -72.533268282056696, -36.269108006870603 ], [ -72.533130240046503, -36.268886802169597 ], [ -72.533091737576299, -36.268816421265498 ], [ -72.532869260942803, -36.268583409636101 ], [ -72.5326379649904, -36.268350659273999 ], [ -72.532592253090598, -36.268316250818501 ], [ -72.532539171130693, -36.268314244410298 ], [ -72.532490660585495, -36.268315679002498 ], [ -72.532430207365906, -36.268346074644597 ], [ -72.532400464466306, -36.268371986788502 ], [ -72.5323664722047, -36.268401599897402 ], [ -72.532342426832699, -36.268455950541501 ], [ -72.532348125559096, -36.268484389921902 ], [ -72.5323672153297, -36.268516009520397 ], [ -72.532506121676306, -36.268658517456601 ], [ -72.532806952059502, -36.2689643084125 ], [ -72.533070932900401, -36.269432108080203 ], [ -72.533104380940699, -36.269488334534998 ], [ -72.533128042760097, -36.269523394071904 ], [ -72.533298306431107, -36.269675702118903 ], [ -72.533381233817295, -36.269751920351503 ], [ -72.533400807637705, -36.269794253175199 ], [ -72.533472437249401, -36.269913718262103 ], [ -72.533521533777304, -36.270023122138603 ], [ -72.533575905775194, -36.270053697799703 ], [ -72.533816412, -36.2701967737666 ], [ -72.533843839254502, -36.270217418707901 ], [ -72.533858198477404, -36.270242025565899 ], [ -72.533850666564703, -36.270270856275403 ], [ -72.5338272482863, -36.2706327247068 ], [ -72.533828215021003, -36.270654151565502 ], [ -72.533824450157397, -36.270668566887103 ], [ -72.533807452742593, -36.270683373686303 ], [ -72.533794544684199, -36.270690907983202 ], [ -72.533742105610798, -36.270703187074503 ], [ -72.533693593650995, -36.270704622235499 ], [ -72.533639704520795, -36.270684760989496 ], [ -72.533535530091797, -36.270627050760403 ], [ -72.533290773543598, -36.2704876752872 ], [ -72.533071674062796, -36.270329660246603 ], [ -72.532892427314806, -36.270174042289099 ], [ -72.5327448586375, -36.270035366414199 ], [ -72.532630961186896, -36.2698599360291 ], [ -72.532606977275904, -36.269817732592301 ], [ -72.532565736653297, -36.269686640502698 ], [ -72.532536598927805, -36.269530158788001 ], [ -72.5325436094964, -36.269293935876497 ], [ -72.532552391715797, -36.269096996198101 ], [ -72.532541478268996, -36.269050830888297 ], [ -72.532508997190504, -36.269016032034799 ], [ -72.532454786276602, -36.268989027302801 ], [ -72.532410363577299, -36.26898318856 ], [ -72.532344050029295, -36.268981574262703 ], [ -72.532300432581806, -36.268993591827901 ], [ -72.532257780297201, -36.269027037211401 ], [ -72.532220182545402, -36.269074637064797 ], [ -72.532212329101299, -36.269096324769201 ], [ -72.532202740794304, -36.269275408118801 ], [ -72.532200300668293, -36.269515072098898 ], [ -72.532214595983305, -36.269636233393598 ], [ -72.532263628440603, -36.269842190260498 ], [ -72.5323707990581, -36.270064308901397 ], [ -72.532525032504594, -36.270252851516901 ], [ -72.532677172767706, -36.270394967767601 ], [ -72.532947522074807, -36.270612259723798 ], [ -72.533256760672103, -36.2708105205378 ], [ -72.533614029622001, -36.270996631907899 ], [ -72.533727991230904, -36.271075507968902 ], [ -72.533796561209599, -36.271127118931503 ], [ -72.534136937971496, -36.271428159900204 ], [ -72.534473416880402, -36.271762133566398 ], [ -72.5344738622357, -36.271762065425101 ], [ -72.534486145847694, -36.271774767860698 ], [ -72.534616879594296, -36.271899038242701 ], [ -72.534856611507095, -36.272073724191898 ], [ -72.534999012305207, -36.272189193537599 ], [ -72.535498366924699, -36.272594109009098 ], [ -72.535708567910007, -36.272766685691103 ], [ -72.5357575943234, -36.272955954683702 ], [ -72.535774713618906, -36.273009087427603 ], [ -72.535807024011305, -36.2731541499735 ], [ -72.535855696194901, -36.2732540296265 ], [ -72.535947618041504, -36.273415207595797 ], [ -72.535952233563904, -36.273435930815502 ], [ -72.535956714734894, -36.273453678290402 ], [ -72.535964737590504, -36.273468340296503 ], [ -72.535963436121605, -36.273472515474701 ], [ -72.535942235424002, -36.273540526964602 ], [ -72.5359032909479, -36.273656111246702 ], [ -72.535904281735, -36.2736612718763 ], [ -72.535903613403903, -36.2736632532134 ], [ -72.535975808422705, -36.274039574885698 ], [ -72.536007494895301, -36.274089296615699 ], [ -72.536020133471993, -36.274124682724697 ], [ -72.536032637660099, -36.274157092187899 ], [ -72.5360528960952, -36.274198212155397 ], [ -72.536118467306807, -36.274264810840201 ], [ -72.536184844916605, -36.274349265741101 ], [ -72.536212184726594, -36.2743842156857 ], [ -72.536232442251602, -36.274425336545697 ], [ -72.536245484105706, -36.2744696498496 ], [ -72.536253381686294, -36.274503047145899 ], [ -72.536237629367704, -36.274540209942799 ], [ -72.536177970564907, -36.274604556640298 ], [ -72.536033643979195, -36.274668429253801 ], [ -72.535878022203605, -36.274726675726903 ], [ -72.535677759061898, -36.274774323670798 ], [ -72.535483636545095, -36.274794970224598 ], [ -72.535420752411596, -36.274787891498697 ], [ -72.535306913922796, -36.274767663780203 ], [ -72.535314134632998, -36.274708799003797 ], [ -72.535313113458301, -36.274707352432898 ], [ -72.535313812218504, -36.274701657033802 ], [ -72.535270562289099, -36.274640356682497 ], [ -72.535219692653897, -36.274573323294803 ], [ -72.535111005453402, -36.2744484003466 ], [ -72.534968838292002, -36.274315528075199 ], [ -72.534915503081905, -36.274275386817003 ], [ -72.5349038052737, -36.274260832596902 ], [ -72.534849932829502, -36.274208787415297 ], [ -72.534741064166795, -36.274161349465103 ], [ -72.534650707168495, -36.274116343327997 ], [ -72.534649149083805, -36.274081822128501 ], [ -72.534648826696596, -36.274074679252898 ], [ -72.534561925815296, -36.2739431515962 ], [ -72.534537187331594, -36.273884283784199 ], [ -72.534509848390698, -36.273849332502799 ], [ -72.534483181056999, -36.273829261758003 ], [ -72.534467538700795, -36.273808864767801 ], [ -72.5344319583009, -36.273672837742801 ], [ -72.534384630695897, -36.273602718522099 ], [ -72.534340844973002, -36.2735295147532 ], [ -72.534251746456505, -36.273430830620804 ], [ -72.534132977683697, -36.273327065755801 ], [ -72.533892167801497, -36.273128570728197 ], [ -72.5332349649495, -36.272591945977901 ], [ -72.533221468224895, -36.272579409946403 ], [ -72.532921326069896, -36.272300642975097 ], [ -72.532916275205494, -36.272295952904201 ], [ -72.532908793902195, -36.272295846204798 ], [ -72.531809504597504, -36.271376370095503 ], [ -72.531563287307407, -36.271139289847099 ], [ -72.531536673481895, -36.271038756981802 ], [ -72.531493585481002, -36.270736071722702 ], [ -72.531254558096194, -36.270331899035 ], [ -72.531003568542204, -36.269825567576802 ], [ -72.530938058044697, -36.269678504186402 ], [ -72.530900233353705, -36.269655781752597 ], [ -72.530439955263006, -36.269568066761899 ], [ -72.5301791545415, -36.269170495518097 ], [ -72.530079040978805, -36.269072133489601 ], [ -72.530069813719194, -36.2690306863717 ], [ -72.5300681512539, -36.268667176146003 ], [ -72.5300609088372, -36.268506470397703 ], [ -72.530149272181305, -36.268180827400798 ], [ -72.530143907388805, -36.2680617859737 ], [ -72.530097929545207, -36.268021424027303 ], [ -72.530030973004202, -36.268005523459799 ], [ -72.529971636336299, -36.267995356234103 ], [ -72.529920720986297, -36.268008781559203 ], [ -72.529864066497396, -36.268058135010698 ], [ -72.529816906070195, -36.268154888962002 ], [ -72.529736642966299, -36.268496980495101 ], [ -72.529725908729006, -36.269075417409098 ], [ -72.529766146783601, -36.269151708546403 ], [ -72.530110748582999, -36.269612364542397 ], [ -72.530221163364004, -36.269775980608699 ], [ -72.530236668534599, -36.269793402540202 ], [ -72.530629990663201, -36.269865218086103 ], [ -72.530674897785204, -36.269881770005497 ], [ -72.530829578476599, -36.270210958017799 ], [ -72.531110990231895, -36.2707390380383 ], [ -72.531142001374803, -36.270773881620201 ], [ -72.531150425555097, -36.270797472203398 ], [ -72.531179080048304, -36.271106544663901 ], [ -72.531127627360405, -36.271108065721698 ], [ -72.530913929061398, -36.2711024630784 ], [ -72.530686065646506, -36.271109198559898 ], [ -72.530538788963995, -36.271107592267597 ], [ -72.5304573983816, -36.271098077196399 ], [ -72.5301819455008, -36.271028739041803 ], [ -72.5294261419956, -36.270753073812003 ], [ -72.529268834122803, -36.270692161440103 ], [ -72.529208689795993, -36.270664138473698 ], [ -72.529163782474996, -36.270647586011798 ], [ -72.528919184255003, -36.270446212535198 ], [ -72.528702143885994, -36.270332648632902 ], [ -72.528694302496902, -36.270328546290102 ], [ -72.528239576236601, -36.270096427989202 ], [ -72.527906954967605, -36.270255466807399 ], [ -72.5283420886839, -36.270478225770901 ], [ -72.528610087193897, -36.270608294930099 ], [ -72.528743546396299, -36.270711632545598 ], [ -72.528918639600505, -36.270840559364302 ], [ -72.528964216342501, -36.270871992588098 ], [ -72.529013335027003, -36.270900341420301 ], [ -72.529047350898196, -36.270920197250099 ], [ -72.529111438418198, -36.270954063250102 ], [ -72.529231458189003, -36.271004156823899 ], [ -72.529731983123597, -36.271168167143202 ], [ -72.530171099107605, -36.271325050117802 ], [ -72.530264053350507, -36.271346143430101 ], [ -72.530371707156704, -36.271366801311203 ], [ -72.530453233262406, -36.271379292155999 ], [ -72.530648690939501, -36.271388414495298 ], [ -72.530821023801593, -36.271374380453402 ], [ -72.530959742605702, -36.271349420013998 ], [ -72.531058705110794, -36.271340535116501 ], [ -72.531209791238197, -36.271345007863097 ], [ -72.531302879885104, -36.271369076109799 ], [ -72.531397846031993, -36.2714348085537 ], [ -72.531771705460301, -36.271727714150401 ], [ -72.532504415469106, -36.272349892453398 ], [ -72.532534748810804, -36.272375649812197 ], [ -72.533102584026906, -36.272889293911398 ], [ -72.533772276756494, -36.273417205335399 ], [ -72.5339981165572, -36.273610183156499 ], [ -72.534056201329093, -36.273674024815897 ], [ -72.5340922329069, -36.273738518050003 ], [ -72.534115493740202, -36.273764650025299 ], [ -72.534132746490499, -36.273820759700499 ], [ -72.534257560901096, -36.274058445814198 ], [ -72.534416527922602, -36.2743189607638 ], [ -72.534499265258603, -36.274358232205103 ], [ -72.534619563199698, -36.274414272222103 ], [ -72.534669089041998, -36.2744515466213 ], [ -72.534749763542905, -36.274526639201099 ], [ -72.534856837219294, -36.274615849968399 ], [ -72.534965140155407, -36.274758739444998 ], [ -72.534942729968904, -36.274888063251503 ], [ -72.534916685826502, -36.274963334297397 ], [ -72.534897588680593, -36.275029458773602 ], [ -72.534884230730697, -36.2750596540264 ], [ -72.534874010492402, -36.275077836628 ], [ -72.534863790249602, -36.275096019228997 ], [ -72.534853435641097, -36.2751112251823 ], [ -72.534839540341395, -36.275129516543103 ], [ -72.534818428144803, -36.2751510012042 ], [ -72.534684856940402, -36.275208593587202 ], [ -72.534599065741205, -36.275264772805002 ], [ -72.534426677012206, -36.275359273884803 ], [ -72.534260966407402, -36.275438676705001 ], [ -72.534102741038495, -36.275520838449999 ], [ -72.533952939866694, -36.275626590330297 ], [ -72.533840699329701, -36.275749110897202 ], [ -72.533747506449302, -36.275885967348003 ], [ -72.533701555698002, -36.27600950718 ], [ -72.533671969197599, -36.276087861607998 ], [ -72.533648339638802, -36.276216700493698 ], [ -72.533615721442303, -36.276309449435097 ], [ -72.533521990421306, -36.276434401855298 ], [ -72.533331219978706, -36.2765294452362 ], [ -72.533222879600004, -36.276585098500398 ], [ -72.531614911038403, -36.276837677060399 ], [ -72.530486794686496, -36.277023602962601 ], [ -72.529949625906198, -36.277125304281 ], [ -72.529761870658803, -36.277140388733997 ], [ -72.529687953000504, -36.277112629929597 ], [ -72.529656171773297, -36.277086868715301 ], [ -72.529629694641201, -36.2770743005009 ], [ -72.529598771973895, -36.277067586131999 ], [ -72.529579695201605, -36.277062428290598 ], [ -72.529558180999302, -36.277055434980397 ], [ -72.529538968356505, -36.276994971939402 ], [ -72.5295287861113, -36.276978108090098 ], [ -72.529480709045302, -36.2769566424613 ], [ -72.529344738987703, -36.276918702656197 ], [ -72.529181914768103, -36.276912069766297 ], [ -72.528931883227699, -36.276904200080402 ], [ -72.528915795491798, -36.276894645962599 ], [ -72.528932205127404, -36.276911342996797 ], [ -72.528836605997697, -36.276854567523699 ], [ -72.528727319060806, -36.276781508262602 ], [ -72.528677483940399, -36.276720996463503 ], [ -72.528641233840204, -36.2767006110222 ], [ -72.528378617994306, -36.276622545448497 ], [ -72.528182192229494, -36.276575900307002 ], [ -72.527895366842401, -36.276548612172498 ], [ -72.5276502463729, -36.276558236104101 ], [ -72.527525204322103, -36.276592921170099 ], [ -72.527367496425697, -36.276621418376997 ], [ -72.5271558953349, -36.276630051390001 ], [ -72.527075755005598, -36.276615729839399 ], [ -72.526952624991495, -36.276562149929603 ], [ -72.526865638594799, -36.276526574895897 ], [ -72.526707761586295, -36.276485940549001 ], [ -72.526507386850795, -36.276482321103401 ], [ -72.526412868048496, -36.276501798941297 ], [ -72.526316433644993, -36.276583318313499 ], [ -72.526265436608099, -36.276627735807303 ], [ -72.526253307944899, -36.276685309744998 ], [ -72.526205741534099, -36.276805914052098 ], [ -72.526186337927399, -36.2768327106821 ], [ -72.526109458614997, -36.276825444642498 ], [ -72.526000817280902, -36.276766667719301 ], [ -72.525979591165694, -36.276752990362901 ], [ -72.525947032716303, -36.276749184116497 ], [ -72.525914365909998, -36.2767429960141 ], [ -72.5256891197606, -36.276644749019802 ], [ -72.525478041054797, -36.2765341635887 ], [ -72.525385281332703, -36.276501142007596 ], [ -72.5253346508199, -36.276488331514102 ], [ -72.525310807003095, -36.276481883730803 ], [ -72.525281509659393, -36.276485132581897 ], [ -72.525219762249804, -36.2764869550222 ], [ -72.525187632589095, -36.276492670688199 ], [ -72.525110385299996, -36.276542630738199 ], [ -72.525017608929701, -36.276607353015301 ], [ -72.525000180980598, -36.276612635647801 ], [ -72.524964682005006, -36.276608915010698 ], [ -72.5248470057454, -36.276545636252301 ], [ -72.524721366366194, -36.276501663727899 ], [ -72.524596584410801, -36.276476738030901 ], [ -72.5242775219603, -36.2764527765586 ], [ -72.5239711861866, -36.2764498951585 ], [ -72.523829622015398, -36.276470759863798 ], [ -72.523730612418902, -36.276495136370499 ], [ -72.523641602942007, -36.276545442494701 ], [ -72.523582425369099, -36.276604404188497 ], [ -72.523509511215806, -36.276685227501602 ], [ -72.523389930085401, -36.276841330547697 ], [ -72.523365287082598, -36.2768825861789 ], [ -72.523141173190993, -36.276874893066498 ], [ -72.522981855946497, -36.276867671583702 ], [ -72.522875144663999, -36.276851747666399 ], [ -72.522746886464205, -36.276815002725698 ], [ -72.522600557554597, -36.276769254002502 ], [ -72.522540085735898, -36.276694749229797 ], [ -72.522482504500402, -36.276658303732397 ], [ -72.522431232839907, -36.276631207820103 ], [ -72.522404127288993, -36.276617703198198 ], [ -72.522376806436498, -36.276599436624203 ], [ -72.522364295582094, -36.276583117441596 ], [ -72.522331307793706, -36.276569786270798 ], [ -72.522061960820295, -36.276472832805197 ], [ -72.521811006321101, -36.276392024536399 ], [ -72.521676761078297, -36.276353070791799 ], [ -72.521623512907496, -36.276347488325897 ], [ -72.521550645479394, -36.276363940711498 ], [ -72.521513598026701, -36.276391257717997 ], [ -72.521491466409898, -36.276422902348202 ], [ -72.521478691820406, -36.276466190944099 ], [ -72.521480083674405, -36.276497142033101 ], [ -72.521480404849996, -36.276504284107602 ], [ -72.521481154314102, -36.276520950147699 ], [ -72.521481475490106, -36.276528092222101 ], [ -72.521488213184796, -36.276546965860199 ], [ -72.521501045076405, -36.2765704281192 ], [ -72.521513341609307, -36.276581985419803 ], [ -72.521540555195998, -36.276597871211699 ], [ -72.521588671824205, -36.2766202922422 ], [ -72.5218364732456, -36.276696425640701 ], [ -72.522066418570503, -36.276768317654401 ], [ -72.522204567992304, -36.276828612231803 ], [ -72.522273910482895, -36.276864711029297 ], [ -72.522418107685098, -36.276993962771797 ], [ -72.522439761671507, -36.277017163847297 ], [ -72.522490498115303, -36.277032355697202 ], [ -72.522704992230402, -36.277088013983501 ], [ -72.522791657442795, -36.277116450021403 ], [ -72.522918737946299, -36.277127005821498 ], [ -72.523395463161194, -36.277160624052101 ], [ -72.523453950335096, -36.277151746279998 ], [ -72.523537615100096, -36.277113518681801 ], [ -72.5235781383968, -36.277098019249401 ], [ -72.523592197458896, -36.277083300520196 ], [ -72.523606363613993, -36.277070961875502 ], [ -72.5236360296105, -36.277010487545098 ], [ -72.523761812972694, -36.276861351918903 ], [ -72.523849001361896, -36.276770571642302 ], [ -72.523909357370101, -36.2767377988582 ], [ -72.523952819860398, -36.276722212588503 ], [ -72.5240028074533, -36.276720737762901 ], [ -72.524067710007998, -36.276723591149803 ], [ -72.524171052111498, -36.2767300777221 ], [ -72.524256431553894, -36.276729942678102 ], [ -72.524365440540706, -36.276731494481901 ], [ -72.524495353898601, -36.276739580874199 ], [ -72.524628528242403, -36.276754723331699 ], [ -72.524691455808707, -36.276779090166698 ], [ -72.524756523712796, -36.276824850214503 ], [ -72.524822283664903, -36.276846749247198 ], [ -72.524900234680601, -36.276877825047102 ], [ -72.524959578805905, -36.276887993516901 ], [ -72.525053671819407, -36.276885216594799 ], [ -72.525135788132005, -36.276878024784097 ], [ -72.525173156039102, -36.276857850556603 ], [ -72.525195286217496, -36.276826205320098 ], [ -72.525202927870197, -36.276799755987597 ], [ -72.525222760526404, -36.276782482526301 ], [ -72.525254462661493, -36.276767242885398 ], [ -72.525283544623093, -36.276759232104801 ], [ -72.525337436302195, -36.276779097895698 ], [ -72.525400149693894, -36.276798702380901 ], [ -72.525454362967594, -36.2768257101595 ], [ -72.525607968022001, -36.276902232636701 ], [ -72.525764084020906, -36.276969144207897 ], [ -72.525824178693099, -36.276995978198599 ], [ -72.525857380484496, -36.277014070353097 ], [ -72.525885131027195, -36.277041859096201 ], [ -72.525918332851603, -36.277059951231799 ], [ -72.526017296252704, -36.277099941667601 ], [ -72.526120853307305, -36.277111188473199 ], [ -72.526241596794904, -36.2771052396849 ], [ -72.526384175490193, -36.277067654036998 ], [ -72.526404436826994, -36.277059904304899 ], [ -72.5264352799459, -36.277025617461597 ], [ -72.526481728236604, -36.276945573832698 ], [ -72.526512357978106, -36.276906525883497 ], [ -72.526525558654299, -36.276872759913502 ], [ -72.526541271026204, -36.2768293841076 ], [ -72.526551531107302, -36.276795704957202 ], [ -72.526562328429094, -36.276773930664902 ], [ -72.526573553463507, -36.276761678518 ], [ -72.526584992991104, -36.276754189226601 ], [ -72.526661336140293, -36.276749550970997 ], [ -72.526684966819005, -36.276751237384701 ], [ -72.526708918041905, -36.276760065860401 ], [ -72.526889524243103, -36.276847709214501 ], [ -72.526922511712897, -36.276861039108198 ], [ -72.526973356004504, -36.276878609986902 ], [ -72.527032700313598, -36.276888777410598 ], [ -72.527112413054198, -36.276893575034599 ], [ -72.5272951464991, -36.276897715314099 ], [ -72.527427463402205, -36.276893807693199 ], [ -72.527535721676699, -36.276878690653199 ], [ -72.527602707979497, -36.276862408318401 ], [ -72.527698238563701, -36.276826210646199 ], [ -72.527840366654701, -36.276824396938203 ], [ -72.527987707970297, -36.276827196460097 ], [ -72.528094099206498, -36.276835973692997 ], [ -72.528225084414998, -36.276867864866702 ], [ -72.528305762626999, -36.2768940895551 ], [ -72.528467010804704, -36.276944157818598 ], [ -72.528532880167603, -36.276968436583203 ], [ -72.528585226769806, -36.277019337674098 ], [ -72.528677837144301, -36.277114345222898 ], [ -72.528720612335306, -36.277148841825202 ], [ -72.528744994171504, -36.277167193729703 ], [ -72.528769160315704, -36.277180783716403 ], [ -72.528798886848193, -36.277187056992297 ], [ -72.528843421399401, -36.277195277804701 ], [ -72.528911373256406, -36.2772004216854 ], [ -72.528976168863807, -36.277200891398103 ], [ -72.529070691025595, -36.277207634282099 ], [ -72.529140358624701, -36.277250871808803 ], [ -72.529229386679603, -36.277331681699998 ], [ -72.529251685401405, -36.277369166381902 ], [ -72.529270293567095, -36.277390072917498 ], [ -72.529272324908206, -36.277393465665398 ], [ -72.529301812442299, -36.277403445529401 ], [ -72.529369656063096, -36.277406208199402 ], [ -72.529503714439201, -36.277421319024903 ], [ -72.529682543583405, -36.277404114603598 ], [ -72.530003841276994, -36.2773469390767 ], [ -72.530348983981895, -36.277296210320998 ], [ -72.530428052005902, -36.277286720818701 ], [ -72.530494715907196, -36.2772632948706 ], [ -72.530896047422303, -36.277218055185699 ], [ -72.531291814104407, -36.277153907363598 ], [ -72.531689452160094, -36.277092086146403 ], [ -72.532081316861095, -36.277032818485502 ], [ -72.532128040387306, -36.277024285251898 ], [ -72.532435169509, -36.276979442036897 ], [ -72.532496488343796, -36.276968092865097 ], [ -72.532528724866694, -36.276964755312598 ], [ -72.532886399739397, -36.276911264492597 ], [ -72.532971240617997, -36.2768992184251 ], [ -72.5330354998449, -36.276887782004003 ], [ -72.533489176828397, -36.2768934336247 ], [ -72.533907461874605, -36.276897746530501 ], [ -72.5342639428263, -36.276889581948801 ], [ -72.534489706001096, -36.276868597424297 ], [ -72.534598284754395, -36.276860616925099 ], [ -72.534931875095893, -36.2768149842477 ], [ -72.535081081678001, -36.276793880202497 ], [ -72.535529237236702, -36.276742471782399 ], [ -72.535751845008704, -36.276716810010598 ], [ -72.535838980633997, -36.2766903909638 ], [ -72.536190930711697, -36.276529779921802 ], [ -72.536611253687397, -36.276357607742099 ], [ -72.536989879168104, -36.276200972828804 ], [ -72.5372432270389, -36.276098133586103 ], [ -72.537420676053003, -36.276026103575198 ], [ -72.538147360069004, -36.275675112040098 ], [ -72.5390177972168, -36.275260733832503 ], [ -72.539016176207397, -36.275257490386501 ], [ -72.539024824492799, -36.275253373212003 ], [ -72.538623446136697, -36.274450179273103 ], [ -72.538633521395198, -36.274347369264099 ], [ -72.538683269413696, -36.2742877895463 ], [ -72.538686589380603, -36.2742838131377 ], [ -72.538741114550007, -36.274234037478102 ], [ -72.538745968504998, -36.274229606551302 ], [ -72.538787598461496, -36.274173541663302 ], [ -72.538808968058206, -36.274125228532299 ], [ -72.53885762841, -36.274060004459102 ], [ -72.538861713028894, -36.2740545303988 ], [ -72.538904633790494, -36.274027034150798 ], [ -72.538927618190399, -36.274014433385098 ], [ -72.538951139394499, -36.274013736485998 ], [ -72.539018658312997, -36.274009351837599 ], [ -72.539056880540898, -36.274008219337098 ], [ -72.539080402851098, -36.274007522379698 ], [ -72.539092593838504, -36.274016697704397 ], [ -72.539122212161303, -36.274020587484102 ], [ -72.539172626499806, -36.274028630233097 ], [ -72.539217268661801, -36.274039227229302 ], [ -72.5392680057858, -36.274054411877103 ], [ -72.539298483804401, -36.274077348317803 ], [ -72.5393287477836, -36.274095523723602 ], [ -72.5393558550237, -36.274109024392097 ], [ -72.539396438828803, -36.274134045485397 ], [ -72.539444020395806, -36.274144555292501 ], [ -72.539588953500498, -36.274159332604697 ], [ -72.539609535410904, -36.274158722677697 ], [ -72.539633488167794, -36.274167548492102 ], [ -72.539666476345204, -36.274180874809403 ], [ -72.539713735159296, -36.274184242568502 ], [ -72.539737365123003, -36.274185926424501 ], [ -72.539786165410106, -36.274158256524402 ], [ -72.539874515218898, -36.274093654288002 ], [ -72.539984200077498, -36.274045107718202 ], [ -72.540108262919006, -36.2739889825083 ], [ -72.5402720901468, -36.273900687531999 ], [ -72.540336186536393, -36.273867810190097 ], [ -72.540352765344906, -36.273829160927299 ], [ -72.5403942345784, -36.273704440629999 ], [ -72.5403985343019, -36.273604185849898 ], [ -72.540386377717098, -36.273530642519397 ], [ -72.540382145781194, -36.273502160146101 ], [ -72.540372033042303, -36.273473852081999 ], [ -72.540287912214396, -36.273371449818796 ], [ -72.540234807705303, -36.273303888411 ], [ -72.540222400384096, -36.273289952247197 ], [ -72.540255853346395, -36.273248433143898 ], [ -72.540258794383007, -36.273246144748697 ], [ -72.540262881446097, -36.273241072431802 ], [ -72.540342516313501, -36.273179112317898 ], [ -72.54048020322, -36.273098743396503 ], [ -72.540571382966903, -36.273031673564603 ], [ -72.540640912460006, -36.272963902896201 ], [ -72.5406455464543, -36.272959385609802 ], [ -72.540684664536499, -36.272912930196803 ], [ -72.540700446522095, -36.2728956995483 ], [ -72.540707109029398, -36.272888425335701 ], [ -72.540718762909293, -36.272885695744698 ], [ -72.5407667743697, -36.272905727931402 ], [ -72.5407849537239, -36.272917108799703 ], [ -72.540832535828898, -36.272927618952103 ], [ -72.540867925830995, -36.272928953976702 ], [ -72.540917908980902, -36.272927472246501 ], [ -72.540985318001603, -36.272920705632202 ], [ -72.541032146567204, -36.272914549105003 ], [ -72.541094677541295, -36.272865015334602 ], [ -72.541134548841995, -36.272835225487697 ], [ -72.541160256467506, -36.2728177753051 ], [ -72.541171802702607, -36.272812665628798 ], [ -72.541235268551702, -36.272848927485001 ], [ -72.541296010510095, -36.272890038331099 ], [ -72.541367759388507, -36.2729141356714 ], [ -72.541400531948796, -36.272922699641001 ], [ -72.541441802703105, -36.272923860136999 ], [ -72.541488308263794, -36.272910561508098 ], [ -72.541526530965101, -36.272909428214703 ], [ -72.541785590553204, -36.272908898340198 ], [ -72.541970069498902, -36.272886739981203 ], [ -72.542034431437898, -36.272877679900603 ], [ -72.542105782826994, -36.272827884053399 ], [ -72.542196712467401, -36.272748655589197 ], [ -72.542234010955198, -36.272688193935103 ], [ -72.5422474206256, -36.272659188464999 ], [ -72.542263262989593, -36.272553823095002 ], [ -72.542275595833004, -36.272501010027199 ], [ -72.542276199074706, -36.272384176821603 ], [ -72.542280787579301, -36.272355432047902 ], [ -72.542285914559201, -36.272338592871698 ], [ -72.5422924288373, -36.272332916898002 ], [ -72.542292941272095, -36.272331232087097 ], [ -72.542304271979006, -36.2723213604298 ], [ -72.542342278981195, -36.272315465012603 ], [ -72.5423716802961, -36.272314593067101 ], [ -72.542560282534893, -36.272318535208299 ], [ -72.542704057237202, -36.272328482084802 ], [ -72.542704997097601, -36.272328547015199 ], [ -72.542783121316305, -36.272233254984201 ], [ -72.542816572413599, -36.272191734356802 ], [ -72.542826718377498, -36.272155674133302 ], [ -72.542834030539794, -36.272122081193203 ], [ -72.542833635098901, -36.272113339388603 ], [ -72.542919515833006, -36.272091891117199 ], [ -72.542982799978404, -36.272059022986397 ], [ -72.542988536091897, -36.272052332068398 ], [ -72.542989826599396, -36.272051662165502 ], [ -72.543014996144606, -36.272022307796 ], [ -72.543022954427599, -36.272002999575903 ], [ -72.543033961866101, -36.271985985043202 ], [ -72.543050310360698, -36.271956892318897 ], [ -72.543054790897997, -36.271925767492803 ], [ -72.5430595934492, -36.271901785512803 ], [ -72.543067337444299, -36.271877716282098 ], [ -72.543095123000995, -36.271841131901901 ], [ -72.5431292523416, -36.271749527893398 ], [ -72.543130684802705, -36.271716109347203 ], [ -72.543123511701694, -36.2716877143326 ], [ -72.543112860882601, -36.271647502713897 ], [ -72.543090771863007, -36.271614781878498 ], [ -72.5430745635514, -36.271581887503103 ], [ -72.543049857327304, -36.271556395788899 ], [ -72.543019594746596, -36.271538222181299 ], [ -72.542985852219303, -36.271508231122603 ], [ -72.542964194073093, -36.2714850331107 ], [ -72.542941783205293, -36.271445170293198 ], [ -72.542934610204995, -36.271416775261102 ], [ -72.542955977679199, -36.271368461518897 ], [ -72.542967255475205, -36.271353612265102 ], [ -72.543021161076794, -36.271345072676297 ], [ -72.543077131438196, -36.271345796606099 ], [ -72.543118509002795, -36.2713493366048 ], [ -72.543202770948398, -36.271389748818002 ], [ -72.543250567736393, -36.271405019016598 ], [ -72.543301411462295, -36.271422582942797 ], [ -72.543348453203194, -36.271421187472001 ], [ -72.543439597469998, -36.2714184836681 ], [ -72.543486640312693, -36.271417088110198 ], [ -72.543549814798396, -36.2713818379152 ], [ -72.543615175553299, -36.271329835703497 ], [ -72.543643608088004, -36.271307535904 ], [ -72.543645167111606, -36.271304463984499 ], [ -72.543650634622693, -36.271300175950401 ], [ -72.543718213321498, -36.271167050989803 ], [ -72.543796906723003, -36.2710192932485 ], [ -72.543837776221594, -36.2709465612472 ], [ -72.543850429862104, -36.270900890019199 ], [ -72.543900887576598, -36.270818814545599 ], [ -72.543919486457995, -36.270798966216603 ], [ -72.543956280892402, -36.270774259382101 ], [ -72.543993317467596, -36.270746936863098 ], [ -72.544030891535201, -36.270731518145702 ], [ -72.5440894785079, -36.2707250115783 ], [ -72.544201095059094, -36.270719315651199 ], [ -72.544283418674098, -36.2707168729454 ], [ -72.544318699902902, -36.270715826063601 ], [ -72.544339388547399, -36.270717596307101 ], [ -72.544446125446896, -36.270669133272797 ], [ -72.544557556499399, -36.270594307200803 ], [ -72.544564107713299, -36.270587265850502 ], [ -72.544564583955605, -36.270586946268203 ], [ -72.5446010815064, -36.270547719804497 ], [ -72.544609470232302, -36.270537934342002 ], [ -72.544610686620103, -36.270499754839797 ], [ -72.544609393692895, -36.270471185427702 ], [ -72.544622693286996, -36.270439798849999 ], [ -72.544630652147106, -36.270420490516301 ], [ -72.544640257274096, -36.270372526450103 ], [ -72.544648893741893, -36.270303133941901 ], [ -72.544646846593807, -36.270257898889703 ], [ -72.544648385071099, -36.270226861323103 ], [ -72.544666816619198, -36.270181268145002 ], [ -72.544707718652106, -36.270139277230598 ], [ -72.544873610705807, -36.270031842793699 ], [ -72.5449415864489, -36.269972609897103 ], [ -72.5449956162051, -36.269930478875096 ], [ -72.545000579970804, -36.269924726237697 ], [ -72.545002642452303, -36.269923117954598 ], [ -72.545047399900199, -36.269871248922101 ], [ -72.545093824944104, -36.269791200151701 ], [ -72.545128597743201, -36.269713880424298 ], [ -72.545151501737806, -36.2696345288144 ], [ -72.545177347085499, -36.269555090803898 ], [ -72.545195449195603, -36.269499721217798 ], [ -72.545198422146896, -36.269491506571001 ], [ -72.545205307902506, -36.269489892989597 ], [ -72.545244067572099, -36.269500662365402 ], [ -72.5452980556976, -36.269568196195003 ], [ -72.545355425602494, -36.2695998685519 ], [ -72.545376868311195, -36.2696183042599 ], [ -72.545404836994507, -36.269650850151301 ], [ -72.545441841942306, -36.269687895185498 ], [ -72.545483865306693, -36.269705720001497 ], [ -72.545546577038493, -36.269725313949301 ], [ -72.545594695382505, -36.269747726072303 ], [ -72.545680603630103, -36.26975947991 ], [ -72.545831409535893, -36.269774074574997 ], [ -72.545935174895504, -36.269790066398897 ], [ -72.545967730974994, -36.269793868199599 ], [ -72.545991789642898, -36.269805073740798 ], [ -72.546043280636198, -36.269836921178403 ], [ -72.546100112092105, -36.269856689394501 ], [ -72.546117968066497, -36.269860927558902 ], [ -72.546168811300703, -36.269878490286601 ], [ -72.546273438043499, -36.269913527480703 ], [ -72.546400831240405, -36.269931201537702 ], [ -72.546460401454695, -36.2699393514512 ], [ -72.546486740875295, -36.269942954743797 ], [ -72.546552176575503, -36.269957699913803 ], [ -72.546596278131403, -36.269956390480303 ], [ -72.546580470354101, -36.269997387349903 ], [ -72.546564662561906, -36.270038384218097 ], [ -72.546521016422503, -36.270114775722902 ], [ -72.546386581533, -36.270315446196697 ], [ -72.546268633479201, -36.270473906574402 ], [ -72.546230767619207, -36.270531650712101 ], [ -72.546224091732498, -36.270546748374201 ], [ -72.546203118732905, -36.270571211435303 ], [ -72.546166330685793, -36.270652763059402 ], [ -72.546128867741203, -36.270719434344102 ], [ -72.546074511764502, -36.270819387573603 ], [ -72.546063584112403, -36.270903152052497 ], [ -72.545988975104507, -36.271531162501297 ], [ -72.545991265644702, -36.271581754121399 ], [ -72.5460791253183, -36.271734105267903 ], [ -72.546134216789298, -36.271812929156397 ], [ -72.546235430027707, -36.271935082998702 ], [ -72.546352827572207, -36.272089536669 ], [ -72.546434670036106, -36.272190214491303 ], [ -72.546547682291703, -36.272410357214298 ], [ -72.546748693384103, -36.272785825960497 ], [ -72.546899906596295, -36.273118073794102 ], [ -72.546912145463494, -36.273144530463298 ], [ -72.546926872442299, -36.273388451081097 ], [ -72.546933306274397, -36.273611759079799 ], [ -72.546939407301494, -36.273665217210102 ], [ -72.546940620373306, -36.273692001289398 ], [ -72.546945643153293, -36.273721651947902 ], [ -72.546979493869799, -36.273818985294298 ], [ -72.547015500233798, -36.273963935393198 ], [ -72.547020871821601, -36.273996102180199 ], [ -72.547066001683305, -36.274266393203199 ], [ -72.547087711891095, -36.274420707847597 ], [ -72.547099942681101, -36.274771982011899 ], [ -72.547100826312203, -36.274823157775103 ], [ -72.547111275991398, -36.275428433264601 ], [ -72.547152909886904, -36.275778834171703 ], [ -72.547191443746499, -36.276060787470698 ], [ -72.547300341978797, -36.276677388819003 ], [ -72.547348528340905, -36.276928659958898 ], [ -72.547372603334296, -36.276972645076398 ], [ -72.547356406141105, -36.277589980965097 ], [ -72.547198318714194, -36.277999953545098 ], [ -72.547191372896606, -36.278009099859197 ], [ -72.547184830415304, -36.278027174223503 ], [ -72.547157116450194, -36.278146600006203 ], [ -72.5471089951875, -36.278302988450598 ], [ -72.547093583087104, -36.278369005179499 ], [ -72.547081308027401, -36.278423009904103 ], [ -72.547082251715693, -36.278443841646101 ], [ -72.547083465007404, -36.278470624800001 ], [ -72.547076923582296, -36.278488699127799 ], [ -72.547082620963394, -36.278533230070998 ], [ -72.547116033764993, -36.278702096509697 ], [ -72.547132857456802, -36.278829735177297 ], [ -72.547104730629897, -36.279021289019497 ], [ -72.547103041488995, -36.279146498684099 ], [ -72.546946840915098, -36.280085658852997 ], [ -72.546943022195805, -36.280096209801599 ], [ -72.546940299354205, -36.2801037331785 ], [ -72.546896057264206, -36.280102066447 ], [ -72.546848274782207, -36.280103485447903 ], [ -72.546818870689194, -36.280104358654498 ], [ -72.546786464321102, -36.280120221358601 ], [ -72.546711434647605, -36.280170129297701 ], [ -72.546636217259504, -36.280215895320602 ], [ -72.546629053244899, -36.280220254601197 ], [ -72.546630131708497, -36.280244062953599 ], [ -72.546616912469801, -36.280277235004903 ], [ -72.546610369707395, -36.280295309349903 ], [ -72.546607503298304, -36.280313274525597 ], [ -72.546602712952094, -36.2803700357561 ], [ -72.546604600209506, -36.280411699247999 ], [ -72.546605813466002, -36.280438483306803 ], [ -72.546607565936696, -36.280477171091498 ], [ -72.546642228763403, -36.2805923612447 ], [ -72.546673934574599, -36.280660892811298 ], [ -72.546674868440704, -36.280662911320697 ], [ -72.546713107280297, -36.280694555291397 ], [ -72.546792451468093, -36.280739878912897 ], [ -72.546900796745803, -36.280775401193303 ], [ -72.546990628711001, -36.280808492578402 ], [ -72.547186514228898, -36.280826515318999 ], [ -72.547215514086901, -36.280816713994 ], [ -72.547297086629897, -36.280748731350997 ], [ -72.547360954709902, -36.280696174847897 ], [ -72.547362131413806, -36.280693629626697 ], [ -72.547367982756796, -36.280688814624497 ], [ -72.5473847432295, -36.2806525567078 ], [ -72.547413304197306, -36.280620102044999 ], [ -72.547419746252103, -36.2806127772445 ], [ -72.547421803490494, -36.280576956936599 ], [ -72.547387678874401, -36.280473670788702 ], [ -72.547335852320302, -36.280385810740299 ], [ -72.547295590926097, -36.280309526908297 ], [ -72.547260488, -36.2802658702511 ], [ -72.547405265111095, -36.2794808162772 ], [ -72.547418994354302, -36.279302865790299 ], [ -72.547442364969598, -36.278999937987003 ], [ -72.547450229726195, -36.278726738006 ], [ -72.547428921424498, -36.278581352537103 ], [ -72.547424337281996, -36.278480168672999 ], [ -72.547434994254601, -36.278390453667498 ], [ -72.547451484622499, -36.2783482434494 ], [ -72.547453137389894, -36.278303495119502 ], [ -72.547507665551805, -36.278126056491601 ], [ -72.547572815547099, -36.277939363222202 ], [ -72.547639583214405, -36.2777883810841 ], [ -72.547678565504597, -36.277673984339799 ], [ -72.547692323216907, -36.2776527150261 ], [ -72.547716604801806, -36.276970175602997 ], [ -72.547675167462202, -36.276786647319398 ], [ -72.547557971138303, -36.276149433097501 ], [ -72.547487047423701, -36.2757212306052 ], [ -72.547451415102799, -36.275340851797999 ], [ -72.547432062628999, -36.274351223020098 ], [ -72.547689296320897, -36.274482704832202 ], [ -72.5478135127954, -36.274560070229398 ], [ -72.547922704944995, -36.274630730292202 ], [ -72.548007081746306, -36.274673519653099 ], [ -72.548046167968593, -36.2746914307194 ], [ -72.548246292422704, -36.274754621019 ], [ -72.548393061311202, -36.274809860470697 ], [ -72.548491708076497, -36.274842689930502 ], [ -72.548531873273205, -36.274884408251602 ], [ -72.548571691603698, -36.274923112102499 ], [ -72.548584230644295, -36.2749352999409 ], [ -72.548618083552597, -36.274967670157402 ], [ -72.548652664116304, -36.275081073675203 ], [ -72.548711359825504, -36.275596653904103 ], [ -72.548715999053201, -36.275699027236698 ], [ -72.548930368978603, -36.275816625270799 ], [ -72.5491298686931, -36.2758464565728 ], [ -72.549263260897305, -36.275866333160103 ], [ -72.549329241577794, -36.275892980192999 ], [ -72.549374209590894, -36.275910715110903 ], [ -72.549457400396406, -36.2759273150346 ], [ -72.549553648086999, -36.275972134589502 ], [ -72.549610700726006, -36.275996662660297 ], [ -72.549882423964803, -36.2762102973076 ], [ -72.549918678820603, -36.276230676003102 ], [ -72.549969095288105, -36.2762387131474 ], [ -72.550316106078697, -36.276359517659898 ], [ -72.550477581729695, -36.276414317260802 ], [ -72.550584511904106, -36.276434978944401 ], [ -72.550888356689597, -36.276499849525301 ], [ -72.551112442406307, -36.276571858053799 ], [ -72.551402943510993, -36.276680035570202 ], [ -72.551707908076807, -36.276782538268897 ], [ -72.5520792024369, -36.276919303358603 ], [ -72.5523997324633, -36.277105256002997 ], [ -72.552782977761595, -36.277356095004798 ], [ -72.553001486693205, -36.277499784950798 ], [ -72.553190353796495, -36.277703956682899 ], [ -72.553301391633298, -36.277815084035801 ], [ -72.553419542533206, -36.277953177395098 ], [ -72.553532657264697, -36.278045171539397 ], [ -72.553722414682198, -36.278204020226802 ], [ -72.554055471272207, -36.278406283392698 ], [ -72.554538384423296, -36.278718517349802 ], [ -72.554635502911694, -36.278782378778502 ], [ -72.554582939342794, -36.278887504694097 ], [ -72.5545139726202, -36.2789590724907 ], [ -72.554513442103897, -36.278959691968602 ], [ -72.5545069454231, -36.278966433091099 ], [ -72.554406279362794, -36.279083859605599 ], [ -72.554360109233301, -36.279140021575401 ], [ -72.554226805051897, -36.279248927805597 ], [ -72.554223527016504, -36.2792532259514 ], [ -72.554001708565494, -36.279544086920602 ], [ -72.553965969719002, -36.279599981596697 ], [ -72.553952779673097, -36.279633749995597 ], [ -72.553945255772604, -36.279662581545097 ], [ -72.553940022968405, -36.279677041086799 ], [ -72.553933198524305, -36.279683845093999 ], [ -72.553920304446095, -36.279696699912698 ], [ -72.553919850411205, -36.2796975090315 ], [ -72.553906683200793, -36.279720944648702 ], [ -72.5538902510675, -36.279748134691303 ], [ -72.5539000453971, -36.279769298550697 ], [ -72.553949252901404, -36.279815514065199 ], [ -72.553994656436103, -36.279842770675003 ], [ -72.554027865348601, -36.279860854555999 ], [ -72.554081333138797, -36.279871183208101 ], [ -72.554122499310694, -36.279869958197203 ], [ -72.554192528897602, -36.279855954535101 ], [ -72.554210735145404, -36.279847893658904 ], [ -72.554215619147399, -36.279845730914303 ], [ -72.554231532472599, -36.2798071141045 ], [ -72.554240701107204, -36.2797496259317 ], [ -72.554287013331006, -36.279667192081099 ], [ -72.554361973735496, -36.2795672186015 ], [ -72.554433885287196, -36.2794649516917 ], [ -72.554534609936397, -36.279356136336602 ], [ -72.554607154212704, -36.279292916400401 ], [ -72.554778844008396, -36.279118543751203 ], [ -72.554781168159295, -36.279115958004098 ], [ -72.554785870079698, -36.279111183168702 ], [ -72.554841603694001, -36.2790491914676 ], [ -72.554911853509097, -36.279000154262 ], [ -72.554948889623802, -36.278972828368303 ], [ -72.555063326727407, -36.279029021582701 ], [ -72.555055673198297, -36.279119840607798 ], [ -72.555056299752906, -36.279198492563602 ], [ -72.555049185616497, -36.279301216139601 ], [ -72.554970400093595, -36.279446599486803 ], [ -72.554893023565796, -36.279547284972502 ], [ -72.554837216775198, -36.279593601884102 ], [ -72.5547834026505, -36.279640499193 ], [ -72.554780466844406, -36.279644295206097 ], [ -72.554730561269693, -36.2797088237213 ], [ -72.554651234368094, -36.279842303282102 ], [ -72.554621374859195, -36.279898023161998 ], [ -72.554622779972306, -36.279928973123198 ], [ -72.554635731307698, -36.279954811200199 ], [ -72.554658043813106, -36.279992291273203 ], [ -72.554700073586602, -36.280010111529101 ], [ -72.554765303956401, -36.280020089781303 ], [ -72.5548500354288, -36.280005648154201 ], [ -72.554927157273099, -36.279953289725498 ], [ -72.554994767030394, -36.279906580904601 ], [ -72.554995673384894, -36.279905954742802 ], [ -72.555071388591898, -36.2798226454169 ], [ -72.555102891149801, -36.279738268870901 ], [ -72.555158996008302, -36.279676999406902 ], [ -72.555262818336502, -36.279564245660097 ], [ -72.555328415095801, -36.279452630629898 ], [ -72.555352176562906, -36.279392323871598 ], [ -72.555374316392403, -36.2792963053652 ], [ -72.555399664861099, -36.2792042657899 ], [ -72.555517703690001, -36.279244357176097 ], [ -72.555561250888104, -36.279250213158001 ], [ -72.555647279818203, -36.279264340012901 ], [ -72.555760045854697, -36.279276217447098 ], [ -72.555762421131206, -36.279276522460499 ], [ -72.555767072912204, -36.2792688558783 ], [ -72.555978273935196, -36.278993179384301 ], [ -72.555972445045896, -36.278993352928701 ], [ -72.555954801681295, -36.278993878225599 ], [ -72.555730901024106, -36.278991008622 ], [ -72.555659467074705, -36.278974063199698 ], [ -72.555546002678497, -36.278939297800299 ], [ -72.555407717713095, -36.278876662604901 ], [ -72.555197134494406, -36.278778036093499 ], [ -72.554857436954705, -36.278559285953499 ], [ -72.554184141281596, -36.278126367541901 ], [ -72.554155114397304, -36.278106528374202 ], [ -72.554161286936605, -36.278103826318301 ], [ -72.554651244942804, -36.2778893268543 ], [ -72.554845935062303, -36.2778000926236 ], [ -72.555033544821697, -36.277717030036499 ], [ -72.555404923883899, -36.277628495973303 ], [ -72.555675553106397, -36.277590639880103 ], [ -72.555904240056705, -36.277601711617201 ], [ -72.556094820277707, -36.2775841177858 ], [ -72.556196920425904, -36.277563197835903 ], [ -72.556290589110603, -36.277518689441699 ], [ -72.556453981177796, -36.277388665139398 ], [ -72.556718661248496, -36.277219865321598 ], [ -72.556890753866199, -36.277119381063599 ], [ -72.557241478978895, -36.276900338853899 ], [ -72.557517378454406, -36.276811443340499 ], [ -72.5577762923553, -36.276716367534398 ], [ -72.557967641141801, -36.276693534526402 ], [ -72.557945449389294, -36.276595388873197 ], [ -72.557839980347694, -36.276218510364501 ], [ -72.557540165039597, -36.276476658920501 ], [ -72.557448793518404, -36.2765309057216 ], [ -72.557102275829706, -36.276680450325699 ], [ -72.556810375710597, -36.276839810541702 ], [ -72.556381901261204, -36.2770778554383 ], [ -72.556257182717204, -36.277167987520002 ], [ -72.556121977106002, -36.277270352324102 ], [ -72.556068468500399, -36.277307705484503 ], [ -72.556020823332204, -36.277312103734197 ], [ -72.555914641834207, -36.277324205032301 ], [ -72.555641851552096, -36.277314446250102 ], [ -72.555359926667293, -36.277346678183001 ], [ -72.555173697424095, -36.277379041628102 ], [ -72.554956010254202, -36.277448100233997 ], [ -72.554649088957703, -36.277580940025402 ], [ -72.554623136333504, -36.277592172456899 ], [ -72.554497608710406, -36.2776465019341 ], [ -72.554168953998001, -36.277784421279698 ], [ -72.554056113461201, -36.277826578298502 ], [ -72.5539546875074, -36.277875368626901 ], [ -72.553900048303603, -36.2779170451889 ], [ -72.553883754893207, -36.277921344060303 ], [ -72.553880959293707, -36.277919328747402 ], [ -72.553708426850605, -36.277794965564503 ], [ -72.553569697673794, -36.277644611751001 ], [ -72.553489844532706, -36.277545906500997 ], [ -72.553443508937207, -36.277511048369597 ], [ -72.553410855921697, -36.277466247555502 ], [ -72.553285271690996, -36.277346017456303 ], [ -72.553191997084696, -36.2772629684032 ], [ -72.553094881708205, -36.277199106516598 ], [ -72.552919133795996, -36.277084182338101 ], [ -72.552726565324903, -36.276941149632101 ], [ -72.552573102788301, -36.276829376084201 ], [ -72.552498281924201, -36.276789644183602 ], [ -72.552464573237302, -36.276773482172104 ], [ -72.552447675113399, -36.276764448274399 ], [ -72.552447351073099, -36.276757305539803 ], [ -72.552447329519396, -36.276756830437201 ], [ -72.552456566020894, -36.276752740758198 ], [ -72.5524988199993, -36.276749577416801 ], [ -72.552615999643194, -36.276736555560198 ], [ -72.5528026664458, -36.276716001014599 ], [ -72.553050819229298, -36.276715993281698 ], [ -72.553484410523396, -36.276720258684399 ], [ -72.553703600839796, -36.276723272832299 ], [ -72.553921058900002, -36.276724431542 ], [ -72.554029348606704, -36.276723115891201 ], [ -72.554030822863098, -36.276722890916297 ], [ -72.554041109422499, -36.276722765934799 ], [ -72.554211872173894, -36.276696705905998 ], [ -72.554332373337999, -36.276653069279703 ], [ -72.554417936650495, -36.276618100377398 ], [ -72.554489473000302, -36.2765854572365 ], [ -72.554589253177198, -36.276500478795597 ], [ -72.554721359817293, -36.276401187641397 ], [ -72.554903390096797, -36.276286107534702 ], [ -72.555002460822706, -36.276237386558599 ], [ -72.555188668210405, -36.276136484637298 ], [ -72.555243997269201, -36.276110044111299 ], [ -72.555252021877095, -36.276079291008998 ], [ -72.555284555811696, -36.275965798516502 ], [ -72.555347339573899, -36.2757922836728 ], [ -72.555432313888204, -36.275692487268998 ], [ -72.5554978981977, -36.2756066194572 ], [ -72.555549837599003, -36.275557393573102 ], [ -72.555605789148103, -36.2754927911108 ], [ -72.555668709585404, -36.275426073686802 ], [ -72.555782099948203, -36.275277752283202 ], [ -72.555910138278804, -36.275088943966402 ], [ -72.555927571609601, -36.2750579098131 ], [ -72.555935423986796, -36.275023346843199 ], [ -72.555934472643898, -36.2750189619276 ], [ -72.555923506862797, -36.2749683937895 ], [ -72.555905743979594, -36.274940314953199 ], [ -72.555881185134993, -36.274918159969197 ], [ -72.555842771572102, -36.274902138977701 ], [ -72.555806970015098, -36.274891761745501 ], [ -72.555766809263702, -36.274889142385199 ], [ -72.555755048744999, -36.274889492496101 ], [ -72.555740935677804, -36.274889912641001 ], [ -72.555701208458302, -36.274896816840702 ], [ -72.555671062186505, -36.2749072507657 ], [ -72.555645706343697, -36.274919448653598 ], [ -72.555627754021998, -36.274939054251398 ], [ -72.555554888235505, -36.275046118434901 ], [ -72.555468687401898, -36.2751707441303 ], [ -72.555375429732294, -36.275295579829198 ], [ -72.555366798842201, -36.275313001343001 ], [ -72.555285146409503, -36.2753821836721 ], [ -72.555201832997398, -36.275466672509999 ], [ -72.555135244532906, -36.275556384109002 ], [ -72.555066216951104, -36.2756442625967 ], [ -72.555044423842205, -36.275683054510203 ], [ -72.555028737340194, -36.2757006860068 ], [ -72.555015921081406, -36.275729675138301 ], [ -72.555014260248498, -36.275744982594603 ], [ -72.554963226612401, -36.275897168899398 ], [ -72.554935846617298, -36.275968548803903 ], [ -72.554764721769004, -36.276038486296301 ], [ -72.554713924847704, -36.276060977663299 ], [ -72.554684728965498, -36.276092360822901 ], [ -72.554546881240796, -36.276168936647601 ], [ -72.554421312647193, -36.276256589069703 ], [ -72.5543603961504, -36.276315617225102 ], [ -72.554314820589298, -36.276349396116203 ], [ -72.5542758705094, -36.276373441338102 ], [ -72.554108224997606, -36.276431831313403 ], [ -72.554047239190396, -36.276437460087401 ], [ -72.553964998007999, -36.276441814717998 ], [ -72.553956811827902, -36.276441975406499 ], [ -72.553776732472201, -36.276445509016803 ], [ -72.553482443682398, -36.276448543349296 ], [ -72.553161848539801, -36.276442823943697 ], [ -72.552783795762593, -36.276442626853097 ], [ -72.552779910395898, -36.276442981198102 ], [ -72.552659473434701, -36.276453952938603 ], [ -72.552326837266605, -36.276494361740198 ], [ -72.551959661993806, -36.276526260273499 ], [ -72.551947901180895, -36.276526610023602 ], [ -72.551870277365893, -36.276528918417903 ], [ -72.551748239969697, -36.276486775178299 ], [ -72.551391795845404, -36.276365778759299 ], [ -72.551199608872594, -36.276303787866098 ], [ -72.551089505653593, -36.276265103161997 ], [ -72.550917640382394, -36.276214904881698 ], [ -72.550722684447905, -36.2761749283938 ], [ -72.550556214501896, -36.2761398263305 ], [ -72.550484352304693, -36.276113354829498 ], [ -72.550291058554293, -36.276058070165398 ], [ -72.550232046692301, -36.276029309957302 ], [ -72.550170025689894, -36.276012081344398 ], [ -72.550085970103396, -36.275976435520299 ], [ -72.550062200733294, -36.275964278899899 ], [ -72.550068924018305, -36.275960740749298 ], [ -72.550061876919798, -36.275957136145799 ], [ -72.550039832308698, -36.275945861723798 ], [ -72.550000987518004, -36.2759203151425 ], [ -72.549959531173499, -36.2758891255259 ], [ -72.549927571544799, -36.275859560218997 ], [ -72.549827848842895, -36.275790051494504 ], [ -72.549741010492596, -36.275744952515801 ], [ -72.549656524827498, -36.275699783551502 ], [ -72.549493724367096, -36.275641684733401 ], [ -72.549407490669097, -36.275609918102298 ], [ -72.549352612027306, -36.275594384282002 ], [ -72.549309926834496, -36.275588023701403 ], [ -72.549173466318607, -36.2755653784576 ], [ -72.549109352255698, -36.275553933015502 ], [ -72.549078255175004, -36.2755434139535 ], [ -72.5490612713876, -36.275532475521601 ], [ -72.549056135747904, -36.275523092514398 ], [ -72.549018025481899, -36.2752019100204 ], [ -72.548956394471205, -36.274881427268497 ], [ -72.548938029812504, -36.274840014635302 ], [ -72.548898668094296, -36.274803040837703 ], [ -72.548747847662796, -36.274645411216099 ], [ -72.548713450133107, -36.274614010505097 ], [ -72.548686885996105, -36.274599542588 ], [ -72.548636885907996, -36.274587677533397 ], [ -72.548572340093898, -36.274566708995799 ], [ -72.548471649600899, -36.274527742118799 ], [ -72.548324746434901, -36.274482519896502 ], [ -72.548209511595502, -36.274434449254997 ], [ -72.548146800799401, -36.274401982874203 ], [ -72.547922266479404, -36.274280871141798 ], [ -72.547781956895506, -36.274199215602401 ], [ -72.5476507115347, -36.274109661635698 ], [ -72.547468214774895, -36.273980624668503 ], [ -72.547395303769505, -36.273917887927098 ], [ -72.547391150439907, -36.273914314347401 ], [ -72.547321221553602, -36.273832952072297 ], [ -72.547315479304103, -36.273808990288302 ], [ -72.547314039901806, -36.2738029826114 ], [ -72.547275998115396, -36.2736442315951 ], [ -72.547266397211104, -36.2732725565576 ], [ -72.547266073684099, -36.273265413778603 ], [ -72.547259387933593, -36.273117806240698 ], [ -72.547259064409005, -36.273110663461402 ], [ -72.547202218535901, -36.272993152411303 ], [ -72.547079023216099, -36.272710732551303 ], [ -72.546794396550396, -36.272179212587901 ], [ -72.546686021240205, -36.271996479310197 ], [ -72.546544090893093, -36.271852886504703 ], [ -72.5464178602966, -36.271665915741998 ], [ -72.546361488265305, -36.271591301785499 ], [ -72.546330051336597, -36.271531727254398 ], [ -72.546333331479005, -36.271489627367799 ], [ -72.546363282260302, -36.271240803003103 ], [ -72.546379904339602, -36.2710877350667 ], [ -72.546400681018397, -36.270896399493402 ], [ -72.546431650190797, -36.270800120203099 ], [ -72.546497684858707, -36.270698032424399 ], [ -72.546618856138295, -36.270513251591296 ], [ -72.546752650413396, -36.270347167973199 ], [ -72.546817821821406, -36.270226033524899 ], [ -72.546867293210894, -36.270148276878999 ], [ -72.546881914940201, -36.270081091563902 ], [ -72.546908943380203, -36.2700278408199 ], [ -72.546923349421604, -36.269955893644699 ], [ -72.546951025824896, -36.269916928432302 ], [ -72.547222431627304, -36.269799205201302 ], [ -72.547387995796399, -36.269684625610402 ], [ -72.547520004131798, -36.269609185757602 ], [ -72.547651795416499, -36.269528983951197 ], [ -72.547720415524196, -36.269484034268103 ], [ -72.547771610935698, -36.269444369441203 ], [ -72.547870710469994, -36.269422354790002 ], [ -72.548026884464804, -36.2693604995995 ], [ -72.548107480795593, -36.269319962226398 ], [ -72.548180255301403, -36.269236744618901 ], [ -72.548264142353503, -36.2691388938958 ], [ -72.548705117661299, -36.269118641415403 ], [ -72.548913860575695, -36.269112439702702 ], [ -72.548925620315401, -36.269112090312099 ], [ -72.548970530324297, -36.269128636056799 ], [ -72.549001008979403, -36.269151570882798 ], [ -72.549024677543102, -36.269186626881101 ], [ -72.549040995628602, -36.269221902171203 ], [ -72.549057853093899, -36.269269081174897 ], [ -72.549076868054399, -36.269363875040099 ], [ -72.549118742733498, -36.269475869745797 ], [ -72.549187591456999, -36.269533423665003 ], [ -72.549264598868106, -36.269608615178399 ], [ -72.549287095407294, -36.269630127402401 ], [ -72.549349225587605, -36.269689539653498 ], [ -72.549522324849406, -36.269773795366 ], [ -72.549651323118198, -36.269859361378998 ], [ -72.549771893202404, -36.269921338237303 ], [ -72.549832312086593, -36.269955302800902 ], [ -72.549901431485097, -36.270018807654601 ], [ -72.5499640096793, -36.270100386925598 ], [ -72.550085321843497, -36.270341140153697 ], [ -72.550119039697904, -36.270435496818699 ], [ -72.550143248774106, -36.270482457140098 ], [ -72.550188968062301, -36.270516858397997 ], [ -72.550249118897298, -36.27054487038 ], [ -72.550308460384102, -36.270555026332197 ], [ -72.550426872507202, -36.270569386780203 ], [ -72.550532715283495, -36.270566240677702 ], [ -72.550544476331694, -36.270565891083002 ], [ -72.550769364026394, -36.270493646230499 ], [ -72.550887708323899, -36.270409073275502 ], [ -72.551003285837396, -36.270295973839502 ], [ -72.551082262267101, -36.270219722527003 ], [ -72.551297440624595, -36.270134653566899 ], [ -72.551618281879598, -36.270003531855401 ], [ -72.551702247719106, -36.269972427497898 ], [ -72.551743300835497, -36.269968822675899 ], [ -72.551766821610499, -36.269968123290099 ], [ -72.551778581442093, -36.269967773612002 ], [ -72.551829425774599, -36.269985332953098 ], [ -72.552099585868007, -36.270086962811597 ], [ -72.552337573052, -36.270206235936101 ], [ -72.552511336637906, -36.270272588287298 ], [ -72.552655699104903, -36.270339813941803 ], [ -72.5528425189936, -36.270434384268199 ], [ -72.552972505887595, -36.270509189486098 ], [ -72.553074952915296, -36.270560973410497 ], [ -72.553213867900496, -36.270637896901498 ], [ -72.553247397674596, -36.2706631230512 ], [ -72.553320983638201, -36.270727685020198 ], [ -72.553410837159305, -36.270800405676198 ], [ -72.553491525635707, -36.270875484801003 ], [ -72.553575617873193, -36.270944502291499 ], [ -72.553685572070805, -36.271015729998098 ], [ -72.553882348779794, -36.2711350347886 ], [ -72.553946716204194, -36.271174839118302 ], [ -72.554066616206597, -36.2712219310894 ], [ -72.554287770359394, -36.271310710084897 ], [ -72.554373782826502, -36.271340930076299 ], [ -72.554437892471398, -36.271347633471898 ], [ -72.554440340940801, -36.271347889486698 ], [ -72.554524733864497, -36.271342397504 ], [ -72.554567078933303, -36.271302398511303 ], [ -72.554588184420794, -36.271280909801199 ], [ -72.554605208843995, -36.271250603423802 ], [ -72.554606858813798, -36.271205855153198 ], [ -72.554606392700506, -36.271202547829901 ], [ -72.554601427095093, -36.2711672770359 ], [ -72.5545588401516, -36.271120864601599 ], [ -72.554480312480493, -36.271093401710701 ], [ -72.554337687440494, -36.271032086960403 ], [ -72.554128234729504, -36.270957860186499 ], [ -72.553984124739998, -36.270863808823499 ], [ -72.553806533746297, -36.270761813400703 ], [ -72.553660398033202, -36.270623122709097 ], [ -72.553514939025703, -36.270499311120197 ], [ -72.553430981240993, -36.270433269275898 ], [ -72.553171055713605, -36.2703009427292 ], [ -72.5527973678699, -36.2700945197736 ], [ -72.552541659154798, -36.2699739869973 ], [ -72.552399847359595, -36.269930524781699 ], [ -72.552129303608595, -36.269807451675398 ], [ -72.551780842517701, -36.2696703041793 ], [ -72.551771527574402, -36.269671616442103 ], [ -72.551619949812903, -36.2696929682525 ], [ -72.551109861875901, -36.269886932614298 ], [ -72.550934641177903, -36.269999421095797 ], [ -72.550643941980397, -36.270243480324197 ], [ -72.550591109586705, -36.270295710335603 ], [ -72.550537331685007, -36.270327108668198 ], [ -72.550489690279406, -36.270331505395099 ], [ -72.550486169979806, -36.2703310946439 ], [ -72.550448994753197, -36.270326754716102 ], [ -72.550414164868897, -36.270289050176402 ], [ -72.550328354912693, -36.270100882249103 ], [ -72.550220629602293, -36.269916345323097 ], [ -72.5501049818767, -36.269800583361999 ], [ -72.5500625331902, -36.269757145726103 ], [ -72.549986738832899, -36.269708738788303 ], [ -72.549877329149098, -36.2696494110779 ], [ -72.549640674935901, -36.269543204178298 ], [ -72.549505016728304, -36.269451943299401 ], [ -72.549496437786104, -36.269446171231898 ], [ -72.549418890917096, -36.269359076158104 ], [ -72.5493755325016, -36.269214346141403 ], [ -72.549357191482997, -36.269134431756299 ], [ -72.549339929314002, -36.269078324792403 ], [ -72.549308505529694, -36.269034558365398 ], [ -72.549232693070195, -36.268936982178303 ], [ -72.549157304558307, -36.268897502647697 ], [ -72.549040680948707, -36.268841368173298 ], [ -72.548669233432193, -36.268846443595997 ], [ -72.548667575099202, -36.2688466550483 ], [ -72.548657473728994, -36.268846792959103 ], [ -72.548566002942394, -36.268858450413099 ], [ -72.548492156838805, -36.268868850781402 ], [ -72.548434436008094, -36.268862358889599 ], [ -72.548400822223797, -36.268851437690202 ], [ -72.548403725080107, -36.268845343379198 ], [ -72.548410902613398, -36.268830278459099 ], [ -72.548468121236596, -36.2687123591447 ], [ -72.548499478746194, -36.268592228354599 ], [ -72.548505110067097, -36.268472861809101 ], [ -72.548507202667096, -36.268356580999502 ], [ -72.548515396604202, -36.2682937573407 ], [ -72.548531074719904, -36.2682336919598 ], [ -72.548573692209203, -36.268199646381099 ], [ -72.548616714128002, -36.2681745288074 ], [ -72.548642169363006, -36.268167812260202 ], [ -72.548686133889902, -36.268163526438499 ], [ -72.548762574066501, -36.268161255493403 ], [ -72.548774333665605, -36.268160906125601 ], [ -72.548870288368207, -36.268166995382202 ], [ -72.548950403198702, -36.268164615142403 ], [ -72.548962163907007, -36.268164265723101 ], [ -72.549068333576301, -36.2681521712585 ], [ -72.549173695256897, -36.268122220642098 ], [ -72.549302759022893, -36.2680468664011 ], [ -72.549320324338296, -36.268028464406299 ], [ -72.549351646564105, -36.267988793861903 ], [ -72.549477271209199, -36.267837552259302 ], [ -72.549522213058395, -36.267773637480801 ], [ -72.549551107728604, -36.267680399732903 ], [ -72.549582159981796, -36.267634776833802 ], [ -72.5495862727484, -36.267563135264702 ], [ -72.549600737335794, -36.267476285728002 ], [ -72.549622854422097, -36.267314709721397 ], [ -72.549639678557199, -36.267117530867502 ], [ -72.5496392522804, -36.267111585916098 ], [ -72.5496296658131, -36.266977769401997 ], [ -72.549629797217193, -36.266976986105199 ], [ -72.549641263753699, -36.266908886010199 ], [ -72.549646085407403, -36.2667716634325 ], [ -72.549662168111396, -36.266720525932897 ], [ -72.549682193961999, -36.266675230676498 ], [ -72.549681870293, -36.2666680879083 ], [ -72.549678013510999, -36.266582975768699 ], [ -72.549677689843506, -36.266575833000303 ], [ -72.549673833079098, -36.266490720858997 ], [ -72.549640658358996, -36.266408267576203 ], [ -72.549604077701304, -36.266331874912503 ], [ -72.549481222269904, -36.266219306035403 ], [ -72.549362985673099, -36.2661274604596 ], [ -72.549331967718004, -36.266092621970998 ], [ -72.549323135384299, -36.266060104883302 ], [ -72.549323690354001, -36.266056195036398 ], [ -72.549342657018201, -36.265922445510199 ], [ -72.549342049155996, -36.265917305166603 ], [ -72.549336689121901, -36.265871963242098 ], [ -72.5493196975725, -36.265821808520002 ], [ -72.549309651752793, -36.265762507382398 ], [ -72.549300683502594, -36.265727013716898 ], [ -72.549281230984207, -36.265703752213298 ], [ -72.549166973779506, -36.265537288181903 ], [ -72.549095769373693, -36.265427654220602 ], [ -72.549071968316397, -36.265389621518501 ], [ -72.549072262449101, -36.265383465942001 ], [ -72.549079521906705, -36.265231458869401 ], [ -72.549082421768603, -36.265133033220799 ], [ -72.549081945787094, -36.265131048874402 ], [ -72.549059733701796, -36.2650383475181 ], [ -72.549029965216604, -36.264949832494899 ], [ -72.548997870486701, -36.264891186394799 ], [ -72.548946861777594, -36.264821182464203 ], [ -72.548887963790705, -36.264739493143701 ], [ -72.548859408925097, -36.264677761221101 ], [ -72.548850441082706, -36.264642268398198 ], [ -72.548850804772201, -36.264637844340101 ], [ -72.548857556122201, -36.264555637263697 ], [ -72.548897070877501, -36.2644531441073 ], [ -72.548913422262899, -36.264407959038898 ], [ -72.548921615724794, -36.264345135359498 ], [ -72.548922392829596, -36.264281042608303 ], [ -72.548921991438604, -36.264280360738901 ], [ -72.548870575754904, -36.264193182570203 ], [ -72.548827725478702, -36.264140816266902 ], [ -72.548811139147503, -36.264099589444399 ], [ -72.548801363672197, -36.264046240531698 ], [ -72.548801909158101, -36.264043840196202 ], [ -72.548813636109102, -36.263992235715001 ], [ -72.548847687970706, -36.263931624441703 ], [ -72.548913600029607, -36.2638432474184 ], [ -72.548937570939799, -36.263803795403199 ], [ -72.548986591179698, -36.263748698818901 ], [ -72.549175827632695, -36.263620897534999 ], [ -72.549414722166901, -36.263533340048902 ], [ -72.549606384387104, -36.263459105345298 ], [ -72.549849492804995, -36.263383341542301 ], [ -72.550083059711596, -36.263340641241697 ], [ -72.550174839409294, -36.263329907974402 ], [ -72.550185549318002, -36.2633286553123 ], [ -72.550239153587697, -36.263374742089503 ], [ -72.550273709185305, -36.263406494617101 ], [ -72.550296836906099, -36.263429646742303 ], [ -72.550397404281298, -36.263456457602601 ], [ -72.5505468228789, -36.263505656790201 ], [ -72.550643446213698, -36.263526624342497 ], [ -72.550715560187399, -36.2635751404313 ], [ -72.550780189378401, -36.263620899245801 ], [ -72.550810801113201, -36.263646809417097 ], [ -72.550860326815894, -36.263684076200001 ], [ -72.550911963422607, -36.2638166408506 ], [ -72.550934956578004, -36.263836817132798 ], [ -72.550976258245001, -36.264017367928801 ], [ -72.550977283389699, -36.2640399848733 ], [ -72.550977607145597, -36.264047127634498 ], [ -72.551351124435797, -36.264250582654199 ], [ -72.551366587220997, -36.2642863840438 ], [ -72.551421017070496, -36.264412403196502 ], [ -72.551483995433102, -36.264502909921603 ], [ -72.551647107890204, -36.2646917594721 ], [ -72.551797576269493, -36.264845223715703 ], [ -72.551950776387798, -36.2649777476609 ], [ -72.552055529247994, -36.265096811674503 ], [ -72.552185197753602, -36.265197255522899 ], [ -72.552353233351297, -36.265332317456902 ], [ -72.552436373621106, -36.265380504520003 ], [ -72.552516785262398, -36.265449632429799 ], [ -72.552612839867507, -36.265539154809701 ], [ -72.552694735340495, -36.2656410188509 ], [ -72.552856705899202, -36.265804569878902 ], [ -72.5530214743589, -36.265948667994898 ], [ -72.553063787388396, -36.265989128930897 ], [ -72.553098346459294, -36.266020881368703 ], [ -72.553255120563406, -36.266069857284997 ], [ -72.553712365855802, -36.266252933791399 ], [ -72.554014052971993, -36.266413816788798 ], [ -72.554067932743905, -36.266465852930899 ], [ -72.554218409360203, -36.266619314533102 ], [ -72.554281123863504, -36.266703867167301 ], [ -72.554396637442096, -36.266816649351902 ], [ -72.554580730177904, -36.266981029893898 ], [ -72.554868947906698, -36.2673315393656 ], [ -72.554983517879805, -36.267423489271899 ], [ -72.555090327759899, -36.267474188414198 ], [ -72.555234558258505, -36.267538554193699 ], [ -72.555354922138903, -36.267596002050503 ], [ -72.555436531651793, -36.267629808778999 ], [ -72.555501590705703, -36.267662201505303 ], [ -72.555594683481999, -36.2677414395136 ], [ -72.555689695407395, -36.2678110847217 ], [ -72.555757625793603, -36.267854834902799 ], [ -72.555805615791101, -36.267874385007502 ], [ -72.555860575281699, -36.267891821042099 ], [ -72.555938796570402, -36.267902843030001 ], [ -72.556125207612297, -36.2679106432157 ], [ -72.556299771645598, -36.2679168892438 ], [ -72.556325202729099, -36.267922279821803 ], [ -72.556339247344994, -36.267925256755603 ], [ -72.556433893789304, -36.267945318679097 ], [ -72.556506614736193, -36.267990833265699 ], [ -72.556568526417195, -36.268057648308996 ], [ -72.556661776284997, -36.268192188632 ], [ -72.556681976534094, -36.268222102311803 ], [ -72.556848241160594, -36.268304882061798 ], [ -72.556997782389899, -36.268382437130199 ], [ -72.557191219619995, -36.268439181117699 ], [ -72.557073737729993, -36.268272859130299 ], [ -72.556835624721401, -36.267912017122697 ], [ -72.556784037817906, -36.267833841862704 ], [ -72.556761247243102, -36.267817476613601 ], [ -72.556633532874102, -36.2677257702953 ], [ -72.556565948037701, -36.267689638447699 ], [ -72.5563900009533, -36.267652918818101 ], [ -72.5561990587981, -36.267649067986497 ], [ -72.556147425376594, -36.267645925226297 ], [ -72.5561481891028, -36.267647037786404 ], [ -72.556140445815998, -36.267646566409198 ], [ -72.5561353416808, -36.2676391325978 ], [ -72.556136316880497, -36.267639192767298 ], [ -72.556134577954893, -36.267638020037701 ], [ -72.556129796977203, -36.267637728976098 ], [ -72.556134902222993, -36.267645162754597 ], [ -72.556124480047799, -36.2676445287522 ], [ -72.555967616025896, -36.267634979461803 ], [ -72.555822001469593, -36.267540140629102 ], [ -72.555655099579596, -36.267417327578798 ], [ -72.555481125274696, -36.267346218629498 ], [ -72.555333502094896, -36.267271940981701 ], [ -72.555180647295998, -36.2672121235966 ], [ -72.555153106775407, -36.267189102929599 ], [ -72.555040678190096, -36.267047026438398 ], [ -72.554937718618206, -36.266918971872997 ], [ -72.5548170107065, -36.266789061266202 ], [ -72.554701187939997, -36.266701916695901 ], [ -72.554592565278696, -36.266578798576099 ], [ -72.554456726983403, -36.266439801311897 ], [ -72.554329276302298, -36.266291019603997 ], [ -72.554270069285494, -36.266218877926903 ], [ -72.554224783108197, -36.266194001818 ], [ -72.553883932545304, -36.266013423865203 ], [ -72.553664459926694, -36.2659126748242 ], [ -72.553471782609705, -36.265844503324701 ], [ -72.553310328755103, -36.265789706575397 ], [ -72.553249694819698, -36.2657509827648 ], [ -72.553105580044303, -36.265624149771298 ], [ -72.553039739811595, -36.265535517655103 ], [ -72.552935140073899, -36.265436116803997 ], [ -72.552830325837604, -36.265331955781498 ], [ -72.552752941869599, -36.265248434179 ], [ -72.552700696889303, -36.2651999240598 ], [ -72.552524353723499, -36.2650764338402 ], [ -72.552246354193599, -36.264853454308202 ], [ -72.552088972428805, -36.264693639430099 ], [ -72.551916460515002, -36.264524738602397 ], [ -72.551801533499301, -36.2643922686633 ], [ -72.551760285234195, -36.264332704354302 ], [ -72.5517416826752, -36.2643058408947 ], [ -72.551677165042506, -36.264181408504101 ], [ -72.551631473847905, -36.264082639933399 ], [ -72.551411038022195, -36.263960457988901 ], [ -72.551281063926396, -36.263885651219503 ], [ -72.551250961877102, -36.263741123299503 ], [ -72.551203088007199, -36.263659106523797 ], [ -72.551124762573806, -36.263489788530897 ], [ -72.551015906775504, -36.263426272488097 ], [ -72.550855025579395, -36.263319007971901 ], [ -72.550702505378794, -36.263266326065398 ], [ -72.550550093272506, -36.263216024874097 ], [ -72.550496637342803, -36.2632056930616 ], [ -72.5504713933978, -36.263168299999101 ], [ -72.550462141885504, -36.2631590393555 ], [ -72.550464876369901, -36.263154957502401 ], [ -72.550497985773703, -36.2631055258706 ], [ -72.550514006167603, -36.263069290478001 ], [ -72.550513682465507, -36.263062147711999 ], [ -72.550511632477097, -36.263016912892901 ], [ -72.550515246688306, -36.262966742364299 ], [ -72.550514805401605, -36.262961227652603 ], [ -72.550512051826701, -36.262926785575601 ], [ -72.550512295789801, -36.262926743184202 ], [ -72.550511728126395, -36.262919642809301 ], [ -72.550469491631006, -36.262767131740397 ], [ -72.550363254856094, -36.262566458791603 ], [ -72.550283636723606, -36.262368569919701 ], [ -72.550273847033594, -36.262347405506198 ], [ -72.550272066962904, -36.262308122977302 ], [ -72.550297229708903, -36.262278767389702 ], [ -72.550429924316902, -36.262088872344002 ], [ -72.550486318188604, -36.261969189046503 ], [ -72.550550560715493, -36.261827817085297 ], [ -72.550587334525702, -36.261762356198503 ], [ -72.550602383612798, -36.261704693403701 ], [ -72.550641625161902, -36.2615962475301 ], [ -72.550686893799806, -36.261523382638998 ], [ -72.550712057266296, -36.261494026950302 ], [ -72.550778888543903, -36.261409793431397 ], [ -72.550851747994002, -36.2613611399292 ], [ -72.550890463529498, -36.261338532863299 ], [ -72.550927397599295, -36.261276643311398 ], [ -72.550993744035395, -36.261181696412301 ], [ -72.551021859349007, -36.261120068976197 ], [ -72.551041770108498, -36.2610846252161 ], [ -72.551074787579495, -36.261086311689802 ], [ -72.551137330435793, -36.261102332576897 ], [ -72.551239399059099, -36.261113602236598 ], [ -72.551345390819606, -36.261114026599003 ], [ -72.551346932967107, -36.261113636559301 ], [ -72.551357149329206, -36.261113677035397 ], [ -72.551453189424905, -36.261089366501103 ], [ -72.551543686439402, -36.261040188236699 ], [ -72.551599554274503, -36.261006343328802 ], [ -72.551629125970194, -36.260976856398301 ], [ -72.551653641387205, -36.2609332159183 ], [ -72.551889815904801, -36.260883282360503 ], [ -72.5520119885295, -36.260851041999601 ], [ -72.552124209184598, -36.260794065891702 ], [ -72.552282686615996, -36.260738164091102 ], [ -72.552282922336602, -36.260730823589597 ], [ -72.552293717923604, -36.2607217517549 ], [ -72.552374906186003, -36.260653529780498 ], [ -72.552464011548807, -36.2605412173343 ], [ -72.552546805104598, -36.260419556017197 ], [ -72.552609585450995, -36.260246041703802 ], [ -72.552727975463498, -36.259898483794203 ], [ -72.552728504354306, -36.259824514140703 ], [ -72.552728323897995, -36.259532026806802 ], [ -72.552637290900293, -36.259558631204101 ], [ -72.552435780675296, -36.259788718270002 ], [ -72.552287543949106, -36.260153453192302 ], [ -72.5522872967681, -36.260154062431297 ], [ -72.552213189093905, -36.260337449030096 ], [ -72.5521959816178, -36.260347497216202 ], [ -72.552150889762004, -36.260391749641101 ], [ -72.552113835156305, -36.260483442930699 ], [ -72.552056984767006, -36.260528044959202 ], [ -72.551947002773403, -36.260569458499198 ], [ -72.551595033681906, -36.2606737142629 ], [ -72.5515473445476, -36.260662396896898 ], [ -72.5515059724991, -36.260658858625398 ], [ -72.551451978738001, -36.260636624344897 ], [ -72.551230124134804, -36.260547859951501 ], [ -72.5507616037888, -36.260342460504901 ], [ -72.550515154014306, -36.2602305862872 ], [ -72.550430469681601, -36.260180655028897 ], [ -72.550340120409004, -36.260135661228801 ], [ -72.550274153171202, -36.260109013983303 ], [ -72.550185315358604, -36.260097350259301 ], [ -72.549953645669603, -36.260051786735303 ], [ -72.549911547950998, -36.2600362749277 ], [ -72.549896901411202, -36.260030878687097 ], [ -72.549881798880506, -36.260025313986297 ], [ -72.549720035928004, -36.259963369657399 ], [ -72.549433081029406, -36.259867000590297 ], [ -72.549247261680193, -36.259793849708302 ], [ -72.549108584934203, -36.259721682093897 ], [ -72.548963167191602, -36.259630643325998 ], [ -72.548722386045498, -36.259513828598401 ], [ -72.548445897248897, -36.259388538390503 ], [ -72.548343577131703, -36.259339130332002 ], [ -72.548213153452096, -36.259319163785101 ], [ -72.548201395171304, -36.2593195130247 ], [ -72.548025014269001, -36.2593247516795 ], [ -72.547942057247795, -36.259312911588701 ], [ -72.547828840479497, -36.259282897954101 ], [ -72.547757857405003, -36.259275470389603 ], [ -72.547573873308806, -36.259242790758499 ], [ -72.547455208193398, -36.259222474185997 ], [ -72.547372682495507, -36.259220157414802 ], [ -72.547360924218907, -36.259220506570998 ], [ -72.547278612943401, -36.259222950731299 ], [ -72.547186052240704, -36.259259074324603 ], [ -72.547140110459793, -36.259284038314597 ], [ -72.547065388497302, -36.259324640977802 ], [ -72.546995052053006, -36.259331497653001 ], [ -72.546992272433698, -36.259330971085603 ], [ -72.546929732010398, -36.259319133184597 ], [ -72.546867752396395, -36.259314719328501 ], [ -72.546835232308297, -36.259312402394201 ], [ -72.546716998298095, -36.259301608815797 ], [ -72.546710803480806, -36.259302465805597 ], [ -72.546705240000904, -36.259301957908299 ], [ -72.546617481057993, -36.259314099881699 ], [ -72.546484626230594, -36.259370491359199 ], [ -72.546352633242705, -36.2594459292728 ], [ -72.546331271664599, -36.259494243372998 ], [ -72.546272416633499, -36.2596247256079 ], [ -72.546189182708801, -36.259736860238199 ], [ -72.546112127376404, -36.2598740133013 ], [ -72.546106810507197, -36.259868040499697 ], [ -72.546093974659399, -36.259844581989299 ], [ -72.546092789449105, -36.259818393506997 ], [ -72.546092466188, -36.259811250702803 ], [ -72.5460726731215, -36.259764158275303 ], [ -72.546019603702206, -36.259632230206499 ], [ -72.545989991797995, -36.259628341817098 ], [ -72.545981052728195, -36.259629061276598 ], [ -72.545978232331507, -36.259628690873797 ], [ -72.545895207825495, -36.259635372995902 ], [ -72.545871972804704, -36.259622308392402 ], [ -72.545835026819901, -36.259538392548798 ], [ -72.545832602601706, -36.2595328862079 ], [ -72.545709752189694, -36.2591598619574 ], [ -72.545702212218998, -36.2591393025168 ], [ -72.545595582587595, -36.258848563771899 ], [ -72.545478120845502, -36.258594579664297 ], [ -72.545412217940907, -36.258439191699203 ], [ -72.545347239936703, -36.258174113271799 ], [ -72.545310927763694, -36.257957056134302 ], [ -72.545197439754006, -36.257595673994501 ], [ -72.545130215371898, -36.257476085254602 ], [ -72.545064928806596, -36.2573993506875 ], [ -72.544873766939304, -36.257262354430203 ], [ -72.544873271356096, -36.257261998810797 ], [ -72.544711612644804, -36.257199834375903 ], [ -72.544558624708202, -36.257136430323897 ], [ -72.5444074944226, -36.257020354187397 ], [ -72.544406720901193, -36.2570296199411 ], [ -72.544392384124293, -36.2572014318269 ], [ -72.5443868707615, -36.257339867137397 ] ], [ [ -72.5372462555233, -36.274147802319 ], [ -72.537323112565105, -36.274284990099297 ], [ -72.537345648693105, -36.274295050401498 ], [ -72.537385503782104, -36.274297446280798 ], [ -72.537510123831296, -36.274318787148701 ], [ -72.537527604100106, -36.274314694136997 ], [ -72.537566491273196, -36.274295662295799 ], [ -72.537669920691201, -36.274238958607398 ], [ -72.537795079537403, -36.274174460624302 ], [ -72.537848649404395, -36.274187177842599 ], [ -72.537903509946503, -36.274228464637702 ], [ -72.5380566902559, -36.274295446924597 ], [ -72.538196638819102, -36.274362820964299 ], [ -72.538230937295495, -36.274377616298899 ], [ -72.538134750378106, -36.274475509343297 ], [ -72.538103751088499, -36.274506227494697 ], [ -72.538088978037905, -36.274537657060797 ], [ -72.538053550997603, -36.274600690389398 ], [ -72.537908422868199, -36.274786888127302 ], [ -72.537885868284604, -36.274809011616703 ], [ -72.537863977278704, -36.274813236229299 ], [ -72.537787315704904, -36.274810738631302 ], [ -72.537669596330602, -36.274811841182803 ], [ -72.537639046366706, -36.274819898420603 ], [ -72.537595299726505, -36.274861721707701 ], [ -72.537543001636706, -36.2749097585898 ], [ -72.537492550109505, -36.274966084336903 ], [ -72.537436809098807, -36.275035679468502 ], [ -72.537384492357504, -36.275115899974502 ], [ -72.5373669397637, -36.275150987982201 ], [ -72.537365183358204, -36.275177263696399 ], [ -72.537367172898598, -36.275221308592499 ], [ -72.537360144349705, -36.275228669156803 ], [ -72.5372781206529, -36.275270433862403 ], [ -72.537178065969201, -36.275310634880299 ], [ -72.537020005620505, -36.275357274062799 ], [ -72.536856092642495, -36.275430786692901 ], [ -72.536792209102998, -36.275476544316 ], [ -72.536673246750595, -36.275554447230597 ], [ -72.536550439088202, -36.275651536080801 ], [ -72.536476599443603, -36.275737638407598 ], [ -72.536404795537806, -36.275842752611901 ], [ -72.536386579961103, -36.275856642560598 ], [ -72.536354766906797, -36.2758823782302 ], [ -72.536248970968799, -36.2759389121358 ], [ -72.536201551699307, -36.275984181105699 ], [ -72.536124498696594, -36.276051307070098 ], [ -72.536098163687299, -36.2760940451994 ], [ -72.536038036131799, -36.276118711556798 ], [ -72.535945408293699, -36.276153875678197 ], [ -72.535906451043701, -36.276177915241398 ], [ -72.535866260265806, -36.276226785074201 ], [ -72.535790152713304, -36.276314861630802 ], [ -72.535751196446597, -36.276338901116802 ], [ -72.535686794380197, -36.276373229488101 ], [ -72.535614389497098, -36.276386815934003 ], [ -72.5355366784799, -36.276387209674503 ], [ -72.535392931389694, -36.276385743039697 ], [ -72.535280624079107, -36.276402416960401 ], [ -72.535115761354405, -36.276454976603802 ], [ -72.535035667553302, -36.276506934674501 ], [ -72.535017451530507, -36.276520823534902 ], [ -72.534959246037303, -36.276535896826701 ], [ -72.534797970389604, -36.276563556105799 ], [ -72.534614921180093, -36.276578509786397 ], [ -72.534494095066094, -36.276563013136901 ], [ -72.534424503764299, -36.2765345571189 ], [ -72.534360733151303, -36.276530722596 ], [ -72.5340798664202, -36.276518054574403 ], [ -72.533970122354106, -36.276330582319098 ], [ -72.5339854159987, -36.276251934394701 ], [ -72.534021052371301, -36.276102119112899 ], [ -72.534063027042194, -36.275988352306598 ], [ -72.534120575369798, -36.275906547527498 ], [ -72.534201302711196, -36.275816427809801 ], [ -72.534255865822004, -36.275772854814697 ], [ -72.534366625207298, -36.275721898250303 ], [ -72.534698978799796, -36.275544611286101 ], [ -72.535030567783195, -36.275376500571497 ], [ -72.535069265900503, -36.275346747394998 ], [ -72.535127673642805, -36.275283988929303 ], [ -72.535182063906902, -36.275236606565201 ], [ -72.535200138699807, -36.275167411848102 ], [ -72.535216462783495, -36.275111620478398 ], [ -72.535237492058201, -36.275055689843498 ], [ -72.535248908921403, -36.275047722867598 ], [ -72.535260842787906, -36.275051183729701 ], [ -72.535289155603607, -36.275052253214099 ], [ -72.535350829246298, -36.275061870907699 ], [ -72.5354033526595, -36.275077480979199 ], [ -72.535504499144494, -36.275074487080502 ], [ -72.535642936647207, -36.275062760182202 ], [ -72.535769184448199, -36.275041858318097 ], [ -72.535904582366001, -36.275014963878199 ], [ -72.536106938879797, -36.274958242321198 ], [ -72.536274953720394, -36.274871258657399 ], [ -72.536390501578794, -36.274822065089502 ], [ -72.536494832668296, -36.2747331525429 ], [ -72.536539727528705, -36.274684143238296 ], [ -72.536579345286199, -36.274570445424899 ], [ -72.536587837518297, -36.274497721078497 ], [ -72.536582187291202, -36.274476908690502 ], [ -72.536576622023006, -36.274458002177496 ], [ -72.536575245810099, -36.274427527592998 ], [ -72.536567273266698, -36.274355289847598 ], [ -72.536548313101903, -36.274300543036098 ], [ -72.536451072357096, -36.274181361718902 ], [ -72.536357216561797, -36.274084966372101 ], [ -72.536341039208494, -36.274039672778599 ], [ -72.536298931366304, -36.273941745278599 ], [ -72.536288262608807, -36.273861959169601 ], [ -72.536285854496299, -36.273808628849601 ], [ -72.536270451280302, -36.273780477031899 ], [ -72.536266894689305, -36.273753881971103 ], [ -72.536268817212004, -36.273744288502897 ], [ -72.536273435252099, -36.273742245191798 ], [ -72.536315516715305, -36.273735277747697 ], [ -72.536410336597001, -36.273729132098602 ], [ -72.536563247541096, -36.273692421581799 ], [ -72.536721053846094, -36.2736662927365 ], [ -72.536818242399093, -36.273666991167502 ], [ -72.536888969373194, -36.273668473081798 ], [ -72.5369614704871, -36.273709237975098 ], [ -72.537059466615503, -36.273727791518297 ], [ -72.537125622809, -36.273725832438203 ], [ -72.537200598042503, -36.273723612155798 ], [ -72.537223456606597, -36.2737408153479 ], [ -72.537228996324799, -36.273765682927802 ], [ -72.537214419592701, -36.273834058896597 ], [ -72.537204520480699, -36.274005999079201 ], [ -72.537208391674895, -36.274091707951698 ], [ -72.5372462555233, -36.274147802319 ] ] ] } },
{ "type": "Feature", "properties": { "id": "monoparte.117", "Name": null, "description": null, "timestamp": null, "begin": null, "end": null, "altitudeMode": null, "tessellate": -1, "extrude": 0, "visibility": -1, "drawOrder": null, "icon": null, "REG": "Ñuble", "COM": "Quirihue", "LOC": "Quirihue", "ZONA": "ZEXH", "NOM": "ZEXH Zona Extensión Habitacional", "UPERM": "Residencial. Equipamiento de todo tipo, excepto cárcel, cementerio y crematorio. Actividades productivas sólo almacenamiento y talleres inofensivos.", "UPROH": "Todos los usos de suelo no mencionados anteriormente y los señalados en el Artículo 23 de la Ordenanza.", "P_DO": "30/06/2007", "N_DOC": "20", "T_DO": "Resolución", "OBS": null }, "geometry": { "type": "Polygon", "coordinates": [ [ [ -72.548690183809896, -36.297034671437601 ], [ -72.548701988455804, -36.297035047759003 ], [ -72.548673973983298, -36.296536611224198 ], [ -72.548695621401095, -36.296202210620201 ], [ -72.548858715917405, -36.295577529789099 ], [ -72.549065718416202, -36.294784666058199 ], [ -72.549442346967794, -36.293349045423597 ], [ -72.549430199179, -36.293081208931198 ], [ -72.549414272337501, -36.292730045866499 ], [ -72.549307212975606, -36.292155113261899 ], [ -72.549182509304003, -36.291515741581001 ], [ -72.549170942084999, -36.291517097215902 ], [ -72.548398929624298, -36.291607566626901 ], [ -72.547877327445306, -36.291632004188997 ], [ -72.547887067971104, -36.291716942283998 ], [ -72.548093146903895, -36.293095910812198 ], [ -72.548089571967196, -36.293179455946401 ], [ -72.548089539075605, -36.293259916136499 ], [ -72.548075340258904, -36.293352716933498 ], [ -72.548043132933202, -36.293535452910398 ], [ -72.547662382418494, -36.294799545245198 ], [ -72.547393341489595, -36.295767088892397 ], [ -72.547334655716497, -36.2958925976085 ], [ -72.547472899802997, -36.2960089440312 ], [ -72.547569394226002, -36.296107396336602 ], [ -72.547644236640807, -36.296215431824102 ], [ -72.547718506573403, -36.296392023748503 ], [ -72.547812977875395, -36.2964458367872 ], [ -72.547929507476994, -36.296498993468603 ], [ -72.547934803819004, -36.296534596147701 ], [ -72.547969443851699, -36.296730245356599 ], [ -72.547977809962106, -36.296914754581898 ], [ -72.548082906426799, -36.296959311680297 ], [ -72.548191950007507, -36.297009710804801 ], [ -72.5482805871479, -36.297016017050098 ], [ -72.548479919804393, -36.297027973855997 ], [ -72.548690183809896, -36.297034671437601 ] ] ] } },
{ "type": "Feature", "properties": { "id": "monoparte.118", "Name": null, "description": null, "timestamp": null, "begin": null, "end": null, "altitudeMode": null, "tessellate": -1, "extrude": 0, "visibility": -1, "drawOrder": null, "icon": null, "REG": "Ñuble", "COM": "Quirihue", "LOC": "Quirihue", "ZONA": "ZEXH", "NOM": "ZEXH Zona Extensión Habitacional", "UPERM": "Residencial. Equipamiento de todo tipo, excepto cárcel, cementerio y crematorio. Actividades productivas sólo almacenamiento y talleres inofensivos.", "UPROH": "Todos los usos de suelo no mencionados anteriormente y los señalados en el Artículo 23 de la Ordenanza.", "P_DO": "30/06/2007", "N_DOC": "20", "T_DO": "Resolución", "OBS": null }, "geometry": { "type": "Polygon", "coordinates": [ [ [ -72.564025920395494, -36.281507502850701 ], [ -72.562535666940207, -36.281952472019 ], [ -72.562160293719003, -36.2818563905209 ], [ -72.5616147140301, -36.281708167652098 ], [ -72.561536540302598, -36.281676227433401 ], [ -72.560207064303896, -36.2827138575893 ], [ -72.559978860605796, -36.282875617778998 ], [ -72.560198380054203, -36.2830149737865 ], [ -72.560678608020993, -36.2832152142146 ], [ -72.561344516906601, -36.2834516360629 ], [ -72.561969610693893, -36.283599872483201 ], [ -72.5621852376253, -36.283647080204801 ], [ -72.562414482793102, -36.2836700419696 ], [ -72.562561780532505, -36.283671608462299 ], [ -72.562693834040502, -36.283661708952401 ], [ -72.563308326694596, -36.283512258236897 ], [ -72.565249520589703, -36.282940542061702 ], [ -72.565190813279699, -36.282805753230903 ], [ -72.564571163565802, -36.281406073878898 ], [ -72.564541703978904, -36.281341935124303 ], [ -72.564025920395494, -36.281507502850701 ] ] ] } },
{ "type": "Feature", "properties": { "id": "monoparte.119", "Name": null, "description": null, "timestamp": null, "begin": null, "end": null, "altitudeMode": null, "tessellate": -1, "extrude": 0, "visibility": -1, "drawOrder": null, "icon": null, "REG": "Ñuble", "COM": "Quirihue", "LOC": "Quirihue", "ZONA": "ZEXH", "NOM": "ZEXH Zona Extensión Habitacional", "UPERM": "Residencial. Equipamiento de todo tipo, excepto cárcel, cementerio y crematorio. Actividades productivas sólo almacenamiento y talleres inofensivos.", "UPROH": "Todos los usos de suelo no mencionados anteriormente y los señalados en el Artículo 23 de la Ordenanza.", "P_DO": "30/06/2007", "N_DOC": "20", "T_DO": "Resolución", "OBS": null }, "geometry": { "type": "Polygon", "coordinates": [ [ [ -72.534489706001096, -36.276868597424297 ], [ -72.5342639428263, -36.276889581948801 ], [ -72.533907461874605, -36.276897746530501 ], [ -72.533489176828397, -36.2768934336247 ], [ -72.5330354998449, -36.276887782004003 ], [ -72.532971240617997, -36.2768992184251 ], [ -72.532886399739397, -36.276911264492597 ], [ -72.532528724866694, -36.276964755312598 ], [ -72.532496488343796, -36.276968092865097 ], [ -72.532435169509, -36.276979442036897 ], [ -72.532128040387306, -36.277024285251898 ], [ -72.532081316861095, -36.277032818485502 ], [ -72.531689452160094, -36.277092086146403 ], [ -72.531291814104407, -36.277153907363598 ], [ -72.530896047422303, -36.277218055185699 ], [ -72.530494715907196, -36.2772632948706 ], [ -72.530428052005902, -36.277286720818701 ], [ -72.530348983981895, -36.277296210320998 ], [ -72.530003841276994, -36.2773469390767 ], [ -72.529682543583405, -36.277404114603598 ], [ -72.529503714439201, -36.277421319024903 ], [ -72.529369656063096, -36.277406208199402 ], [ -72.529301812442299, -36.277403445529401 ], [ -72.529272324908206, -36.277393465665398 ], [ -72.529647961729907, -36.2780207082278 ], [ -72.529939128380406, -36.278471465930501 ], [ -72.530587811936698, -36.2794714506174 ], [ -72.531156642606803, -36.279353314869802 ], [ -72.532776012171595, -36.2791075555118 ], [ -72.534282556187705, -36.2788901455895 ], [ -72.534947476522206, -36.2787810683215 ], [ -72.538083161755694, -36.2776392661521 ], [ -72.537496528353003, -36.276548086751397 ], [ -72.5372432270389, -36.276098133586103 ], [ -72.536989879168104, -36.276200972828804 ], [ -72.536611253687397, -36.276357607742099 ], [ -72.536190930711697, -36.276529779921802 ], [ -72.535838980633997, -36.2766903909638 ], [ -72.535751845008704, -36.276716810010598 ], [ -72.535529237236702, -36.276742471782399 ], [ -72.535081081678001, -36.276793880202497 ], [ -72.534931875095893, -36.2768149842477 ], [ -72.534598284754395, -36.276860616925099 ], [ -72.534489706001096, -36.276868597424297 ] ] ] } },
{ "type": "Feature", "properties": { "id": "monoparte.120", "Name": null, "description": null, "timestamp": null, "begin": null, "end": null, "altitudeMode": null, "tessellate": -1, "extrude": 0, "visibility": -1, "drawOrder": null, "icon": null, "REG": "Ñuble", "COM": "Quirihue", "LOC": "Quirihue", "ZONA": "ZEXH", "NOM": "ZEXH Zona Extensión Habitacional", "UPERM": "Residencial. Equipamiento de todo tipo, excepto cárcel, cementerio y crematorio. Actividades productivas sólo almacenamiento y talleres inofensivos.", "UPROH": "Todos los usos de suelo no mencionados anteriormente y los señalados en el Artículo 23 de la Ordenanza.", "P_DO": "30/06/2007", "N_DOC": "20", "T_DO": "Resolución", "OBS": null }, "geometry": { "type": "Polygon", "coordinates": [ [ [ -72.547810616790301, -36.279910660433998 ], [ -72.548656773094507, -36.281323874049299 ], [ -72.549240457724295, -36.2825080561311 ], [ -72.549634726353901, -36.282438453842303 ], [ -72.549391115065404, -36.281479659206497 ], [ -72.550738285048595, -36.281189297735303 ], [ -72.5506721500917, -36.2811268961458 ], [ -72.5511204897293, -36.280624850741098 ], [ -72.552267027938996, -36.281234429842101 ], [ -72.552628932231997, -36.281598119427898 ], [ -72.553544246197404, -36.280992605184402 ], [ -72.555086367099904, -36.282856275569898 ], [ -72.552932066662294, -36.283463930469502 ], [ -72.550079641239094, -36.284235930718303 ], [ -72.550886145549399, -36.285396603306403 ], [ -72.551184104768893, -36.285122368258399 ], [ -72.5518925426625, -36.284901046233003 ], [ -72.553020534731303, -36.2845814169346 ], [ -72.553797806519697, -36.284319892739298 ], [ -72.554518080083298, -36.283840734419599 ], [ -72.554951207572898, -36.283522693274598 ], [ -72.555624766001301, -36.283311924326902 ], [ -72.556466017695698, -36.283162909843597 ], [ -72.556873799316307, -36.283064943088696 ], [ -72.557337969481907, -36.282792079154603 ], [ -72.557345321228993, -36.282791860176602 ], [ -72.557357082912802, -36.282791509843896 ], [ -72.557608181684699, -36.282566492588799 ], [ -72.557824035335599, -36.282294846015503 ], [ -72.557899353498996, -36.282170423863903 ], [ -72.558002460724296, -36.281986885438798 ], [ -72.558077150394794, -36.281686663526003 ], [ -72.558091949208603, -36.281364386452303 ], [ -72.558114800716993, -36.280612821792602 ], [ -72.557814546489794, -36.280376030116599 ], [ -72.557661575173697, -36.280249468437198 ], [ -72.557439913246398, -36.280036744656499 ], [ -72.557055575997893, -36.279743043406903 ], [ -72.556727846755905, -36.279528709762197 ], [ -72.556443689362695, -36.279417972717098 ], [ -72.556282313084296, -36.279365562655897 ], [ -72.556091748663306, -36.279318789669603 ], [ -72.555760045854697, -36.279276217447098 ], [ -72.555647279818203, -36.279264340012901 ], [ -72.555561250888104, -36.279250213158001 ], [ -72.555517703690001, -36.279244357176097 ], [ -72.555399664861099, -36.2792042657899 ], [ -72.555374316392403, -36.2792963053652 ], [ -72.555352176562906, -36.279392323871598 ], [ -72.555328415095801, -36.279452630629898 ], [ -72.555262818336502, -36.279564245660097 ], [ -72.555158996008302, -36.279676999406902 ], [ -72.555102891149801, -36.279738268870901 ], [ -72.555071388591898, -36.2798226454169 ], [ -72.554995673384894, -36.279905954742802 ], [ -72.554994767030394, -36.279906580904601 ], [ -72.554927157273099, -36.279953289725498 ], [ -72.5548500354288, -36.280005648154201 ], [ -72.554765303956401, -36.280020089781303 ], [ -72.554700073586602, -36.280010111529101 ], [ -72.554658043813106, -36.279992291273203 ], [ -72.554635731307698, -36.279954811200199 ], [ -72.554622779972306, -36.279928973123198 ], [ -72.554621374859195, -36.279898023161998 ], [ -72.554651234368094, -36.279842303282102 ], [ -72.554730561269693, -36.2797088237213 ], [ -72.554780466844406, -36.279644295206097 ], [ -72.5547834026505, -36.279640499193 ], [ -72.554837216775198, -36.279593601884102 ], [ -72.554893023565796, -36.279547284972502 ], [ -72.554970400093595, -36.279446599486803 ], [ -72.555049185616497, -36.279301216139601 ], [ -72.555056299752906, -36.279198492563602 ], [ -72.555055673198297, -36.279119840607798 ], [ -72.555063326727407, -36.279029021582701 ], [ -72.554948889623802, -36.278972828368303 ], [ -72.554911853509097, -36.279000154262 ], [ -72.554841603694001, -36.2790491914676 ], [ -72.554785870079698, -36.279111183168702 ], [ -72.554781168159295, -36.279115958004098 ], [ -72.554778844008396, -36.279118543751203 ], [ -72.554607154212704, -36.279292916400401 ], [ -72.554534609936397, -36.279356136336602 ], [ -72.554433885287196, -36.2794649516917 ], [ -72.554361973735496, -36.2795672186015 ], [ -72.554287013331006, -36.279667192081099 ], [ -72.554240701107204, -36.2797496259317 ], [ -72.554231532472599, -36.2798071141045 ], [ -72.554215619147399, -36.279845730914303 ], [ -72.554210735145404, -36.279847893658904 ], [ -72.554192528897602, -36.279855954535101 ], [ -72.554122499310694, -36.279869958197203 ], [ -72.554081333138797, -36.279871183208101 ], [ -72.554027865348601, -36.279860854555999 ], [ -72.553994656436103, -36.279842770675003 ], [ -72.553949252901404, -36.279815514065199 ], [ -72.5539000453971, -36.279769298550697 ], [ -72.5538902510675, -36.279748134691303 ], [ -72.553906683200793, -36.279720944648702 ], [ -72.553919850411205, -36.2796975090315 ], [ -72.553920304446095, -36.279696699912698 ], [ -72.553933198524305, -36.279683845093999 ], [ -72.553940022968405, -36.279677041086799 ], [ -72.553945255772604, -36.279662581545097 ], [ -72.553952779673097, -36.279633749995597 ], [ -72.553965969719002, -36.279599981596697 ], [ -72.554001708565494, -36.279544086920602 ], [ -72.554223527016504, -36.2792532259514 ], [ -72.554226805051897, -36.279248927805597 ], [ -72.554360109233301, -36.279140021575401 ], [ -72.554406279362794, -36.279083859605599 ], [ -72.5545069454231, -36.278966433091099 ], [ -72.554513442103897, -36.278959691968602 ], [ -72.5545139726202, -36.2789590724907 ], [ -72.554582939342794, -36.278887504694097 ], [ -72.554635502911694, -36.278782378778502 ], [ -72.554538384423296, -36.278718517349802 ], [ -72.554055471272207, -36.278406283392698 ], [ -72.553722414682198, -36.278204020226802 ], [ -72.553532657264697, -36.278045171539397 ], [ -72.553419542533206, -36.277953177395098 ], [ -72.553301391633298, -36.277815084035801 ], [ -72.553190353796495, -36.277703956682899 ], [ -72.553001486693205, -36.277499784950798 ], [ -72.552782977761595, -36.277356095004798 ], [ -72.5523997324633, -36.277105256002997 ], [ -72.5520792024369, -36.276919303358603 ], [ -72.551707908076807, -36.276782538268897 ], [ -72.551402943510993, -36.276680035570202 ], [ -72.551112442406307, -36.276571858053799 ], [ -72.550888356689597, -36.276499849525301 ], [ -72.550584511904106, -36.276434978944401 ], [ -72.550477581729695, -36.276414317260802 ], [ -72.550316106078697, -36.276359517659898 ], [ -72.549969095288105, -36.2762387131474 ], [ -72.549918678820603, -36.276230676003102 ], [ -72.549882423964803, -36.2762102973076 ], [ -72.549610700726006, -36.275996662660297 ], [ -72.549553648086999, -36.275972134589502 ], [ -72.549457400396406, -36.2759273150346 ], [ -72.549374209590894, -36.275910715110903 ], [ -72.549329241577794, -36.275892980192999 ], [ -72.549263260897305, -36.275866333160103 ], [ -72.5491298686931, -36.2758464565728 ], [ -72.548930368978603, -36.275816625270799 ], [ -72.548715999053201, -36.275699027236698 ], [ -72.548711359825504, -36.275596653904103 ], [ -72.548652664116304, -36.275081073675203 ], [ -72.548618083552597, -36.274967670157402 ], [ -72.548584230644295, -36.2749352999409 ], [ -72.548571691603698, -36.274923112102499 ], [ -72.548553968264898, -36.275189845517502 ], [ -72.548547114982796, -36.275428447466403 ], [ -72.548503036499596, -36.275625242859199 ], [ -72.548477031074796, -36.2758310378129 ], [ -72.548417738203398, -36.275951998509399 ], [ -72.548407919327104, -36.275995202708501 ], [ -72.548358230540899, -36.276068198206602 ], [ -72.548353859877807, -36.276101703133598 ], [ -72.548351000695206, -36.276168540041297 ], [ -72.548348084970897, -36.276364113403098 ], [ -72.548331737724595, -36.276393206778103 ], [ -72.548260467640603, -36.276509754971499 ], [ -72.548219248477693, -36.276639714262899 ], [ -72.548140526474995, -36.277371551708697 ], [ -72.548058025520604, -36.278279915947202 ], [ -72.547981551362597, -36.2785415647053 ], [ -72.5478947384142, -36.278834989034003 ], [ -72.547844345556797, -36.279022437067901 ], [ -72.547840837633501, -36.2790749884646 ], [ -72.547800855392893, -36.279362254269003 ], [ -72.547802038132104, -36.279648296369302 ], [ -72.547810616790301, -36.279910660433998 ] ] ] } },
{ "type": "Feature", "properties": { "id": "monoparte.121", "Name": null, "description": null, "timestamp": null, "begin": null, "end": null, "altitudeMode": null, "tessellate": -1, "extrude": 0, "visibility": -1, "drawOrder": null, "icon": null, "REG": "Ñuble", "COM": "Quirihue", "LOC": "Quirihue", "ZONA": "ZE4", "NOM": "ZE4 Zona de Equipamiento de Esparcimiento y Turismo", "UPERM": "Equipamiento de deportes, esparcimiento y turismo.", "UPROH": "Todos los usos de suelo no mencionados como permitidos, expresamente el residencial.", "P_DO": "30/06/2007", "N_DOC": "20", "T_DO": "Resolución", "OBS": null }, "geometry": { "type": "Polygon", "coordinates": [ [ [ -72.558114800716993, -36.280612821792602 ], [ -72.558091949208603, -36.281364386452303 ], [ -72.558077150394794, -36.281686663526003 ], [ -72.558002460724296, -36.281986885438798 ], [ -72.5584998616619, -36.2820793443721 ], [ -72.558806132281504, -36.282177497540097 ], [ -72.559084350865106, -36.282306285530503 ], [ -72.559826963360706, -36.282772867383102 ], [ -72.559978860605796, -36.282875617778998 ], [ -72.560207064303896, -36.2827138575893 ], [ -72.561536540302598, -36.281676227433401 ], [ -72.561353695196303, -36.281601520042699 ], [ -72.560937353388397, -36.2813814973387 ], [ -72.560375514104507, -36.2809727088367 ], [ -72.560012594208899, -36.280761817799203 ], [ -72.559832108083398, -36.280677798524799 ], [ -72.559422318849997, -36.280543397793402 ], [ -72.558853726438301, -36.280374392451002 ], [ -72.558365338361199, -36.280220873864799 ], [ -72.558055162893993, -36.280101380392999 ], [ -72.558116144495898, -36.280568609785803 ], [ -72.558114800716993, -36.280612821792602 ] ], [ [ -72.560330570657797, -36.282409199562899 ], [ -72.560217719671797, -36.282413993619002 ], [ -72.560189166193496, -36.282407693341803 ], [ -72.560032110539694, -36.282295083845803 ], [ -72.560022640044295, -36.282281061443001 ], [ -72.560011079992705, -36.282259950776201 ], [ -72.560002463917201, -36.282225878482897 ], [ -72.559987839908999, -36.282176250640902 ], [ -72.559967793746594, -36.282123924559301 ], [ -72.559962131649499, -36.282038269625097 ], [ -72.559967629910702, -36.2820037766121 ], [ -72.559980121484898, -36.2819676452146 ], [ -72.559986668953897, -36.281917386294303 ], [ -72.559991842452803, -36.281875751510498 ], [ -72.559983681094906, -36.281851677869497 ], [ -72.559964804148095, -36.281825062873502 ], [ -72.559943707731307, -36.281788501820003 ], [ -72.559913985367899, -36.281756489468002 ], [ -72.559880279792296, -36.281714582722898 ], [ -72.559825987445805, -36.281686162556902 ], [ -72.559790128530807, -36.281635737685498 ], [ -72.559745068131505, -36.281538384058202 ], [ -72.559727587899502, -36.281425905471799 ], [ -72.559736095166102, -36.281379878837399 ], [ -72.559741788369806, -36.281349671612197 ], [ -72.559740554342795, -36.281322530716302 ], [ -72.559742848898196, -36.281295285550101 ], [ -72.559765665162701, -36.281253124017198 ], [ -72.5598055395659, -36.281197581073997 ], [ -72.559874431618795, -36.281119717050302 ], [ -72.559957330360405, -36.281058481117398 ], [ -72.560065567373698, -36.281010555776803 ], [ -72.560068678857107, -36.281003065598298 ], [ -72.560125756197493, -36.2809899283805 ], [ -72.560196521529306, -36.280992109631299 ], [ -72.560272840070695, -36.280999847720999 ], [ -72.560303416565802, -36.281011809206099 ], [ -72.560357838495094, -36.281043086060997 ], [ -72.560427348949204, -36.281095368333901 ], [ -72.560499208986897, -36.281160454388697 ], [ -72.560564271887102, -36.281231463654599 ], [ -72.560609007162697, -36.281321675196999 ], [ -72.560647141266699, -36.281422094828798 ], [ -72.560672755019397, -36.281620154451097 ], [ -72.560684359757204, -36.281719935963203 ], [ -72.560680810800093, -36.281797282280898 ], [ -72.560658656605696, -36.281931683062403 ], [ -72.560643018060503, -36.282015111329002 ], [ -72.560615028970602, -36.282098908703503 ], [ -72.560590503377696, -36.282181171083899 ], [ -72.560557166551902, -36.282225076342101 ], [ -72.560498469183599, -36.282294054555301 ], [ -72.560395664954797, -36.282364347634797 ], [ -72.560330570657797, -36.282409199562899 ] ] ] } },
{ "type": "Feature", "properties": { "id": "monoparte.122", "Name": null, "description": null, "timestamp": null, "begin": null, "end": null, "altitudeMode": null, "tessellate": -1, "extrude": 0, "visibility": -1, "drawOrder": null, "icon": null, "REG": "Ñuble", "COM": "Quirihue", "LOC": "Quirihue", "ZONA": "ZE4", "NOM": "ZE4 Zona de Equipamiento de Esparcimiento y Turismo", "UPERM": "Equipamiento de deportes, esparcimiento y turismo.", "UPROH": "Todos los usos de suelo no mencionados como permitidos, expresamente el residencial.", "P_DO": "30/06/2007", "N_DOC": "20", "T_DO": "Resolución", "OBS": null }, "geometry": { "type": "Polygon", "coordinates": [ [ [ -72.527177513314697, -36.287946926078902 ], [ -72.526983742133794, -36.2879598012386 ], [ -72.526981772513494, -36.287959660277799 ], [ -72.526976389660106, -36.287960018376502 ], [ -72.526692784061694, -36.287939785756699 ], [ -72.526506870339901, -36.287930971736202 ], [ -72.526328950431704, -36.287936225338598 ], [ -72.5261972582515, -36.287954417711397 ], [ -72.526076960750501, -36.288029489311299 ], [ -72.525933736505294, -36.288183909860997 ], [ -72.525602528790401, -36.288479766982498 ], [ -72.525322001899596, -36.288724063818798 ], [ -72.525226883763295, -36.288769783427199 ], [ -72.525036003855305, -36.288846938369403 ], [ -72.524782724099396, -36.288911629875201 ], [ -72.524589591919195, -36.288938785399502 ], [ -72.5243343806968, -36.288960621101097 ], [ -72.523894859750499, -36.289009351228103 ], [ -72.523712158888202, -36.289071957892197 ], [ -72.523582346961803, -36.289129379863397 ], [ -72.523783083534795, -36.289172377054598 ], [ -72.524118342589105, -36.289162484367999 ], [ -72.524477127594494, -36.289151896443201 ], [ -72.524941355443005, -36.289128659577003 ], [ -72.525263562983596, -36.289090540994302 ], [ -72.525409748058905, -36.289067153492503 ], [ -72.525682328005303, -36.288973282972997 ], [ -72.525832463214698, -36.288906866495402 ], [ -72.525996292774806, -36.288882957360897 ], [ -72.526089971081007, -36.288870655837599 ], [ -72.526172315371397, -36.288868224556602 ], [ -72.526219797470404, -36.2888763582488 ], [ -72.526267708641498, -36.2888940158184 ], [ -72.526303427766706, -36.288902496800702 ], [ -72.526333265996499, -36.288911152321504 ], [ -72.526362674045103, -36.288910283971497 ], [ -72.526391439625897, -36.288895130637897 ], [ -72.526460947133501, -36.288869237688601 ], [ -72.526506069408299, -36.288824993444202 ], [ -72.526636051389801, -36.288638064633297 ], [ -72.526732391976395, -36.288554163366101 ], [ -72.526784468704804, -36.288533554163202 ], [ -72.526848309406304, -36.288512596627399 ], [ -72.526952462629893, -36.288471376305502 ], [ -72.527372079722497, -36.288373159538402 ], [ -72.527860557187694, -36.288234763650003 ], [ -72.528532523782005, -36.287986047872998 ], [ -72.528863482684102, -36.287880909729601 ], [ -72.529665695276194, -36.287647411290401 ], [ -72.5296055913619, -36.287239028303098 ], [ -72.529165838095693, -36.287373243147499 ], [ -72.528189968287194, -36.287673852658799 ], [ -72.527344174054605, -36.2879205482907 ], [ -72.527177513314697, -36.287946926078902 ] ] ] } },
{ "type": "Feature", "properties": { "id": "monoparte.123", "Name": null, "description": null, "timestamp": null, "begin": null, "end": null, "altitudeMode": null, "tessellate": -1, "extrude": 0, "visibility": -1, "drawOrder": null, "icon": null, "REG": "Ñuble", "COM": "Quirihue", "LOC": "Quirihue", "ZONA": "ZE4", "NOM": "ZE4 Zona de Equipamiento de Esparcimiento y Turismo", "UPERM": "Equipamiento de deportes, esparcimiento y turismo.", "UPROH": "Todos los usos de suelo no mencionados como permitidos, expresamente el residencial.", "P_DO": "30/06/2007", "N_DOC": "20", "T_DO": "Resolución", "OBS": null }, "geometry": { "type": "Polygon", "coordinates": [ [ [ -72.525538173006694, -36.289702369134197 ], [ -72.525421472873305, -36.289845617171999 ], [ -72.525643260711604, -36.289658642667398 ], [ -72.525735354046503, -36.289578444658297 ], [ -72.525944008893404, -36.289470964712599 ], [ -72.526095991787201, -36.2894128369296 ], [ -72.526654961572703, -36.289335539665998 ], [ -72.527180132488795, -36.2892270548532 ], [ -72.529838265969701, -36.288481988146003 ], [ -72.529845417869495, -36.288480950509403 ], [ -72.529824647253406, -36.2883956732529 ], [ -72.529830255089394, -36.288356768401599 ], [ -72.529799206971703, -36.288158026609899 ], [ -72.529624503327298, -36.288201929191999 ], [ -72.529337049859507, -36.288275984732103 ], [ -72.528917528104799, -36.288359901600998 ], [ -72.528393639842506, -36.288455840605202 ], [ -72.527991289379401, -36.2885124276103 ], [ -72.527607584982704, -36.288574421951601 ], [ -72.527163763160203, -36.288650110420399 ], [ -72.527027559387406, -36.288731613113299 ], [ -72.526955245241297, -36.288760568098397 ], [ -72.5266062780628, -36.289185093272899 ], [ -72.526528220896907, -36.289249977917599 ], [ -72.526445950418903, -36.289303067122198 ], [ -72.526267297026905, -36.289341122961197 ], [ -72.526073001913602, -36.289358779579103 ], [ -72.525903135872596, -36.2893876344463 ], [ -72.525631451522202, -36.289485055270603 ], [ -72.5255787224974, -36.289540251501499 ], [ -72.525542441374995, -36.289633703104897 ], [ -72.525538173006694, -36.289702369134197 ] ] ] } },
{ "type": "Feature", "properties": { "id": "monoparte.124", "Name": null, "description": null, "timestamp": null, "begin": null, "end": null, "altitudeMode": null, "tessellate": -1, "extrude": 0, "visibility": -1, "drawOrder": null, "icon": null, "REG": "Ñuble", "COM": "Quirihue", "LOC": "Quirihue", "ZONA": "ZE4", "NOM": "ZE4 Zona de Equipamiento de Esparcimiento y Turismo", "UPERM": "Equipamiento de deportes, esparcimiento y turismo.", "UPROH": "Todos los usos de suelo no mencionados como permitidos, expresamente el residencial.", "P_DO": "30/06/2007", "N_DOC": "20", "T_DO": "Resolución", "OBS": null }, "geometry": { "type": "Polygon", "coordinates": [ [ [ -72.524604602758103, -36.289399646057497 ], [ -72.524061613374698, -36.289439509778298 ], [ -72.523660379917899, -36.289447181648903 ], [ -72.524429698584498, -36.290309365669302 ], [ -72.524609233170594, -36.2901564286908 ], [ -72.524755589563696, -36.2899733092598 ], [ -72.524868399701901, -36.289862699564999 ], [ -72.525008742622504, -36.289709557312001 ], [ -72.525070892184104, -36.2896183229239 ], [ -72.525119140547304, -36.289545379000998 ], [ -72.525138516656, -36.289485207115 ], [ -72.525199860567298, -36.289376116281503 ], [ -72.525219772760707, -36.2893278492703 ], [ -72.524604602758103, -36.289399646057497 ] ] ] } },
{ "type": "Feature", "properties": { "id": "monoparte.125", "Name": null, "description": null, "timestamp": null, "begin": null, "end": null, "altitudeMode": null, "tessellate": -1, "extrude": 0, "visibility": -1, "drawOrder": null, "icon": null, "REG": "Ñuble", "COM": "Quirihue", "LOC": "Quirihue", "ZONA": "ZHM", "NOM": "ZHM Zona Habitacional Mixta", "UPERM": "Residencial. Equipamiento de todo tipo, excepto cárcel, cementerio y crematorio. Actividades productivas sólo almacenamiento y talleres inofensivos.", "UPROH": "Todos los usos de suelo no mencionados como permitidos.", "P_DO": "30/06/2007", "N_DOC": "20", "T_DO": "Resolución", "OBS": null }, "geometry": { "type": "Polygon", "coordinates": [ [ [ -72.541417005298598, -36.274990907407897 ], [ -72.543100253948296, -36.278030633902603 ], [ -72.545419926591194, -36.27717508384 ], [ -72.544542930181706, -36.273178289226799 ], [ -72.543575119130793, -36.273689610994197 ], [ -72.542687914521295, -36.274187958999903 ], [ -72.541417005298598, -36.274990907407897 ] ] ] } },
{ "type": "Feature", "properties": { "id": "monoparte.126", "Name": null, "description": null, "timestamp": null, "begin": null, "end": null, "altitudeMode": null, "tessellate": -1, "extrude": 0, "visibility": -1, "drawOrder": null, "icon": null, "REG": "Ñuble", "COM": "Quirihue", "LOC": "Quirihue", "ZONA": "ZHM", "NOM": "ZHM Zona Habitacional Mixta", "UPERM": "Residencial. Equipamiento de todo tipo, excepto cárcel, cementerio y crematorio. Actividades productivas sólo almacenamiento y talleres inofensivos.", "UPROH": "Todos los usos de suelo no mencionados como permitidos.", "P_DO": "30/06/2007", "N_DOC": "20", "T_DO": "Resolución", "OBS": null }, "geometry": { "type": "Polygon", "coordinates": [ [ [ -72.527771356326099, -36.2805459719401 ], [ -72.527545982480007, -36.280771956166802 ], [ -72.527259650957902, -36.280952060108 ], [ -72.527056561510406, -36.281019363350197 ], [ -72.527365839093704, -36.281669335124 ], [ -72.528055824164596, -36.281429626768102 ], [ -72.528719189602796, -36.281252685969001 ], [ -72.5301171284936, -36.2809109918825 ], [ -72.531442680860806, -36.2806620147933 ], [ -72.532478039433101, -36.280507429064897 ], [ -72.532865756578701, -36.280486425505799 ], [ -72.534894503554, -36.280474077769497 ], [ -72.535607610395004, -36.280486346155797 ], [ -72.535896854530094, -36.280501622968103 ], [ -72.535975458232301, -36.280546975889699 ], [ -72.536135751573596, -36.280575606275001 ], [ -72.536219160420401, -36.280596976306001 ], [ -72.536272949652101, -36.280614455896597 ], [ -72.536309310944802, -36.280637218850899 ], [ -72.536926941142596, -36.282316331528797 ], [ -72.5376662001635, -36.283819235399598 ], [ -72.538345856941007, -36.285305781615598 ], [ -72.538711230231399, -36.286040666986501 ], [ -72.5387445113859, -36.286125504208798 ], [ -72.538805478312696, -36.286171377639903 ], [ -72.538859487240003, -36.286193617694202 ], [ -72.538966644051797, -36.286219050183298 ], [ -72.539043748460102, -36.286231069239001 ], [ -72.539180313127005, -36.286255630075601 ], [ -72.539245438745397, -36.286263235719602 ], [ -72.539316015579899, -36.286261144150401 ], [ -72.539498339405796, -36.286255740726602 ], [ -72.539714875019598, -36.286225483510997 ], [ -72.540146868920502, -36.2861411594318 ], [ -72.540431396159406, -36.286051669014597 ], [ -72.540703721840501, -36.285969096486099 ], [ -72.540817605781896, -36.285927956935197 ], [ -72.540836400987601, -36.285903870138497 ], [ -72.540877927198693, -36.285845423412198 ], [ -72.540901808168201, -36.285787499834299 ], [ -72.540922964712294, -36.285734424389403 ], [ -72.540953696594102, -36.285697753956697 ], [ -72.541011756592397, -36.285679344494298 ], [ -72.541079499610404, -36.285679720046097 ], [ -72.541166072463199, -36.285705760873498 ], [ -72.541202652961701, -36.285733283985898 ], [ -72.5412245302889, -36.285761243058403 ], [ -72.541237369627197, -36.2857847018565 ], [ -72.5412452976975, -36.285829762555103 ], [ -72.541221631283406, -36.285892448094998 ], [ -72.541172791641799, -36.285984487813899 ], [ -72.541078623288598, -36.286116014925199 ], [ -72.541013680010096, -36.286177540165802 ], [ -72.540945580387699, -36.286234391596103 ], [ -72.541211986466905, -36.286835494615801 ], [ -72.541365591481494, -36.286796478094303 ], [ -72.5416376781249, -36.286757417702901 ], [ -72.541887639939404, -36.2867500047494 ], [ -72.542235721886698, -36.2867635205331 ], [ -72.542448745942707, -36.286785809733097 ], [ -72.542596967056994, -36.2868076367103 ], [ -72.542713075511799, -36.286816113132502 ], [ -72.543284652092794, -36.286878923718902 ], [ -72.542367218108794, -36.285256541782203 ], [ -72.541760054000505, -36.284137388416902 ], [ -72.540307474360603, -36.284638181874499 ], [ -72.538512514488701, -36.281082496478703 ], [ -72.539737945692096, -36.280638521621903 ], [ -72.539621755394506, -36.280413102770297 ], [ -72.538083161755694, -36.2776392661521 ], [ -72.534947476522206, -36.2787810683215 ], [ -72.534282556187705, -36.2788901455895 ], [ -72.532776012171595, -36.2791075555118 ], [ -72.531156642606803, -36.279353314869802 ], [ -72.530587811936698, -36.2794714506174 ], [ -72.529465051942097, -36.279809785501101 ], [ -72.527992375987196, -36.280224840344601 ], [ -72.527881682155396, -36.280380601441401 ], [ -72.527771356326099, -36.2805459719401 ] ] ] } },
{ "type": "Feature", "properties": { "id": "monoparte.127", "Name": null, "description": null, "timestamp": null, "begin": null, "end": null, "altitudeMode": null, "tessellate": -1, "extrude": 0, "visibility": -1, "drawOrder": null, "icon": null, "REG": "Ñuble", "COM": "Quirihue", "LOC": "Quirihue", "ZONA": "ZHM", "NOM": "ZHM Zona Habitacional Mixta", "UPERM": "Residencial. Equipamiento de todo tipo, excepto cárcel, cementerio y crematorio. Actividades productivas sólo almacenamiento y talleres inofensivos.", "UPROH": "Todos los usos de suelo no mencionados como permitidos.", "P_DO": "30/06/2007", "N_DOC": "20", "T_DO": "Resolución", "OBS": null }, "geometry": { "type": "Polygon", "coordinates": [ [ [ -72.545413782656297, -36.2784700079537 ], [ -72.546212518807195, -36.280322532285602 ], [ -72.546315414005804, -36.279849790359002 ], [ -72.546341627251707, -36.279778445974301 ], [ -72.546436396493107, -36.2797255680102 ], [ -72.546446649249404, -36.279691887579801 ], [ -72.5464825026515, -36.279638375751297 ], [ -72.546694816941397, -36.279255401474401 ], [ -72.546703450821198, -36.279186009880199 ], [ -72.546748938170396, -36.279020164184502 ], [ -72.546784279568698, -36.278890379886299 ], [ -72.546770260052099, -36.278580878476497 ], [ -72.546750325938106, -36.278193247681997 ], [ -72.546620746506505, -36.277977641290001 ], [ -72.546303505583197, -36.278124139501202 ], [ -72.545413782656297, -36.2784700079537 ] ] ] } },
{ "type": "Feature", "properties": { "id": "monoparte.128", "Name": null, "description": null, "timestamp": null, "begin": null, "end": null, "altitudeMode": null, "tessellate": -1, "extrude": 0, "visibility": -1, "drawOrder": null, "icon": null, "REG": "Ñuble", "COM": "Quirihue", "LOC": "Quirihue", "ZONA": "ZHM", "NOM": "ZHM Zona Habitacional Mixta", "UPERM": "Residencial. Equipamiento de todo tipo, excepto cárcel, cementerio y crematorio. Actividades productivas sólo almacenamiento y talleres inofensivos.", "UPROH": "Todos los usos de suelo no mencionados como permitidos.", "P_DO": "30/06/2007", "N_DOC": "20", "T_DO": "Resolución", "OBS": null }, "geometry": { "type": "Polygon", "coordinates": [ [ [ -72.547817302177606, -36.280115103915698 ], [ -72.547420069879905, -36.2806199200135 ], [ -72.547413304197306, -36.280620102044999 ], [ -72.5473847432295, -36.2806525567078 ], [ -72.547367982756796, -36.280688814624497 ], [ -72.547362131413806, -36.280693629626697 ], [ -72.547360954709902, -36.280696174847897 ], [ -72.547297086629897, -36.280748731350997 ], [ -72.547215514086901, -36.280816713994 ], [ -72.547186514228898, -36.280826515318999 ], [ -72.546990628711001, -36.280808492578402 ], [ -72.546900796745803, -36.280775401193303 ], [ -72.546792451468093, -36.280739878912897 ], [ -72.546713107280297, -36.280694555291397 ], [ -72.546674868440704, -36.280662911320697 ], [ -72.546673934574599, -36.280660892811298 ], [ -72.546325791783104, -36.280585241624998 ], [ -72.546400768610297, -36.280759129048697 ], [ -72.546927077775905, -36.2818150994771 ], [ -72.547328891833004, -36.282560079996699 ], [ -72.547679322607905, -36.283145666640202 ], [ -72.547989289854797, -36.284137730335999 ], [ -72.548091873344305, -36.2842896410259 ], [ -72.5487019187334, -36.285242988241002 ], [ -72.547990634239, -36.285466759361803 ], [ -72.5482596761194, -36.286042840942798 ], [ -72.548468981128394, -36.286673650254102 ], [ -72.548668950457895, -36.287276309890302 ], [ -72.548836635458301, -36.287507492367197 ], [ -72.548847028991602, -36.287494278966797 ], [ -72.548854381247594, -36.287494060486601 ], [ -72.548654722822803, -36.286764879305302 ], [ -72.548590295964999, -36.286512899713003 ], [ -72.548593735932798, -36.286491342178202 ], [ -72.548615143741301, -36.286476402225603 ], [ -72.548640637918496, -36.286454188472703 ], [ -72.548661721938799, -36.286432106660001 ], [ -72.548683129718, -36.286417166696602 ], [ -72.548708947670406, -36.2864020956834 ], [ -72.548756983939597, -36.2863899397368 ], [ -72.548761394120007, -36.286389808688497 ], [ -72.548768746273097, -36.286389590219201 ], [ -72.548784919898097, -36.286389109618099 ], [ -72.548792272050903, -36.286388891147297 ], [ -72.548796682231199, -36.286388760097701 ], [ -72.548804034383807, -36.286388541626202 ], [ -72.548879831423093, -36.286404169300802 ], [ -72.548938632058693, -36.2864346058469 ], [ -72.548950205979907, -36.286495053480998 ], [ -72.549006499753403, -36.286665026755301 ], [ -72.549118655182099, -36.287149893216899 ], [ -72.549656371115603, -36.286550642354399 ], [ -72.548766139507094, -36.2850682408111 ], [ -72.548537402253501, -36.284675200885502 ], [ -72.548611686674903, -36.284584115188501 ], [ -72.548662607586706, -36.284570681531399 ], [ -72.548742665546101, -36.284550423560702 ], [ -72.548865752640793, -36.284505045672503 ], [ -72.548995382094006, -36.284441594110497 ], [ -72.549035982763797, -36.284362908946498 ], [ -72.549062151442996, -36.284290611154297 ], [ -72.549082587201795, -36.284254244695397 ], [ -72.549104101162897, -36.284241685639699 ], [ -72.549162103884598, -36.284222081913498 ], [ -72.549917752582303, -36.284002944874501 ], [ -72.550079641239094, -36.284235930718303 ], [ -72.552932066662294, -36.283463930469502 ], [ -72.555086367099904, -36.282856275569898 ], [ -72.553544246197404, -36.280992605184402 ], [ -72.552628932231997, -36.281598119427898 ], [ -72.552129220706405, -36.281928689858702 ], [ -72.552060917096199, -36.281980785196701 ], [ -72.551258646110497, -36.282142642907402 ], [ -72.550896724148501, -36.282215657884002 ], [ -72.549634726353901, -36.282438453842303 ], [ -72.549240457724295, -36.2825080561311 ], [ -72.548656773094507, -36.281323874049299 ], [ -72.547810616790301, -36.279910660433998 ], [ -72.547817302177606, -36.280115103915698 ] ] ] } },
{ "type": "Feature", "properties": { "id": "monoparte.129", "Name": null, "description": null, "timestamp": null, "begin": null, "end": null, "altitudeMode": null, "tessellate": -1, "extrude": 0, "visibility": -1, "drawOrder": null, "icon": null, "REG": "Ñuble", "COM": "Quirihue", "LOC": "Quirihue", "ZONA": "ZHM", "NOM": "ZHM Zona Habitacional Mixta", "UPERM": "Residencial. Equipamiento de todo tipo, excepto cárcel, cementerio y crematorio. Actividades productivas sólo almacenamiento y talleres inofensivos.", "UPROH": "Todos los usos de suelo no mencionados como permitidos.", "P_DO": "30/06/2007", "N_DOC": "20", "T_DO": "Resolución", "OBS": null }, "geometry": { "type": "Polygon", "coordinates": [ [ [ -72.543864410707997, -36.288440514271002 ], [ -72.543890142386203, -36.288439750692802 ], [ -72.5439852163788, -36.288344550259502 ], [ -72.544047648964096, -36.288178798194203 ], [ -72.544064359792898, -36.288125476640502 ], [ -72.543383336516797, -36.287001750924503 ], [ -72.543375676582599, -36.287076478161602 ], [ -72.543227793562096, -36.287143445083402 ], [ -72.543089725820295, -36.287183301434503 ], [ -72.542917900830901, -36.287209258726897 ], [ -72.542768131436702, -36.287234561498103 ], [ -72.542715012453996, -36.287280836525497 ], [ -72.542684218562101, -36.2873324095982 ], [ -72.542672074209605, -36.287389389764698 ], [ -72.542673825183599, -36.287428077669396 ], [ -72.542664413584802, -36.2874641169916 ], [ -72.542649132316797, -36.287533109053399 ], [ -72.542619836487006, -36.287861776012399 ], [ -72.542638930985902, -36.287958356995397 ], [ -72.542697168782595, -36.288025169063602 ], [ -72.542788354839303, -36.288088023971397 ], [ -72.542882005412594, -36.288123984694003 ], [ -72.5431765814606, -36.288207625409903 ], [ -72.543665676901298, -36.288359991748898 ], [ -72.543864410707997, -36.288440514271002 ] ] ] } },
{ "type": "Feature", "properties": { "id": "monoparte.130", "Name": null, "description": null, "timestamp": null, "begin": null, "end": null, "altitudeMode": null, "tessellate": -1, "extrude": 0, "visibility": -1, "drawOrder": null, "icon": null, "REG": "Ñuble", "COM": "Quirihue", "LOC": "Quirihue", "ZONA": "ZHM", "NOM": "ZHM Zona Habitacional Mixta", "UPERM": "Residencial. Equipamiento de todo tipo, excepto cárcel, cementerio y crematorio. Actividades productivas sólo almacenamiento y talleres inofensivos.", "UPROH": "Todos los usos de suelo no mencionados como permitidos.", "P_DO": "30/06/2007", "N_DOC": "20", "T_DO": "Resolución", "OBS": null }, "geometry": { "type": "Polygon", "coordinates": [ [ [ -72.547360915477697, -36.287450211287101 ], [ -72.546769954320098, -36.287632991692597 ], [ -72.546095616112694, -36.287860423111802 ], [ -72.545243419268601, -36.288134189910302 ], [ -72.5452444177985, -36.2881360127869 ], [ -72.545476048524804, -36.2885689807202 ], [ -72.545323761281693, -36.288619989511602 ], [ -72.546523993958402, -36.290673459091401 ], [ -72.547459128416904, -36.290383899019503 ], [ -72.547470892477904, -36.290383549563501 ], [ -72.547556176356693, -36.290381016138497 ], [ -72.547567939304599, -36.290380666706 ], [ -72.547665714685195, -36.290588743630501 ], [ -72.547701288712702, -36.290691389929002 ], [ -72.547725732633197, -36.290840854586399 ], [ -72.547877327445306, -36.291632004188997 ], [ -72.548398929624298, -36.291607566626901 ], [ -72.549170942084999, -36.291517097215902 ], [ -72.5491707462064, -36.291516091181698 ], [ -72.549086193454897, -36.290982805258203 ], [ -72.549000631543507, -36.290459680379698 ], [ -72.548724779022507, -36.289831356525802 ], [ -72.5481537055297, -36.2888291731349 ], [ -72.547998929274996, -36.288557295969802 ], [ -72.547996143139898, -36.288552401455398 ], [ -72.547429030166001, -36.287556200794299 ], [ -72.547368267741405, -36.287449992898402 ], [ -72.547361915024894, -36.287451957527203 ], [ -72.547360915477697, -36.287450211287101 ] ] ] } },
{ "type": "Feature", "properties": { "id": "monoparte.131", "Name": null, "description": null, "timestamp": null, "begin": null, "end": null, "altitudeMode": null, "tessellate": -1, "extrude": 0, "visibility": -1, "drawOrder": null, "icon": null, "REG": "Ñuble", "COM": "Quirihue", "LOC": "Quirihue", "ZONA": "AV", "NOM": "Av Área Verde", "UPERM": "Áreas verdes.", "UPROH": "Todos los usos de suelo no mencionados como permitidos.", "P_DO": "30/06/2007", "N_DOC": "20", "T_DO": "Resolución", "OBS": null }, "geometry": { "type": "Polygon", "coordinates": [ [ [ -72.540069441932303, -36.282434805779602 ], [ -72.540536650179206, -36.283390046618003 ], [ -72.541637096155995, -36.283014124714803 ], [ -72.541158958169802, -36.282099737340602 ], [ -72.540069441932303, -36.282434805779602 ] ] ] } },
{ "type": "Feature", "properties": { "id": "monoparte.132", "Name": null, "description": null, "timestamp": null, "begin": null, "end": null, "altitudeMode": null, "tessellate": -1, "extrude": 0, "visibility": -1, "drawOrder": null, "icon": null, "REG": "Ñuble", "COM": "Quirihue", "LOC": "Quirihue", "ZONA": "AV", "NOM": "Av Área Verde", "UPERM": "Áreas verdes.", "UPROH": "Todos los usos de suelo no mencionados como permitidos.", "P_DO": "30/06/2007", "N_DOC": "20", "T_DO": "Resolución", "OBS": null }, "geometry": { "type": "Polygon", "coordinates": [ [ [ -72.536548313101903, -36.274300543036098 ], [ -72.536567273266698, -36.274355289847598 ], [ -72.536575245810099, -36.274427527592998 ], [ -72.536576622023006, -36.274458002177496 ], [ -72.536582187291202, -36.274476908690502 ], [ -72.536587837518297, -36.274497721078497 ], [ -72.536579345286199, -36.274570445424899 ], [ -72.536539727528705, -36.274684143238296 ], [ -72.536494832668296, -36.2747331525429 ], [ -72.536390501578794, -36.274822065089502 ], [ -72.536274953720394, -36.274871258657399 ], [ -72.536106938879797, -36.274958242321198 ], [ -72.535904582366001, -36.275014963878199 ], [ -72.535769184448199, -36.275041858318097 ], [ -72.535642936647207, -36.275062760182202 ], [ -72.535504499144494, -36.275074487080502 ], [ -72.5354033526595, -36.275077480979199 ], [ -72.535350829246298, -36.275061870907699 ], [ -72.535289155603607, -36.275052253214099 ], [ -72.535260842787906, -36.275051183729701 ], [ -72.535248908921403, -36.275047722867598 ], [ -72.535237492058201, -36.275055689843498 ], [ -72.535216462783495, -36.275111620478398 ], [ -72.535200138699807, -36.275167411848102 ], [ -72.535182063906902, -36.275236606565201 ], [ -72.535127673642805, -36.275283988929303 ], [ -72.535069265900503, -36.275346747394998 ], [ -72.535030567783195, -36.275376500571497 ], [ -72.534698978799796, -36.275544611286101 ], [ -72.534366625207298, -36.275721898250303 ], [ -72.534255865822004, -36.275772854814697 ], [ -72.534201302711196, -36.275816427809801 ], [ -72.534120575369798, -36.275906547527498 ], [ -72.534063027042194, -36.275988352306598 ], [ -72.534021052371301, -36.276102119112899 ], [ -72.5339854159987, -36.276251934394701 ], [ -72.533970122354106, -36.276330582319098 ], [ -72.5340798664202, -36.276518054574403 ], [ -72.534360733151303, -36.276530722596 ], [ -72.534424503764299, -36.2765345571189 ], [ -72.534494095066094, -36.276563013136901 ], [ -72.534614921180093, -36.276578509786397 ], [ -72.534797970389604, -36.276563556105799 ], [ -72.534959246037303, -36.276535896826701 ], [ -72.535017451530507, -36.276520823534902 ], [ -72.535035667553302, -36.276506934674501 ], [ -72.535115761354405, -36.276454976603802 ], [ -72.535280624079107, -36.276402416960401 ], [ -72.535392931389694, -36.276385743039697 ], [ -72.5355366784799, -36.276387209674503 ], [ -72.535614389497098, -36.276386815934003 ], [ -72.535686794380197, -36.276373229488101 ], [ -72.535751196446597, -36.276338901116802 ], [ -72.535790152713304, -36.276314861630802 ], [ -72.535866260265806, -36.276226785074201 ], [ -72.535906451043701, -36.276177915241398 ], [ -72.535945408293699, -36.276153875678197 ], [ -72.536038036131799, -36.276118711556798 ], [ -72.536098163687299, -36.2760940451994 ], [ -72.536124498696594, -36.276051307070098 ], [ -72.536201551699307, -36.275984181105699 ], [ -72.536248970968799, -36.2759389121358 ], [ -72.536354766906797, -36.2758823782302 ], [ -72.536386579961103, -36.275856642560598 ], [ -72.536404795537806, -36.275842752611901 ], [ -72.536476599443603, -36.275737638407598 ], [ -72.536550439088202, -36.275651536080801 ], [ -72.536673246750595, -36.275554447230597 ], [ -72.536792209102998, -36.275476544316 ], [ -72.536856092642495, -36.275430786692901 ], [ -72.537020005620505, -36.275357274062799 ], [ -72.537178065969201, -36.275310634880299 ], [ -72.5372781206529, -36.275270433862403 ], [ -72.537360144349705, -36.275228669156803 ], [ -72.537367172898598, -36.275221308592499 ], [ -72.537365183358204, -36.275177263696399 ], [ -72.5373669397637, -36.275150987982201 ], [ -72.537384492357504, -36.275115899974502 ], [ -72.537436809098807, -36.275035679468502 ], [ -72.537492550109505, -36.274966084336903 ], [ -72.537543001636706, -36.2749097585898 ], [ -72.537595299726505, -36.274861721707701 ], [ -72.537639046366706, -36.274819898420603 ], [ -72.537669596330602, -36.274811841182803 ], [ -72.537787315704904, -36.274810738631302 ], [ -72.537863977278704, -36.274813236229299 ], [ -72.537885868284604, -36.274809011616703 ], [ -72.537908422868199, -36.274786888127302 ], [ -72.538053550997603, -36.274600690389398 ], [ -72.538088978037905, -36.274537657060797 ], [ -72.538103751088499, -36.274506227494697 ], [ -72.538134750378106, -36.274475509343297 ], [ -72.538230937295495, -36.274377616298899 ], [ -72.538196638819102, -36.274362820964299 ], [ -72.5380566902559, -36.274295446924597 ], [ -72.537903509946503, -36.274228464637702 ], [ -72.537848649404395, -36.274187177842599 ], [ -72.537795079537403, -36.274174460624302 ], [ -72.537669920691201, -36.274238958607398 ], [ -72.537566491273196, -36.274295662295799 ], [ -72.537527604100106, -36.274314694136997 ], [ -72.537510123831296, -36.274318787148701 ], [ -72.537385503782104, -36.274297446280798 ], [ -72.537345648693105, -36.274295050401498 ], [ -72.537323112565105, -36.274284990099297 ], [ -72.5372462555233, -36.274147802319 ], [ -72.537208391674895, -36.274091707951698 ], [ -72.537204520480699, -36.274005999079201 ], [ -72.537214419592701, -36.273834058896597 ], [ -72.537228996324799, -36.273765682927802 ], [ -72.537223456606597, -36.2737408153479 ], [ -72.537200598042503, -36.273723612155798 ], [ -72.537125622809, -36.273725832438203 ], [ -72.537059466615503, -36.273727791518297 ], [ -72.5369614704871, -36.273709237975098 ], [ -72.536888969373194, -36.273668473081798 ], [ -72.536818242399093, -36.273666991167502 ], [ -72.536721053846094, -36.2736662927365 ], [ -72.536563247541096, -36.273692421581799 ], [ -72.536410336597001, -36.273729132098602 ], [ -72.536315516715305, -36.273735277747697 ], [ -72.536273435252099, -36.273742245191798 ], [ -72.536268817212004, -36.273744288502897 ], [ -72.536266894689305, -36.273753881971103 ], [ -72.536270451280302, -36.273780477031899 ], [ -72.536285854496299, -36.273808628849601 ], [ -72.536288262608807, -36.273861959169601 ], [ -72.536298931366304, -36.273941745278599 ], [ -72.536341039208494, -36.274039672778599 ], [ -72.536357216561797, -36.274084966372101 ], [ -72.536451072357096, -36.274181361718902 ], [ -72.536548313101903, -36.274300543036098 ] ] ] } },
{ "type": "Feature", "properties": { "id": "monoparte.133", "Name": null, "description": null, "timestamp": null, "begin": null, "end": null, "altitudeMode": null, "tessellate": -1, "extrude": 0, "visibility": -1, "drawOrder": null, "icon": null, "REG": "Ñuble", "COM": "Quirihue", "LOC": "Quirihue", "ZONA": "ZE2", "NOM": "ZE2 Zona de Equipamiento Salud", "UPERM": "Equipamiento de salud.", "UPROH": "Todos los usos de suelo no mencionados como permitidos.", "P_DO": "30/06/2007", "N_DOC": "20", "T_DO": "Resolución", "OBS": null }, "geometry": { "type": "Polygon", "coordinates": [ [ [ -72.54676775774, -36.285902638182399 ], [ -72.547419873563399, -36.287037115463001 ], [ -72.548468981128394, -36.286673650254102 ], [ -72.5482596761194, -36.286042840942798 ], [ -72.547990634239, -36.285466759361803 ], [ -72.54676775774, -36.285902638182399 ] ] ] } },
{ "type": "Feature", "properties": { "id": "monoparte.134", "Name": null, "description": null, "timestamp": null, "begin": null, "end": null, "altitudeMode": null, "tessellate": -1, "extrude": 0, "visibility": -1, "drawOrder": null, "icon": null, "REG": "Ñuble", "COM": "Quirihue", "LOC": "Quirihue", "ZONA": "ZE2", "NOM": "ZE2 Zona de Equipamiento Salud", "UPERM": "Equipamiento de salud.", "UPROH": "Todos los usos de suelo no mencionados como permitidos.", "P_DO": "30/06/2007", "N_DOC": "20", "T_DO": "Resolución", "OBS": null }, "geometry": { "type": "Polygon", "coordinates": [ [ [ -72.525149623469304, -36.278185026317502 ], [ -72.525500037725095, -36.279297547236702 ], [ -72.526873425142597, -36.278999528284999 ], [ -72.526559148396899, -36.277876548835998 ], [ -72.526278247852204, -36.277944302677298 ], [ -72.525964540720594, -36.278039387799602 ], [ -72.525149623469304, -36.278185026317502 ] ] ] } },
{ "type": "Feature", "properties": { "id": "monoparte.135", "Name": null, "description": null, "timestamp": null, "begin": null, "end": null, "altitudeMode": null, "tessellate": -1, "extrude": 0, "visibility": -1, "drawOrder": null, "icon": null, "REG": "Ñuble", "COM": "Quirihue", "LOC": "Quirihue", "ZONA": "ZE1", "NOM": "ZE1 Zona de Equipamiento Educacional", "UPERM": "Equipamiento de educación.", "UPROH": "Todos los usos de suelo no mencionados como permitidos.", "P_DO": "30/06/2007", "N_DOC": "20", "T_DO": "Resolución", "OBS": null }, "geometry": { "type": "Polygon", "coordinates": [ [ [ -72.542736362805897, -36.284792158679899 ], [ -72.542986205129907, -36.285237703794898 ], [ -72.543450890504602, -36.285095182612203 ], [ -72.543542497454794, -36.285297487081202 ], [ -72.543949230935894, -36.2851757546605 ], [ -72.543574505305202, -36.284513300523599 ], [ -72.542736362805897, -36.284792158679899 ] ] ] } },
{ "type": "Feature", "properties": { "id": "monoparte.136", "Name": null, "description": null, "timestamp": null, "begin": null, "end": null, "altitudeMode": null, "tessellate": -1, "extrude": 0, "visibility": -1, "drawOrder": null, "icon": null, "REG": "Ñuble", "COM": "Quirihue", "LOC": "Quirihue", "ZONA": "ZE1", "NOM": "ZE1 Zona de Equipamiento Educacional", "UPERM": "Equipamiento de educación.", "UPROH": "Todos los usos de suelo no mencionados como permitidos.", "P_DO": "30/06/2007", "N_DOC": "20", "T_DO": "Resolución", "OBS": null }, "geometry": { "type": "Polygon", "coordinates": [ [ [ -72.549391115065404, -36.281479659206497 ], [ -72.549634726353901, -36.282438453842303 ], [ -72.550896724148501, -36.282215657884002 ], [ -72.551258646110497, -36.282142642907402 ], [ -72.550738285048595, -36.281189297735303 ], [ -72.549391115065404, -36.281479659206497 ] ] ] } },
{ "type": "Feature", "properties": { "id": "monoparte.137", "Name": null, "description": null, "timestamp": null, "begin": null, "end": null, "altitudeMode": null, "tessellate": -1, "extrude": 0, "visibility": -1, "drawOrder": null, "icon": null, "REG": "Ñuble", "COM": "Quirihue", "LOC": "Quirihue", "ZONA": "ZE1", "NOM": "ZE1 Zona de Equipamiento Educacional", "UPERM": "Equipamiento de educación.", "UPROH": "Todos los usos de suelo no mencionados como permitidos.", "P_DO": "30/06/2007", "N_DOC": "20", "T_DO": "Resolución", "OBS": null }, "geometry": { "type": "Polygon", "coordinates": [ [ [ -72.541489219625305, -36.281046953849298 ], [ -72.540822324316593, -36.281275325851702 ], [ -72.540606882431504, -36.280906234483901 ], [ -72.539475961088897, -36.281291393032198 ], [ -72.539850180785606, -36.282078938110701 ], [ -72.540234690104, -36.281954302022598 ], [ -72.540388899788098, -36.2822715688703 ], [ -72.541137477883396, -36.2820586573268 ], [ -72.540895940089598, -36.281600941691302 ], [ -72.541548942039398, -36.281390860381201 ], [ -72.541767891202198, -36.2818373256302 ], [ -72.542101743449507, -36.281732065006501 ], [ -72.541904040213197, -36.281267091163102 ], [ -72.542289079277595, -36.281154352654397 ], [ -72.541894720332294, -36.280436233768498 ], [ -72.541294483287899, -36.280647449970701 ], [ -72.541489219625305, -36.281046953849298 ] ] ] } },
{ "type": "Feature", "properties": { "id": "monoparte.138", "Name": null, "description": null, "timestamp": null, "begin": null, "end": null, "altitudeMode": null, "tessellate": -1, "extrude": 0, "visibility": -1, "drawOrder": null, "icon": null, "REG": "Ñuble", "COM": "Quirihue", "LOC": "Quirihue", "ZONA": "ZEXH", "NOM": "ZEXH Zona Extensión Habitacional", "UPERM": "Residencial. Equipamiento de todo tipo, excepto cárcel, cementerio y crematorio. Actividades productivas sólo almacenamiento y talleres inofensivos.", "UPROH": "Todos los usos de suelo no mencionados anteriormente y los señalados en el Artículo 23 de la Ordenanza.", "P_DO": "30/06/2007", "N_DOC": "20", "T_DO": "Resolución", "OBS": null }, "geometry": { "type": "Polygon", "coordinates": [ [ [ -72.5511204897293, -36.280624850741098 ], [ -72.5506721500917, -36.2811268961458 ], [ -72.550738285048595, -36.281189297735303 ], [ -72.551258646110497, -36.282142642907402 ], [ -72.552060917096199, -36.281980785196701 ], [ -72.552129220706405, -36.281928689858702 ], [ -72.552628932231997, -36.281598119427898 ], [ -72.552267027938996, -36.281234429842101 ], [ -72.5511204897293, -36.280624850741098 ] ], [ [ -72.551059090351799, -36.281099258210602 ], [ -72.551286263371395, -36.281109191525204 ], [ -72.551397785589302, -36.281101107170798 ], [ -72.551653258254603, -36.281150725678799 ], [ -72.551826589903897, -36.281271922432303 ], [ -72.551899080998197, -36.281377045842802 ], [ -72.551871463792494, -36.2815471291214 ], [ -72.551670134805605, -36.281669989795098 ], [ -72.551667872538204, -36.2816676143796 ], [ -72.551502664752405, -36.281660607473199 ], [ -72.5513875542335, -36.281654494803703 ], [ -72.5513044638232, -36.281640277543602 ], [ -72.551136855333795, -36.281645261230302 ], [ -72.550976906211801, -36.281559425642101 ], [ -72.550908892621806, -36.281423176709097 ], [ -72.550902655166297, -36.281220724209497 ], [ -72.551059090351799, -36.281099258210602 ] ] ] } },
{ "type": "Feature", "properties": { "id": "monoparte.139", "Name": null, "description": null, "timestamp": null, "begin": null, "end": null, "altitudeMode": null, "tessellate": -1, "extrude": 0, "visibility": -1, "drawOrder": null, "icon": null, "REG": "Ñuble", "COM": "Quirihue", "LOC": "Quirihue", "ZONA": "ZEXH", "NOM": "ZEXH Zona Extensión Habitacional", "UPERM": "Residencial. Equipamiento de todo tipo, excepto cárcel, cementerio y crematorio. Actividades productivas sólo almacenamiento y talleres inofensivos.", "UPROH": "Todos los usos de suelo no mencionados anteriormente y los señalados en el Artículo 23 de la Ordenanza.", "P_DO": "30/06/2007", "N_DOC": "20", "T_DO": "Resolución", "OBS": null }, "geometry": { "type": "Polygon", "coordinates": [ [ [ -72.547418994354302, -36.279302865790299 ], [ -72.547810616790301, -36.279910660433998 ], [ -72.547802038132104, -36.279648296369302 ], [ -72.547800855392893, -36.279362254269003 ], [ -72.547840837633501, -36.2790749884646 ], [ -72.547844345556797, -36.279022437067901 ], [ -72.5478947384142, -36.278834989034003 ], [ -72.547981551362597, -36.2785415647053 ], [ -72.548058025520604, -36.278279915947202 ], [ -72.548140526474995, -36.277371551708697 ], [ -72.548219248477693, -36.276639714262899 ], [ -72.548260467640603, -36.276509754971499 ], [ -72.548331737724595, -36.276393206778103 ], [ -72.548348084970897, -36.276364113403098 ], [ -72.548351000695206, -36.276168540041297 ], [ -72.548353859877807, -36.276101703133598 ], [ -72.548358230540899, -36.276068198206602 ], [ -72.548407919327104, -36.275995202708501 ], [ -72.548417738203398, -36.275951998509399 ], [ -72.548477031074796, -36.2758310378129 ], [ -72.548503036499596, -36.275625242859199 ], [ -72.548547114982796, -36.275428447466403 ], [ -72.548553968264898, -36.275189845517502 ], [ -72.548571691603698, -36.274923112102499 ], [ -72.548531873273205, -36.274884408251602 ], [ -72.548491708076497, -36.274842689930502 ], [ -72.548393061311202, -36.274809860470697 ], [ -72.548246292422704, -36.274754621019 ], [ -72.548046167968593, -36.2746914307194 ], [ -72.548007081746306, -36.274673519653099 ], [ -72.547922704944995, -36.274630730292202 ], [ -72.5478135127954, -36.274560070229398 ], [ -72.547689296320897, -36.274482704832202 ], [ -72.547432062628999, -36.274351223020098 ], [ -72.547451415102799, -36.275340851797999 ], [ -72.547487047423701, -36.2757212306052 ], [ -72.547557971138303, -36.276149433097501 ], [ -72.547675167462202, -36.276786647319398 ], [ -72.547716604801806, -36.276970175602997 ], [ -72.547692323216907, -36.2776527150261 ], [ -72.547678565504597, -36.277673984339799 ], [ -72.547639583214405, -36.2777883810841 ], [ -72.547572815547099, -36.277939363222202 ], [ -72.547507665551805, -36.278126056491601 ], [ -72.547453137389894, -36.278303495119502 ], [ -72.547451484622499, -36.2783482434494 ], [ -72.547434994254601, -36.278390453667498 ], [ -72.547424337281996, -36.278480168672999 ], [ -72.547428921424498, -36.278581352537103 ], [ -72.547450229726195, -36.278726738006 ], [ -72.547442364969598, -36.278999937987003 ], [ -72.547418994354302, -36.279302865790299 ] ] ] } },
{ "type": "Feature", "properties": { "id": "monoparte.140", "Name": null, "description": null, "timestamp": null, "begin": null, "end": null, "altitudeMode": null, "tessellate": -1, "extrude": 0, "visibility": -1, "drawOrder": null, "icon": null, "REG": "Ñuble", "COM": "Quirihue", "LOC": "Quirihue", "ZONA": "ZEXH", "NOM": "ZEXH Zona Extensión Habitacional", "UPERM": "Residencial. Equipamiento de todo tipo, excepto cárcel, cementerio y crematorio. Actividades productivas sólo almacenamiento y talleres inofensivos.", "UPROH": "Todos los usos de suelo no mencionados anteriormente y los señalados en el Artículo 23 de la Ordenanza.", "P_DO": "30/06/2007", "N_DOC": "20", "T_DO": "Resolución", "OBS": null }, "geometry": { "type": "Polygon", "coordinates": [ [ [ -72.530389092462798, -36.275779031690199 ], [ -72.530298907833298, -36.275803153647601 ], [ -72.530172151116702, -36.275799747652201 ], [ -72.529954136437695, -36.275796655326097 ], [ -72.5296727964827, -36.275793049821502 ], [ -72.529479850403206, -36.275758223765401 ], [ -72.529313152341899, -36.275717853525897 ], [ -72.529265248906896, -36.275700196742903 ], [ -72.528715674853402, -36.276441169469798 ], [ -72.528705200059505, -36.2764700868413 ], [ -72.5286985252135, -36.276517964188798 ], [ -72.528696077223003, -36.2765943245698 ], [ -72.528707472628696, -36.276651203728697 ], [ -72.528742285255404, -36.276705006911399 ], [ -72.528823133146403, -36.276800361863302 ], [ -72.528915795491798, -36.276894645962599 ], [ -72.528931883227699, -36.276904200080402 ], [ -72.529181914768103, -36.276912069766297 ], [ -72.529344738987703, -36.276918702656197 ], [ -72.529480709045302, -36.2769566424613 ], [ -72.5295287861113, -36.276978108090098 ], [ -72.529538968356505, -36.276994971939402 ], [ -72.529558180999302, -36.277055434980397 ], [ -72.529579695201605, -36.277062428290598 ], [ -72.529598771973895, -36.277067586131999 ], [ -72.529629694641201, -36.2770743005009 ], [ -72.529656171773297, -36.277086868715301 ], [ -72.529687953000504, -36.277112629929597 ], [ -72.529761870658803, -36.277140388733997 ], [ -72.529949625906198, -36.277125304281 ], [ -72.530486794686496, -36.277023602962601 ], [ -72.531614911038403, -36.276837677060399 ], [ -72.533222879600004, -36.276585098500398 ], [ -72.533331219978706, -36.2765294452362 ], [ -72.533521990421306, -36.276434401855298 ], [ -72.533615721442303, -36.276309449435097 ], [ -72.533648339638802, -36.276216700493698 ], [ -72.533671969197599, -36.276087861607998 ], [ -72.533701555698002, -36.27600950718 ], [ -72.533747506449302, -36.275885967348003 ], [ -72.533840699329701, -36.275749110897202 ], [ -72.533952939866694, -36.275626590330297 ], [ -72.534102741038495, -36.275520838449999 ], [ -72.534260966407402, -36.275438676705001 ], [ -72.534426677012206, -36.275359273884803 ], [ -72.534599065741205, -36.275264772805002 ], [ -72.534684856940402, -36.275208593587202 ], [ -72.534818428144803, -36.2751510012042 ], [ -72.534839540341395, -36.275129516543103 ], [ -72.534853435641097, -36.2751112251823 ], [ -72.534863790249602, -36.275096019228997 ], [ -72.534874010492402, -36.275077836628 ], [ -72.534884230730697, -36.2750596540264 ], [ -72.534897588680593, -36.275029458773602 ], [ -72.534916685826502, -36.274963334297397 ], [ -72.534942729968904, -36.274888063251503 ], [ -72.534965140155407, -36.274758739444998 ], [ -72.534856837219294, -36.274615849968399 ], [ -72.534749763542905, -36.274526639201099 ], [ -72.534669089041998, -36.2744515466213 ], [ -72.534619563199698, -36.274414272222103 ], [ -72.534499265258603, -36.274358232205103 ], [ -72.534416527922602, -36.2743189607638 ], [ -72.534257560901096, -36.274058445814198 ], [ -72.534132746490499, -36.273820759700499 ], [ -72.534115493740202, -36.273764650025299 ], [ -72.5340922329069, -36.273738518050003 ], [ -72.534056201329093, -36.273674024815897 ], [ -72.5339981165572, -36.273610183156499 ], [ -72.533772276756494, -36.273417205335399 ], [ -72.533102584026906, -36.272889293911398 ], [ -72.532534748810804, -36.272375649812197 ], [ -72.532504415469106, -36.272349892453398 ], [ -72.5324265288628, -36.272385015175203 ], [ -72.532384962368496, -36.272507827500299 ], [ -72.532365842963102, -36.2726061372841 ], [ -72.532372633167697, -36.272887247965102 ], [ -72.532366819733795, -36.2729541713204 ], [ -72.532362012760004, -36.272978153982997 ], [ -72.532351218643598, -36.2729999286612 ], [ -72.532282156542806, -36.273035347177597 ], [ -72.532060523803594, -36.2730824288655 ], [ -72.531923191016503, -36.273105562013797 ], [ -72.531826915500304, -36.273125096866998 ], [ -72.531772446643799, -36.273157699452597 ], [ -72.531738344831197, -36.273184931524298 ], [ -72.531701302573495, -36.273212250528502 ], [ -72.531658916286602, -36.2732516482356 ], [ -72.5316326277391, -36.273321561100197 ], [ -72.531577794868198, -36.273411390148802 ], [ -72.531525258159505, -36.273486847339697 ], [ -72.531515000570494, -36.273520526791501 ], [ -72.531483367730502, -36.273602517441503 ], [ -72.531450082715395, -36.273713165725098 ], [ -72.531438560545098, -36.273849394323499 ], [ -72.531441484131093, -36.2741101163491 ], [ -72.531446207925299, -36.274214872588303 ], [ -72.531423461786503, -36.274363352829198 ], [ -72.531394256087594, -36.2745644724451 ], [ -72.5313710385674, -36.274767798251503 ], [ -72.531352585445404, -36.2750115108853 ], [ -72.5313346464348, -36.275136009375998 ], [ -72.531323595303505, -36.275217392389997 ], [ -72.531303400557107, -36.275291893310197 ], [ -72.5312845358836, -36.275330594592099 ], [ -72.531234938252197, -36.2754059647866 ], [ -72.531215322017303, -36.275428000192399 ], [ -72.531209655731999, -36.275432935993202 ], [ -72.531102903385403, -36.275481387961499 ], [ -72.5307872384154, -36.275597999673202 ], [ -72.530553686730997, -36.2757074151531 ], [ -72.530389092462798, -36.275779031690199 ] ] ] } },
{ "type": "Feature", "properties": { "id": "monoparte.141", "Name": null, "description": null, "timestamp": null, "begin": null, "end": null, "altitudeMode": null, "tessellate": -1, "extrude": 0, "visibility": -1, "drawOrder": null, "icon": null, "REG": "Ñuble", "COM": "Quirihue", "LOC": "Quirihue", "ZONA": "ZEXH", "NOM": "ZEXH Zona Extensión Habitacional", "UPERM": "Residencial. Equipamiento de todo tipo, excepto cárcel, cementerio y crematorio. Actividades productivas sólo almacenamiento y talleres inofensivos.", "UPROH": "Todos los usos de suelo no mencionados anteriormente y los señalados en el Artículo 23 de la Ordenanza.", "P_DO": "30/06/2007", "N_DOC": "20", "T_DO": "Resolución", "OBS": null }, "geometry": { "type": "Polygon", "coordinates": [ [ [ -72.533254079760795, -36.272281461260697 ], [ -72.533044724568398, -36.272290633584802 ], [ -72.532908471735198, -36.272288704213302 ], [ -72.532916275205494, -36.272295952904201 ], [ -72.532921326069896, -36.272300642975097 ], [ -72.533221468224895, -36.272579409946403 ], [ -72.5332349649495, -36.272591945977901 ], [ -72.533892167801497, -36.273128570728197 ], [ -72.534132977683697, -36.273327065755801 ], [ -72.534251746456505, -36.273430830620804 ], [ -72.534340844973002, -36.2735295147532 ], [ -72.534384630695897, -36.273602718522099 ], [ -72.5344319583009, -36.273672837742801 ], [ -72.534467538700795, -36.273808864767801 ], [ -72.534483181056999, -36.273829261758003 ], [ -72.534509848390698, -36.273849332502799 ], [ -72.534537187331594, -36.273884283784199 ], [ -72.534561925815296, -36.2739431515962 ], [ -72.534648826696596, -36.274074679252898 ], [ -72.534649149083805, -36.274081822128501 ], [ -72.534650707168495, -36.274116343327997 ], [ -72.534741064166795, -36.274161349465103 ], [ -72.534849932829502, -36.274208787415297 ], [ -72.5349038052737, -36.274260832596902 ], [ -72.534915503081905, -36.274275386817003 ], [ -72.534968838292002, -36.274315528075199 ], [ -72.535111005453402, -36.2744484003466 ], [ -72.535219692653897, -36.274573323294803 ], [ -72.535270562289099, -36.274640356682497 ], [ -72.535313812218504, -36.274701657033802 ], [ -72.535313113458301, -36.274707352432898 ], [ -72.535314134632998, -36.274708799003797 ], [ -72.535306913922796, -36.274767663780203 ], [ -72.535420752411596, -36.274787891498697 ], [ -72.535483636545095, -36.274794970224598 ], [ -72.535677759061898, -36.274774323670798 ], [ -72.535878022203605, -36.274726675726903 ], [ -72.536033643979195, -36.274668429253801 ], [ -72.536177970564907, -36.274604556640298 ], [ -72.536237629367704, -36.274540209942799 ], [ -72.536253381686294, -36.274503047145899 ], [ -72.536245484105706, -36.2744696498496 ], [ -72.536232442251602, -36.274425336545697 ], [ -72.536212184726594, -36.2743842156857 ], [ -72.536184844916605, -36.274349265741101 ], [ -72.536118467306807, -36.274264810840201 ], [ -72.5360528960952, -36.274198212155397 ], [ -72.536032637660099, -36.274157092187899 ], [ -72.536020133471993, -36.274124682724697 ], [ -72.536007494895301, -36.274089296615699 ], [ -72.535975808422705, -36.274039574885698 ], [ -72.535903613403903, -36.2736632532134 ], [ -72.535904281735, -36.2736612718763 ], [ -72.5359032909479, -36.273656111246702 ], [ -72.535942235424002, -36.273540526964602 ], [ -72.535963436121605, -36.273472515474701 ], [ -72.535964737590504, -36.273468340296503 ], [ -72.535956714734894, -36.273453678290402 ], [ -72.535952233563904, -36.273435930815502 ], [ -72.535947618041504, -36.273415207595797 ], [ -72.535855696194901, -36.2732540296265 ], [ -72.535807024011305, -36.2731541499735 ], [ -72.535774713618906, -36.273009087427603 ], [ -72.5357575943234, -36.272955954683702 ], [ -72.535708567910007, -36.272766685691103 ], [ -72.535498366924699, -36.272594109009098 ], [ -72.534999012305207, -36.272189193537599 ], [ -72.534856611507095, -36.272073724191898 ], [ -72.534616879594296, -36.271899038242701 ], [ -72.534486145847694, -36.271774767860698 ], [ -72.5344738622357, -36.271762065425101 ], [ -72.534473416880402, -36.271762133566398 ], [ -72.534324677838399, -36.271784909525401 ], [ -72.534244763554995, -36.271808133959198 ], [ -72.534138669656798, -36.271903652616601 ], [ -72.534079413695594, -36.271976925525301 ], [ -72.534020426215093, -36.272056150812297 ], [ -72.533944991060096, -36.2720971226777 ], [ -72.533790447814795, -36.272179174933498 ], [ -72.533660152741803, -36.272227729077002 ], [ -72.533481407779803, -36.272262816821197 ], [ -72.533254079760795, -36.272281461260697 ] ] ] } },
{ "type": "Feature", "properties": { "id": "monoparte.142", "Name": null, "description": null, "timestamp": null, "begin": null, "end": null, "altitudeMode": null, "tessellate": -1, "extrude": 0, "visibility": -1, "drawOrder": null, "icon": null, "REG": "Ñuble", "COM": "Quirihue", "LOC": "Quirihue", "ZONA": "ZEXH", "NOM": "ZEXH Zona Extensión Habitacional", "UPERM": "Residencial. Equipamiento de todo tipo, excepto cárcel, cementerio y crematorio. Actividades productivas sólo almacenamiento y talleres inofensivos.", "UPROH": "Todos los usos de suelo no mencionados anteriormente y los señalados en el Artículo 23 de la Ordenanza.", "P_DO": "30/06/2007", "N_DOC": "20", "T_DO": "Resolución", "OBS": null }, "geometry": { "type": "Polygon", "coordinates": [ [ [ -72.542322641827695, -36.270579493662602 ], [ -72.542180025725401, -36.270602794244603 ], [ -72.542028230190098, -36.270605389004999 ], [ -72.542001211013996, -36.270632890527999 ], [ -72.541940918486205, -36.270653750546302 ], [ -72.541814938249999, -36.270680372372802 ], [ -72.541361274786098, -36.270804440524003 ], [ -72.540428905774206, -36.270792279150498 ], [ -72.540422303475594, -36.270792192819002 ], [ -72.540457865831399, -36.270829313739497 ], [ -72.540522837519305, -36.270898907485297 ], [ -72.540602401056603, -36.270965685434703 ], [ -72.540711905930607, -36.271043494667197 ], [ -72.540763726325494, -36.2711478074824 ], [ -72.540790939059207, -36.271240256878698 ], [ -72.540786283876201, -36.271321170722501 ], [ -72.540784419852201, -36.2713450655218 ], [ -72.540752151839698, -36.271412773306999 ], [ -72.540742113761198, -36.271451215215798 ], [ -72.540705613792596, -36.271490440624 ], [ -72.540635015989096, -36.271556901333803 ], [ -72.5405315384631, -36.271612415927898 ], [ -72.540367178081695, -36.271688808083603 ], [ -72.540140213708696, -36.271747982407497 ], [ -72.539864341436498, -36.2718324461826 ], [ -72.539716107588404, -36.2718487588659 ], [ -72.5395433904078, -36.271870565152199 ], [ -72.539338223914498, -36.271890948571603 ], [ -72.539043957170307, -36.2719592674786 ], [ -72.538717992494597, -36.272042828674302 ], [ -72.538628051789701, -36.272072193570203 ], [ -72.538382009202905, -36.272165305902199 ], [ -72.538283548318304, -36.2722015987014 ], [ -72.538205453647905, -36.272232519866101 ], [ -72.538116674127906, -36.2722875979413 ], [ -72.537981712288996, -36.272363115170897 ], [ -72.537922011286298, -36.272410179389297 ], [ -72.537853275095998, -36.272452742919 ], [ -72.537632007616907, -36.272442608363001 ], [ -72.537604578646807, -36.272421965296701 ], [ -72.537410347007395, -36.272358581297198 ], [ -72.537294123597306, -36.2723405677865 ], [ -72.537011121651204, -36.272280289498397 ], [ -72.536686296391693, -36.272232692021298 ], [ -72.536475922476498, -36.272216033628702 ], [ -72.536258664242595, -36.2722033945576 ], [ -72.536024769745097, -36.272187432599502 ], [ -72.535817092474105, -36.2721783222675 ], [ -72.535684597614406, -36.272165079558697 ], [ -72.535596364060396, -36.272140990927298 ], [ -72.535448553795803, -36.272101500016198 ], [ -72.5353178098173, -36.272074855335802 ], [ -72.535330011984897, -36.272084418180697 ], [ -72.535339338445496, -36.272091728853901 ], [ -72.535577140241401, -36.272278109988299 ], [ -72.5358852582483, -36.272519599587298 ], [ -72.535988692435097, -36.272619525912603 ], [ -72.536028047263599, -36.272656505276998 ], [ -72.5361232118521, -36.273042755701397 ], [ -72.536143289330596, -36.273122263296301 ], [ -72.5361837624597, -36.273184002361297 ], [ -72.536201774944999, -36.2732177985175 ], [ -72.5362078560497, -36.273248133824403 ], [ -72.536305039631301, -36.2733139154656 ], [ -72.536358248901493, -36.273344762056396 ], [ -72.536357674428004, -36.273351384549201 ], [ -72.536358571435798, -36.273351904919799 ], [ -72.536353923009202, -36.273405444160602 ], [ -72.536354546503105, -36.2734192520766 ], [ -72.536366652190296, -36.273426522726801 ], [ -72.536401934940599, -36.273425478113602 ], [ -72.536409249506093, -36.273430983120001 ], [ -72.5364258000684, -36.273432400594501 ], [ -72.536512229153203, -36.273416491006103 ], [ -72.536607551236699, -36.273388874907099 ], [ -72.536783878852603, -36.273381747343699 ], [ -72.536932152231202, -36.273379263428502 ], [ -72.536965599610596, -36.273389716133799 ], [ -72.537023772375605, -36.273426137910199 ], [ -72.537068722261296, -36.273430528401498 ], [ -72.537136763126, -36.273424699432901 ], [ -72.537223105976096, -36.273406884396103 ], [ -72.537288451242603, -36.273393506111397 ], [ -72.537314496893302, -36.273396548858102 ], [ -72.537338277147498, -36.273401566178201 ], [ -72.537357610428103, -36.273412437659701 ], [ -72.537369370959993, -36.273412089370098 ], [ -72.537400035677507, -36.273413087813701 ], [ -72.537430958525803, -36.273419801073302 ], [ -72.537568417752496, -36.273438616313001 ], [ -72.537592456133794, -36.273449347503799 ], [ -72.537595581881007, -36.273466419630097 ], [ -72.537601405444605, -36.273491040911203 ], [ -72.537601728053204, -36.273498182864898 ], [ -72.537602868016606, -36.273523419507697 ], [ -72.537607972596504, -36.273584298974697 ], [ -72.537607832071203, -36.273585917790001 ], [ -72.537603324987998, -36.2736378373165 ], [ -72.537595694136101, -36.273729609295401 ], [ -72.537589755994105, -36.273754578022903 ], [ -72.537572056194193, -36.273779895996697 ], [ -72.537564712997806, -36.273825886016603 ], [ -72.537558344682296, -36.273841331838298 ], [ -72.537554758016199, -36.273866231821899 ], [ -72.537548733847004, -36.2738892965071 ], [ -72.537538349805502, -36.273920119373798 ], [ -72.537538672413504, -36.273927261327501 ], [ -72.537539640319395, -36.273948688988199 ], [ -72.537539962968395, -36.273955831841697 ], [ -72.537539177532295, -36.273977021297704 ], [ -72.537566202371806, -36.273963159514601 ], [ -72.537713301786894, -36.273882515824099 ], [ -72.537779765829498, -36.273893896980901 ], [ -72.537933863792304, -36.273916033932302 ], [ -72.537957471009506, -36.273917241270503 ], [ -72.538000930217393, -36.273940747742898 ], [ -72.538092722590306, -36.273991430341297 ], [ -72.538179638927502, -36.274038442326699 ], [ -72.538189220214406, -36.274041973485602 ], [ -72.538224675261006, -36.274044737298603 ], [ -72.538298970604799, -36.274073051774202 ], [ -72.538354172269507, -36.2741114674701 ], [ -72.538390746085199, -36.2741389918409 ], [ -72.538402507824102, -36.274138643410801 ], [ -72.538411657713297, -36.274132650787998 ], [ -72.538432225098106, -36.274118690875603 ], [ -72.538465614806995, -36.274075743277898 ], [ -72.538575738221198, -36.273906555478398 ], [ -72.538703071422205, -36.273805516501902 ], [ -72.538787176581494, -36.273738180029298 ], [ -72.538796585698194, -36.273737901263303 ], [ -72.539025350630098, -36.273744473983498 ], [ -72.5391767516074, -36.273759059280202 ], [ -72.539281281447401, -36.273778848223202 ], [ -72.539354801044993, -36.2737900203322 ], [ -72.539432223765999, -36.273835406117101 ], [ -72.539519312836603, -36.273886226966503 ], [ -72.5395831662495, -36.273891962907797 ], [ -72.5396398770432, -36.273896003894897 ], [ -72.539716035816397, -36.273861325061702 ], [ -72.5399554985039, -36.273739797087899 ], [ -72.540054576492594, -36.273691088173599 ], [ -72.540075057342193, -36.273675223063798 ], [ -72.540076376753504, -36.273652297709098 ], [ -72.540074977703995, -36.273621347226999 ], [ -72.540074654868704, -36.273614205292503 ], [ -72.540063696077993, -36.273580200712701 ], [ -72.540013811799099, -36.273518741975103 ], [ -72.539956267310203, -36.273444159625797 ], [ -72.539896371502905, -36.273369646929801 ], [ -72.539879131119505, -36.273352993181803 ], [ -72.539876021559095, -36.273330873959303 ], [ -72.539875660515406, -36.273328302297102 ], [ -72.539876031911007, -36.273284426273698 ], [ -72.539903962943995, -36.2731520016495 ], [ -72.539960873500902, -36.273108357485697 ], [ -72.540085593834903, -36.273001672073001 ], [ -72.540280362012396, -36.272881468154701 ], [ -72.540448050863802, -36.272735366263497 ], [ -72.540551772832998, -36.272633117771399 ], [ -72.540607966091798, -36.2726257305359 ], [ -72.540668777144106, -36.272616298903202 ], [ -72.540748233899095, -36.272602500447199 ], [ -72.540786213078604, -36.272609003663298 ], [ -72.540832366999794, -36.272640057368903 ], [ -72.540880357919605, -36.272659613475703 ], [ -72.540939877302193, -36.272621613088901 ], [ -72.541072943661902, -36.272543287079401 ], [ -72.541091675472899, -36.272540825168598 ], [ -72.541119901210195, -36.272539988381197 ], [ -72.541164763439994, -36.272542472444002 ], [ -72.541257359403403, -36.272558799408799 ], [ -72.541307357309194, -36.272570667692797 ], [ -72.541348376875604, -36.272592337782498 ], [ -72.541447916085303, -36.272658045298598 ], [ -72.541480501260594, -36.272649450123197 ], [ -72.541570226999795, -36.2726544188194 ], [ -72.541870871787495, -36.272635967731603 ], [ -72.5419358115618, -36.272561569284903 ], [ -72.541939309576406, -36.272534765245801 ], [ -72.541941860058799, -36.272487009651101 ], [ -72.541943748246794, -36.272372521563902 ], [ -72.541951547426905, -36.2722845603097 ], [ -72.541989189696395, -36.272215928780902 ], [ -72.542047072646398, -36.272141739541603 ], [ -72.5421735975209, -36.272075050347603 ], [ -72.542236501965505, -36.272059834289699 ], [ -72.542366041653196, -36.272059807616799 ], [ -72.542507169267495, -36.272055622156998 ], [ -72.542534215123396, -36.2719766247926 ], [ -72.542573796561399, -36.271914421216302 ], [ -72.542730897365402, -36.271846823712302 ], [ -72.542742597798707, -36.271793076067397 ], [ -72.542782523576193, -36.271738490358203 ], [ -72.5427851377259, -36.271723812486002 ], [ -72.542750460627502, -36.2717065419303 ], [ -72.542723242625897, -36.271677597101899 ], [ -72.542631820314497, -36.271583042109697 ], [ -72.542623644010007, -36.271558490885702 ], [ -72.542606171499699, -36.271484628828198 ], [ -72.542605848459004, -36.271477486910797 ], [ -72.542602467059695, -36.271402729381897 ], [ -72.542602144020293, -36.271395587464397 ], [ -72.542621271785805, -36.271297752756603 ], [ -72.542677059484305, -36.271229346937602 ], [ -72.542735543026296, -36.271168489281699 ], [ -72.542849961001707, -36.271094529454999 ], [ -72.5429829104948, -36.271065793221801 ], [ -72.543103384330294, -36.271073662838802 ], [ -72.543231777186506, -36.271100368686398 ], [ -72.5433607722305, -36.271140408032501 ], [ -72.543424618780406, -36.271018709109399 ], [ -72.543321598062704, -36.270690996065902 ], [ -72.543277218680103, -36.270595046047397 ], [ -72.543248476734306, -36.270584455524002 ], [ -72.543141857658895, -36.270570453507197 ], [ -72.542790966091403, -36.270571325754197 ], [ -72.542322641827695, -36.270579493662602 ] ] ] } },
{ "type": "Feature", "properties": { "id": "monoparte.143", "Name": null, "description": null, "timestamp": null, "begin": null, "end": null, "altitudeMode": null, "tessellate": -1, "extrude": 0, "visibility": -1, "drawOrder": null, "icon": null, "REG": "Ñuble", "COM": "Quirihue", "LOC": "Quirihue", "ZONA": "ZEXH", "NOM": "ZEXH Zona Extensión Habitacional", "UPERM": "Residencial. Equipamiento de todo tipo, excepto cárcel, cementerio y crematorio. Actividades productivas sólo almacenamiento y talleres inofensivos.", "UPROH": "Todos los usos de suelo no mencionados anteriormente y los señalados en el Artículo 23 de la Ordenanza.", "P_DO": "30/06/2007", "N_DOC": "20", "T_DO": "Resolución", "OBS": null }, "geometry": { "type": "Polygon", "coordinates": [ [ [ -72.541220165223507, -36.270528982008599 ], [ -72.541290727744396, -36.270526890051201 ], [ -72.541391213699697, -36.270500690354602 ], [ -72.540769355213499, -36.270325403374002 ], [ -72.540485818930406, -36.270219443224697 ], [ -72.540460354809596, -36.270263042137302 ], [ -72.540436369697602, -36.270318585460402 ], [ -72.540404316969997, -36.270391055044598 ], [ -72.540359760347698, -36.270514129658402 ], [ -72.540430003834103, -36.270516204135298 ], [ -72.540840352851703, -36.270528321764402 ], [ -72.541220165223507, -36.270528982008599 ] ] ] } },
{ "type": "Feature", "properties": { "id": "monoparte.144", "Name": null, "description": null, "timestamp": null, "begin": null, "end": null, "altitudeMode": null, "tessellate": -1, "extrude": 0, "visibility": -1, "drawOrder": null, "icon": null, "REG": "Ñuble", "COM": "Quirihue", "LOC": "Quirihue", "ZONA": "ZEXH", "NOM": "ZEXH Zona Extensión Habitacional", "UPERM": "Residencial. Equipamiento de todo tipo, excepto cárcel, cementerio y crematorio. Actividades productivas sólo almacenamiento y talleres inofensivos.", "UPROH": "Todos los usos de suelo no mencionados anteriormente y los señalados en el Artículo 23 de la Ordenanza.", "P_DO": "30/06/2007", "N_DOC": "20", "T_DO": "Resolución", "OBS": null }, "geometry": { "type": "Polygon", "coordinates": [ [ [ -72.542260112973196, -36.267759467748803 ], [ -72.542113733917404, -36.2677645238632 ], [ -72.541870236299999, -36.267770314152401 ], [ -72.541716057262803, -36.2677591508875 ], [ -72.5416609863031, -36.267752201375302 ], [ -72.541574937259, -36.267763334989198 ], [ -72.541501430515694, -36.267778388310603 ], [ -72.541483596738999, -36.267774625422803 ], [ -72.541416847059594, -36.267860997903099 ], [ -72.541410501429297, -36.267876919883101 ], [ -72.541367478960396, -36.267941133475503 ], [ -72.541321703338397, -36.268022592465002 ], [ -72.541256845855898, -36.268111768646698 ], [ -72.541214598092196, -36.268193123912702 ], [ -72.541144905792805, -36.268331648818197 ], [ -72.541107501121004, -36.2685201393437 ], [ -72.541105724202197, -36.2687476597631 ], [ -72.541156992929899, -36.268950651088801 ], [ -72.541184530854906, -36.269012771904599 ], [ -72.541212198030095, -36.269077750563397 ], [ -72.5412497033318, -36.269243136157101 ], [ -72.541249856564605, -36.269249528051297 ], [ -72.541253666824204, -36.269408943977297 ], [ -72.541192983294295, -36.269512301207698 ], [ -72.540972826979797, -36.269721943256002 ], [ -72.540719863429103, -36.269948292155 ], [ -72.540669727367103, -36.269984108569297 ], [ -72.540676857111393, -36.269986387687801 ], [ -72.540689328208799, -36.269990373617503 ], [ -72.540888762313799, -36.270054120742401 ], [ -72.540904520001902, -36.270059157139201 ], [ -72.541031505374406, -36.2701068868124 ], [ -72.541248558220801, -36.270167204278501 ], [ -72.541506114051501, -36.270237762701598 ], [ -72.541644256103496, -36.270271811210002 ], [ -72.541696260500899, -36.2702759908275 ], [ -72.541774912490894, -36.270296544977498 ], [ -72.541813062832304, -36.270306856892503 ], [ -72.541867419702399, -36.2703109666801 ], [ -72.541924558544693, -36.270324529585203 ], [ -72.5420490459516, -36.270317024094602 ], [ -72.542323809180601, -36.270299340465101 ], [ -72.542587155679897, -36.270289622947701 ], [ -72.542970974681594, -36.270287774671502 ], [ -72.543119069099006, -36.270281475338003 ], [ -72.543340280981297, -36.270303521243903 ], [ -72.543380956248996, -36.270317571822602 ], [ -72.543535797687994, -36.270408338308201 ], [ -72.543552864627003, -36.270421181701003 ], [ -72.543649456878995, -36.2706300146817 ], [ -72.543733381968096, -36.270558866157202 ], [ -72.543836726352296, -36.270500491136701 ], [ -72.543931524819797, -36.2704614417394 ], [ -72.544048697306593, -36.270448429627699 ], [ -72.544119087186104, -36.270442527048402 ], [ -72.544144529796696, -36.270432235612503 ], [ -72.544179810902705, -36.270431188778701 ], [ -72.544208380540695, -36.270437970117399 ], [ -72.544234339181102, -36.270439107365597 ], [ -72.544267096553497, -36.270434320417898 ], [ -72.544287230969601, -36.270410836759197 ], [ -72.544299792034096, -36.270376134703703 ], [ -72.544307734407397, -36.270343477180802 ], [ -72.544308412737394, -36.270202324722099 ], [ -72.5443201118822, -36.270148576084097 ], [ -72.544341736802195, -36.270105976936001 ], [ -72.544402053514006, -36.270033621000302 ], [ -72.544531294226601, -36.269922982969 ], [ -72.544695213155293, -36.269797966019802 ], [ -72.544749248923793, -36.269742960978498 ], [ -72.544762585464696, -36.269725400535101 ], [ -72.544796253566403, -36.2696366705675 ], [ -72.544860099092901, -36.269438682358 ], [ -72.544677069960301, -36.2693842961841 ], [ -72.5456983485075, -36.267751947031698 ], [ -72.545587282129105, -36.267738235904403 ], [ -72.5437285917438, -36.267161635105097 ], [ -72.543445256042105, -36.267080640755502 ], [ -72.543188277308104, -36.267094223864099 ], [ -72.542947074899004, -36.267131178033402 ], [ -72.542882271779007, -36.267162899946797 ], [ -72.542764590868799, -36.267327309374799 ], [ -72.542625128460301, -36.267498324114598 ], [ -72.542548854170406, -36.267601906480799 ], [ -72.542435023208498, -36.267688721576903 ], [ -72.542347183553602, -36.267731854083401 ], [ -72.542260112973196, -36.267759467748803 ] ] ] } },
{ "type": "Feature", "properties": { "id": "monoparte.145", "Name": null, "description": null, "timestamp": null, "begin": null, "end": null, "altitudeMode": null, "tessellate": -1, "extrude": 0, "visibility": -1, "drawOrder": null, "icon": null, "REG": "Ñuble", "COM": "Quirihue", "LOC": "Quirihue", "ZONA": "ZHMC", "NOM": "ZHMC Zona Habitacional Mixta Comercial", "UPERM": "Residencial. Equipamiento de todo tipo, excepto cárcel, cementerio y crematorio. Actividades productivas de almacenamiento y talleres inofensivos y molestas.", "UPROH": "Todos los usos de suelo no mencionados como permitidos.", "P_DO": "30/06/2007", "N_DOC": "20", "T_DO": "Resolución", "OBS": null }, "geometry": { "type": "Polygon", "coordinates": [ [ [ -72.544446125446896, -36.270669133272797 ], [ -72.544339388547399, -36.270717596307101 ], [ -72.544318699902902, -36.270715826063601 ], [ -72.544283418674098, -36.2707168729454 ], [ -72.544201095059094, -36.270719315651199 ], [ -72.5440894785079, -36.2707250115783 ], [ -72.544030891535201, -36.270731518145702 ], [ -72.543993317467596, -36.270746936863098 ], [ -72.543956280892402, -36.270774259382101 ], [ -72.543919486457995, -36.270798966216603 ], [ -72.543900887576598, -36.270818814545599 ], [ -72.543850429862104, -36.270900890019199 ], [ -72.543837776221594, -36.2709465612472 ], [ -72.543796906723003, -36.2710192932485 ], [ -72.543718213321498, -36.271167050989803 ], [ -72.543650634622693, -36.271300175950401 ], [ -72.543645167111606, -36.271304463984499 ], [ -72.543643608088004, -36.271307535904 ], [ -72.543615175553299, -36.271329835703497 ], [ -72.543549814798396, -36.2713818379152 ], [ -72.543486640312693, -36.271417088110198 ], [ -72.543439597469998, -36.2714184836681 ], [ -72.543348453203194, -36.271421187472001 ], [ -72.543301411462295, -36.271422582942797 ], [ -72.543250567736393, -36.271405019016598 ], [ -72.543202770948398, -36.271389748818002 ], [ -72.543118509002795, -36.2713493366048 ], [ -72.543077131438196, -36.271345796606099 ], [ -72.543021161076794, -36.271345072676297 ], [ -72.542967255475205, -36.271353612265102 ], [ -72.542955977679199, -36.271368461518897 ], [ -72.542934610204995, -36.271416775261102 ], [ -72.542941783205293, -36.271445170293198 ], [ -72.542964194073093, -36.2714850331107 ], [ -72.542985852219303, -36.271508231122603 ], [ -72.543019594746596, -36.271538222181299 ], [ -72.543049857327304, -36.271556395788899 ], [ -72.5430745635514, -36.271581887503103 ], [ -72.543090771863007, -36.271614781878498 ], [ -72.543112860882601, -36.271647502713897 ], [ -72.543123511701694, -36.2716877143326 ], [ -72.543130684802705, -36.271716109347203 ], [ -72.5431292523416, -36.271749527893398 ], [ -72.543095123000995, -36.271841131901901 ], [ -72.543067337444299, -36.271877716282098 ], [ -72.5430595934492, -36.271901785512803 ], [ -72.543054790897997, -36.271925767492803 ], [ -72.543050310360698, -36.271956892318897 ], [ -72.543033961866101, -36.271985985043202 ], [ -72.543022954427599, -36.272002999575903 ], [ -72.543014996144606, -36.272022307796 ], [ -72.542989826599396, -36.272051662165502 ], [ -72.542988536091897, -36.272052332068398 ], [ -72.542982799978404, -36.272059022986397 ], [ -72.542919515833006, -36.272091891117199 ], [ -72.542833635098901, -36.272113339388603 ], [ -72.542834030539794, -36.272122081193203 ], [ -72.542826718377498, -36.272155674133302 ], [ -72.542816572413599, -36.272191734356802 ], [ -72.542783121316305, -36.272233254984201 ], [ -72.542704997097601, -36.272328547015199 ], [ -72.542704057237202, -36.272328482084802 ], [ -72.542560282534893, -36.272318535208299 ], [ -72.5423716802961, -36.272314593067101 ], [ -72.542342278981195, -36.272315465012603 ], [ -72.542304271979006, -36.2723213604298 ], [ -72.542292941272095, -36.272331232087097 ], [ -72.5422924288373, -36.272332916898002 ], [ -72.542285914559201, -36.272338592871698 ], [ -72.542280787579301, -36.272355432047902 ], [ -72.542276199074706, -36.272384176821603 ], [ -72.542275595833004, -36.272501010027199 ], [ -72.542263262989593, -36.272553823095002 ], [ -72.5422474206256, -36.272659188464999 ], [ -72.542234010955198, -36.272688193935103 ], [ -72.542196712467401, -36.272748655589197 ], [ -72.542105782826994, -36.272827884053399 ], [ -72.542034431437898, -36.272877679900603 ], [ -72.541970069498902, -36.272886739981203 ], [ -72.541785590553204, -36.272908898340198 ], [ -72.541526530965101, -36.272909428214703 ], [ -72.541488308263794, -36.272910561508098 ], [ -72.541441802703105, -36.272923860136999 ], [ -72.541400531948796, -36.272922699641001 ], [ -72.541367759388507, -36.2729141356714 ], [ -72.541296010510095, -36.272890038331099 ], [ -72.541235268551702, -36.272848927485001 ], [ -72.541171802702607, -36.272812665628798 ], [ -72.541160256467506, -36.2728177753051 ], [ -72.541134548841995, -36.272835225487697 ], [ -72.541094677541295, -36.272865015334602 ], [ -72.541032146567204, -36.272914549105003 ], [ -72.540985318001603, -36.272920705632202 ], [ -72.540917908980902, -36.272927472246501 ], [ -72.540867925830995, -36.272928953976702 ], [ -72.540832535828898, -36.272927618952103 ], [ -72.5407849537239, -36.272917108799703 ], [ -72.5407667743697, -36.272905727931402 ], [ -72.540718762909293, -36.272885695744698 ], [ -72.540707109029398, -36.272888425335701 ], [ -72.540700446522095, -36.2728956995483 ], [ -72.540684664536499, -36.272912930196803 ], [ -72.5406455464543, -36.272959385609802 ], [ -72.540640912460006, -36.272963902896201 ], [ -72.540571382966903, -36.273031673564603 ], [ -72.54048020322, -36.273098743396503 ], [ -72.540342516313501, -36.273179112317898 ], [ -72.540262881446097, -36.273241072431802 ], [ -72.540258794383007, -36.273246144748697 ], [ -72.540255853346395, -36.273248433143898 ], [ -72.540222400384096, -36.273289952247197 ], [ -72.540234807705303, -36.273303888411 ], [ -72.540287912214396, -36.273371449818796 ], [ -72.540372033042303, -36.273473852081999 ], [ -72.540382145781194, -36.273502160146101 ], [ -72.540386377717098, -36.273530642519397 ], [ -72.5403985343019, -36.273604185849898 ], [ -72.5403942345784, -36.273704440629999 ], [ -72.540352765344906, -36.273829160927299 ], [ -72.540336186536393, -36.273867810190097 ], [ -72.5402720901468, -36.273900687531999 ], [ -72.540108262919006, -36.2739889825083 ], [ -72.539984200077498, -36.274045107718202 ], [ -72.539874515218898, -36.274093654288002 ], [ -72.539786165410106, -36.274158256524402 ], [ -72.539737365123003, -36.274185926424501 ], [ -72.539713735159296, -36.274184242568502 ], [ -72.539666476345204, -36.274180874809403 ], [ -72.539633488167794, -36.274167548492102 ], [ -72.539609535410904, -36.274158722677697 ], [ -72.539588953500498, -36.274159332604697 ], [ -72.539444020395806, -36.274144555292501 ], [ -72.539396438828803, -36.274134045485397 ], [ -72.5393558550237, -36.274109024392097 ], [ -72.5393287477836, -36.274095523723602 ], [ -72.539298483804401, -36.274077348317803 ], [ -72.5392680057858, -36.274054411877103 ], [ -72.539217268661801, -36.274039227229302 ], [ -72.539172626499806, -36.274028630233097 ], [ -72.539122212161303, -36.274020587484102 ], [ -72.539092593838504, -36.274016697704397 ], [ -72.539080402851098, -36.274007522379698 ], [ -72.539056880540898, -36.274008219337098 ], [ -72.539018658312997, -36.274009351837599 ], [ -72.538951139394499, -36.274013736485998 ], [ -72.538927618190399, -36.274014433385098 ], [ -72.538904633790494, -36.274027034150798 ], [ -72.538861713028894, -36.2740545303988 ], [ -72.53885762841, -36.274060004459102 ], [ -72.538808968058206, -36.274125228532299 ], [ -72.538787598461496, -36.274173541663302 ], [ -72.538745968504998, -36.274229606551302 ], [ -72.538741114550007, -36.274234037478102 ], [ -72.538686589380603, -36.2742838131377 ], [ -72.538683269413696, -36.2742877895463 ], [ -72.538633521395198, -36.274347369264099 ], [ -72.538623446136697, -36.274450179273103 ], [ -72.539024824492799, -36.275253373212003 ], [ -72.539016176207397, -36.275257490386501 ], [ -72.5390177972168, -36.275260733832503 ], [ -72.538147360069004, -36.275675112040098 ], [ -72.537420676053003, -36.276026103575198 ], [ -72.5372432270389, -36.276098133586103 ], [ -72.537496528353003, -36.276548086751397 ], [ -72.538083161755694, -36.2776392661521 ], [ -72.539621755394506, -36.280413102770297 ], [ -72.539737945692096, -36.280638521621903 ], [ -72.538512514488701, -36.281082496478703 ], [ -72.540307474360603, -36.284638181874499 ], [ -72.541760054000505, -36.284137388416902 ], [ -72.542367218108794, -36.285256541782203 ], [ -72.543284652092794, -36.286878923718902 ], [ -72.543383336516797, -36.287001750924503 ], [ -72.544064359792898, -36.288125476640502 ], [ -72.544102324763898, -36.288004337165503 ], [ -72.544115141877199, -36.287962237264402 ], [ -72.544552811160102, -36.2880356676446 ], [ -72.544611222247696, -36.288024993951097 ], [ -72.545105355384194, -36.287882187552498 ], [ -72.545243419268601, -36.288134189910302 ], [ -72.546095616112694, -36.287860423111802 ], [ -72.546769954320098, -36.287632991692597 ], [ -72.547360915477697, -36.287450211287101 ], [ -72.547361915024894, -36.287451957527203 ], [ -72.547368267741405, -36.287449992898402 ], [ -72.547429030166001, -36.287556200794299 ], [ -72.547996143139898, -36.288552401455398 ], [ -72.547998882266199, -36.288549334966397 ], [ -72.548151529806802, -36.288378427386498 ], [ -72.548836635458301, -36.287507492367197 ], [ -72.548668950457895, -36.287276309890302 ], [ -72.548468981128394, -36.286673650254102 ], [ -72.547419873563399, -36.287037115463001 ], [ -72.54676775774, -36.285902638182399 ], [ -72.547990634239, -36.285466759361803 ], [ -72.5487019187334, -36.285242988241002 ], [ -72.548091873344305, -36.2842896410259 ], [ -72.547989289854797, -36.284137730335999 ], [ -72.547679322607905, -36.283145666640202 ], [ -72.547328891833004, -36.282560079996699 ], [ -72.546927077775905, -36.2818150994771 ], [ -72.546400768610297, -36.280759129048697 ], [ -72.546325791783104, -36.280585241624998 ], [ -72.546212518807195, -36.280322532285602 ], [ -72.545413782656297, -36.2784700079537 ], [ -72.546303505583197, -36.278124139501202 ], [ -72.546620746506505, -36.277977641290001 ], [ -72.546750325938106, -36.278193247681997 ], [ -72.546714008352893, -36.277566495764297 ], [ -72.546583828005097, -36.277422554432 ], [ -72.546582318356201, -36.277389223261103 ], [ -72.546580218819699, -36.277212870899803 ], [ -72.546623340768093, -36.276734793543397 ], [ -72.546673736734704, -36.276547346754001 ], [ -72.546735246320196, -36.2763452651579 ], [ -72.546748790531197, -36.276254271480099 ], [ -72.546763470015506, -36.276058349631803 ], [ -72.546825137887694, -36.275989766395497 ], [ -72.546978953095007, -36.2758755350862 ], [ -72.546875878584302, -36.275029898402501 ], [ -72.547100826312203, -36.274823157775103 ], [ -72.547099942681101, -36.274771982011899 ], [ -72.547087711891095, -36.274420707847597 ], [ -72.547066001683305, -36.274266393203199 ], [ -72.547020871821601, -36.273996102180199 ], [ -72.545792097952599, -36.275153145046197 ], [ -72.545736430382206, -36.274964078933102 ], [ -72.545309696034096, -36.273081954475202 ], [ -72.5452098176075, -36.272436475067003 ], [ -72.545260120621606, -36.2719867933546 ], [ -72.545362422394206, -36.271645230131398 ], [ -72.545613083779301, -36.271199136775401 ], [ -72.545887048054595, -36.270747582919199 ], [ -72.546059202348104, -36.270518377489203 ], [ -72.546460401454695, -36.2699393514512 ], [ -72.546400831240405, -36.269931201537702 ], [ -72.546273438043499, -36.269913527480703 ], [ -72.546168811300703, -36.269878490286601 ], [ -72.546117968066497, -36.269860927558902 ], [ -72.546100112092105, -36.269856689394501 ], [ -72.546043280636198, -36.269836921178403 ], [ -72.545991789642898, -36.269805073740798 ], [ -72.545967730974994, -36.269793868199599 ], [ -72.545935174895504, -36.269790066398897 ], [ -72.545831409535893, -36.269774074574997 ], [ -72.545680603630103, -36.26975947991 ], [ -72.545594695382505, -36.269747726072303 ], [ -72.545546577038493, -36.269725313949301 ], [ -72.545483865306693, -36.269705720001497 ], [ -72.545441841942306, -36.269687895185498 ], [ -72.545404836994507, -36.269650850151301 ], [ -72.545376868311195, -36.2696183042599 ], [ -72.545355425602494, -36.2695998685519 ], [ -72.5452980556976, -36.269568196195003 ], [ -72.545244067572099, -36.269500662365402 ], [ -72.545205307902506, -36.269489892989597 ], [ -72.545198422146896, -36.269491506571001 ], [ -72.545195449195603, -36.269499721217798 ], [ -72.545177347085499, -36.269555090803898 ], [ -72.545151501737806, -36.2696345288144 ], [ -72.545128597743201, -36.269713880424298 ], [ -72.545093824944104, -36.269791200151701 ], [ -72.545047399900199, -36.269871248922101 ], [ -72.545002642452303, -36.269923117954598 ], [ -72.545000579970804, -36.269924726237697 ], [ -72.5449956162051, -36.269930478875096 ], [ -72.5449415864489, -36.269972609897103 ], [ -72.544873610705807, -36.270031842793699 ], [ -72.544707718652106, -36.270139277230598 ], [ -72.544666816619198, -36.270181268145002 ], [ -72.544648385071099, -36.270226861323103 ], [ -72.544646846593807, -36.270257898889703 ], [ -72.544648893741893, -36.270303133941901 ], [ -72.544640257274096, -36.270372526450103 ], [ -72.544630652147106, -36.270420490516301 ], [ -72.544622693286996, -36.270439798849999 ], [ -72.544609393692895, -36.270471185427702 ], [ -72.544610686620103, -36.270499754839797 ], [ -72.544609470232302, -36.270537934342002 ], [ -72.5446010815064, -36.270547719804497 ], [ -72.544564583955605, -36.270586946268203 ], [ -72.544564107713299, -36.270587265850502 ], [ -72.544557556499399, -36.270594307200803 ], [ -72.544446125446896, -36.270669133272797 ] ], [ [ -72.544542930181706, -36.273178289226799 ], [ -72.545419926591194, -36.27717508384 ], [ -72.543100253948296, -36.278030633902603 ], [ -72.541417005298598, -36.274990907407897 ], [ -72.542687914521295, -36.274187958999903 ], [ -72.543575119130793, -36.273689610994197 ], [ -72.544542930181706, -36.273178289226799 ] ], [ [ -72.542101743449507, -36.281732065006501 ], [ -72.541767891202198, -36.2818373256302 ], [ -72.541548942039398, -36.281390860381201 ], [ -72.540895940089598, -36.281600941691302 ], [ -72.541137477883396, -36.2820586573268 ], [ -72.540388899788098, -36.2822715688703 ], [ -72.540234690104, -36.281954302022598 ], [ -72.539850180785606, -36.282078938110701 ], [ -72.539475961088897, -36.281291393032198 ], [ -72.540606882431504, -36.280906234483901 ], [ -72.540822324316593, -36.281275325851702 ], [ -72.541489219625305, -36.281046953849298 ], [ -72.541294483287899, -36.280647449970701 ], [ -72.541894720332294, -36.280436233768498 ], [ -72.542289079277595, -36.281154352654397 ], [ -72.541904040213197, -36.281267091163102 ], [ -72.542101743449507, -36.281732065006501 ] ], [ [ -72.540069441932303, -36.282434805779602 ], [ -72.541158958169802, -36.282099737340602 ], [ -72.541637096155995, -36.283014124714803 ], [ -72.540536650179206, -36.283390046618003 ], [ -72.540069441932303, -36.282434805779602 ] ], [ [ -72.543949230935894, -36.2851757546605 ], [ -72.543542497454794, -36.285297487081202 ], [ -72.543450890504602, -36.285095182612203 ], [ -72.542986205129907, -36.285237703794898 ], [ -72.542736362805897, -36.284792158679899 ], [ -72.543574505305202, -36.284513300523599 ], [ -72.543949230935894, -36.2851757546605 ] ] ] } },
{ "type": "Feature", "properties": { "id": "monoparte.146", "Name": null, "description": null, "timestamp": null, "begin": null, "end": null, "altitudeMode": null, "tessellate": -1, "extrude": 0, "visibility": -1, "drawOrder": null, "icon": null, "REG": "Ñuble", "COM": "Quirihue", "LOC": "Quirihue", "ZONA": "ZP", "NOM": "ZP Zona de Protección de Drenaje", "UPERM": "Equipamiento de esparcimiento sin construcciones.", "UPROH": "Todos los usos de suelo no mencionados como permitidos, expresamente el residencial.", "P_DO": "30/06/2007", "N_DOC": "20", "T_DO": "Resolución", "OBS": null }, "geometry": { "type": "Polygon", "coordinates": [ [ [ -72.550852913091305, -36.293312931553402 ], [ -72.550864676437101, -36.293312581772497 ], [ -72.551239621602903, -36.2937401303234 ], [ -72.551276272723101, -36.293595000191999 ], [ -72.5513118331953, -36.293340287883197 ], [ -72.551040376780506, -36.293034332986501 ], [ -72.550853875591898, -36.292818168908902 ], [ -72.550746457569204, -36.292703435375799 ], [ -72.550565300139297, -36.292475192200499 ], [ -72.550419649360293, -36.2922506604245 ], [ -72.550321702374106, -36.292039014956899 ], [ -72.550236599025695, -36.2918508260801 ], [ -72.550180689629698, -36.291657002794203 ], [ -72.550175289804699, -36.291537964416797 ], [ -72.550163791916702, -36.291414339078202 ], [ -72.550197836597505, -36.291255984817099 ], [ -72.550214452041999, -36.2911029160407 ], [ -72.550223506709699, -36.290783194275498 ], [ -72.550476189727902, -36.290464970392399 ], [ -72.550643242603201, -36.290252597657997 ], [ -72.550853387251706, -36.290139091883901 ], [ -72.550832362454599, -36.290042153631603 ], [ -72.550739165353207, -36.289815242516802 ], [ -72.550556113743795, -36.289954806745797 ], [ -72.550388438270204, -36.290088526326997 ], [ -72.5502346060224, -36.290248853300902 ], [ -72.550197257359301, -36.289944814841 ], [ -72.5502626480787, -36.289782348960898 ], [ -72.550321214830902, -36.289580354145897 ], [ -72.550479654176101, -36.289241451243001 ], [ -72.550402983795607, -36.289093699414899 ], [ -72.550303320215406, -36.288870089572697 ], [ -72.550236265176295, -36.289005957011803 ], [ -72.550118317324902, -36.289262165046097 ], [ -72.550035536574995, -36.288995236183702 ], [ -72.550000838199907, -36.288879452817497 ], [ -72.549915606193693, -36.288753251867199 ], [ -72.549890785131296, -36.288725382004898 ], [ -72.549890875270606, -36.288723222261602 ], [ -72.549891028950697, -36.288719543296402 ], [ -72.549891021597702, -36.2887195038697 ], [ -72.549804049453499, -36.288570557614001 ], [ -72.549713920875604, -36.288433774391599 ], [ -72.549612180135696, -36.288333095386903 ], [ -72.549561065839001, -36.2882773992715 ], [ -72.549527597141307, -36.288221177769699 ], [ -72.5495039218806, -36.288186122291897 ], [ -72.549480408553606, -36.288154637280201 ], [ -72.549456248594296, -36.288108867640901 ], [ -72.549417073201198, -36.288024208931802 ], [ -72.549351307954396, -36.287840213577503 ], [ -72.549287810058004, -36.2877062137891 ], [ -72.549278702710296, -36.287602781372399 ], [ -72.549244101054398, -36.287521561945503 ], [ -72.549177527101406, -36.2873197104688 ], [ -72.549138352469697, -36.287235051620698 ], [ -72.549120121263101, -36.287156233441898 ], [ -72.549118655182099, -36.287149893216899 ], [ -72.549006499753403, -36.286665026755301 ], [ -72.548950205979907, -36.286495053480998 ], [ -72.548938632058693, -36.2864346058469 ], [ -72.548879831423093, -36.286404169300802 ], [ -72.548804034383807, -36.286388541626202 ], [ -72.548796682231199, -36.286388760097701 ], [ -72.548792272050903, -36.286388891147297 ], [ -72.548784919898097, -36.286389109618099 ], [ -72.548768746273097, -36.286389590219201 ], [ -72.548761394120007, -36.286389808688497 ], [ -72.548756983939597, -36.2863899397368 ], [ -72.548708947670406, -36.2864020956834 ], [ -72.548683129718, -36.286417166696602 ], [ -72.548661721938799, -36.286432106660001 ], [ -72.548640637918496, -36.286454188472703 ], [ -72.548615143741301, -36.286476402225603 ], [ -72.548593735932798, -36.286491342178202 ], [ -72.548590295964999, -36.286512899713003 ], [ -72.548654722822803, -36.286764879305302 ], [ -72.548854381247594, -36.287494060486601 ], [ -72.548871049910204, -36.287554938788404 ], [ -72.549034851294294, -36.287998259412497 ], [ -72.549090905304993, -36.288143446085499 ], [ -72.549205408240397, -36.288330761393198 ], [ -72.549293795489504, -36.288461637372002 ], [ -72.549563984917697, -36.288809296425498 ], [ -72.549656193645603, -36.288972481151298 ], [ -72.549686499192106, -36.289017352650198 ], [ -72.549699816698606, -36.289051286018299 ], [ -72.549709897757197, -36.289117737317902 ], [ -72.549742016279694, -36.289202606559499 ], [ -72.549772386514903, -36.289300877404798 ], [ -72.5497922897748, -36.289428067042103 ], [ -72.549826030191795, -36.289600617644403 ], [ -72.549849990647502, -36.289713381925701 ], [ -72.549864563973799, -36.289878874138402 ], [ -72.549878817475104, -36.290193135749398 ], [ -72.549885175060794, -36.290644948879503 ], [ -72.549870033839099, -36.291038278239498 ], [ -72.549861897990297, -36.291118621559498 ], [ -72.549850200775793, -36.291172370551301 ], [ -72.549816321567207, -36.291464222570099 ], [ -72.549820620411396, -36.291610948086202 ], [ -72.549843223252694, -36.291745685531801 ], [ -72.549879856044299, -36.2918780993366 ], [ -72.5499304313349, -36.292006284607702 ], [ -72.550135087014098, -36.292415012743298 ], [ -72.550222337464504, -36.292572621799799 ], [ -72.550237836238693, -36.292602676171803 ], [ -72.550279647734698, -36.292641483860798 ], [ -72.550334258269302, -36.292702797144997 ], [ -72.550376674719601, -36.292754937353301 ], [ -72.550852913091305, -36.293312931553402 ] ] ] } }
]
}
