{
"type": "FeatureCollection",
"name": "IPT_08_PRC_Los_Alamos",
"crs": { "type": "name", "properties": { "name": "urn:ogc:def:crs:OGC:1.3:CRS84" } },
"features": [
{ "type": "Feature", "properties": { "id": "monoparte.1", "Name": null, "description": null, "timestamp": null, "begin": null, "end": null, "altitudeMode": null, "tessellate": -1, "extrude": 0, "visibility": -1, "drawOrder": null, "icon": null, "REG": "Biobío", "COM": "Los Álamos", "LOC": "Antiguala y Temuco chico", "ZONA": "ZBCD1", "NOM": "Zona equipamientos, actividades productivas e infraestructura 1", "UPERM": "Residencial: comercio, seguridad, servicios. Actividades productivas.", "UPROH": "Todos los usos de suelo no mencionados como permitidos.", "P_DO": "12/03/2008", "N_DOC": "1705", "T_DO": "Resolución", "OBS": null }, "geometry": { "type": "Polygon", "coordinates": [ [ [ -73.399136153493899, -37.681308640888098 ], [ -73.398850888142405, -37.680636420608103 ], [ -73.398559870037005, -37.679866860815402 ], [ -73.3983753185843, -37.679444516871001 ], [ -73.398039196596997, -37.678949792556601 ], [ -73.397708836471296, -37.678552407346899 ], [ -73.397708418667406, -37.678337802720499 ], [ -73.397498361336105, -37.678106642123502 ], [ -73.397109649998598, -37.6777602113822 ], [ -73.396615420327805, -37.678120114881501 ], [ -73.396293174602107, -37.678171172276897 ], [ -73.3962274607171, -37.678305325454502 ], [ -73.396067592710693, -37.678403972844499 ], [ -73.395699808883705, -37.678515262692699 ], [ -73.395351833014203, -37.678650199968402 ], [ -73.395011006975906, -37.678594637962199 ], [ -73.3948660564036, -37.678634194331899 ], [ -73.394795448108695, -37.678685608865699 ], [ -73.394726567888995, -37.678766224158899 ], [ -73.394707826402595, -37.678864477658998 ], [ -73.394708441508101, -37.679186385812301 ], [ -73.394679959119799, -37.679431335893597 ], [ -73.394561226466706, -37.679499179274899 ], [ -73.394552430332098, -37.679558040118401 ], [ -73.394555306932901, -37.6796067100545 ], [ -73.394595213109596, -37.679658875488897 ], [ -73.394592542156801, -37.679717507648697 ], [ -73.394608528782399, -37.6797803221246 ], [ -73.394685753471606, -37.679840848418799 ], [ -73.394857133693705, -37.679936882275399 ], [ -73.394970442917597, -37.680088738602997 ], [ -73.395065669317503, -37.680246148916098 ], [ -73.395165498239805, -37.680481429011401 ], [ -73.395263028462693, -37.6806777744249 ], [ -73.3951705149627, -37.680773905604497 ], [ -73.395102783175204, -37.680873989370802 ], [ -73.395113798429904, -37.680956500494801 ], [ -73.395205572582, -37.681055505334101 ], [ -73.395378108424396, -37.681171006286398 ], [ -73.395550645874096, -37.6812865060093 ], [ -73.395808626439006, -37.681393937414803 ], [ -73.395910637193296, -37.681458416059201 ], [ -73.396032169425297, -37.681541675720197 ], [ -73.396091601418306, -37.681612622429803 ], [ -73.399136153493899, -37.681308640888098 ] ] ] } },
{ "type": "Feature", "properties": { "id": "monoparte.2", "Name": null, "description": null, "timestamp": null, "begin": null, "end": null, "altitudeMode": null, "tessellate": -1, "extrude": 0, "visibility": -1, "drawOrder": null, "icon": null, "REG": "Biobío", "COM": "Los Álamos", "LOC": "Antiguala y Temuco chico", "ZONA": "ZP1", "NOM": "Zona proteccion por presencia de quebradas", "UPERM": "No se permite ningun tipo de edificacion.", "UPROH": "Sin informacion.", "P_DO": "12/03/2008", "N_DOC": "1705", "T_DO": "Resolución", "OBS": null }, "geometry": { "type": "Polygon", "coordinates": [ [ [ -73.396293174602107, -37.678171172276897 ], [ -73.396267610113199, -37.678050183363297 ], [ -73.396178138441101, -37.677990114593896 ], [ -73.395977869687897, -37.677924428587403 ], [ -73.395905907882707, -37.677849071660397 ], [ -73.395888481060396, -37.677761923847598 ], [ -73.395883589682299, -37.677679184988598 ], [ -73.395847793618501, -37.6775927222753 ], [ -73.395782242789195, -37.677522004742201 ], [ -73.395667129347203, -37.677443382026297 ], [ -73.395548768209096, -37.677413657793103 ], [ -73.395459874384699, -37.677363321964798 ], [ -73.395395476034693, -37.677312072275001 ], [ -73.395247730490894, -37.677200524327702 ], [ -73.395137014699202, -37.677092469733402 ], [ -73.395042943583704, -37.676954528224002 ], [ -73.394932599194703, -37.676748905777103 ], [ -73.394813831641699, -37.6765045754642 ], [ -73.394758228044495, -37.676394463678903 ], [ -73.394698801983907, -37.676323516808502 ], [ -73.3946953503808, -37.676265113223401 ], [ -73.394680515278395, -37.676221766852102 ], [ -73.394642049310704, -37.676193936742003 ], [ -73.394606172009901, -37.676209909312497 ], [ -73.394591252296294, -37.676268998780998 ], [ -73.394559402860494, -37.676353109424099 ], [ -73.394552332603197, -37.676441172064102 ], [ -73.394521057221496, -37.6765350172764 ], [ -73.394500877680699, -37.676608937117898 ], [ -73.394463478346395, -37.676703010045003 ], [ -73.394408283905904, -37.676807502412402 ], [ -73.394235797097593, -37.6770041730814 ], [ -73.394128942528695, -37.677169128121498 ], [ -73.393905081733493, -37.677431126614202 ], [ -73.393815157169101, -37.677571059392697 ], [ -73.393702753341799, -37.677745976334599 ], [ -73.393644392663205, -37.677796932107398 ], [ -73.393604692286004, -37.677852069340901 ], [ -73.393590346753399, -37.677920893282803 ], [ -73.393535151437902, -37.678025385315998 ], [ -73.393456897106105, -37.678155127137202 ], [ -73.393410498511699, -37.678200759212203 ], [ -73.393272243270999, -37.678249818821698 ], [ -73.393150346720901, -37.678264123482698 ], [ -73.393027876169896, -37.678268694328203 ], [ -73.392887032684101, -37.678273950730301 ], [ -73.392749151443198, -37.678225441940803 ], [ -73.392629065873905, -37.678166511970701 ], [ -73.392549832003596, -37.678071914953598 ], [ -73.392468586811404, -37.677943246879799 ], [ -73.392462261751305, -37.677836173947298 ], [ -73.392456511658295, -37.6777388337715 ], [ -73.392457172935806, -37.677646131452299 ], [ -73.392482039974297, -37.677547648751798 ], [ -73.392488249040994, -37.677444985193503 ], [ -73.392482498994895, -37.677347645014599 ], [ -73.392450817208598, -37.677226883373002 ], [ -73.392394642524096, -37.6771070365916 ], [ -73.392344303173203, -37.676982093122298 ], [ -73.392314634281306, -37.676895401476301 ], [ -73.392302273585003, -37.676686120068098 ], [ -73.392300548698898, -37.676656918183397 ], [ -73.392258919884995, -37.676575549904797 ], [ -73.392248483895798, -37.676502772792801 ], [ -73.392133748865007, -37.676326578474203 ], [ -73.392081311342693, -37.676270001670602 ], [ -73.391979025951002, -37.676200651641302 ], [ -73.391876738539693, -37.676131302493502 ], [ -73.391791385333804, -37.6760369322879 ], [ -73.391678376711994, -37.675889938414898 ], [ -73.391630051630202, -37.675799064593399 ], [ -73.391558471547, -37.675626136685899 ], [ -73.391509859375503, -37.675530395505902 ], [ -73.3914685207167, -37.675453894087198 ], [ -73.391385467030901, -37.675398460040597 ], [ -73.391175637535397, -37.675274587875798 ], [ -73.391060818518596, -37.675200827435297 ], [ -73.391001110608101, -37.675125011072097 ], [ -73.390861599885596, -37.674944860656602 ], [ -73.390699985564396, -37.674702124884199 ], [ -73.390499045582402, -37.674416955350701 ], [ -73.390375894774806, -37.6742020497962 ], [ -73.390256194934096, -37.674045549732099 ], [ -73.390161849592403, -37.673902736160798 ], [ -73.389965707877394, -37.673802741228698 ], [ -73.389706324400194, -37.6736709591638 ], [ -73.389469044742796, -37.673601763741203 ], [ -73.389413452500804, -37.673491647816803 ], [ -73.389362833927905, -37.673361837045 ], [ -73.389255958072496, -37.673214612801502 ], [ -73.389153391181793, -37.6731403925981 ], [ -73.389038577489302, -37.673066629831197 ], [ -73.388896595309603, -37.673052412490598 ], [ -73.388847610465106, -37.673054238855102 ], [ -73.388698746153295, -37.673235387676797 ], [ -73.388661627787201, -37.673334326455098 ], [ -73.388659721391903, -37.673509996178304 ], [ -73.388642891998003, -37.673744755749802 ], [ -73.388653517819705, -37.673924836250002 ], [ -73.388698299339694, -37.674059743884399 ], [ -73.3888069907415, -37.6741337352139 ], [ -73.3890232252012, -37.674262249212497 ], [ -73.389140337754895, -37.674374948537697 ], [ -73.389280221680295, -37.6744575323508 ], [ -73.389471587360603, -37.674684526753801 ], [ -73.389667837207199, -37.674994262195099 ], [ -73.389744100598193, -37.6751426284766 ], [ -73.389757692982002, -37.675268942715597 ], [ -73.389843527213401, -37.675475485447002 ], [ -73.389906683205695, -37.6756097063776 ], [ -73.390010027550204, -37.675800961900698 ], [ -73.390199385629302, -37.675993886440899 ], [ -73.390358506047605, -37.676090384526802 ], [ -73.390501267024007, -37.676221635959102 ], [ -73.390651302978597, -37.676372127887298 ], [ -73.390828418883203, -37.676565507964 ], [ -73.390936739116597, -37.676737066710501 ], [ -73.391019993069506, -37.676899803493299 ], [ -73.391113393922794, -37.677130451118401 ], [ -73.391159819755302, -37.6773969944418 ], [ -73.391171029004795, -37.677586807854702 ], [ -73.391163867846899, -37.677777307480298 ], [ -73.391154894082305, -37.678041040366402 ], [ -73.391165440702494, -37.678323555267497 ], [ -73.391188034846493, -37.678498310812998 ], [ -73.391195220618599, -37.678619986673603 ], [ -73.391244984565006, -37.678735196090898 ], [ -73.391326429518799, -37.678971166581299 ], [ -73.391528247838806, -37.679270934569097 ], [ -73.391619441398007, -37.679360208948999 ], [ -73.391714086023299, -37.679507887888001 ], [ -73.391788057910105, -37.679617315805601 ], [ -73.391827300356198, -37.679762183745602 ], [ -73.391874593768705, -37.6800433273824 ], [ -73.391889917602001, -37.680198843758198 ], [ -73.391886581654305, -37.6803501774639 ], [ -73.391892331543602, -37.680447517671197 ], [ -73.391942386694893, -37.680567593861198 ], [ -73.391991290867793, -37.6806682018427 ], [ -73.392135500557004, -37.680823785123899 ], [ -73.392332239414699, -37.680933509561903 ], [ -73.392508307199705, -37.681004983708497 ], [ -73.392695759778803, -37.681061398687802 ], [ -73.392784944135798, -37.681116602800202 ], [ -73.392888676384004, -37.681210286141301 ], [ -73.392924758838703, -37.681301617097397 ], [ -73.392990514417704, -37.681479638371499 ], [ -73.393027172299, -37.6815807029217 ], [ -73.393090051485501, -37.681710055028802 ], [ -73.393144505942203, -37.681800699297703 ], [ -73.393823105335599, -37.681755858410497 ], [ -73.395058685575094, -37.681685339294198 ], [ -73.396091601418306, -37.681612622429803 ], [ -73.396032169425297, -37.681541675720197 ], [ -73.395910637193296, -37.681458416059201 ], [ -73.395808626439006, -37.681393937414803 ], [ -73.395550645874096, -37.6812865060093 ], [ -73.395378108424396, -37.681171006286398 ], [ -73.395205572582, -37.681055505334101 ], [ -73.395113798429904, -37.680956500494801 ], [ -73.395102783175204, -37.680873989370802 ], [ -73.3951705149627, -37.680773905604497 ], [ -73.395263028462693, -37.6806777744249 ], [ -73.395165498239805, -37.680481429011401 ], [ -73.395065669317503, -37.680246148916098 ], [ -73.394970442917597, -37.680088738602997 ], [ -73.394857133693705, -37.679936882275399 ], [ -73.394685753471606, -37.679840848418799 ], [ -73.394608528782399, -37.6797803221246 ], [ -73.394592542156801, -37.679717507648697 ], [ -73.394595213109596, -37.679658875488897 ], [ -73.394555306932901, -37.6796067100545 ], [ -73.394552430332098, -37.679558040118401 ], [ -73.394561226466706, -37.679499179274899 ], [ -73.394679959119799, -37.679431335893597 ], [ -73.394708441508101, -37.679186385812301 ], [ -73.394707826402595, -37.678864477658998 ], [ -73.394726567888995, -37.678766224158899 ], [ -73.394795448108695, -37.678685608865699 ], [ -73.3948660564036, -37.678634194331899 ], [ -73.395011006975906, -37.678594637962199 ], [ -73.395351833014203, -37.678650199968402 ], [ -73.395699808883705, -37.678515262692699 ], [ -73.396067592710693, -37.678403972844499 ], [ -73.3962274607171, -37.678305325454502 ], [ -73.396293174602107, -37.678171172276897 ] ] ] } },
{ "type": "Feature", "properties": { "id": "monoparte.3", "Name": null, "description": null, "timestamp": null, "begin": null, "end": null, "altitudeMode": null, "tessellate": -1, "extrude": 0, "visibility": -1, "drawOrder": null, "icon": null, "REG": "Biobío", "COM": "Los Álamos", "LOC": "Antiguala y Temuco chico", "ZONA": "ZA2", "NOM": "Zona residencial mixta 2", "UPERM": "Residencial. Equipamiento: culto y cultura, deporte, educacion, salud, seguridad, servicios, social. Actividades productivas.", "UPROH": "Todos los usos de suelo no mencionados como permitidos.", "P_DO": "12/03/2008", "N_DOC": "1705", "T_DO": "Resolución", "OBS": null }, "geometry": { "type": "Polygon", "coordinates": [ [ [ -73.397109649998598, -37.6777602113822 ], [ -73.396316173503905, -37.677106968437201 ], [ -73.395734852087401, -37.676616517401698 ], [ -73.395422227512398, -37.676311138544598 ], [ -73.394739576416697, -37.675663499904999 ], [ -73.394239030333395, -37.675189536189301 ], [ -73.3936184104289, -37.674656640625699 ], [ -73.392463496435496, -37.673597373690598 ], [ -73.391795730481306, -37.672993061338801 ], [ -73.391491560416299, -37.672726377972403 ], [ -73.391248822502106, -37.6725647129335 ], [ -73.390266122198298, -37.6720306718356 ], [ -73.389770709503097, -37.671746727852501 ], [ -73.3893086350934, -37.672339532617499 ], [ -73.388936677288598, -37.672899707685097 ], [ -73.388847610465106, -37.673054238855102 ], [ -73.388896595309603, -37.673052412490598 ], [ -73.389038577489302, -37.673066629831197 ], [ -73.389153391181793, -37.6731403925981 ], [ -73.389255958072496, -37.673214612801502 ], [ -73.389362833927905, -37.673361837045 ], [ -73.389413452500804, -37.673491647816803 ], [ -73.389469044742796, -37.673601763741203 ], [ -73.389706324400194, -37.6736709591638 ], [ -73.389965707877394, -37.673802741228698 ], [ -73.390161849592403, -37.673902736160798 ], [ -73.390256194934096, -37.674045549732099 ], [ -73.390375894774806, -37.6742020497962 ], [ -73.390499045582402, -37.674416955350701 ], [ -73.390699985564396, -37.674702124884199 ], [ -73.390861599885596, -37.674944860656602 ], [ -73.391001110608101, -37.675125011072097 ], [ -73.391060818518596, -37.675200827435297 ], [ -73.391175637535397, -37.675274587875798 ], [ -73.391385467030901, -37.675398460040597 ], [ -73.3914685207167, -37.675453894087198 ], [ -73.391509859375503, -37.675530395505902 ], [ -73.391558471547, -37.675626136685899 ], [ -73.391630051630202, -37.675799064593399 ], [ -73.391678376711994, -37.675889938414898 ], [ -73.391791385333804, -37.6760369322879 ], [ -73.391876738539693, -37.676131302493502 ], [ -73.391979025951002, -37.676200651641302 ], [ -73.392081311342693, -37.676270001670602 ], [ -73.392133748865007, -37.676326578474203 ], [ -73.392248483895798, -37.676502772792801 ], [ -73.392258919884995, -37.676575549904797 ], [ -73.392300548698898, -37.676656918183397 ], [ -73.392302273585003, -37.676686120068098 ], [ -73.392314634281306, -37.676895401476301 ], [ -73.392344303173203, -37.676982093122298 ], [ -73.392394642524096, -37.6771070365916 ], [ -73.392450817208598, -37.677226883373002 ], [ -73.392482498994895, -37.677347645014599 ], [ -73.392488249040994, -37.677444985193503 ], [ -73.392482039974297, -37.677547648751798 ], [ -73.392457172935806, -37.677646131452299 ], [ -73.392456511658295, -37.6777388337715 ], [ -73.392462261751305, -37.677836173947298 ], [ -73.392468586811404, -37.677943246879799 ], [ -73.392549832003596, -37.678071914953598 ], [ -73.392629065873905, -37.678166511970701 ], [ -73.392749151443198, -37.678225441940803 ], [ -73.392887032684101, -37.678273950730301 ], [ -73.393027876169896, -37.678268694328203 ], [ -73.393150346720901, -37.678264123482698 ], [ -73.393272243270999, -37.678249818821698 ], [ -73.393410498511699, -37.678200759212203 ], [ -73.393456897106105, -37.678155127137202 ], [ -73.393535151437902, -37.678025385315998 ], [ -73.393590346753399, -37.677920893282803 ], [ -73.393604692286004, -37.677852069340901 ], [ -73.393644392663205, -37.677796932107398 ], [ -73.393702753341799, -37.677745976334599 ], [ -73.393815157169101, -37.677571059392697 ], [ -73.393905081733493, -37.677431126614202 ], [ -73.394128942528695, -37.677169128121498 ], [ -73.394235797097593, -37.6770041730814 ], [ -73.394408283905904, -37.676807502412402 ], [ -73.394463478346395, -37.676703010045003 ], [ -73.394500877680699, -37.676608937117898 ], [ -73.394521057221496, -37.6765350172764 ], [ -73.394552332603197, -37.676441172064102 ], [ -73.394559402860494, -37.676353109424099 ], [ -73.394591252296294, -37.676268998780998 ], [ -73.394606172009901, -37.676209909312497 ], [ -73.394642049310704, -37.676193936742003 ], [ -73.394680515278395, -37.676221766852102 ], [ -73.3946953503808, -37.676265113223401 ], [ -73.394698801983907, -37.676323516808502 ], [ -73.394758228044495, -37.676394463678903 ], [ -73.394813831641699, -37.6765045754642 ], [ -73.394932599194703, -37.676748905777103 ], [ -73.395042943583704, -37.676954528224002 ], [ -73.395137014699202, -37.677092469733402 ], [ -73.395247730490894, -37.677200524327702 ], [ -73.395395476034693, -37.677312072275001 ], [ -73.395459874384699, -37.677363321964798 ], [ -73.395548768209096, -37.677413657793103 ], [ -73.395667129347203, -37.677443382026297 ], [ -73.395782242789195, -37.677522004742201 ], [ -73.395847793618501, -37.6775927222753 ], [ -73.395883589682299, -37.677679184988598 ], [ -73.395888481060396, -37.677761923847598 ], [ -73.395905907882707, -37.677849071660397 ], [ -73.395977869687897, -37.677924428587403 ], [ -73.396178138441101, -37.677990114593896 ], [ -73.396267610113199, -37.678050183363297 ], [ -73.396293174602107, -37.678171172276897 ], [ -73.396615420327805, -37.678120114881501 ], [ -73.397109649998598, -37.6777602113822 ] ] ] } },
{ "type": "Feature", "properties": { "id": "monoparte.4", "Name": null, "description": null, "timestamp": null, "begin": null, "end": null, "altitudeMode": null, "tessellate": -1, "extrude": 0, "visibility": -1, "drawOrder": null, "icon": null, "REG": "Biobío", "COM": "Los Álamos", "LOC": "Antiguala y Temuco chico", "ZONA": "ZA1", "NOM": "Zona residencial mixta 1", "UPERM": "Residencial. Equipamiento: comercio, culto y cultura, deporte, educacion, salud, servicios, social. Actividades productivas.", "UPROH": "Todos los usos de suelo no mencionados como permitidos.", "P_DO": "12/03/2008", "N_DOC": "1705", "T_DO": "Resolución", "OBS": null }, "geometry": { "type": "Polygon", "coordinates": [ [ [ -73.399136153493899, -37.681308640888098 ], [ -73.399906832365403, -37.681238374297898 ], [ -73.399477047443497, -37.680405715067998 ], [ -73.398892396193901, -37.6792374017882 ], [ -73.398655977687099, -37.678768220255598 ], [ -73.398524868711505, -37.6786267869646 ], [ -73.398048849949902, -37.678049491639896 ], [ -73.397474288847505, -37.677466120569399 ], [ -73.396729591135895, -37.676703746564499 ], [ -73.396019923902699, -37.6759107938339 ], [ -73.395296874292498, -37.675098824956599 ], [ -73.395074299291693, -37.674863248938799 ], [ -73.394764441070905, -37.674396799586802 ], [ -73.394521672949196, -37.674079054727898 ], [ -73.394532091561302, -37.673995745081797 ], [ -73.394481032354307, -37.673858635302302 ], [ -73.394347783669105, -37.673680695304697 ], [ -73.394091192353301, -37.673336637332397 ], [ -73.393773701105204, -37.672948514435099 ], [ -73.393396362813704, -37.672482141624002 ], [ -73.393142079211103, -37.672177017463902 ], [ -73.392681698988, -37.671655208731998 ], [ -73.3923574819744, -37.671308792044201 ], [ -73.391953669368107, -37.670965345902403 ], [ -73.392148779181895, -37.670216649135902 ], [ -73.392263739367607, -37.6697733631296 ], [ -73.392061770812504, -37.669678466899299 ], [ -73.391913185120103, -37.669552311487799 ], [ -73.391754742029306, -37.669363113081403 ], [ -73.391669396523696, -37.669268743155797 ], [ -73.391616854752797, -37.669002427063198 ], [ -73.391444355498905, -37.668886918245398 ], [ -73.391027893235005, -37.668692711600599 ], [ -73.391238504925397, -37.6678946613835 ], [ -73.391429747037705, -37.6679119156382 ], [ -73.391611992651903, -37.667880727779 ], [ -73.391718465743594, -37.6678133450988 ], [ -73.391823503000396, -37.667721627634499 ], [ -73.391936098728095, -37.667654016344997 ], [ -73.3920885913967, -37.667638570935601 ], [ -73.392237549690606, -37.667667157502798 ], [ -73.39239521543, -37.667739318380001 ], [ -73.3924703244585, -37.667868214940498 ], [ -73.392482683961802, -37.668077496530003 ], [ -73.392493318022701, -37.668257576231902 ], [ -73.392558482007004, -37.668425865182201 ], [ -73.392626895303806, -37.668545256336699 ], [ -73.392742799320601, -37.668014135040501 ], [ -73.392842922086004, -37.667527503744303 ], [ -73.392913493547098, -37.667163916397499 ], [ -73.3929940100018, -37.666760937414601 ], [ -73.393113445989499, -37.666185785526203 ], [ -73.393293703528599, -37.665393742073597 ], [ -73.393396983602898, -37.664960646177697 ], [ -73.393610837895096, -37.664425869527498 ], [ -73.393699857762897, -37.663959162258799 ], [ -73.393711584511095, -37.6635343611023 ], [ -73.3936699352804, -37.663140818300299 ], [ -73.393609918764696, -37.662747960952302 ], [ -73.393469252207197, -37.6622361712488 ], [ -73.393219049550495, -37.661635790354403 ], [ -73.3918869910501, -37.661729391328002 ], [ -73.391570070472795, -37.661765603168703 ], [ -73.391455062412106, -37.662935673954003 ], [ -73.391292956822298, -37.663619727044598 ], [ -73.391144709571094, -37.6641227864 ], [ -73.391003049817598, -37.6644256129998 ], [ -73.390713119043994, -37.664919323396497 ], [ -73.390430261222306, -37.665324970499 ], [ -73.390173612059797, -37.665758904981502 ], [ -73.390074985378106, -37.6658552608123 ], [ -73.389789522310096, -37.665904928314802 ], [ -73.389530362222104, -37.665880447715601 ], [ -73.389207967232807, -37.665824179932599 ], [ -73.388966980716503, -37.665691709494602 ], [ -73.388848160616106, -37.665549807831198 ], [ -73.388765500651999, -37.665396801024599 ], [ -73.388464532766207, -37.665183644717501 ], [ -73.388012126445602, -37.664795655627003 ], [ -73.387940771356597, -37.6653543780034 ], [ -73.387829999932706, -37.665973103043001 ], [ -73.387734241638498, -37.666118127563401 ], [ -73.387578977820297, -37.666294636173497 ], [ -73.387420842649206, -37.666422473211298 ], [ -73.387157473254504, -37.666534720728002 ], [ -73.386879274959597, -37.666603621689603 ], [ -73.386641638897103, -37.666631988167701 ], [ -73.386125038519097, -37.666612214786902 ], [ -73.385481294986604, -37.666621564890903 ], [ -73.385040748515905, -37.666642853852899 ], [ -73.385264787638405, -37.667424703935403 ], [ -73.385374896051601, -37.667835211591502 ], [ -73.385470274211997, -37.6680999343886 ], [ -73.385508636511005, -37.6682302046489 ], [ -73.385824054176993, -37.6685842845867 ], [ -73.385862703284602, -37.668719422040702 ], [ -73.385873513115001, -37.669006806358396 ], [ -73.385869013767405, -37.6694508496279 ], [ -73.385884701750101, -37.669820974036497 ], [ -73.385892162537203, -37.670259693650202 ], [ -73.385828826029694, -37.670642516550402 ], [ -73.385699427900093, -37.671049752663997 ], [ -73.385506022925597, -37.671464250373802 ], [ -73.3852974992555, -37.671830532616298 ], [ -73.385207946635802, -37.672028978777199 ], [ -73.385070746669697, -37.672356022088003 ], [ -73.384958325540893, -37.672687019353702 ], [ -73.384865801524398, -37.673095319206901 ], [ -73.384823030877598, -37.673306655641099 ], [ -73.384790689147394, -37.673590769413003 ], [ -73.384789634520402, -37.6737810407366 ], [ -73.384818048045503, -37.673950704087503 ], [ -73.3848901859389, -37.674133371835801 ], [ -73.384977824241204, -37.674266683705298 ], [ -73.385108613318195, -37.674403266049097 ], [ -73.385274994749594, -37.674519011996601 ], [ -73.385493903300102, -37.674588900374403 ], [ -73.385583074642, -37.674644111713803 ], [ -73.385599340313206, -37.674711793483802 ], [ -73.385611203391093, -37.674808906497397 ], [ -73.385548152515597, -37.674884421368098 ], [ -73.385391815277998, -37.674939023350099 ], [ -73.385183236641396, -37.675044349718497 ], [ -73.384951024488402, -37.675165188378301 ], [ -73.384619306085597, -37.675367776961302 ], [ -73.384484207934705, -37.675470364153902 ], [ -73.384304998438395, -37.675657515153802 ], [ -73.384180898950802, -37.675842615130399 ], [ -73.384107509834706, -37.676055091740302 ], [ -73.384681292659494, -37.6764190620436 ], [ -73.385165908292294, -37.676727817707103 ], [ -73.385745826392807, -37.677091554851899 ], [ -73.385923600565107, -37.677192241140702 ], [ -73.3864439148184, -37.677377717845502 ], [ -73.387423404652097, -37.677648511852098 ], [ -73.3873214003535, -37.677271849309697 ], [ -73.387258907554397, -37.676732749344502 ], [ -73.387232009072903, -37.676172810592703 ], [ -73.387259934696004, -37.675605951328599 ], [ -73.387340680272303, -37.675310276999298 ], [ -73.387392531976403, -37.675044946770498 ], [ -73.3874174989339, -37.6748440283043 ], [ -73.387437010094501, -37.674550636265202 ], [ -73.387434037769694, -37.674292226555501 ], [ -73.387457476294301, -37.674169408818898 ], [ -73.3875082795998, -37.674094349484399 ], [ -73.387572188089294, -37.674033434804798 ], [ -73.387697618610801, -37.673975104017899 ], [ -73.387746884134998, -37.673665969711102 ], [ -73.387841596453896, -37.673399040788901 ], [ -73.387989119395002, -37.673091121773403 ], [ -73.3882998527056, -37.672533230136096 ], [ -73.388620819388194, -37.671940812841797 ], [ -73.388474531687507, -37.671853589708903 ], [ -73.388399997882601, -37.671734425136599 ], [ -73.388381147137494, -37.671622939812899 ], [ -73.388464367054397, -37.671161329050598 ], [ -73.388532079943005, -37.670436897865997 ], [ -73.388694589331294, -37.669343102871402 ], [ -73.388780668422797, -37.668617986831698 ], [ -73.388831270180305, -37.6684356235709 ], [ -73.389066234922495, -37.668465885622098 ], [ -73.389241406518494, -37.668522764932497 ], [ -73.389396684518005, -37.668658430403902 ], [ -73.389893992706803, -37.669078882210798 ], [ -73.390254971495693, -37.669372717942601 ], [ -73.390701295688601, -37.669760924100999 ], [ -73.391034825348299, -37.670109436505598 ], [ -73.390894770538395, -37.6702317267127 ], [ -73.390703542815899, -37.670526646021898 ], [ -73.390494519378805, -37.670831983911398 ], [ -73.390284055660004, -37.6711129878151 ], [ -73.389905504633305, -37.671561224452702 ], [ -73.389770709503097, -37.671746727852501 ], [ -73.390266122198298, -37.6720306718356 ], [ -73.391248822502106, -37.6725647129335 ], [ -73.391491560416299, -37.672726377972403 ], [ -73.391795730481306, -37.672993061338801 ], [ -73.392463496435496, -37.673597373690598 ], [ -73.3936184104289, -37.674656640625699 ], [ -73.394239030333395, -37.675189536189301 ], [ -73.394739576416697, -37.675663499904999 ], [ -73.395422227512398, -37.676311138544598 ], [ -73.395734852087401, -37.676616517401698 ], [ -73.396316173503905, -37.677106968437201 ], [ -73.397109649998598, -37.6777602113822 ], [ -73.397498361336105, -37.678106642123502 ], [ -73.397708418667406, -37.678337802720499 ], [ -73.397708836471296, -37.678552407346899 ], [ -73.398039196596997, -37.678949792556601 ], [ -73.3983753185843, -37.679444516871001 ], [ -73.398559870037005, -37.679866860815402 ], [ -73.398850888142405, -37.680636420608103 ], [ -73.399136153493899, -37.681308640888098 ] ] ] } },
{ "type": "Feature", "properties": { "id": "monoparte.5", "Name": null, "description": null, "timestamp": null, "begin": null, "end": null, "altitudeMode": null, "tessellate": -1, "extrude": 0, "visibility": -1, "drawOrder": null, "icon": null, "REG": "Biobío", "COM": "Los Álamos", "LOC": "Antiguala y Temuco chico", "ZONA": "ZA2", "NOM": "Zona residencial mixta 2", "UPERM": "Residencial. Equipamiento: culto y cultura, deporte, educacion, salud, seguridad, servicios, social. Actividades productivas.", "UPROH": "Todos los usos de suelo no mencionados como permitidos.", "P_DO": "12/03/2008", "N_DOC": "1705", "T_DO": "Resolución", "OBS": null }, "geometry": { "type": "Polygon", "coordinates": [ [ [ -73.399906832365403, -37.681238374297898 ], [ -73.401388532497506, -37.681126883094599 ], [ -73.402459966483306, -37.678491867373801 ], [ -73.400684717283795, -37.678568006910297 ], [ -73.399403718121206, -37.677454994269397 ], [ -73.399141504369396, -37.6771721307748 ], [ -73.398846736105895, -37.676753907402798 ], [ -73.398548516645803, -37.676277278881699 ], [ -73.398277674598205, -37.675848403808303 ], [ -73.398023267490998, -37.6752823380832 ], [ -73.397675945701806, -37.674597798409202 ], [ -73.397521952059606, -37.674276743477897 ], [ -73.397458600184905, -37.674191310682097 ], [ -73.397271018757806, -37.674132469669999 ], [ -73.397143478356696, -37.674103089828101 ], [ -73.397035970761294, -37.673997357018202 ], [ -73.396978168856094, -37.673901961523498 ], [ -73.396948208429606, -37.673810403125898 ], [ -73.396966369678395, -37.673702415910597 ], [ -73.397016092203202, -37.673505449334499 ], [ -73.397004973242503, -37.673369287830397 ], [ -73.396985860477699, -37.6732017197102 ], [ -73.396913838623703, -37.673021495695899 ], [ -73.396855789300901, -37.6728700150314 ], [ -73.396776702730904, -37.672777853431597 ], [ -73.396152907741893, -37.673125520715502 ], [ -73.3952513861705, -37.6736542753777 ], [ -73.394764528544499, -37.673930972955503 ], [ -73.394521672949196, -37.674079054727898 ], [ -73.394764441070905, -37.674396799586802 ], [ -73.395074299291693, -37.674863248938799 ], [ -73.395296874292498, -37.675098824956599 ], [ -73.396019923902699, -37.6759107938339 ], [ -73.396729591135895, -37.676703746564499 ], [ -73.397474288847505, -37.677466120569399 ], [ -73.398048849949902, -37.678049491639896 ], [ -73.398524868711505, -37.6786267869646 ], [ -73.398655977687099, -37.678768220255598 ], [ -73.398892396193901, -37.6792374017882 ], [ -73.399477047443497, -37.680405715067998 ], [ -73.399906832365403, -37.681238374297898 ] ] ] } },
{ "type": "Feature", "properties": { "id": "monoparte.6", "Name": null, "description": null, "timestamp": null, "begin": null, "end": null, "altitudeMode": null, "tessellate": -1, "extrude": 0, "visibility": -1, "drawOrder": null, "icon": null, "REG": "Biobío", "COM": "Los Álamos", "LOC": "Antiguala y Temuco chico", "ZONA": "ZEB", "NOM": "Zona equipamiento deportivo", "UPERM": "Equipamiento: comercio, culto y cultura, deporte, esparcimiento.", "UPROH": "Todos los usos de suelo no mencionados como permitidos.", "P_DO": "12/03/2008", "N_DOC": "1705", "T_DO": "Resolución", "OBS": null }, "geometry": { "type": "Polygon", "coordinates": [ [ [ -73.396776702730904, -37.672777853431597 ], [ -73.396682203344596, -37.672632612129803 ], [ -73.396460495554393, -37.672411640249003 ], [ -73.3962929524955, -37.672276442772002 ], [ -73.396198229024407, -37.672231203068797 ], [ -73.395781696386194, -37.672451622819402 ], [ -73.394799572374495, -37.6729663125952 ], [ -73.394091192353301, -37.673336637332397 ], [ -73.394347783669105, -37.673680695304697 ], [ -73.394481032354307, -37.673858635302302 ], [ -73.394532091561302, -37.673995745081797 ], [ -73.394521672949196, -37.674079054727898 ], [ -73.394764528544499, -37.673930972955503 ], [ -73.3952513861705, -37.6736542753777 ], [ -73.396152907741893, -37.673125520715502 ], [ -73.396776702730904, -37.672777853431597 ] ] ] } },
{ "type": "Feature", "properties": { "id": "monoparte.7", "Name": null, "description": null, "timestamp": null, "begin": null, "end": null, "altitudeMode": null, "tessellate": -1, "extrude": 0, "visibility": -1, "drawOrder": null, "icon": null, "REG": "Biobío", "COM": "Los Álamos", "LOC": "Antiguala y Temuco chico", "ZONA": "ZA2", "NOM": "Zona residencial mixta 2", "UPERM": "Residencial. Equipamiento: culto y cultura, deporte, educacion, salud, seguridad, servicios, social. Actividades productivas.", "UPROH": "Todos los usos de suelo no mencionados como permitidos.", "P_DO": "12/03/2008", "N_DOC": "1705", "T_DO": "Resolución", "OBS": null }, "geometry": { "type": "Polygon", "coordinates": [ [ [ -73.396198229024407, -37.672231203068797 ], [ -73.396045522787404, -37.672139351341897 ], [ -73.395847077661799, -37.672000430123298 ], [ -73.395623565619601, -37.671852689477902 ], [ -73.395388384099107, -37.671715139222997 ], [ -73.395244967112305, -37.671676594895899 ], [ -73.395026920542804, -37.671621324783203 ], [ -73.394814424768001, -37.671556092809801 ], [ -73.394639241154394, -37.671499221685302 ], [ -73.394377270853596, -37.67132364807 ], [ -73.394151750745607, -37.671141834295902 ], [ -73.394058553811902, -37.671018493092099 ], [ -73.393954547024904, -37.670919942639699 ], [ -73.393898088220993, -37.670795229065398 ], [ -73.393778386276594, -37.670638730890801 ], [ -73.3936330440756, -37.670463680248702 ], [ -73.393407528522303, -37.670281865649102 ], [ -73.393195410427595, -37.670119060825499 ], [ -73.392966936923401, -37.669991011112799 ], [ -73.392686231699201, -37.6699136874077 ], [ -73.392263739367607, -37.6697733631296 ], [ -73.392148779181895, -37.670216649135902 ], [ -73.391953669368107, -37.670965345902403 ], [ -73.3923574819744, -37.671308792044201 ], [ -73.392681698988, -37.671655208731998 ], [ -73.393142079211103, -37.672177017463902 ], [ -73.393396362813704, -37.672482141624002 ], [ -73.393773701105204, -37.672948514435099 ], [ -73.394091192353301, -37.673336637332397 ], [ -73.394799572374495, -37.6729663125952 ], [ -73.395781696386194, -37.672451622819402 ], [ -73.396198229024407, -37.672231203068797 ] ] ] } },
{ "type": "Feature", "properties": { "id": "monoparte.8", "Name": null, "description": null, "timestamp": null, "begin": null, "end": null, "altitudeMode": null, "tessellate": -1, "extrude": 0, "visibility": -1, "drawOrder": null, "icon": null, "REG": "Biobío", "COM": "Los Álamos", "LOC": "Antiguala y Temuco chico", "ZONA": "ZP2", "NOM": "Zona proteccion por interes paisajisticos", "UPERM": "Equipamiento: comercio, culto y cultura, deporte, educacion, esparcimiento, social.", "UPROH": "Todos los usos de suelo no mencionados como permitidos.", "P_DO": "12/03/2008", "N_DOC": "1705", "T_DO": "Resolución", "OBS": null }, "geometry": { "type": "Polygon", "coordinates": [ [ [ -73.402459966483306, -37.678491867373801 ], [ -73.403210118508497, -37.676754167793398 ], [ -73.401046380158505, -37.674620601723099 ], [ -73.399481214276406, -37.673059705652001 ], [ -73.398243564416404, -37.671847502278901 ], [ -73.396646959468299, -37.670375539273799 ], [ -73.3960555437897, -37.669817175982999 ], [ -73.395562880716795, -37.669372188797603 ], [ -73.395326928289094, -37.669117601144499 ], [ -73.395093649718405, -37.668804381566702 ], [ -73.394885725949806, -37.668504846191901 ], [ -73.394727732371294, -37.668115647661303 ], [ -73.394594520418096, -37.6677304026461 ], [ -73.394542425962101, -37.667264083865099 ], [ -73.394524971643307, -37.666864762215198 ], [ -73.394456354758006, -37.666638069919003 ], [ -73.394398747850204, -37.666493887313102 ], [ -73.394265861345602, -37.666425682160799 ], [ -73.394153927897605, -37.666400593212899 ], [ -73.394062089503706, -37.666404022137201 ], [ -73.393941649854497, -37.666442661904597 ], [ -73.393884161036496, -37.666508218193698 ], [ -73.393852025247696, -37.666587461295599 ], [ -73.393826874792893, -37.6666810767938 ], [ -73.393813969101501, -37.666774235260696 ], [ -73.393821154995905, -37.666895910975903 ], [ -73.3938467099116, -37.6670169010726 ], [ -73.393853898130203, -37.667138575794297 ], [ -73.393854961171598, -37.6672604800359 ], [ -73.393828000953604, -37.667427328715497 ], [ -73.393747776218305, -37.667835175278 ], [ -73.393616757421199, -37.668318083231703 ], [ -73.393488785399299, -37.668644790970802 ], [ -73.393387486281, -37.668799780908898 ], [ -73.393286561765393, -37.668857202906104 ], [ -73.393146885956199, -37.668881926733803 ], [ -73.393036387402802, -37.668881172404397 ], [ -73.392916604992607, -37.668827109913202 ], [ -73.392797110144897, -37.668777913673701 ], [ -73.392724873768699, -37.668697687574898 ], [ -73.392626895303806, -37.668545256336699 ], [ -73.392558482007004, -37.668425865182201 ], [ -73.392493318022701, -37.668257576231902 ], [ -73.392482683961802, -37.668077496530003 ], [ -73.3924703244585, -37.667868214940498 ], [ -73.39239521543, -37.667739318380001 ], [ -73.392237549690606, -37.667667157502798 ], [ -73.3920885913967, -37.667638570935601 ], [ -73.391936098728095, -37.667654016344997 ], [ -73.391823503000396, -37.667721627634499 ], [ -73.391718465743594, -37.6678133450988 ], [ -73.391611992651903, -37.667880727779 ], [ -73.391429747037705, -37.6679119156382 ], [ -73.391238504925397, -37.6678946613835 ], [ -73.391027893235005, -37.668692711600599 ], [ -73.391444355498905, -37.668886918245398 ], [ -73.391616854752797, -37.669002427063198 ], [ -73.391669396523696, -37.669268743155797 ], [ -73.391754742029306, -37.669363113081403 ], [ -73.391913185120103, -37.669552311487799 ], [ -73.392061770812504, -37.669678466899299 ], [ -73.392263739367607, -37.6697733631296 ], [ -73.392686231699201, -37.6699136874077 ], [ -73.392966936923401, -37.669991011112799 ], [ -73.393195410427595, -37.670119060825499 ], [ -73.393407528522303, -37.670281865649102 ], [ -73.3936330440756, -37.670463680248702 ], [ -73.393778386276594, -37.670638730890801 ], [ -73.393898088220993, -37.670795229065398 ], [ -73.393954547024904, -37.670919942639699 ], [ -73.394058553811902, -37.671018493092099 ], [ -73.394151750745607, -37.671141834295902 ], [ -73.394377270853596, -37.67132364807 ], [ -73.394639241154394, -37.671499221685302 ], [ -73.394814424768001, -37.671556092809801 ], [ -73.395026920542804, -37.671621324783203 ], [ -73.395244967112305, -37.671676594895899 ], [ -73.395388384099107, -37.671715139222997 ], [ -73.395623565619601, -37.671852689477902 ], [ -73.395847077661799, -37.672000430123298 ], [ -73.396045522787404, -37.672139351341897 ], [ -73.396198229024407, -37.672231203068797 ], [ -73.3962929524955, -37.672276442772002 ], [ -73.396460495554393, -37.672411640249003 ], [ -73.396682203344596, -37.672632612129803 ], [ -73.396776702730904, -37.672777853431597 ], [ -73.396855789300901, -37.6728700150314 ], [ -73.396913838623703, -37.673021495695899 ], [ -73.396985860477699, -37.6732017197102 ], [ -73.397004973242503, -37.673369287830397 ], [ -73.397016092203202, -37.673505449334499 ], [ -73.396966369678395, -37.673702415910597 ], [ -73.396948208429606, -37.673810403125898 ], [ -73.396978168856094, -37.673901961523498 ], [ -73.397035970761294, -37.673997357018202 ], [ -73.397143478356696, -37.674103089828101 ], [ -73.397271018757806, -37.674132469669999 ], [ -73.397458600184905, -37.674191310682097 ], [ -73.397521952059606, -37.674276743477897 ], [ -73.397675945701806, -37.674597798409202 ], [ -73.398023267490998, -37.6752823380832 ], [ -73.398277674598205, -37.675848403808303 ], [ -73.398548516645803, -37.676277278881699 ], [ -73.398846736105895, -37.676753907402798 ], [ -73.399141504369396, -37.6771721307748 ], [ -73.399403718121206, -37.677454994269397 ], [ -73.400684717283795, -37.678568006910297 ], [ -73.402459966483306, -37.678491867373801 ] ], [ [ -73.402293698975001, -37.677134763060799 ], [ -73.401941703392097, -37.678030794233003 ], [ -73.400762097959799, -37.6782163571268 ], [ -73.400638838423106, -37.678103899867601 ], [ -73.400292691119006, -37.677751011653697 ], [ -73.399909806605706, -37.677399494662303 ], [ -73.399565393928299, -37.677075805446101 ], [ -73.399339556453498, -37.676889137264901 ], [ -73.399195991711593, -37.676640861461102 ], [ -73.399028952817105, -37.676203230744797 ], [ -73.398840301580407, -37.675815184662703 ], [ -73.398745074146305, -37.675657778368802 ], [ -73.398525731880198, -37.675373311152498 ], [ -73.398251359756301, -37.674988468003903 ], [ -73.398168957628997, -37.674840337055301 ], [ -73.397984920210007, -37.674530160457302 ], [ -73.397832730665797, -37.674135873962001 ], [ -73.397787932831307, -37.674000970850699 ], [ -73.397927197832601, -37.673761637251502 ], [ -73.398247642596502, -37.673369201191299 ], [ -73.398662552798996, -37.673743915900701 ], [ -73.398990668470006, -37.6739999290009 ], [ -73.399382820500506, -37.674404758535097 ], [ -73.399788663748595, -37.674833462168003 ], [ -73.400134292802207, -37.675074184119801 ], [ -73.400609013936304, -37.6754222665162 ], [ -73.401036195043602, -37.6757965134179 ], [ -73.401405676977802, -37.676129016918502 ], [ -73.4017384222944, -37.676462892939398 ], [ -73.402293698975001, -37.677134763060799 ] ] ] } },
{ "type": "Feature", "properties": { "id": "monoparte.9", "Name": null, "description": null, "timestamp": null, "begin": null, "end": null, "altitudeMode": null, "tessellate": -1, "extrude": 0, "visibility": -1, "drawOrder": null, "icon": null, "REG": "Biobío", "COM": "Los Álamos", "LOC": "Antiguala y Temuco chico", "ZONA": "ZR1", "NOM": "Zona restriccion por riesgo de inundacion", "UPERM": "Equipamiento: deporte.", "UPROH": "Todos los usos de suelo no mencionados como permitidos.", "P_DO": "12/03/2008", "N_DOC": "1705", "T_DO": "Resolución", "OBS": null }, "geometry": { "type": "Polygon", "coordinates": [ [ [ -73.402293698975001, -37.677134763060799 ], [ -73.4017384222944, -37.676462892939398 ], [ -73.401405676977802, -37.676129016918502 ], [ -73.401036195043602, -37.6757965134179 ], [ -73.400609013936304, -37.6754222665162 ], [ -73.400134292802207, -37.675074184119801 ], [ -73.399788663748595, -37.674833462168003 ], [ -73.399382820500506, -37.674404758535097 ], [ -73.398990668470006, -37.6739999290009 ], [ -73.398662552798996, -37.673743915900701 ], [ -73.398247642596502, -37.673369201191299 ], [ -73.397927197832601, -37.673761637251502 ], [ -73.397787932831307, -37.674000970850699 ], [ -73.397832730665797, -37.674135873962001 ], [ -73.397984920210007, -37.674530160457302 ], [ -73.398168957628997, -37.674840337055301 ], [ -73.398251359756301, -37.674988468003903 ], [ -73.398525731880198, -37.675373311152498 ], [ -73.398745074146305, -37.675657778368802 ], [ -73.398840301580407, -37.675815184662703 ], [ -73.399028952817105, -37.676203230744797 ], [ -73.399195991711593, -37.676640861461102 ], [ -73.399339556453498, -37.676889137264901 ], [ -73.399565393928299, -37.677075805446101 ], [ -73.399909806605706, -37.677399494662303 ], [ -73.400292691119006, -37.677751011653697 ], [ -73.400638838423106, -37.678103899867601 ], [ -73.400762097959799, -37.6782163571268 ], [ -73.401941703392097, -37.678030794233003 ], [ -73.402293698975001, -37.677134763060799 ] ] ] } },
{ "type": "Feature", "properties": { "id": "monoparte.10", "Name": null, "description": null, "timestamp": null, "begin": null, "end": null, "altitudeMode": null, "tessellate": -1, "extrude": 0, "visibility": -1, "drawOrder": null, "icon": null, "REG": "Biobío", "COM": "Los Álamos", "LOC": "Antiguala y Temuco chico", "ZONA": "ZA2", "NOM": "Zona residencial mixta 2", "UPERM": "Residencial. Equipamiento: culto y cultura, deporte, educacion, salud, seguridad, servicios, social. Actividades productivas.", "UPROH": "Todos los usos de suelo no mencionados como permitidos.", "P_DO": "12/03/2008", "N_DOC": "1705", "T_DO": "Resolución", "OBS": null }, "geometry": { "type": "Polygon", "coordinates": [ [ [ -73.393144505942203, -37.681800699297703 ], [ -73.393090051485501, -37.681710055028802 ], [ -73.393027172299, -37.6815807029217 ], [ -73.392990514417704, -37.681479638371499 ], [ -73.392924758838703, -37.681301617097397 ], [ -73.392888676384004, -37.681210286141301 ], [ -73.392784944135798, -37.681116602800202 ], [ -73.392695759778803, -37.681061398687802 ], [ -73.392508307199705, -37.681004983708497 ], [ -73.392332239414699, -37.680933509561903 ], [ -73.392135500557004, -37.680823785123899 ], [ -73.391991290867793, -37.6806682018427 ], [ -73.391942386694893, -37.680567593861198 ], [ -73.391892331543602, -37.680447517671197 ], [ -73.391886581654305, -37.6803501774639 ], [ -73.391889917602001, -37.680198843758198 ], [ -73.391874593768705, -37.6800433273824 ], [ -73.391827300356198, -37.679762183745602 ], [ -73.391788057910105, -37.679617315805601 ], [ -73.391714086023299, -37.679507887888001 ], [ -73.391619441398007, -37.679360208948999 ], [ -73.391528247838806, -37.679270934569097 ], [ -73.391326429518799, -37.678971166581299 ], [ -73.391244984565006, -37.678735196090898 ], [ -73.391195220618599, -37.678619986673603 ], [ -73.391188034846493, -37.678498310812998 ], [ -73.391165440702494, -37.678323555267497 ], [ -73.391154894082305, -37.678041040366402 ], [ -73.391163867846899, -37.677777307480298 ], [ -73.391171029004795, -37.677586807854702 ], [ -73.391159819755302, -37.6773969944418 ], [ -73.391113393922794, -37.677130451118401 ], [ -73.391019993069506, -37.676899803493299 ], [ -73.390936739116597, -37.676737066710501 ], [ -73.390828418883203, -37.676565507964 ], [ -73.390651302978597, -37.676372127887298 ], [ -73.390501267024007, -37.676221635959102 ], [ -73.390358506047605, -37.676090384526802 ], [ -73.390199385629302, -37.675993886440899 ], [ -73.390010027550204, -37.675800961900698 ], [ -73.389906683205695, -37.6756097063776 ], [ -73.389843527213401, -37.675475485447002 ], [ -73.389757692982002, -37.675268942715597 ], [ -73.389744100598193, -37.6751426284766 ], [ -73.389667837207199, -37.674994262195099 ], [ -73.389471587360603, -37.674684526753801 ], [ -73.389280221680295, -37.6744575323508 ], [ -73.389140337754895, -37.674374948537697 ], [ -73.3890232252012, -37.674262249212497 ], [ -73.3888069907415, -37.6741337352139 ], [ -73.388698299339694, -37.674059743884399 ], [ -73.3886965339303, -37.674159802709802 ], [ -73.3886925252868, -37.6744038394082 ], [ -73.388723337672502, -37.674510000644297 ], [ -73.388896252969104, -37.675152293538197 ], [ -73.389171184290007, -37.676171246522301 ], [ -73.389408035342598, -37.677064796595303 ], [ -73.389584126223895, -37.677760625075102 ], [ -73.388641487753006, -37.6780103950043 ], [ -73.388685319133202, -37.678233135911299 ], [ -73.388008768708204, -37.678624190048602 ], [ -73.387900449529198, -37.678452628475597 ], [ -73.387771177606496, -37.678237949303202 ], [ -73.387670132400899, -37.678085628397298 ], [ -73.387561241715602, -37.677904333537803 ], [ -73.387423404652097, -37.677648511852098 ], [ -73.3864439148184, -37.677377717845502 ], [ -73.385923600565107, -37.677192241140702 ], [ -73.3852026938319, -37.678080023024798 ], [ -73.384922727198699, -37.678431895236301 ], [ -73.384624959888995, -37.678794185052098 ], [ -73.384224424868194, -37.679287124210902 ], [ -73.383477979101698, -37.680158775439502 ], [ -73.384641978648702, -37.680539785858002 ], [ -73.3855773953388, -37.680895156118403 ], [ -73.385717477919201, -37.680772870603803 ], [ -73.385855263251599, -37.680611649091396 ], [ -73.386000988518404, -37.680376964911801 ], [ -73.386141545940703, -37.6800546733337 ], [ -73.386260477116906, -37.679781965868699 ], [ -73.386327832987007, -37.679467279898098 ], [ -73.386351556727405, -37.679037155539298 ], [ -73.386388389636707, -37.678621173107103 ], [ -73.386441486657603, -37.678272875018799 ], [ -73.386511044658604, -37.678099562199101 ], [ -73.386654660592598, -37.677933244584104 ], [ -73.386809279963302, -37.677849437613197 ], [ -73.386991266230297, -37.677813388855697 ], [ -73.387181958388098, -37.6778209147841 ], [ -73.387363275592406, -37.677877568193097 ], [ -73.387478382839006, -37.677956198606097 ], [ -73.387605069852995, -37.678127075955501 ], [ -73.387686881500699, -37.678265480723802 ], [ -73.3877441071281, -37.678507234823499 ], [ -73.387730814373796, -37.678697962113901 ], [ -73.387732444930293, -37.678829600535401 ], [ -73.387685372746802, -37.678967931530302 ], [ -73.387603282828806, -37.6791368350084 ], [ -73.387464169222994, -37.679483462617199 ], [ -73.387417579938898, -37.679733964469698 ], [ -73.387427252783397, -37.680001879449598 ], [ -73.387389944299201, -37.680305690821797 ], [ -73.387326510995706, -37.680478775847803 ], [ -73.387230928688695, -37.6807311037755 ], [ -73.3871360144947, -37.680890728946601 ], [ -73.386814902809704, -37.681273405503099 ], [ -73.387879803019402, -37.681638565026702 ], [ -73.389001264504401, -37.6820259937844 ], [ -73.389626588239594, -37.6822221735817 ], [ -73.390747067044998, -37.682073070538102 ], [ -73.391801328348393, -37.681945939652898 ], [ -73.393144505942203, -37.681800699297703 ] ] ] } },
{ "type": "Feature", "properties": { "id": "monoparte.11", "Name": null, "description": null, "timestamp": null, "begin": null, "end": null, "altitudeMode": null, "tessellate": -1, "extrude": 0, "visibility": -1, "drawOrder": null, "icon": null, "REG": "Biobío", "COM": "Los Álamos", "LOC": "Antiguala y Temuco chico", "ZONA": "ZR2", "NOM": "Zona restriccion por riesgo de remocion", "UPERM": "No se permite ningun tipo de edificacion.", "UPROH": "Sin informacion.", "P_DO": "12/03/2008", "N_DOC": "1705", "T_DO": "Resolución", "OBS": null }, "geometry": { "type": "Polygon", "coordinates": [ [ [ -73.386814902809704, -37.681273405503099 ], [ -73.3871360144947, -37.680890728946601 ], [ -73.387230928688695, -37.6807311037755 ], [ -73.387326510995706, -37.680478775847803 ], [ -73.387389944299201, -37.680305690821797 ], [ -73.387427252783397, -37.680001879449598 ], [ -73.387417579938898, -37.679733964469698 ], [ -73.387464169222994, -37.679483462617199 ], [ -73.387603282828806, -37.6791368350084 ], [ -73.387685372746802, -37.678967931530302 ], [ -73.387732444930293, -37.678829600535401 ], [ -73.387730814373796, -37.678697962113901 ], [ -73.3877441071281, -37.678507234823499 ], [ -73.387686881500699, -37.678265480723802 ], [ -73.387605069852995, -37.678127075955501 ], [ -73.387478382839006, -37.677956198606097 ], [ -73.387363275592406, -37.677877568193097 ], [ -73.387181958388098, -37.6778209147841 ], [ -73.386991266230297, -37.677813388855697 ], [ -73.386809279963302, -37.677849437613197 ], [ -73.386654660592598, -37.677933244584104 ], [ -73.386511044658604, -37.678099562199101 ], [ -73.386441486657603, -37.678272875018799 ], [ -73.386388389636707, -37.678621173107103 ], [ -73.386351556727405, -37.679037155539298 ], [ -73.386327832987007, -37.679467279898098 ], [ -73.386260477116906, -37.679781965868699 ], [ -73.386141545940703, -37.6800546733337 ], [ -73.386000988518404, -37.680376964911801 ], [ -73.385855263251599, -37.680611649091396 ], [ -73.385717477919201, -37.680772870603803 ], [ -73.3855773953388, -37.680895156118403 ], [ -73.386814902809704, -37.681273405503099 ] ] ] } },
{ "type": "Feature", "properties": { "id": "monoparte.12", "Name": null, "description": null, "timestamp": null, "begin": null, "end": null, "altitudeMode": null, "tessellate": -1, "extrude": 0, "visibility": -1, "drawOrder": null, "icon": null, "REG": "Biobío", "COM": "Los Álamos", "LOC": "Antiguala y Temuco chico", "ZONA": "ZB1", "NOM": "Zona equipamiento 1", "UPERM": "Residencial. Equipamiento: comercio, culto y cultura, deporte, educacion, esparcimiento, salud, seguridad, servicios, social. Actividades productivas.", "UPROH": "Todos los usos de suelo no mencionados como permitidos.", "P_DO": "12/03/2008", "N_DOC": "1705", "T_DO": "Resolución", "OBS": null }, "geometry": { "type": "Polygon", "coordinates": [ [ [ -73.388641487753006, -37.6780103950043 ], [ -73.388477077999795, -37.677304373383699 ], [ -73.3882981278161, -37.676559872978402 ], [ -73.387973162711404, -37.6754208396584 ], [ -73.387585860951702, -37.675513320385001 ], [ -73.387259934696004, -37.675605951328599 ], [ -73.387232009072903, -37.676172810592703 ], [ -73.387258907554397, -37.676732749344502 ], [ -73.3873214003535, -37.677271849309697 ], [ -73.387423404652097, -37.677648511852098 ], [ -73.387561241715602, -37.677904333537803 ], [ -73.387670132400899, -37.678085628397298 ], [ -73.387771177606496, -37.678237949303202 ], [ -73.387900449529198, -37.678452628475597 ], [ -73.388008768708204, -37.678624190048602 ], [ -73.388685319133202, -37.678233135911299 ], [ -73.388641487753006, -37.6780103950043 ] ] ] } },
{ "type": "Feature", "properties": { "id": "monoparte.13", "Name": null, "description": null, "timestamp": null, "begin": null, "end": null, "altitudeMode": null, "tessellate": -1, "extrude": 0, "visibility": -1, "drawOrder": null, "icon": null, "REG": "Biobío", "COM": "Los Álamos", "LOC": "Antiguala y Temuco chico", "ZONA": "ZE", "NOM": "Area verde", "UPERM": "Area verde.", "UPROH": "Todos los usos de suelo no mencionados como permitidos.", "P_DO": "12/03/2008", "N_DOC": "1705", "T_DO": "Resolución", "OBS": null }, "geometry": { "type": "Polygon", "coordinates": [ [ [ -73.387973162711404, -37.6754208396584 ], [ -73.387907760364499, -37.675196461634002 ], [ -73.387831638999401, -37.674894441166998 ], [ -73.3877303079706, -37.674581164380797 ], [ -73.387700499492098, -37.674335949158703 ], [ -73.387686571300506, -37.6740998980246 ], [ -73.387697618610801, -37.673975104017899 ], [ -73.387572188089294, -37.674033434804798 ], [ -73.3875082795998, -37.674094349484399 ], [ -73.387457476294301, -37.674169408818898 ], [ -73.387434037769694, -37.674292226555501 ], [ -73.387437010094501, -37.674550636265202 ], [ -73.3874174989339, -37.6748440283043 ], [ -73.387392531976403, -37.675044946770498 ], [ -73.387340680272303, -37.675310276999298 ], [ -73.387259934696004, -37.675605951328599 ], [ -73.387585860951702, -37.675513320385001 ], [ -73.387973162711404, -37.6754208396584 ] ] ] } },
{ "type": "Feature", "properties": { "id": "monoparte.14", "Name": null, "description": null, "timestamp": null, "begin": null, "end": null, "altitudeMode": null, "tessellate": -1, "extrude": 0, "visibility": -1, "drawOrder": null, "icon": null, "REG": "Biobío", "COM": "Los Álamos", "LOC": "Antiguala y Temuco chico", "ZONA": "ZB1", "NOM": "Zona equipamiento 1", "UPERM": "Residencial. Equipamiento: comercio, culto y cultura, deporte, educacion, esparcimiento, salud, seguridad, servicios, social. Actividades productivas.", "UPROH": "Todos los usos de suelo no mencionados como permitidos.", "P_DO": "12/03/2008", "N_DOC": "1705", "T_DO": "Resolución", "OBS": null }, "geometry": { "type": "Polygon", "coordinates": [ [ [ -73.388641487753006, -37.6780103950043 ], [ -73.389584126223895, -37.677760625075102 ], [ -73.389408035342598, -37.677064796595303 ], [ -73.389171184290007, -37.676171246522301 ], [ -73.388896252969104, -37.675152293538197 ], [ -73.388723337672502, -37.674510000644297 ], [ -73.3886925252868, -37.6744038394082 ], [ -73.3886965339303, -37.674159802709802 ], [ -73.388698299339694, -37.674059743884399 ], [ -73.388653517819705, -37.673924836250002 ], [ -73.388642891998003, -37.673744755749802 ], [ -73.388659721391903, -37.673509996178304 ], [ -73.388661627787201, -37.673334326455098 ], [ -73.388698746153295, -37.673235387676797 ], [ -73.388847610465106, -37.673054238855102 ], [ -73.388936677288598, -37.672899707685097 ], [ -73.3893086350934, -37.672339532617499 ], [ -73.389770709503097, -37.671746727852501 ], [ -73.389905504633305, -37.671561224452702 ], [ -73.390284055660004, -37.6711129878151 ], [ -73.390494519378805, -37.670831983911398 ], [ -73.390703542815899, -37.670526646021898 ], [ -73.390894770538395, -37.6702317267127 ], [ -73.391034825348299, -37.670109436505598 ], [ -73.390701295688601, -37.669760924100999 ], [ -73.390254971495693, -37.669372717942601 ], [ -73.389893992706803, -37.669078882210798 ], [ -73.389396684518005, -37.668658430403902 ], [ -73.389241406518494, -37.668522764932497 ], [ -73.389066234922495, -37.668465885622098 ], [ -73.388831270180305, -37.6684356235709 ], [ -73.388780668422797, -37.668617986831698 ], [ -73.388694589331294, -37.669343102871402 ], [ -73.388532079943005, -37.670436897865997 ], [ -73.388464367054397, -37.671161329050598 ], [ -73.388381147137494, -37.671622939812899 ], [ -73.388399997882601, -37.671734425136599 ], [ -73.388474531687507, -37.671853589708903 ], [ -73.388620819388194, -37.671940812841797 ], [ -73.3882998527056, -37.672533230136096 ], [ -73.387989119395002, -37.673091121773403 ], [ -73.387841596453896, -37.673399040788901 ], [ -73.387746884134998, -37.673665969711102 ], [ -73.387697618610801, -37.673975104017899 ], [ -73.387686571300506, -37.6740998980246 ], [ -73.387700499492098, -37.674335949158703 ], [ -73.3877303079706, -37.674581164380797 ], [ -73.387831638999401, -37.674894441166998 ], [ -73.387907760364499, -37.675196461634002 ], [ -73.387973162711404, -37.6754208396584 ], [ -73.3882981278161, -37.676559872978402 ], [ -73.388477077999795, -37.677304373383699 ], [ -73.388641487753006, -37.6780103950043 ] ] ] } },
{ "type": "Feature", "properties": { "id": "monoparte.15", "Name": null, "description": null, "timestamp": null, "begin": null, "end": null, "altitudeMode": null, "tessellate": -1, "extrude": 0, "visibility": -1, "drawOrder": null, "icon": null, "REG": "Biobío", "COM": "Los Álamos", "LOC": "Antiguala y Temuco chico", "ZONA": "ZBCD1", "NOM": "Zona equipamientos, actividades productivas e infraestructura 1", "UPERM": "Residencial: comercio, seguridad, servicios. Actividades productivas.", "UPROH": "Todos los usos de suelo no mencionados como permitidos.", "P_DO": "12/03/2008", "N_DOC": "1705", "T_DO": "Resolución", "OBS": null }, "geometry": { "type": "Polygon", "coordinates": [ [ [ -73.385923600565107, -37.677192241140702 ], [ -73.385745826392807, -37.677091554851899 ], [ -73.385165908292294, -37.676727817707103 ], [ -73.384681292659494, -37.6764190620436 ], [ -73.384107509834706, -37.676055091740302 ], [ -73.383879310797596, -37.6762440667313 ], [ -73.383536771502904, -37.676471444640001 ], [ -73.383175859582906, -37.676699505736799 ], [ -73.382841260727801, -37.676853419276704 ], [ -73.382560337966495, -37.676980945129799 ], [ -73.382260184216804, -37.677094553115097 ], [ -73.381952757118796, -37.677188919015002 ], [ -73.381699294115506, -37.677261765951101 ], [ -73.381449087729706, -37.677285711772299 ], [ -73.381135064325704, -37.677268133695698 ], [ -73.380762199103302, -37.677189333925199 ], [ -73.379883588929005, -37.678109781070802 ], [ -73.380791388847996, -37.6786223073196 ], [ -73.381610027729295, -37.679079613396802 ], [ -73.382366005382906, -37.679514856318001 ], [ -73.383000760052099, -37.679871687127303 ], [ -73.3832624523546, -37.680042419242703 ], [ -73.383477979101698, -37.680158775439502 ], [ -73.384224424868194, -37.679287124210902 ], [ -73.384624959888995, -37.678794185052098 ], [ -73.384922727198699, -37.678431895236301 ], [ -73.3852026938319, -37.678080023024798 ], [ -73.385923600565107, -37.677192241140702 ] ] ] } },
{ "type": "Feature", "properties": { "id": "monoparte.16", "Name": null, "description": null, "timestamp": null, "begin": null, "end": null, "altitudeMode": null, "tessellate": -1, "extrude": 0, "visibility": -1, "drawOrder": null, "icon": null, "REG": "Biobío", "COM": "Los Álamos", "LOC": "Antiguala y Temuco chico", "ZONA": "ZP1", "NOM": "Zona proteccion por presencia de quebradas", "UPERM": "No se permite ningun tipo de edificacion.", "UPROH": "Sin informacion.", "P_DO": "12/03/2008", "N_DOC": "1705", "T_DO": "Resolución", "OBS": null }, "geometry": { "type": "Polygon", "coordinates": [ [ [ -73.380762199103302, -37.677189333925199 ], [ -73.381135064325704, -37.677268133695698 ], [ -73.381449087729706, -37.677285711772299 ], [ -73.381699294115506, -37.677261765951101 ], [ -73.381952757118796, -37.677188919015002 ], [ -73.382260184216804, -37.677094553115097 ], [ -73.382560337966495, -37.676980945129799 ], [ -73.382841260727801, -37.676853419276704 ], [ -73.383175859582906, -37.676699505736799 ], [ -73.383536771502904, -37.676471444640001 ], [ -73.383879310797596, -37.6762440667313 ], [ -73.384107509834706, -37.676055091740302 ], [ -73.384180898950802, -37.675842615130399 ], [ -73.384304998438395, -37.675657515153802 ], [ -73.384484207934705, -37.675470364153902 ], [ -73.384619306085597, -37.675367776961302 ], [ -73.384951024488402, -37.675165188378301 ], [ -73.385183236641396, -37.675044349718497 ], [ -73.385391815277998, -37.674939023350099 ], [ -73.385548152515597, -37.674884421368098 ], [ -73.385611203391093, -37.674808906497397 ], [ -73.385599340313206, -37.674711793483802 ], [ -73.385583074642, -37.674644111713803 ], [ -73.385493903300102, -37.674588900374403 ], [ -73.385274994749594, -37.674519011996601 ], [ -73.385108613318195, -37.674403266049097 ], [ -73.384977824241204, -37.674266683705298 ], [ -73.3848901859389, -37.674133371835801 ], [ -73.384818048045503, -37.673950704087503 ], [ -73.384789634520402, -37.6737810407366 ], [ -73.384790689147394, -37.673590769413003 ], [ -73.384823030877598, -37.673306655641099 ], [ -73.384865801524398, -37.673095319206901 ], [ -73.384958325540893, -37.672687019353702 ], [ -73.384624946847197, -37.672653098084197 ], [ -73.384470718774494, -37.672639332368703 ], [ -73.384313523282998, -37.672679331619797 ], [ -73.384237078985706, -37.672735833433599 ], [ -73.383953583719006, -37.673131733999703 ], [ -73.383754188002598, -37.673392802611701 ], [ -73.383626648857302, -37.673519497383701 ], [ -73.383395487624796, -37.673762237174103 ], [ -73.3832746445553, -37.673898436489999 ], [ -73.3833220965506, -37.673974713400497 ], [ -73.3833940432757, -37.674050078159397 ], [ -73.383520525969701, -37.674113656871398 ], [ -73.383628925914493, -37.674182786866297 ], [ -73.3836819283203, -37.674249100871698 ], [ -73.383718283488193, -37.674345302046198 ], [ -73.383728135715899, -37.674408345840803 ], [ -73.383684887630196, -37.674507512391003 ], [ -73.383516777935895, -37.674674737632401 ], [ -73.383274227444304, -37.674932535460897 ], [ -73.383128887477696, -37.675069646862198 ], [ -73.382967759684504, -37.6752512454661 ], [ -73.382778021321201, -37.675468053499202 ], [ -73.382672674140906, -37.675554897769999 ], [ -73.382533270228095, -37.6755844763303 ], [ -73.3824539511929, -37.675592307460498 ], [ -73.382287470630004, -37.675578995179499 ], [ -73.382102720628694, -37.675463927851702 ], [ -73.380762199103302, -37.677189333925199 ] ] ] } },
{ "type": "Feature", "properties": { "id": "monoparte.17", "Name": null, "description": null, "timestamp": null, "begin": null, "end": null, "altitudeMode": null, "tessellate": -1, "extrude": 0, "visibility": -1, "drawOrder": null, "icon": null, "REG": "Biobío", "COM": "Los Álamos", "LOC": "Antiguala y Temuco chico", "ZONA": "ZEB", "NOM": "Zona equipamiento deportivo", "UPERM": "Equipamiento: comercio, culto y cultura, deporte, esparcimiento.", "UPROH": "Todos los usos de suelo no mencionados como permitidos.", "P_DO": "12/03/2008", "N_DOC": "1705", "T_DO": "Resolución", "OBS": null }, "geometry": { "type": "Polygon", "coordinates": [ [ [ -73.393219049550495, -37.661635790354403 ], [ -73.393479243465407, -37.661626081178397 ], [ -73.393214010845, -37.6608750508369 ], [ -73.391915340544102, -37.660806441267702 ], [ -73.3918869910501, -37.661729391328002 ], [ -73.393219049550495, -37.661635790354403 ] ] ] } },
{ "type": "Feature", "properties": { "id": "monoparte.18", "Name": null, "description": null, "timestamp": null, "begin": null, "end": null, "altitudeMode": null, "tessellate": -1, "extrude": 0, "visibility": -1, "drawOrder": null, "icon": null, "REG": "Biobío", "COM": "Los Álamos", "LOC": "Antiguala y Temuco chico", "ZONA": "ZA2", "NOM": "Zona residencial mixta 2", "UPERM": "Residencial. Equipamiento: culto y cultura, deporte, educacion, salud, seguridad, servicios, social. Actividades productivas.", "UPROH": "Todos los usos de suelo no mencionados como permitidos.", "P_DO": "12/03/2008", "N_DOC": "1705", "T_DO": "Resolución", "OBS": null }, "geometry": { "type": "Polygon", "coordinates": [ [ [ -73.393396983602898, -37.664960646177697 ], [ -73.393293703528599, -37.665393742073597 ], [ -73.393113445989499, -37.666185785526203 ], [ -73.3929940100018, -37.666760937414601 ], [ -73.392913493547098, -37.667163916397499 ], [ -73.392842922086004, -37.667527503744303 ], [ -73.392742799320601, -37.668014135040501 ], [ -73.392626895303806, -37.668545256336699 ], [ -73.392724873768699, -37.668697687574898 ], [ -73.392797110144897, -37.668777913673701 ], [ -73.392916604992607, -37.668827109913202 ], [ -73.393036387402802, -37.668881172404397 ], [ -73.393146885956199, -37.668881926733803 ], [ -73.393286561765393, -37.668857202906104 ], [ -73.393387486281, -37.668799780908898 ], [ -73.393488785399299, -37.668644790970802 ], [ -73.393616757421199, -37.668318083231703 ], [ -73.393747776218305, -37.667835175278 ], [ -73.393828000953604, -37.667427328715497 ], [ -73.393854961171598, -37.6672604800359 ], [ -73.393853898130203, -37.667138575794297 ], [ -73.3938467099116, -37.6670169010726 ], [ -73.393821154995905, -37.666895910975903 ], [ -73.393813969101501, -37.666774235260696 ], [ -73.393826874792893, -37.6666810767938 ], [ -73.393852025247696, -37.666587461295599 ], [ -73.393884161036496, -37.666508218193698 ], [ -73.393941649854497, -37.666442661904597 ], [ -73.394062089503706, -37.666404022137201 ], [ -73.394153927897605, -37.666400593212899 ], [ -73.394265861345602, -37.666425682160799 ], [ -73.394390563331001, -37.665991786790201 ], [ -73.394561353427093, -37.6653513052932 ], [ -73.394672269089895, -37.664839879790698 ], [ -73.394725595698503, -37.664340359205902 ], [ -73.394746889302795, -37.6639737343626 ], [ -73.394742339549396, -37.663481252354202 ], [ -73.3947140792081, -37.663106722273703 ], [ -73.394603152594001, -37.662579189913302 ], [ -73.394544570490496, -37.6622106687431 ], [ -73.394490301205806, -37.661915152171403 ], [ -73.394329165081103, -37.661472415314897 ], [ -73.394145066838306, -37.660952491575998 ], [ -73.394058551147097, -37.660526479221403 ], [ -73.394062171976202, -37.6603800109541 ], [ -73.394270293768301, -37.6600600681057 ], [ -73.394483875406394, -37.659832597917003 ], [ -73.394589270766303, -37.659643309220797 ], [ -73.394594126421794, -37.659413874989298 ], [ -73.394499220660094, -37.659261329406696 ], [ -73.394474818450902, -37.659159808361402 ], [ -73.394515053827803, -37.658802230607698 ], [ -73.394530027031195, -37.658328530765097 ], [ -73.394559542108496, -37.657893311283601 ], [ -73.394568018525803, -37.657517408744702 ], [ -73.394528526077394, -37.656640889498398 ], [ -73.394211140848796, -37.656564936392598 ], [ -73.393760601519304, -37.656415908147203 ], [ -73.393408874100601, -37.656277824807802 ], [ -73.393324406377104, -37.656198055158903 ], [ -73.3931936384636, -37.656061480601103 ], [ -73.393116529807997, -37.655898514447003 ], [ -73.393049367180595, -37.655696155693597 ], [ -73.393018271807605, -37.655585127059197 ], [ -73.392937053264504, -37.655456459315197 ], [ -73.392786198667096, -37.655291366548497 ], [ -73.392560448605195, -37.655104679644801 ], [ -73.392374875486695, -37.654975025943102 ], [ -73.392234166749802, -37.654877843401302 ], [ -73.392160222479205, -37.654768413941099 ], [ -73.392071162056297, -37.6546107708823 ], [ -73.392036047477205, -37.654431604142601 ], [ -73.392040247692094, -37.6542948702009 ], [ -73.391781721040502, -37.654592301925597 ], [ -73.391606022772294, -37.654837865165902 ], [ -73.391484647382399, -37.6549643358046 ], [ -73.391365856411198, -37.6551346102829 ], [ -73.391224877603904, -37.6553447336617 ], [ -73.391064865142795, -37.6556482446194 ], [ -73.390974005628905, -37.655876009584802 ], [ -73.390862105542197, -37.656163092721997 ], [ -73.390809215689004, -37.656306519676001 ], [ -73.390717493258904, -37.656519683501799 ], [ -73.390557673130999, -37.656930496774798 ], [ -73.390370595390394, -37.657503291940003 ], [ -73.390274667442796, -37.657853188702802 ], [ -73.390197966023393, -37.658217002488598 ], [ -73.390162486125206, -37.658447580692098 ], [ -73.3900829133717, -37.658762723110499 ], [ -73.390017018390694, -37.659101745541101 ], [ -73.389971211831295, -37.659469283370299 ], [ -73.390024024823902, -37.659740468602401 ], [ -73.390033213919807, -37.659896213507501 ], [ -73.390012654619198, -37.660067701773002 ], [ -73.390021842669299, -37.660223446713999 ], [ -73.390044425555899, -37.660398203328498 ], [ -73.390062033654601, -37.660592656614298 ], [ -73.390021672114003, -37.660740494118897 ], [ -73.389923247388296, -37.660944151344502 ], [ -73.389845002740898, -37.661073891152299 ], [ -73.389839075184199, -37.661181422266502 ], [ -73.389851515343807, -37.661288269374502 ], [ -73.389919629496504, -37.661402794682502 ], [ -73.389926808721299, -37.661524470204398 ], [ -73.389867217377898, -37.661658392481797 ], [ -73.389836514590996, -37.661761969414499 ], [ -73.389842832324106, -37.661869044813997 ], [ -73.389870676727497, -37.662028971191901 ], [ -73.389933817904407, -37.662163194874999 ], [ -73.390035415887695, -37.662325248945898 ], [ -73.390164663045098, -37.662539928214997 ], [ -73.390381151039406, -37.662673308261702 ], [ -73.390366670329598, -37.661908042954202 ], [ -73.390354293631106, -37.661074410498401 ], [ -73.390376535098795, -37.659995598734596 ], [ -73.390418865321493, -37.658945304042199 ], [ -73.390472775522994, -37.657987256171801 ], [ -73.390481377438604, -37.657821091785301 ], [ -73.390613552771597, -37.657357654975797 ], [ -73.390883160938998, -37.656415949952603 ], [ -73.3915012261903, -37.657324546864103 ], [ -73.391942811166402, -37.658049491201297 ], [ -73.392092144309004, -37.658292684524199 ], [ -73.392116830258999, -37.658399074491598 ], [ -73.392069687324906, -37.658639842463899 ], [ -73.391970517014002, -37.6590386388323 ], [ -73.391733756722701, -37.660432750880297 ], [ -73.393092204924997, -37.6604747437135 ], [ -73.393214010845, -37.6608750508369 ], [ -73.393479243465407, -37.661626081178397 ], [ -73.393219049550495, -37.661635790354403 ], [ -73.393469252207197, -37.6622361712488 ], [ -73.393609918764696, -37.662747960952302 ], [ -73.3936699352804, -37.663140818300299 ], [ -73.393711584511095, -37.6635343611023 ], [ -73.393699857762897, -37.663959162258799 ], [ -73.393610837895096, -37.664425869527498 ], [ -73.393396983602898, -37.664960646177697 ] ] ] } },
{ "type": "Feature", "properties": { "id": "monoparte.19", "Name": null, "description": null, "timestamp": null, "begin": null, "end": null, "altitudeMode": null, "tessellate": -1, "extrude": 0, "visibility": -1, "drawOrder": null, "icon": null, "REG": "Biobío", "COM": "Los Álamos", "LOC": "Antiguala y Temuco chico", "ZONA": "ZE", "NOM": "Area verde", "UPERM": "Area verde.", "UPROH": "Todos los usos de suelo no mencionados como permitidos.", "P_DO": "12/03/2008", "N_DOC": "1705", "T_DO": "Resolución", "OBS": null }, "geometry": { "type": "Polygon", "coordinates": [ [ [ -73.391942811166402, -37.658049491201297 ], [ -73.3915012261903, -37.657324546864103 ], [ -73.391351642004494, -37.657700835001897 ], [ -73.391282504383398, -37.658088755512502 ], [ -73.391245895520598, -37.658612039033102 ], [ -73.391787375452395, -37.658118700291297 ], [ -73.391942811166402, -37.658049491201297 ] ] ] } },
{ "type": "Feature", "properties": { "id": "monoparte.20", "Name": null, "description": null, "timestamp": null, "begin": null, "end": null, "altitudeMode": null, "tessellate": -1, "extrude": 0, "visibility": -1, "drawOrder": null, "icon": null, "REG": "Biobío", "COM": "Los Álamos", "LOC": "Antiguala y Temuco chico", "ZONA": "ZB1", "NOM": "Zona equipamiento 1", "UPERM": "Residencial. Equipamiento: comercio, culto y cultura, deporte, educacion, esparcimiento, salud, seguridad, servicios, social. Actividades productivas.", "UPROH": "Todos los usos de suelo no mencionados como permitidos.", "P_DO": "12/03/2008", "N_DOC": "1705", "T_DO": "Resolución", "OBS": null }, "geometry": { "type": "Polygon", "coordinates": [ [ [ -73.390883160938998, -37.656415949952603 ], [ -73.390613552771597, -37.657357654975797 ], [ -73.390481377438604, -37.657821091785301 ], [ -73.390472775522994, -37.657987256171801 ], [ -73.390418865321493, -37.658945304042199 ], [ -73.390376535098795, -37.659995598734596 ], [ -73.390354293631106, -37.661074410498401 ], [ -73.390366670329598, -37.661908042954202 ], [ -73.390381151039406, -37.662673308261702 ], [ -73.390534692091904, -37.662779771017902 ], [ -73.390625969027397, -37.663078786673999 ], [ -73.390698879781894, -37.663378487231803 ], [ -73.390738305113302, -37.663630660084202 ], [ -73.390722827084502, -37.663992189784899 ], [ -73.390685247624702, -37.664291134099003 ], [ -73.390600411151993, -37.664621107207601 ], [ -73.390430261222306, -37.665324970499 ], [ -73.390713119043994, -37.664919323396497 ], [ -73.391003049817598, -37.6644256129998 ], [ -73.391144709571094, -37.6641227864 ], [ -73.391292956822298, -37.663619727044598 ], [ -73.391455062412106, -37.662935673954003 ], [ -73.391570070472795, -37.661765603168703 ], [ -73.3918869910501, -37.661729391328002 ], [ -73.391915340544102, -37.660806441267702 ], [ -73.393214010845, -37.6608750508369 ], [ -73.393092204924997, -37.6604747437135 ], [ -73.391733756722701, -37.660432750880297 ], [ -73.391970517014002, -37.6590386388323 ], [ -73.392069687324906, -37.658639842463899 ], [ -73.392116830258999, -37.658399074491598 ], [ -73.392092144309004, -37.658292684524199 ], [ -73.391942811166402, -37.658049491201297 ], [ -73.391787375452395, -37.658118700291297 ], [ -73.391245895520598, -37.658612039033102 ], [ -73.391282504383398, -37.658088755512502 ], [ -73.391351642004494, -37.657700835001897 ], [ -73.3915012261903, -37.657324546864103 ], [ -73.390883160938998, -37.656415949952603 ] ] ] } },
{ "type": "Feature", "properties": { "id": "monoparte.21", "Name": null, "description": null, "timestamp": null, "begin": null, "end": null, "altitudeMode": null, "tessellate": -1, "extrude": 0, "visibility": -1, "drawOrder": null, "icon": null, "REG": "Biobío", "COM": "Los Álamos", "LOC": "Antiguala y Temuco chico", "ZONA": "ZP2", "NOM": "Zona proteccion por interes paisajisticos", "UPERM": "Equipamiento: comercio, culto y cultura, deporte, educacion, esparcimiento, social.", "UPROH": "Todos los usos de suelo no mencionados como permitidos.", "P_DO": "12/03/2008", "N_DOC": "1705", "T_DO": "Resolución", "OBS": null }, "geometry": { "type": "Polygon", "coordinates": [ [ [ -73.389971211831295, -37.659469283370299 ], [ -73.389420225715199, -37.659489828744299 ], [ -73.388868378826402, -37.659495768662303 ], [ -73.388795200315002, -37.659503374731301 ], [ -73.388774155577593, -37.659562692795497 ], [ -73.388797690201002, -37.659649614403001 ], [ -73.388834904063003, -37.659760415248101 ], [ -73.388893734714301, -37.659821632710297 ], [ -73.389006515706996, -37.659861327653097 ], [ -73.389170377150606, -37.659830830327699 ], [ -73.389287846266399, -37.659845961016401 ], [ -73.389370591833497, -37.659896532359298 ], [ -73.389425310429303, -37.659992047184303 ], [ -73.3894541059462, -37.660064139328597 ], [ -73.389472954766504, -37.660175624675297 ], [ -73.3894722865776, -37.660268326538201 ], [ -73.389442159082805, -37.660381638865097 ], [ -73.389398923970006, -37.660480805842099 ], [ -73.389351001844105, -37.660604535848798 ], [ -73.3892846224728, -37.660831386982998 ], [ -73.389228382741706, -37.661126148706899 ], [ -73.389195576334004, -37.661298092581497 ], [ -73.389206199857497, -37.6614781732859 ], [ -73.389215387873094, -37.6616339192149 ], [ -73.389254233489197, -37.661876357424603 ], [ -73.389303600806699, -37.662089137909803 ], [ -73.389325607630397, -37.6622541610108 ], [ -73.389376217832805, -37.662383973304998 ], [ -73.389437348405394, -37.662484127008497 ], [ -73.389557887028104, -37.662655230426303 ], [ -73.389663023251103, -37.6627732543351 ], [ -73.389749792885794, -37.6628919630013 ], [ -73.389815899475707, -37.6629724188642 ], [ -73.389874446547097, -37.663028769193403 ], [ -73.389952222191297, -37.663099034705603 ], [ -73.390038705487598, -37.663212875794599 ], [ -73.390094003339897, -37.663318124633697 ], [ -73.390144614578006, -37.663447935594697 ], [ -73.390177433424995, -37.663588166980603 ], [ -73.390185188088594, -37.663719577025098 ], [ -73.390191792812502, -37.663831518787198 ], [ -73.390125125790206, -37.664053503065396 ], [ -73.390070794356006, -37.664172595263302 ], [ -73.389977340186505, -37.6643565569724 ], [ -73.389893258106895, -37.664491391667802 ], [ -73.389738288744795, -37.664672769082301 ], [ -73.389641099745901, -37.664793458305098 ], [ -73.389540462088902, -37.664855744345701 ], [ -73.389439252140605, -37.664908295608399 ], [ -73.389270118472993, -37.664953623304598 ], [ -73.389142119506701, -37.664968151704699 ], [ -73.389050282206099, -37.6649715757179 ], [ -73.388864596462099, -37.6649443541829 ], [ -73.388732864673202, -37.664895609767598 ], [ -73.3886562364996, -37.664844810967502 ], [ -73.388529192320703, -37.664771503270501 ], [ -73.388500683659402, -37.664704278271103 ], [ -73.388447970758605, -37.6646428326654 ], [ -73.388398128976604, -37.664630057492502 ], [ -73.388012126445602, -37.664795655627003 ], [ -73.388464532766207, -37.665183644717501 ], [ -73.388765500651999, -37.665396801024599 ], [ -73.388848160616106, -37.665549807831198 ], [ -73.388966980716503, -37.665691709494602 ], [ -73.389207967232807, -37.665824179932599 ], [ -73.389530362222104, -37.665880447715601 ], [ -73.389789522310096, -37.665904928314802 ], [ -73.390074985378106, -37.6658552608123 ], [ -73.390173612059797, -37.665758904981502 ], [ -73.390430261222306, -37.665324970499 ], [ -73.390600411151993, -37.664621107207601 ], [ -73.390685247624702, -37.664291134099003 ], [ -73.390722827084502, -37.663992189784899 ], [ -73.390738305113302, -37.663630660084202 ], [ -73.390698879781894, -37.663378487231803 ], [ -73.390625969027397, -37.663078786673999 ], [ -73.390534692091904, -37.662779771017902 ], [ -73.390381151039406, -37.662673308261702 ], [ -73.390164663045098, -37.662539928214997 ], [ -73.390035415887695, -37.662325248945898 ], [ -73.389933817904407, -37.662163194874999 ], [ -73.389870676727497, -37.662028971191901 ], [ -73.389842832324106, -37.661869044813997 ], [ -73.389836514590996, -37.661761969414499 ], [ -73.389867217377898, -37.661658392481797 ], [ -73.389926808721299, -37.661524470204398 ], [ -73.389919629496504, -37.661402794682502 ], [ -73.389851515343807, -37.661288269374502 ], [ -73.389839075184199, -37.661181422266502 ], [ -73.389845002740898, -37.661073891152299 ], [ -73.389923247388296, -37.660944151344502 ], [ -73.390021672114003, -37.660740494118897 ], [ -73.390062033654601, -37.660592656614298 ], [ -73.390044425555899, -37.660398203328498 ], [ -73.390021842669299, -37.660223446713999 ], [ -73.390012654619198, -37.660067701773002 ], [ -73.390033213919807, -37.659896213507501 ], [ -73.390024024823902, -37.659740468602401 ], [ -73.389971211831295, -37.659469283370299 ] ] ] } },
{ "type": "Feature", "properties": { "id": "monoparte.22", "Name": null, "description": null, "timestamp": null, "begin": null, "end": null, "altitudeMode": null, "tessellate": -1, "extrude": 0, "visibility": -1, "drawOrder": null, "icon": null, "REG": "Biobío", "COM": "Los Álamos", "LOC": "Antiguala y Temuco chico", "ZONA": "ZP1", "NOM": "Zona proteccion por presencia de quebradas", "UPERM": "No se permite ningun tipo de edificacion.", "UPROH": "Sin informacion.", "P_DO": "12/03/2008", "N_DOC": "1705", "T_DO": "Resolución", "OBS": null }, "geometry": { "type": "Polygon", "coordinates": [ [ [ -73.394528526077394, -37.656640889498398 ], [ -73.394594686583702, -37.656306733145001 ], [ -73.394610104633401, -37.655996421010897 ], [ -73.3946168723988, -37.655747403306997 ], [ -73.394596869235002, -37.655616451763201 ], [ -73.3945692206091, -37.6555638283793 ], [ -73.394300368387704, -37.655322659391302 ], [ -73.394037597539196, -37.655132480100299 ], [ -73.393821557969702, -37.655006405738298 ], [ -73.393465670991105, -37.654797749127802 ], [ -73.393329501862894, -37.6546735703458 ], [ -73.393096669307297, -37.654418860143899 ], [ -73.392764158112797, -37.6539825148256 ], [ -73.392515970826196, -37.653623504316101 ], [ -73.392361619364095, -37.653295138593798 ], [ -73.392278485083494, -37.653029963597099 ], [ -73.392207396848505, -37.652657029072003 ], [ -73.392213355762095, -37.652342192705099 ], [ -73.392213534772395, -37.652137320129498 ], [ -73.392162355199503, -37.651997775024398 ], [ -73.392120745285297, -37.651916405498703 ], [ -73.392026714914607, -37.6517784588574 ], [ -73.391940818193802, -37.6516743530401 ], [ -73.391800403751901, -37.651582035020702 ], [ -73.391674242321301, -37.651523330398902 ], [ -73.391550182442003, -37.651396259497297 ], [ -73.391488198236402, -37.651281505346198 ], [ -73.391327501359399, -37.651053366825401 ], [ -73.391272212717993, -37.6509481188492 ], [ -73.391260922386195, -37.650860741012501 ], [ -73.391254606252502, -37.650753665575003 ], [ -73.391235758575803, -37.650642180405903 ], [ -73.391213087540095, -37.650569859280203 ], [ -73.391138378948995, -37.650343392246299 ], [ -73.391073525109604, -37.650179967362803 ], [ -73.391020248538695, -37.6501087876293 ], [ -73.390863862685293, -37.649953655169803 ], [ -73.390606378235404, -37.649748636196797 ], [ -73.390454014261607, -37.649661640949503 ], [ -73.390332255137906, -37.649573503379003 ], [ -73.390203894962099, -37.649373423631801 ], [ -73.390156934111303, -37.649409319930299 ], [ -73.390119827631196, -37.649508258544401 ], [ -73.390109408309598, -37.649747656576899 ], [ -73.390143754305697, -37.650121961915701 ], [ -73.390160784578299, -37.650306681786503 ], [ -73.390258827474298, -37.6505127691402 ], [ -73.390550846849607, -37.650887221778802 ], [ -73.390683034602205, -37.651048135939099 ], [ -73.390772088295606, -37.651205780526197 ], [ -73.390882950846901, -37.651421144322903 ], [ -73.390913752448, -37.651527306618199 ], [ -73.390982432046698, -37.651651566521103 ], [ -73.391027867499204, -37.651693772363203 ], [ -73.391174688992507, -37.651790728582498 ], [ -73.3912763646142, -37.6518503470054 ], [ -73.391402813537198, -37.651913919343599 ], [ -73.391469485258398, -37.652004109493703 ], [ -73.391537304742897, -37.652113767960898 ], [ -73.391552040803703, -37.6522595507369 ], [ -73.391558647113399, -37.652371492426603 ], [ -73.391572341087794, -37.652707546849399 ], [ -73.391585928681494, -37.6528338612789 ], [ -73.391634145167998, -37.653027171756698 ], [ -73.391666961366496, -37.653167402971597 ], [ -73.391679400470494, -37.653274249051698 ], [ -73.391725032821398, -37.653423757313099 ], [ -73.391775260673299, -37.653651136995798 ], [ -73.391854661411301, -37.653853041023297 ], [ -73.391939897332605, -37.654049849290899 ], [ -73.391989641040496, -37.654165059731 ], [ -73.392040247692094, -37.6542948702009 ], [ -73.392036047477205, -37.654431604142601 ], [ -73.392071162056297, -37.6546107708823 ], [ -73.392160222479205, -37.654768413941099 ], [ -73.392234166749802, -37.654877843401302 ], [ -73.392374875486695, -37.654975025943102 ], [ -73.392560448605195, -37.655104679644801 ], [ -73.392786198667096, -37.655291366548497 ], [ -73.392937053264504, -37.655456459315197 ], [ -73.393018271807605, -37.655585127059197 ], [ -73.393049367180595, -37.655696155693597 ], [ -73.393116529807997, -37.655898514447003 ], [ -73.3931936384636, -37.656061480601103 ], [ -73.393324406377104, -37.656198055158903 ], [ -73.393408874100601, -37.656277824807802 ], [ -73.393760601519304, -37.656415908147203 ], [ -73.394211140848796, -37.656564936392598 ], [ -73.394528526077394, -37.656640889498398 ] ] ] } },
{ "type": "Feature", "properties": { "id": "monoparte.23", "Name": null, "description": null, "timestamp": null, "begin": null, "end": null, "altitudeMode": null, "tessellate": -1, "extrude": 0, "visibility": -1, "drawOrder": null, "icon": null, "REG": "Biobío", "COM": "Los Álamos", "LOC": "Antiguala y Temuco chico", "ZONA": "ZBCD1", "NOM": "Zona equipamientos, actividades productivas e infraestructura 1", "UPERM": "Residencial: comercio, seguridad, servicios. Actividades productivas.", "UPROH": "Todos los usos de suelo no mencionados como permitidos.", "P_DO": "12/03/2008", "N_DOC": "1705", "T_DO": "Resolución", "OBS": null }, "geometry": { "type": "Polygon", "coordinates": [ [ [ -73.394037597539196, -37.655132480100299 ], [ -73.394164474262695, -37.654527783367001 ], [ -73.394247822120306, -37.653861298822598 ], [ -73.394268832819805, -37.653489806359502 ], [ -73.394279210891696, -37.652938234160104 ], [ -73.394245316099699, -37.652520013508301 ], [ -73.394203875993199, -37.652233772695503 ], [ -73.394108381082205, -37.6517593184617 ], [ -73.393950810969699, -37.651272547640403 ], [ -73.393756890932593, -37.650689577274498 ], [ -73.393618264317993, -37.650211854043803 ], [ -73.393464524901404, -37.649685916177397 ], [ -73.393286590348097, -37.649165759768401 ], [ -73.393010612161305, -37.648439518177398 ], [ -73.392923460475899, -37.648106205628601 ], [ -73.392542713089398, -37.648203332654901 ], [ -73.391783799341098, -37.648441385359398 ], [ -73.390714998094893, -37.6487300131962 ], [ -73.390576793687799, -37.648779066490803 ], [ -73.390469103843301, -37.648929415684997 ], [ -73.390359023841398, -37.6491432627842 ], [ -73.390203894962099, -37.649373423631801 ], [ -73.390332255137906, -37.649573503379003 ], [ -73.390454014261607, -37.649661640949503 ], [ -73.390606378235404, -37.649748636196797 ], [ -73.390863862685293, -37.649953655169803 ], [ -73.391020248538695, -37.6501087876293 ], [ -73.391073525109604, -37.650179967362803 ], [ -73.391138378948995, -37.650343392246299 ], [ -73.391213087540095, -37.650569859280203 ], [ -73.391235758575803, -37.650642180405903 ], [ -73.391254606252502, -37.650753665575003 ], [ -73.391260922386195, -37.650860741012501 ], [ -73.391272212717993, -37.6509481188492 ], [ -73.391327501359399, -37.651053366825401 ], [ -73.391488198236402, -37.651281505346198 ], [ -73.391550182442003, -37.651396259497297 ], [ -73.391674242321301, -37.651523330398902 ], [ -73.391800403751901, -37.651582035020702 ], [ -73.391940818193802, -37.6516743530401 ], [ -73.392026714914607, -37.6517784588574 ], [ -73.392120745285297, -37.651916405498703 ], [ -73.392162355199503, -37.651997775024398 ], [ -73.392213534772395, -37.652137320129498 ], [ -73.392213355762095, -37.652342192705099 ], [ -73.392207396848505, -37.652657029072003 ], [ -73.392278485083494, -37.653029963597099 ], [ -73.392361619364095, -37.653295138593798 ], [ -73.392515970826196, -37.653623504316101 ], [ -73.392764158112797, -37.6539825148256 ], [ -73.393096669307297, -37.654418860143899 ], [ -73.393329501862894, -37.6546735703458 ], [ -73.393465670991105, -37.654797749127802 ], [ -73.393821557969702, -37.655006405738298 ], [ -73.394037597539196, -37.655132480100299 ] ] ] } },
{ "type": "Feature", "properties": { "id": "monoparte.24", "Name": null, "description": null, "timestamp": null, "begin": null, "end": null, "altitudeMode": null, "tessellate": -1, "extrude": 0, "visibility": -1, "drawOrder": null, "icon": null, "REG": "Biobío", "COM": "Los Álamos", "LOC": "Los Álamos", "ZONA": "ZA2", "NOM": "Zona residencial mixta 2", "UPERM": "Residencial. Equipamiento: culto y cultura, deporte, educacion, salud, seguridad, servicios, social. Actividades productivas.", "UPROH": "Todos los usos de suelo no mencionados como permitidos.", "P_DO": "12/03/2008", "N_DOC": "1705", "T_DO": "Resolución", "OBS": null }, "geometry": { "type": "Polygon", "coordinates": [ [ [ -73.476394536950707, -37.619242302651202 ], [ -73.472011767363597, -37.6188853201051 ], [ -73.471950673911707, -37.619176737291497 ], [ -73.471793447994202, -37.619503058234002 ], [ -73.471509772015395, -37.620013889828599 ], [ -73.471240476902295, -37.619945980320601 ], [ -73.4710537973898, -37.6199452550348 ], [ -73.470958597571496, -37.619995749844399 ], [ -73.470910084218005, -37.620169487087303 ], [ -73.4708685653533, -37.620296078368902 ], [ -73.4707532966966, -37.620339521849203 ], [ -73.470624952144306, -37.620328767227399 ], [ -73.470464399255306, -37.620272354762797 ], [ -73.470399514890602, -37.620173243083997 ], [ -73.470391095718895, -37.620032921476302 ], [ -73.470382676551694, -37.619892598965002 ], [ -73.470272509337406, -37.619693631370801 ], [ -73.470153011462898, -37.6195028318417 ], [ -73.469927576652694, -37.6193473065983 ], [ -73.469757205674497, -37.619127183398298 ], [ -73.469725914304306, -37.618933035403302 ], [ -73.4697207498305, -37.618683201320799 ], [ -73.468101314285306, -37.618541507282401 ], [ -73.468100863579807, -37.618697792836002 ], [ -73.468132619231397, -37.618899737772601 ], [ -73.468214312955496, -37.619115414141703 ], [ -73.468443031865505, -37.619489595061097 ], [ -73.468672221827504, -37.619871569794597 ], [ -73.468770713563103, -37.620039727832001 ], [ -73.468935511189301, -37.620494467914199 ], [ -73.469349129353006, -37.621494517327498 ], [ -73.469444371880698, -37.621772185936102 ], [ -73.469505068189207, -37.621965217911502 ], [ -73.469562023463595, -37.622095885221597 ], [ -73.469711396294898, -37.622293365312999 ], [ -73.469939177699899, -37.622487868053099 ], [ -73.4701734878156, -37.622627429885597 ], [ -73.470437201608306, -37.622765874084401 ], [ -73.470580028922996, -37.622854212667498 ], [ -73.470684588677202, -37.6229596309946 ], [ -73.470916958397495, -37.622575763971703 ], [ -73.473065707248495, -37.622533230554403 ], [ -73.473257685238295, -37.623440108495998 ], [ -73.473021991878696, -37.623441249355402 ], [ -73.472721434766498, -37.623507359081799 ], [ -73.472372340649201, -37.623583125465899 ], [ -73.472064321404801, -37.623688584214399 ], [ -73.471611156804599, -37.623830808065001 ], [ -73.471340935676594, -37.623911390356099 ], [ -73.471054387435998, -37.624047284530903 ], [ -73.470713240752303, -37.624255573284302 ], [ -73.470305824296801, -37.624505443247699 ], [ -73.470668071321199, -37.624976123738001 ], [ -73.470336721418704, -37.625184038678398 ], [ -73.4707386936619, -37.6259891892106 ], [ -73.470845574522997, -37.625969504186202 ], [ -73.471146735256795, -37.626731599278898 ], [ -73.471304494191102, -37.626741235231897 ], [ -73.4716107859375, -37.627425000421198 ], [ -73.471300536502099, -37.628311885878503 ], [ -73.471049979419504, -37.628883965967802 ], [ -73.4716609923031, -37.629079540674198 ], [ -73.472384979476701, -37.629356768814198 ], [ -73.473152389985898, -37.629702663258499 ], [ -73.474445432428098, -37.630294235623801 ], [ -73.474403817138295, -37.6299285867008 ], [ -73.474407901545206, -37.629342424033602 ], [ -73.474271483260196, -37.628706907680503 ], [ -73.4742629252016, -37.627910263900901 ], [ -73.474211949277304, -37.627388701539701 ], [ -73.474154854224906, -37.626601714962099 ], [ -73.474028684296897, -37.625809540576597 ], [ -73.474362145701406, -37.624492028157498 ], [ -73.474581793944495, -37.623569511211699 ], [ -73.4743783126778, -37.623616310227803 ], [ -73.473919913104297, -37.623180548887703 ], [ -73.473854522753996, -37.622909562474902 ], [ -73.474019703658399, -37.622715764572703 ], [ -73.474313640016504, -37.622212351309003 ], [ -73.474388270121395, -37.621982926194796 ], [ -73.474537093769598, -37.621680361410398 ], [ -73.474796033485006, -37.621248597357699 ], [ -73.475018640446393, -37.621193256995703 ], [ -73.4751721744816, -37.621132728999797 ], [ -73.475200139900195, -37.620944144048003 ], [ -73.475295771643601, -37.620737361381899 ], [ -73.475459072356998, -37.620512378949599 ], [ -73.475760516965593, -37.620297772993602 ], [ -73.475984058087505, -37.620258023351703 ], [ -73.476254156185007, -37.619685190430197 ], [ -73.476394536950707, -37.619242302651202 ] ] ] } },
{ "type": "Feature", "properties": { "id": "monoparte.25", "Name": null, "description": null, "timestamp": null, "begin": null, "end": null, "altitudeMode": null, "tessellate": -1, "extrude": 0, "visibility": -1, "drawOrder": null, "icon": null, "REG": "Biobío", "COM": "Los Álamos", "LOC": "Los Álamos", "ZONA": "ZR1", "NOM": "Zona restriccion por riesgo de inundacion", "UPERM": "Equipamiento: deporte.", "UPROH": "Todos los usos de suelo no mencionados como permitidos.", "P_DO": "12/03/2008", "N_DOC": "1705", "T_DO": "Resolución", "OBS": null }, "geometry": { "type": "Polygon", "coordinates": [ [ [ -73.475984058087505, -37.620258023351703 ], [ -73.475760516965593, -37.620297772993602 ], [ -73.475459072356998, -37.620512378949599 ], [ -73.475295771643601, -37.620737361381899 ], [ -73.475200139900195, -37.620944144048003 ], [ -73.4751721744816, -37.621132728999797 ], [ -73.475018640446393, -37.621193256995703 ], [ -73.474796033485006, -37.621248597357699 ], [ -73.474537093769598, -37.621680361410398 ], [ -73.474388270121395, -37.621982926194796 ], [ -73.474313640016504, -37.622212351309003 ], [ -73.474019703658399, -37.622715764572703 ], [ -73.473854522753996, -37.622909562474902 ], [ -73.473919913104297, -37.623180548887703 ], [ -73.4743783126778, -37.623616310227803 ], [ -73.474581793944495, -37.623569511211699 ], [ -73.474647262557795, -37.623023990964903 ], [ -73.474701354648403, -37.622779719008498 ], [ -73.474940226271102, -37.622340904071699 ], [ -73.475169728888901, -37.621746175819702 ], [ -73.475449637999603, -37.621172971664897 ], [ -73.475609426873305, -37.620889522088 ], [ -73.475984058087505, -37.620258023351703 ] ] ] } },
{ "type": "Feature", "properties": { "id": "monoparte.26", "Name": null, "description": null, "timestamp": null, "begin": null, "end": null, "altitudeMode": null, "tessellate": -1, "extrude": 0, "visibility": -1, "drawOrder": null, "icon": null, "REG": "Biobío", "COM": "Los Álamos", "LOC": "Los Álamos", "ZONA": "ZB5", "NOM": "Cementerio", "UPERM": "Equipamiento: salud.", "UPROH": "Todos los usos de suelo no mencionados como permitidos.", "P_DO": "12/03/2008", "N_DOC": "1705", "T_DO": "Resolución", "OBS": null }, "geometry": { "type": "Polygon", "coordinates": [ [ [ -73.473065707248495, -37.622533230554403 ], [ -73.470916958397495, -37.622575763971703 ], [ -73.470684588677202, -37.6229596309946 ], [ -73.470556096392002, -37.623601304106799 ], [ -73.470563136908297, -37.6238823200597 ], [ -73.470713240752303, -37.624255573284302 ], [ -73.471054387435998, -37.624047284530903 ], [ -73.471340935676594, -37.623911390356099 ], [ -73.471611156804599, -37.623830808065001 ], [ -73.472064321404801, -37.623688584214399 ], [ -73.472372340649201, -37.623583125465899 ], [ -73.472721434766498, -37.623507359081799 ], [ -73.473021991878696, -37.623441249355402 ], [ -73.473257685238295, -37.623440108495998 ], [ -73.473065707248495, -37.622533230554403 ] ] ] } },
{ "type": "Feature", "properties": { "id": "monoparte.27", "Name": null, "description": null, "timestamp": null, "begin": null, "end": null, "altitudeMode": null, "tessellate": -1, "extrude": 0, "visibility": -1, "drawOrder": null, "icon": null, "REG": "Biobío", "COM": "Los Álamos", "LOC": "Los Álamos", "ZONA": "ZR1", "NOM": "Zona restriccion por riesgo de inundacion", "UPERM": "Equipamiento: deporte.", "UPROH": "Todos los usos de suelo no mencionados como permitidos.", "P_DO": "12/03/2008", "N_DOC": "1705", "T_DO": "Resolución", "OBS": null }, "geometry": { "type": "Polygon", "coordinates": [ [ [ -73.472011767363597, -37.6188853201051 ], [ -73.4697207498305, -37.618683201320799 ], [ -73.469725914304306, -37.618933035403302 ], [ -73.469757205674497, -37.619127183398298 ], [ -73.469927576652694, -37.6193473065983 ], [ -73.470153011462898, -37.6195028318417 ], [ -73.470272509337406, -37.619693631370801 ], [ -73.470382676551694, -37.619892598965002 ], [ -73.470391095718895, -37.620032921476302 ], [ -73.470399514890602, -37.620173243083997 ], [ -73.470464399255306, -37.620272354762797 ], [ -73.470624952144306, -37.620328767227399 ], [ -73.4707532966966, -37.620339521849203 ], [ -73.4708685653533, -37.620296078368902 ], [ -73.470910084218005, -37.620169487087303 ], [ -73.470958597571496, -37.619995749844399 ], [ -73.4710537973898, -37.6199452550348 ], [ -73.471240476902295, -37.619945980320601 ], [ -73.471509772015395, -37.620013889828599 ], [ -73.471793447994202, -37.619503058234002 ], [ -73.471950673911707, -37.619176737291497 ], [ -73.472011767363597, -37.6188853201051 ] ] ] } },
{ "type": "Feature", "properties": { "id": "monoparte.28", "Name": null, "description": null, "timestamp": null, "begin": null, "end": null, "altitudeMode": null, "tessellate": -1, "extrude": 0, "visibility": -1, "drawOrder": null, "icon": null, "REG": "Biobío", "COM": "Los Álamos", "LOC": "Los Álamos", "ZONA": "ZB3", "NOM": "Zona equipamiento 3", "UPERM": "Residencial. Equipamiento: comercio, esparcimiento. Actividades productivas.", "UPROH": "Todos los usos de suelo no mencionados como permitidos.", "P_DO": "12/03/2008", "N_DOC": "1705", "T_DO": "Resolución", "OBS": null }, "geometry": { "type": "Polygon", "coordinates": [ [ [ -73.474445432428098, -37.630294235623801 ], [ -73.473152389985898, -37.629702663258499 ], [ -73.472739182096504, -37.630306319070698 ], [ -73.472261104938596, -37.631015966465 ], [ -73.471764379589501, -37.6319060286053 ], [ -73.472452462159694, -37.632239312530999 ], [ -73.473082190740101, -37.632500581575499 ], [ -73.473728499994195, -37.632792470385297 ], [ -73.474352649625999, -37.6331242665687 ], [ -73.475373619216995, -37.633683190995498 ], [ -73.4749020236913, -37.631884495345403 ], [ -73.474445432428098, -37.630294235623801 ] ] ] } },
{ "type": "Feature", "properties": { "id": "monoparte.29", "Name": null, "description": null, "timestamp": null, "begin": null, "end": null, "altitudeMode": null, "tessellate": -1, "extrude": 0, "visibility": -1, "drawOrder": null, "icon": null, "REG": "Biobío", "COM": "Los Álamos", "LOC": "Los Álamos", "ZONA": "ZA1", "NOM": "Zona residencial mixta 1", "UPERM": "Residencial. Equipamiento: comercio, culto y cultura, deporte, educacion, salud, servicios, social. Actividades productivas.", "UPROH": "Todos los usos de suelo no mencionados como permitidos.", "P_DO": "12/03/2008", "N_DOC": "1705", "T_DO": "Resolución", "OBS": null }, "geometry": { "type": "Polygon", "coordinates": [ [ [ -73.473152389985898, -37.629702663258499 ], [ -73.472384979476701, -37.629356768814198 ], [ -73.4716609923031, -37.629079540674198 ], [ -73.471049979419504, -37.628883965967802 ], [ -73.471300536502099, -37.628311885878503 ], [ -73.4716107859375, -37.627425000421198 ], [ -73.471304494191102, -37.626741235231897 ], [ -73.471146735256795, -37.626731599278898 ], [ -73.470845574522997, -37.625969504186202 ], [ -73.4707386936619, -37.6259891892106 ], [ -73.470336721418704, -37.625184038678398 ], [ -73.470668071321199, -37.624976123738001 ], [ -73.470305824296801, -37.624505443247699 ], [ -73.470713240752303, -37.624255573284302 ], [ -73.470563136908297, -37.6238823200597 ], [ -73.470556096392002, -37.623601304106799 ], [ -73.470684588677202, -37.6229596309946 ], [ -73.470580028922996, -37.622854212667498 ], [ -73.470437201608306, -37.622765874084401 ], [ -73.4701734878156, -37.622627429885597 ], [ -73.469939177699899, -37.622487868053099 ], [ -73.469711396294898, -37.622293365312999 ], [ -73.469562023463595, -37.622095885221597 ], [ -73.469505068189207, -37.621965217911502 ], [ -73.469444371880698, -37.621772185936102 ], [ -73.469349129353006, -37.621494517327498 ], [ -73.468935511189301, -37.620494467914199 ], [ -73.468770713563103, -37.620039727832001 ], [ -73.468672221827504, -37.619871569794597 ], [ -73.466471021386099, -37.6197343469033 ], [ -73.466640009354606, -37.620259252371198 ], [ -73.466788917551597, -37.620613022637897 ], [ -73.466929429131994, -37.620990552302203 ], [ -73.466998531329395, -37.621323908283799 ], [ -73.467043357069201, -37.621580052204003 ], [ -73.4670191111028, -37.621831002221001 ], [ -73.467047594104798, -37.621978377131803 ], [ -73.467151680403205, -37.622076003632301 ], [ -73.467246431593395, -37.622181797271303 ], [ -73.467330917330202, -37.622280167149697 ], [ -73.467359868694103, -37.622435338199999 ], [ -73.4673272084556, -37.622545965214996 ], [ -73.467225941613506, -37.622659194855601 ], [ -73.467128865821607, -37.622678503631903 ], [ -73.467018717414106, -37.622643614661499 ], [ -73.467052311884004, -37.622548579398497 ], [ -73.467064903915499, -37.622430899707098 ], [ -73.4670499605526, -37.622345518771503 ], [ -73.4668973374758, -37.622257547323102 ], [ -73.466805388737001, -37.622198527546402 ], [ -73.466720904890593, -37.622100157196201 ], [ -73.466683556647993, -37.621968744673602 ], [ -73.466665343408195, -37.621828794131602 ], [ -73.466571979216496, -37.621582305094599 ], [ -73.466593423649101, -37.621284580027201 ], [ -73.466578468373797, -37.621035117836797 ], [ -73.466444969547794, -37.620774523795802 ], [ -73.466187787122706, -37.620417046374797 ], [ -73.465981947287702, -37.620096687683997 ], [ -73.465612290124099, -37.619665339530997 ], [ -73.463206447564602, -37.619514328167099 ], [ -73.463378142226901, -37.618117025994401 ], [ -73.459814025226606, -37.617814501103801 ], [ -73.459496204387605, -37.618084380825401 ], [ -73.459199848857807, -37.618384701276497 ], [ -73.458965094650694, -37.618729569201399 ], [ -73.458937554495094, -37.618925949275898 ], [ -73.459002889472799, -37.619032863805998 ], [ -73.459139629075096, -37.619183955158597 ], [ -73.459272633127796, -37.619436762992997 ], [ -73.459283365236899, -37.619616066721797 ], [ -73.4592198856094, -37.620032584407603 ], [ -73.459204943291795, -37.620439450123001 ], [ -73.459163402642901, -37.620730121542501 ], [ -73.4592091365637, -37.6208377781062 ], [ -73.459292210786003, -37.620912767264699 ], [ -73.459453691393307, -37.620984787256198 ], [ -73.459587634994193, -37.621089103253702 ], [ -73.459614703143501, -37.621213093659001 ], [ -73.459631969682107, -37.621337454342502 ], [ -73.459535827417795, -37.621372349539101 ], [ -73.459344943177499, -37.621301444037201 ], [ -73.459172728236993, -37.621214203219502 ], [ -73.458902037441305, -37.621122877719102 ], [ -73.458807296686004, -37.621017076584899 ], [ -73.458777431908004, -37.6208463112524 ], [ -73.458776500999306, -37.620666636366799 ], [ -73.458770907176202, -37.620409004009097 ], [ -73.458721906346, -37.620246777214597 ], [ -73.458644904010299, -37.620109049064197 ], [ -73.458535699710396, -37.619925660338197 ], [ -73.458440029351294, -37.619804267774697 ], [ -73.458269218360002, -37.619740412651304 ], [ -73.458204816538398, -37.619649088646398 ], [ -73.458198286274893, -37.619539948389601 ], [ -73.458300962063902, -37.619450112348098 ], [ -73.458393372047496, -37.619352852641903 ], [ -73.458424178996097, -37.619211043617703 ], [ -73.458418580278305, -37.619117494376702 ], [ -73.458394315100506, -37.619040278092001 ], [ -73.458308446375199, -37.618918512499498 ], [ -73.4583019161322, -37.618809372244598 ], [ -73.458333655997393, -37.618683154189902 ], [ -73.458326191733804, -37.618558422126704 ], [ -73.458223520921607, -37.618484174050302 ], [ -73.458032180088907, -37.618405469421297 ], [ -73.457907109922601, -37.618285188376198 ], [ -73.4578193774299, -37.618132239484702 ], [ -73.457752179466794, -37.6179941403987 ], [ -73.457605178504807, -37.617835622558303 ], [ -73.457366708533996, -37.6176258719495 ], [ -73.454690725636596, -37.617391145611798 ], [ -73.454882489180406, -37.617969903587301 ], [ -73.455094347653997, -37.618227546785398 ], [ -73.455368741463701, -37.618545331527002 ], [ -73.455528336786102, -37.618750258208003 ], [ -73.455528792089694, -37.618922138198002 ], [ -73.455430773684895, -37.619089928891199 ], [ -73.455201603362397, -37.619364257524502 ], [ -73.455041492840806, -37.619807868642901 ], [ -73.454970053192895, -37.620255939236998 ], [ -73.454930788953206, -37.6210778405352 ], [ -73.454922803984502, -37.621765727892303 ], [ -73.454980188891497, -37.622068283019502 ], [ -73.455020778934099, -37.6222542718535 ], [ -73.455111308590801, -37.622453996744497 ], [ -73.4552503787653, -37.622644072877897 ], [ -73.455358646320093, -37.622811872100201 ], [ -73.455390370651401, -37.6230138233689 ], [ -73.455437968065695, -37.6231526635463 ], [ -73.455704923561598, -37.623345714499798 ], [ -73.455780992003298, -37.623467851866302 ], [ -73.455819722229293, -37.623622655452301 ], [ -73.455747373165906, -37.6237269683023 ], [ -73.455725429491494, -37.623852813315899 ], [ -73.455750160328904, -37.623937826578697 ], [ -73.455864970400697, -37.624050683919897 ], [ -73.455832292272902, -37.624161308852699 ], [ -73.455817818302805, -37.624247804645798 ], [ -73.455679666551106, -37.624237405755302 ], [ -73.455544789354605, -37.624117493460602 ], [ -73.455458917311702, -37.623995726877098 ], [ -73.455430457002507, -37.623848348637701 ], [ -73.452808381206196, -37.623697493608198 ], [ -73.452784905659698, -37.625112621926199 ], [ -73.452810036920297, -37.6258617659999 ], [ -73.450578073334398, -37.625828940466199 ], [ -73.449622652965104, -37.625786911030403 ], [ -73.447817745648805, -37.625831657539997 ], [ -73.445973624730797, -37.625877856810199 ], [ -73.444776416506599, -37.625899611154601 ], [ -73.443855050671701, -37.625934384502003 ], [ -73.443619771298899, -37.626107346812503 ], [ -73.443470847839507, -37.626245795672197 ], [ -73.443414791397501, -37.626458876392697 ], [ -73.443432964378701, -37.626598833122998 ], [ -73.443530481505306, -37.626751423088798 ], [ -73.443627999108998, -37.626904013844303 ], [ -73.443761004792904, -37.626992756354099 ], [ -73.443961228294498, -37.627055521620797 ], [ -73.444179662089695, -37.627094159772199 ], [ -73.444357027192197, -37.627103092155302 ], [ -73.444504520483406, -37.627105339461302 ], [ -73.444665537656604, -37.627169583262202 ], [ -73.444749535193495, -37.627260175283297 ], [ -73.444878787611501, -37.627450633795 ], [ -73.445045388401596, -37.627608428767203 ], [ -73.445386532738297, -37.627892464538398 ], [ -73.445511602783895, -37.628012758087102 ], [ -73.445774333112695, -37.628299751993602 ], [ -73.4459740675793, -37.628518802590101 ], [ -73.446285348104993, -37.6287961490059 ], [ -73.446600352991297, -37.629135860973498 ], [ -73.449019060213104, -37.629661767789301 ], [ -73.450281637232706, -37.629910970923802 ], [ -73.449606940282607, -37.631526511375803 ], [ -73.449478755877706, -37.631929843864498 ], [ -73.449580507105594, -37.631988506835803 ], [ -73.4493386609211, -37.632380506098201 ], [ -73.449326041669295, -37.6324981855986 ], [ -73.449408632527806, -37.632729468312398 ], [ -73.4495575128513, -37.632919180260302 ], [ -73.449876320369, -37.632993080915597 ], [ -73.449818880850799, -37.633182775282997 ], [ -73.450077942446001, -37.633243306869801 ], [ -73.451320029366499, -37.6336417266306 ], [ -73.452359549378897, -37.633938404100498 ], [ -73.452871210419204, -37.633293977559802 ], [ -73.453162517709799, -37.632907914012698 ], [ -73.453335248613897, -37.632674790423799 ], [ -73.453491635322393, -37.632496979448398 ], [ -73.453855284929901, -37.632170686019897 ], [ -73.454006062228302, -37.632063407532598 ], [ -73.454203055116395, -37.631907500923099 ], [ -73.4544948074833, -37.631693313735902 ], [ -73.454692264574007, -37.631545201026498 ], [ -73.455025097412403, -37.631196629726503 ], [ -73.4561649496559, -37.631528545383901 ], [ -73.456899191859605, -37.631485128330098 ], [ -73.457749660251295, -37.631413868229799 ], [ -73.458527309397596, -37.631439120376498 ], [ -73.459360504615901, -37.631407569184802 ], [ -73.460374340433006, -37.631439490373403 ], [ -73.461678974868903, -37.631405690830398 ], [ -73.462539237187002, -37.631334024080502 ], [ -73.463007875636507, -37.631285008269401 ], [ -73.463434967952907, -37.631198498982897 ], [ -73.463831952933106, -37.631101408495198 ], [ -73.464159852819193, -37.630999123653901 ], [ -73.464428940170293, -37.630899066866903 ], [ -73.464423332642994, -37.630805517636801 ], [ -73.464441762750695, -37.6307032448264 ], [ -73.464472565719404, -37.630643476364199 ], [ -73.464557047073797, -37.630577765670303 ], [ -73.464651328770202, -37.630511682428498 ], [ -73.464795556725093, -37.630459333321397 ], [ -73.464949586120298, -37.630406612385599 ], [ -73.465092878912799, -37.630338671262997 ], [ -73.465298241883502, -37.630158987264402 ], [ -73.465467199589099, -37.630027564879299 ], [ -73.4657668560003, -37.629945880899498 ], [ -73.466076780575804, -37.629871618024701 ], [ -73.466252749360393, -37.629857131543503 ], [ -73.4663773704645, -37.629805523322801 ], [ -73.466395103691397, -37.629773597365002 ], [ -73.466389961437798, -37.629687844642397 ], [ -73.466346546847006, -37.629619169815498 ], [ -73.466216783928104, -37.6295850243432 ], [ -73.466117829167004, -37.629573150450902 ], [ -73.466017939597407, -37.629545685714199 ], [ -73.465976395181997, -37.629508194038998 ], [ -73.465931110276699, -37.629408336648702 ], [ -73.465891888841398, -37.629245742608497 ], [ -73.465919877867194, -37.629057158393302 ], [ -73.465962812105204, -37.628953955140503 ], [ -73.466077629416205, -37.628902719094498 ], [ -73.466196653584703, -37.628921644947098 ], [ -73.4662993471172, -37.628995884542697 ], [ -73.466374037724407, -37.629094626424703 ], [ -73.466439393438407, -37.629201536341299 ], [ -73.466544892513397, -37.629322549725003 ], [ -73.466649924408301, -37.629435766718899 ], [ -73.466805367909799, -37.629570511517898 ], [ -73.467010758209796, -37.629718989339104 ], [ -73.467167138097096, -37.629869325209299 ], [ -73.467351990483706, -37.630002954433401 ], [ -73.467506502421102, -37.630122107369701 ], [ -73.467617130036999, -37.630164790493197 ], [ -73.467745023946307, -37.6301677510735 ], [ -73.467862647515503, -37.630163288102999 ], [ -73.467989138508997, -37.630142862342602 ], [ -73.468142695808297, -37.6300823420924 ], [ -73.468255175855703, -37.629992126191702 ], [ -73.468288304446901, -37.629889293352001 ], [ -73.468312565726194, -37.629802424996299 ], [ -73.468306953606302, -37.629708877144097 ], [ -73.468292943021794, -37.629639088189997 ], [ -73.468259328280197, -37.629570042243401 ], [ -73.468215911035998, -37.629501369153097 ], [ -73.468160822862302, -37.6294018846977 ], [ -73.4681374764004, -37.6293402630752 ], [ -73.468182277073794, -37.629268241570401 ], [ -73.468257886197804, -37.629218492091603 ], [ -73.468402576409005, -37.629173934227303 ], [ -73.468518795240797, -37.629146083742299 ], [ -73.468602803479996, -37.629072575112197 ], [ -73.468647135868395, -37.628992758114599 ], [ -73.468690065062304, -37.6288895541513 ], [ -73.468743730973102, -37.6288015698142 ], [ -73.468840813991307, -37.628782258336699 ], [ -73.469007911046205, -37.628783730685903 ], [ -73.469080733830594, -37.6288512874453 ], [ -73.469147029685203, -37.628973787175099 ], [ -73.469162911870598, -37.629074758275003 ], [ -73.469141926067294, -37.629216196857897 ], [ -73.469061213788905, -37.629508356556698 ], [ -73.469021601779602, -37.629994293719399 ], [ -73.469123427698605, -37.630545182478002 ], [ -73.469250918258396, -37.6310325903939 ], [ -73.470358603764296, -37.631318706846102 ], [ -73.471031256328004, -37.631558823624403 ], [ -73.471764379589501, -37.6319060286053 ], [ -73.472261104938596, -37.631015966465 ], [ -73.473152389985898, -37.629702663258499 ] ], [ [ -73.469158232263993, -37.622365147532904 ], [ -73.469455158407399, -37.623139127894802 ], [ -73.468533838961307, -37.623010011000403 ], [ -73.468609368896395, -37.622303934895399 ], [ -73.469158232263993, -37.622365147532904 ] ], [ [ -73.4612067908825, -37.6228658913288 ], [ -73.461118598966905, -37.624345976697903 ], [ -73.458225806582007, -37.624103924878902 ], [ -73.458318250170905, -37.622858083984603 ], [ -73.4612067908825, -37.6228658913288 ] ], [ [ -73.465153575423599, -37.625779177285601 ], [ -73.465042123846203, -37.627197636879799 ], [ -73.464936767676804, -37.629045605219702 ], [ -73.464238496634394, -37.629033012815597 ], [ -73.463521088492598, -37.629028955667202 ], [ -73.462402268174102, -37.629047919091299 ], [ -73.462006448906195, -37.628836329097197 ], [ -73.460894161834602, -37.628800336830103 ], [ -73.458323722280298, -37.628694535433702 ], [ -73.456974790404303, -37.6286440259233 ], [ -73.456333465624397, -37.628597977381901 ], [ -73.456175266857997, -37.627924191786697 ], [ -73.456139338513907, -37.627652079078899 ], [ -73.456239777995293, -37.625882433925398 ], [ -73.456945958256796, -37.625863521136601 ], [ -73.456971658769405, -37.625143710354301 ], [ -73.461689435899004, -37.625511995636103 ], [ -73.465153575423599, -37.625779177285601 ] ] ] } },
{ "type": "Feature", "properties": { "id": "monoparte.30", "Name": null, "description": null, "timestamp": null, "begin": null, "end": null, "altitudeMode": null, "tessellate": -1, "extrude": 0, "visibility": -1, "drawOrder": null, "icon": null, "REG": "Biobío", "COM": "Los Álamos", "LOC": "Los Álamos", "ZONA": "ZE", "NOM": "Area verde", "UPERM": "Area verde.", "UPROH": "Todos los usos de suelo no mencionados como permitidos.", "P_DO": "12/03/2008", "N_DOC": "1705", "T_DO": "Resolución", "OBS": null }, "geometry": { "type": "Polygon", "coordinates": [ [ [ -73.469158232263993, -37.622365147532904 ], [ -73.468609368896395, -37.622303934895399 ], [ -73.468533838961307, -37.623010011000403 ], [ -73.469455158407399, -37.623139127894802 ], [ -73.469158232263993, -37.622365147532904 ] ] ] } },
{ "type": "Feature", "properties": { "id": "monoparte.31", "Name": null, "description": null, "timestamp": null, "begin": null, "end": null, "altitudeMode": null, "tessellate": -1, "extrude": 0, "visibility": -1, "drawOrder": null, "icon": null, "REG": "Biobío", "COM": "Los Álamos", "LOC": "Los Álamos", "ZONA": "ZEB", "NOM": "Zona equipamiento deportivo", "UPERM": "Equipamiento: comercio, culto y cultura, deporte, esparcimiento.", "UPROH": "Todos los usos de suelo no mencionados como permitidos.", "P_DO": "12/03/2008", "N_DOC": "1705", "T_DO": "Resolución", "OBS": null }, "geometry": { "type": "Polygon", "coordinates": [ [ [ -73.4612067908825, -37.6228658913288 ], [ -73.458318250170905, -37.622858083984603 ], [ -73.458225806582007, -37.624103924878902 ], [ -73.461118598966905, -37.624345976697903 ], [ -73.4612067908825, -37.6228658913288 ] ] ] } },
{ "type": "Feature", "properties": { "id": "monoparte.32", "Name": null, "description": null, "timestamp": null, "begin": null, "end": null, "altitudeMode": null, "tessellate": -1, "extrude": 0, "visibility": -1, "drawOrder": null, "icon": null, "REG": "Biobío", "COM": "Los Álamos", "LOC": "Los Álamos", "ZONA": "ZB1", "NOM": "Zona equipamiento 1", "UPERM": "Residencial. Equipamiento: comercio, culto y cultura, deporte, educacion, esparcimiento, salud, seguridad, servicios, social. Actividades productivas.", "UPROH": "Todos los usos de suelo no mencionados como permitidos.", "P_DO": "12/03/2008", "N_DOC": "1705", "T_DO": "Resolución", "OBS": null }, "geometry": { "type": "Polygon", "coordinates": [ [ [ -73.465153575423599, -37.625779177285601 ], [ -73.461689435899004, -37.625511995636103 ], [ -73.456971658769405, -37.625143710354301 ], [ -73.456945958256796, -37.625863521136601 ], [ -73.456239777995293, -37.625882433925398 ], [ -73.456139338513907, -37.627652079078899 ], [ -73.456175266857997, -37.627924191786697 ], [ -73.456333465624397, -37.628597977381901 ], [ -73.456974790404303, -37.6286440259233 ], [ -73.460894161834602, -37.628800336830103 ], [ -73.462006448906195, -37.628836329097197 ], [ -73.462461079562701, -37.629045691238403 ], [ -73.463521088492598, -37.629028955667202 ], [ -73.464238496634394, -37.629033012815597 ], [ -73.464936767676804, -37.629045605219702 ], [ -73.465042123846203, -37.627197636879799 ], [ -73.465153575423599, -37.625779177285601 ] ], [ [ -73.462327500726502, -37.626569981603701 ], [ -73.462260093700095, -37.627740647213102 ], [ -73.461392634846106, -37.627691475197501 ], [ -73.461490627580801, -37.6265391841671 ], [ -73.462327500726502, -37.626569981603701 ] ] ] } },
{ "type": "Feature", "properties": { "id": "monoparte.33", "Name": null, "description": null, "timestamp": null, "begin": null, "end": null, "altitudeMode": null, "tessellate": -1, "extrude": 0, "visibility": -1, "drawOrder": null, "icon": null, "REG": "Biobío", "COM": "Los Álamos", "LOC": "Los Álamos", "ZONA": "ZE", "NOM": "Area verde", "UPERM": "Area verde.", "UPROH": "Todos los usos de suelo no mencionados como permitidos.", "P_DO": "12/03/2008", "N_DOC": "1705", "T_DO": "Resolución", "OBS": null }, "geometry": { "type": "Polygon", "coordinates": [ [ [ -73.462327500726502, -37.626569981603701 ], [ -73.461490627580801, -37.6265391841671 ], [ -73.461392634846106, -37.627691475197501 ], [ -73.462260093700095, -37.627740647213102 ], [ -73.462327500726502, -37.626569981603701 ] ] ] } },
{ "type": "Feature", "properties": { "id": "monoparte.34", "Name": null, "description": null, "timestamp": null, "begin": null, "end": null, "altitudeMode": null, "tessellate": -1, "extrude": 0, "visibility": -1, "drawOrder": null, "icon": null, "REG": "Biobío", "COM": "Los Álamos", "LOC": "Los Álamos", "ZONA": "ZP1", "NOM": "Zona proteccion por presencia de quebradas", "UPERM": "No se permite ningun tipo de edificacion.", "UPROH": "Sin informacion.", "P_DO": "12/03/2008", "N_DOC": "1705", "T_DO": "Resolución", "OBS": null }, "geometry": { "type": "Polygon", "coordinates": [ [ [ -73.469250918258396, -37.6310325903939 ], [ -73.469123427698605, -37.630545182478002 ], [ -73.469021601779602, -37.629994293719399 ], [ -73.469061213788905, -37.629508356556698 ], [ -73.469141926067294, -37.629216196857897 ], [ -73.469162911870598, -37.629074758275003 ], [ -73.469147029685203, -37.628973787175099 ], [ -73.469080733830594, -37.6288512874453 ], [ -73.469007911046205, -37.628783730685903 ], [ -73.468840813991307, -37.628782258336699 ], [ -73.468743730973102, -37.6288015698142 ], [ -73.468690065062304, -37.6288895541513 ], [ -73.468647135868395, -37.628992758114599 ], [ -73.468602803479996, -37.629072575112197 ], [ -73.468518795240797, -37.629146083742299 ], [ -73.468402576409005, -37.629173934227303 ], [ -73.468257886197804, -37.629218492091603 ], [ -73.468182277073794, -37.629268241570401 ], [ -73.4681374764004, -37.6293402630752 ], [ -73.468160822862302, -37.6294018846977 ], [ -73.468215911035998, -37.629501369153097 ], [ -73.468259328280197, -37.629570042243401 ], [ -73.468292943021794, -37.629639088189997 ], [ -73.468306953606302, -37.629708877144097 ], [ -73.468312565726194, -37.629802424996299 ], [ -73.468288304446901, -37.629889293352001 ], [ -73.468255175855703, -37.629992126191702 ], [ -73.468142695808297, -37.6300823420924 ], [ -73.467989138508997, -37.630142862342602 ], [ -73.467862647515503, -37.630163288102999 ], [ -73.467745023946307, -37.6301677510735 ], [ -73.467617130036999, -37.630164790493197 ], [ -73.467506502421102, -37.630122107369701 ], [ -73.467351990483706, -37.630002954433401 ], [ -73.467167138097096, -37.629869325209299 ], [ -73.467010758209796, -37.629718989339104 ], [ -73.466805367909799, -37.629570511517898 ], [ -73.466649924408301, -37.629435766718899 ], [ -73.466544892513397, -37.629322549725003 ], [ -73.466439393438407, -37.629201536341299 ], [ -73.466374037724407, -37.629094626424703 ], [ -73.4662993471172, -37.628995884542697 ], [ -73.466196653584703, -37.628921644947098 ], [ -73.466077629416205, -37.628902719094498 ], [ -73.465962812105204, -37.628953955140503 ], [ -73.465919877867194, -37.629057158393302 ], [ -73.465891888841398, -37.629245742608497 ], [ -73.465931110276699, -37.629408336648702 ], [ -73.465976395181997, -37.629508194038998 ], [ -73.466017939597407, -37.629545685714199 ], [ -73.466117829167004, -37.629573150450902 ], [ -73.466216783928104, -37.6295850243432 ], [ -73.466346546847006, -37.629619169815498 ], [ -73.466389961437798, -37.629687844642397 ], [ -73.466395103691397, -37.629773597365002 ], [ -73.4663773704645, -37.629805523322801 ], [ -73.466252749360393, -37.629857131543503 ], [ -73.466076780575804, -37.629871618024701 ], [ -73.4657668560003, -37.629945880899498 ], [ -73.465467199589099, -37.630027564879299 ], [ -73.465298241883502, -37.630158987264402 ], [ -73.465092878912799, -37.630338671262997 ], [ -73.464949586120298, -37.630406612385599 ], [ -73.464795556725093, -37.630459333321397 ], [ -73.464651328770202, -37.630511682428498 ], [ -73.464557047073797, -37.630577765670303 ], [ -73.464472565719404, -37.630643476364199 ], [ -73.464441762750695, -37.6307032448264 ], [ -73.464423332642994, -37.630805517636801 ], [ -73.464428940170293, -37.630899066866903 ], [ -73.464485077361203, -37.6310160931193 ], [ -73.464599209799502, -37.631117247697702 ], [ -73.464795668806204, -37.631176222220603 ], [ -73.464946959338306, -37.6311821966693 ], [ -73.465282103258104, -37.631200741266298 ], [ -73.465461339766193, -37.631158783843397 ], [ -73.4655782577304, -37.631060588987303 ], [ -73.465586885559802, -37.630958685978698 ], [ -73.465589442429106, -37.630837481787097 ], [ -73.465590129585806, -37.6306850933682 ], [ -73.465616958576902, -37.630559060768697 ], [ -73.465693732806997, -37.630446760221197 ], [ -73.4657966475297, -37.630360816361303 ], [ -73.466007851851998, -37.630278578414803 ], [ -73.466172850118895, -37.630244973095103 ], [ -73.466309143458005, -37.6302241764405 ], [ -73.466754451674305, -37.630359647314002 ], [ -73.467200929154004, -37.630514605301101 ], [ -73.467672146891204, -37.630672529848603 ], [ -73.469250918258396, -37.6310325903939 ] ] ] } },
{ "type": "Feature", "properties": { "id": "monoparte.35", "Name": null, "description": null, "timestamp": null, "begin": null, "end": null, "altitudeMode": null, "tessellate": -1, "extrude": 0, "visibility": -1, "drawOrder": null, "icon": null, "REG": "Biobío", "COM": "Los Álamos", "LOC": "Los Álamos", "ZONA": "ZBCD1", "NOM": "Zona equipamientos, actividades productivas e infraestructura 1", "UPERM": "Residencial: comercio, seguridad, servicios. Actividades productivas.", "UPROH": "Todos los usos de suelo no mencionados como permitidos.", "P_DO": "12/03/2008", "N_DOC": "1705", "T_DO": "Resolución", "OBS": null }, "geometry": { "type": "Polygon", "coordinates": [ [ [ -73.468101314285306, -37.618541507282401 ], [ -73.466429963579102, -37.6183939447752 ], [ -73.466382382943195, -37.618665313886503 ], [ -73.466334333604195, -37.618928886746097 ], [ -73.466332956551796, -37.619233662949298 ], [ -73.466368906410807, -37.619423729285003 ], [ -73.466471021386099, -37.6197343469033 ], [ -73.468672221827504, -37.619871569794597 ], [ -73.468443031865505, -37.619489595061097 ], [ -73.468214312955496, -37.619115414141703 ], [ -73.468132619231397, -37.618899737772601 ], [ -73.468100863579807, -37.618697792836002 ], [ -73.468101314285306, -37.618541507282401 ] ] ] } },
{ "type": "Feature", "properties": { "id": "monoparte.36", "Name": null, "description": null, "timestamp": null, "begin": null, "end": null, "altitudeMode": null, "tessellate": -1, "extrude": 0, "visibility": -1, "drawOrder": null, "icon": null, "REG": "Biobío", "COM": "Los Álamos", "LOC": "Los Álamos", "ZONA": "ZBCD1", "NOM": "Zona equipamientos, actividades productivas e infraestructura 1", "UPERM": "Residencial: comercio, seguridad, servicios. Actividades productivas.", "UPROH": "Todos los usos de suelo no mencionados como permitidos.", "P_DO": "12/03/2008", "N_DOC": "1705", "T_DO": "Resolución", "OBS": null }, "geometry": { "type": "Polygon", "coordinates": [ [ [ -73.464855107431802, -37.618258327860801 ], [ -73.463378142226901, -37.618117025994401 ], [ -73.463206447564602, -37.619514328167099 ], [ -73.465612290124099, -37.619665339530997 ], [ -73.465598867713197, -37.619605293506602 ], [ -73.465207054997194, -37.619295893217803 ], [ -73.465073569073596, -37.619117337753302 ], [ -73.464962015485298, -37.618894977073602 ], [ -73.464876827786796, -37.618620830030203 ], [ -73.464855107431802, -37.618258327860801 ] ] ] } },
{ "type": "Feature", "properties": { "id": "monoparte.37", "Name": null, "description": null, "timestamp": null, "begin": null, "end": null, "altitudeMode": null, "tessellate": -1, "extrude": 0, "visibility": -1, "drawOrder": null, "icon": null, "REG": "Biobío", "COM": "Los Álamos", "LOC": "Los Álamos", "ZONA": "ZP1", "NOM": "Zona proteccion por presencia de quebradas", "UPERM": "No se permite ningun tipo de edificacion.", "UPROH": "Sin informacion.", "P_DO": "12/03/2008", "N_DOC": "1705", "T_DO": "Resolución", "OBS": null }, "geometry": { "type": "Polygon", "coordinates": [ [ [ -73.464855107431802, -37.618258327860801 ], [ -73.464876827786796, -37.618620830030203 ], [ -73.464962015485298, -37.618894977073602 ], [ -73.465073569073596, -37.619117337753302 ], [ -73.465207054997194, -37.619295893217803 ], [ -73.465598867713197, -37.619605293506602 ], [ -73.465612290124099, -37.619665339530997 ], [ -73.465981947287702, -37.620096687683997 ], [ -73.466187787122706, -37.620417046374797 ], [ -73.466444969547794, -37.620774523795802 ], [ -73.466578468373797, -37.621035117836797 ], [ -73.466593423649101, -37.621284580027201 ], [ -73.466571979216496, -37.621582305094599 ], [ -73.466665343408195, -37.621828794131602 ], [ -73.466683556647993, -37.621968744673602 ], [ -73.466720904890593, -37.622100157196201 ], [ -73.466805388737001, -37.622198527546402 ], [ -73.4668973374758, -37.622257547323102 ], [ -73.4670499605526, -37.622345518771503 ], [ -73.467064903915499, -37.622430899707098 ], [ -73.467052311884004, -37.622548579398497 ], [ -73.467018717414106, -37.622643614661499 ], [ -73.467128865821607, -37.622678503631903 ], [ -73.467225941613506, -37.622659194855601 ], [ -73.4673272084556, -37.622545965214996 ], [ -73.467359868694103, -37.622435338199999 ], [ -73.467330917330202, -37.622280167149697 ], [ -73.467246431593395, -37.622181797271303 ], [ -73.467151680403205, -37.622076003632301 ], [ -73.467047594104798, -37.621978377131803 ], [ -73.4670191111028, -37.621831002221001 ], [ -73.467043357069201, -37.621580052204003 ], [ -73.466998531329395, -37.621323908283799 ], [ -73.466929429131994, -37.620990552302203 ], [ -73.466788917551597, -37.620613022637897 ], [ -73.466640009354606, -37.620259252371198 ], [ -73.466471021386099, -37.6197343469033 ], [ -73.466368906410807, -37.619423729285003 ], [ -73.466332956551796, -37.619233662949298 ], [ -73.466334333604195, -37.618928886746097 ], [ -73.466382382943195, -37.618665313886503 ], [ -73.466429963579102, -37.6183939447752 ], [ -73.464855107431802, -37.618258327860801 ] ] ] } },
{ "type": "Feature", "properties": { "id": "monoparte.38", "Name": null, "description": null, "timestamp": null, "begin": null, "end": null, "altitudeMode": null, "tessellate": -1, "extrude": 0, "visibility": -1, "drawOrder": null, "icon": null, "REG": "Biobío", "COM": "Los Álamos", "LOC": "Los Álamos", "ZONA": "ZP1", "NOM": "Zona proteccion por presencia de quebradas", "UPERM": "No se permite ningun tipo de edificacion.", "UPROH": "Sin informacion.", "P_DO": "12/03/2008", "N_DOC": "1705", "T_DO": "Resolución", "OBS": null }, "geometry": { "type": "Polygon", "coordinates": [ [ [ -73.459814025226606, -37.617814501103801 ], [ -73.457366708533996, -37.6176258719495 ], [ -73.457605178504807, -37.617835622558303 ], [ -73.457752179466794, -37.6179941403987 ], [ -73.4578193774299, -37.618132239484702 ], [ -73.457907109922601, -37.618285188376198 ], [ -73.458032180088907, -37.618405469421297 ], [ -73.458223520921607, -37.618484174050302 ], [ -73.458326191733804, -37.618558422126704 ], [ -73.458333655997393, -37.618683154189902 ], [ -73.4583019161322, -37.618809372244598 ], [ -73.458308446375199, -37.618918512499498 ], [ -73.458394315100506, -37.619040278092001 ], [ -73.458418580278305, -37.619117494376702 ], [ -73.458424178996097, -37.619211043617703 ], [ -73.458393372047496, -37.619352852641903 ], [ -73.458300962063902, -37.619450112348098 ], [ -73.458198286274893, -37.619539948389601 ], [ -73.458204816538398, -37.619649088646398 ], [ -73.458269218360002, -37.619740412651304 ], [ -73.458440029351294, -37.619804267774697 ], [ -73.458535699710396, -37.619925660338197 ], [ -73.458644904010299, -37.620109049064197 ], [ -73.458721906346, -37.620246777214597 ], [ -73.458770907176202, -37.620409004009097 ], [ -73.458776500999306, -37.620666636366799 ], [ -73.458777431908004, -37.6208463112524 ], [ -73.458807296686004, -37.621017076584899 ], [ -73.458902037441305, -37.621122877719102 ], [ -73.459172728236993, -37.621214203219502 ], [ -73.459344943177499, -37.621301444037201 ], [ -73.459535827417795, -37.621372349539101 ], [ -73.459631969682107, -37.621337454342502 ], [ -73.459614703143501, -37.621213093659001 ], [ -73.459587634994193, -37.621089103253702 ], [ -73.459453691393307, -37.620984787256198 ], [ -73.459292210786003, -37.620912767264699 ], [ -73.4592091365637, -37.6208377781062 ], [ -73.459163402642901, -37.620730121542501 ], [ -73.459204943291795, -37.620439450123001 ], [ -73.4592198856094, -37.620032584407603 ], [ -73.459283365236899, -37.619616066721797 ], [ -73.459272633127796, -37.619436762992997 ], [ -73.459139629075096, -37.619183955158597 ], [ -73.459002889472799, -37.619032863805998 ], [ -73.458937554495094, -37.618925949275898 ], [ -73.458965094650694, -37.618729569201399 ], [ -73.459199848857807, -37.618384701276497 ], [ -73.459496204387605, -37.618084380825401 ], [ -73.459814025226606, -37.617814501103801 ] ] ] } },
{ "type": "Feature", "properties": { "id": "monoparte.39", "Name": null, "description": null, "timestamp": null, "begin": null, "end": null, "altitudeMode": null, "tessellate": -1, "extrude": 0, "visibility": -1, "drawOrder": null, "icon": null, "REG": "Biobío", "COM": "Los Álamos", "LOC": "Los Álamos", "ZONA": "ZP1", "NOM": "Zona proteccion por presencia de quebradas", "UPERM": "No se permite ningun tipo de edificacion.", "UPROH": "Sin informacion.", "P_DO": "12/03/2008", "N_DOC": "1705", "T_DO": "Resolución", "OBS": null }, "geometry": { "type": "Polygon", "coordinates": [ [ [ -73.454690725636596, -37.617391145611798 ], [ -73.452222068539498, -37.6172559567256 ], [ -73.452290877421305, -37.617503386986002 ], [ -73.452372989036206, -37.617726873001899 ], [ -73.452518795912198, -37.618029993780397 ], [ -73.452665546077597, -37.618266662852299 ], [ -73.452894429765905, -37.618562734926101 ], [ -73.453127050129893, -37.6188391309813 ], [ -73.453472374005003, -37.619193305683403 ], [ -73.453773828633501, -37.619553046321002 ], [ -73.453953025238803, -37.6197572329773 ], [ -73.454051717731801, -37.619929302786602 ], [ -73.454090207724505, -37.620080210085703 ], [ -73.454131495301695, -37.620277893122498 ], [ -73.454052825256895, -37.620605128078701 ], [ -73.454015691612895, -37.620969859530099 ], [ -73.454031543219202, -37.621152875632902 ], [ -73.454087298837194, -37.621346104421001 ], [ -73.454122288339903, -37.621520584404998 ], [ -73.454196248755196, -37.6216896833254 ], [ -73.454278378927, -37.621831125818602 ], [ -73.454371010442401, -37.621983892092302 ], [ -73.454428405960599, -37.622122363938203 ], [ -73.454446363474403, -37.622258420524403 ], [ -73.454416254129399, -37.622329880427998 ], [ -73.454398270302207, -37.622521991230997 ], [ -73.454549238290895, -37.622746777782197 ], [ -73.454769979500597, -37.622988458870701 ], [ -73.454841618656005, -37.6230365364639 ], [ -73.455113005926805, -37.623221607124201 ], [ -73.455338423988294, -37.623377161076398 ], [ -73.455431764809504, -37.623459578598798 ], [ -73.455497099527406, -37.623566494188701 ], [ -73.455504093115806, -37.623683432069598 ], [ -73.455430457002507, -37.623848348637701 ], [ -73.455458917311702, -37.623995726877098 ], [ -73.455544789354605, -37.624117493460602 ], [ -73.455679666551106, -37.624237405755302 ], [ -73.455817818302805, -37.624247804645798 ], [ -73.455832292272902, -37.624161308852699 ], [ -73.455864970400697, -37.624050683919897 ], [ -73.455750160328904, -37.623937826578697 ], [ -73.455725429491494, -37.623852813315899 ], [ -73.455747373165906, -37.6237269683023 ], [ -73.455819722229293, -37.623622655452301 ], [ -73.455780992003298, -37.623467851866302 ], [ -73.455704923561598, -37.623345714499798 ], [ -73.455437968065695, -37.6231526635463 ], [ -73.455390370651401, -37.6230138233689 ], [ -73.455358646320093, -37.622811872100201 ], [ -73.4552503787653, -37.622644072877897 ], [ -73.455111308590801, -37.622453996744497 ], [ -73.455020778934099, -37.6222542718535 ], [ -73.454980188891497, -37.622068283019502 ], [ -73.454922803984502, -37.621765727892303 ], [ -73.454930788953206, -37.6210778405352 ], [ -73.454970053192895, -37.620255939236998 ], [ -73.455041492840806, -37.619807868642901 ], [ -73.455201603362397, -37.619364257524502 ], [ -73.455430773684895, -37.619089928891199 ], [ -73.455528792089694, -37.618922138198002 ], [ -73.455528336786102, -37.618750258208003 ], [ -73.455368741463701, -37.618545331527002 ], [ -73.455094347653997, -37.618227546785398 ], [ -73.454882489180406, -37.617969903587301 ], [ -73.454690725636596, -37.617391145611798 ] ] ] } },
{ "type": "Feature", "properties": { "id": "monoparte.40", "Name": null, "description": null, "timestamp": null, "begin": null, "end": null, "altitudeMode": null, "tessellate": -1, "extrude": 0, "visibility": -1, "drawOrder": null, "icon": null, "REG": "Biobío", "COM": "Los Álamos", "LOC": "Los Álamos", "ZONA": "ZA2", "NOM": "Zona residencial mixta 2", "UPERM": "Residencial. Equipamiento: culto y cultura, deporte, educacion, salud, seguridad, servicios, social. Actividades productivas.", "UPROH": "Todos los usos de suelo no mencionados como permitidos.", "P_DO": "12/03/2008", "N_DOC": "1705", "T_DO": "Resolución", "OBS": null }, "geometry": { "type": "Polygon", "coordinates": [ [ [ -73.464795668806204, -37.631176222220603 ], [ -73.464599209799502, -37.631117247697702 ], [ -73.464485077361203, -37.6310160931193 ], [ -73.464428940170293, -37.630899066866903 ], [ -73.464159852819193, -37.630999123653901 ], [ -73.463831952933106, -37.631101408495198 ], [ -73.463434967952907, -37.631198498982897 ], [ -73.463007875636507, -37.631285008269401 ], [ -73.462539237187002, -37.631334024080502 ], [ -73.461678974868903, -37.631405690830398 ], [ -73.460374340433006, -37.631439490373403 ], [ -73.459360504615901, -37.631407569184802 ], [ -73.458527309397596, -37.631439120376498 ], [ -73.457749660251295, -37.631413868229799 ], [ -73.456899191859605, -37.631485128330098 ], [ -73.4561649496559, -37.631528545383901 ], [ -73.455025097412403, -37.631196629726503 ], [ -73.454692264574007, -37.631545201026498 ], [ -73.4544948074833, -37.631693313735902 ], [ -73.454203055116395, -37.631907500923099 ], [ -73.454006062228302, -37.632063407532598 ], [ -73.453855284929901, -37.632170686019897 ], [ -73.453491635322393, -37.632496979448398 ], [ -73.453335248613897, -37.632674790423799 ], [ -73.453162517709799, -37.632907914012698 ], [ -73.452871210419204, -37.633293977559802 ], [ -73.452359549378897, -37.633938404100498 ], [ -73.451320029366499, -37.6336417266306 ], [ -73.450077942446001, -37.633243306869801 ], [ -73.450054823372994, -37.633349663059299 ], [ -73.450167310960694, -37.633423545994603 ], [ -73.450231716982799, -37.633514874123598 ], [ -73.450238704773994, -37.633631811747797 ], [ -73.4504123383402, -37.633742450985999 ], [ -73.450478609608396, -37.633864961953101 ], [ -73.450222806637299, -37.633859003799699 ], [ -73.450028635628001, -37.633733513246298 ], [ -73.449795719617896, -37.633617298798903 ], [ -73.449433971888894, -37.633482512695203 ], [ -73.449126363192505, -37.633431628991502 ], [ -73.448646031536697, -37.633449776286099 ], [ -73.448170820384803, -37.633553677373499 ], [ -73.447797361387302, -37.633716241920702 ], [ -73.447519599590294, -37.633836122287001 ], [ -73.447247423421302, -37.634049552525397 ], [ -73.446881407929794, -37.634336848136599 ], [ -73.446599891169299, -37.634558443770203 ], [ -73.446392605590205, -37.634706914564099 ], [ -73.446256268450995, -37.634891773561101 ], [ -73.446188550523203, -37.635074040459301 ], [ -73.448553267840893, -37.635844208968201 ], [ -73.450325670515994, -37.636402310952199 ], [ -73.451867964726105, -37.636890952643199 ], [ -73.454333213072104, -37.636711769507698 ], [ -73.456546364415502, -37.636588957242097 ], [ -73.457817485889194, -37.636486145060204 ], [ -73.458503693428, -37.636460163349099 ], [ -73.459417702630304, -37.636464617621002 ], [ -73.459387826639102, -37.6362938523407 ], [ -73.459339277416504, -37.636139423200298 ], [ -73.459229577077807, -37.635948240731601 ], [ -73.459153955168503, -37.635833902393898 ], [ -73.459008311581201, -37.635698776354097 ], [ -73.458895812088102, -37.635460818989003 ], [ -73.458818324143394, -37.635315297673102 ], [ -73.458757640639405, -37.635122259411503 ], [ -73.458714696216902, -37.634897295085601 ], [ -73.458739903747002, -37.634661936913702 ], [ -73.458759043004903, -37.634489316222698 ], [ -73.458869674455499, -37.634203841788803 ], [ -73.458922423217004, -37.634100269168002 ], [ -73.459020448703299, -37.6339324751467 ], [ -73.459090467482696, -37.633789180134499 ], [ -73.459139480320005, -37.633623242114901 ], [ -73.459158619694705, -37.633450620472203 ], [ -73.459121276963899, -37.6333192070325 ], [ -73.459022785517007, -37.6331510391067 ], [ -73.458922893326303, -37.632959486555201 ], [ -73.458846341873397, -37.6328295559548 ], [ -73.458818335377003, -37.632689974826398 ], [ -73.458831871858806, -37.632587887107803 ], [ -73.458925230285701, -37.632506217000497 ], [ -73.459042858957901, -37.632501762588603 ], [ -73.459173090225406, -37.632543711346301 ], [ -73.459264113603496, -37.632587145697997 ], [ -73.459337865808806, -37.632670300581999 ], [ -73.459383143357599, -37.632770160055202 ], [ -73.459441491934896, -37.632924219942502 ], [ -73.4594200191423, -37.633057861670302 ], [ -73.459456896659702, -37.6331814813039 ], [ -73.459544653160805, -37.633334425559802 ], [ -73.459629142346699, -37.633432801627897 ], [ -73.459730435998395, -37.633483658822001 ], [ -73.459878408464206, -37.633493681398299 ], [ -73.460003973145803, -37.633457671107202 ], [ -73.460235965999402, -37.633394189933398 ], [ -73.460383471344102, -37.633396415547402 ], [ -73.460554783252107, -37.633468059917703 ], [ -73.460641141613195, -37.633597617787899 ], [ -73.460639744468395, -37.633738313176401 ], [ -73.460569261779099, -37.6338738116904 ], [ -73.460475904853197, -37.633955483041902 ], [ -73.460204700691506, -37.634020450934401 ], [ -73.459793457862204, -37.634207923710498 ], [ -73.459498911881894, -37.634375348292302 ], [ -73.459393884637606, -37.6345902893095 ], [ -73.459359342614107, -37.634833815112898 ], [ -73.459416292632596, -37.634964486749503 ], [ -73.459549797641003, -37.635061005534602 ], [ -73.459711777421902, -37.635140818520497 ], [ -73.459796270186501, -37.6352391933615 ], [ -73.459988127221806, -37.635489770162401 ], [ -73.460221995992597, -37.6356215539099 ], [ -73.460520751297196, -37.6356883714584 ], [ -73.460746216859803, -37.6356798300164 ], [ -73.461017892196594, -37.635622655999697 ], [ -73.461238219992197, -37.635528360379098 ], [ -73.461501028380695, -37.635487149255503 ], [ -73.461678413116303, -37.635496054985801 ], [ -73.461838526322794, -37.635544681409598 ], [ -73.462042055630306, -37.635661983976902 ], [ -73.462138222939402, -37.635791168875102 ], [ -73.462136828952495, -37.635931863168601 ], [ -73.462094353375903, -37.636042861844601 ], [ -73.461951983467102, -37.636126390882403 ], [ -73.461639691584594, -37.6361616650073 ], [ -73.460960958224902, -37.636148314439197 ], [ -73.4605305643435, -37.636180246918798 ], [ -73.460310233667499, -37.636274541385497 ], [ -73.4602126756768, -37.636450133676803 ], [ -73.461559411628301, -37.636461617987401 ], [ -73.462420199380404, -37.636397744732797 ], [ -73.464476000786703, -37.636272933353702 ], [ -73.464614493540196, -37.634322134407903 ], [ -73.464767419964701, -37.631874633426399 ], [ -73.464795668806204, -37.631176222220603 ] ] ] } },
{ "type": "Feature", "properties": { "id": "monoparte.41", "Name": null, "description": null, "timestamp": null, "begin": null, "end": null, "altitudeMode": null, "tessellate": -1, "extrude": 0, "visibility": -1, "drawOrder": null, "icon": null, "REG": "Biobío", "COM": "Los Álamos", "LOC": "Los Álamos", "ZONA": "ZP1", "NOM": "Zona proteccion por presencia de quebradas", "UPERM": "No se permite ningun tipo de edificacion.", "UPROH": "Sin informacion.", "P_DO": "12/03/2008", "N_DOC": "1705", "T_DO": "Resolución", "OBS": null }, "geometry": { "type": "Polygon", "coordinates": [ [ [ -73.4602126756768, -37.636450133676803 ], [ -73.460310233667499, -37.636274541385497 ], [ -73.4605305643435, -37.636180246918798 ], [ -73.460960958224902, -37.636148314439197 ], [ -73.461639691584594, -37.6361616650073 ], [ -73.461951983467102, -37.636126390882403 ], [ -73.462094353375903, -37.636042861844601 ], [ -73.462136828952495, -37.635931863168601 ], [ -73.462138222939402, -37.635791168875102 ], [ -73.462042055630306, -37.635661983976902 ], [ -73.461838526322794, -37.635544681409598 ], [ -73.461678413116303, -37.635496054985801 ], [ -73.461501028380695, -37.635487149255503 ], [ -73.461238219992197, -37.635528360379098 ], [ -73.461017892196594, -37.635622655999697 ], [ -73.460746216859803, -37.6356798300164 ], [ -73.460520751297196, -37.6356883714584 ], [ -73.460221995992597, -37.6356215539099 ], [ -73.459988127221806, -37.635489770162401 ], [ -73.459796270186501, -37.6352391933615 ], [ -73.459711777421902, -37.635140818520497 ], [ -73.459549797641003, -37.635061005534602 ], [ -73.459416292632596, -37.634964486749503 ], [ -73.459359342614107, -37.634833815112898 ], [ -73.459393884637606, -37.6345902893095 ], [ -73.459498911881894, -37.634375348292302 ], [ -73.459793457862204, -37.634207923710498 ], [ -73.460204700691506, -37.634020450934401 ], [ -73.460475904853197, -37.633955483041902 ], [ -73.460569261779099, -37.6338738116904 ], [ -73.460639744468395, -37.633738313176401 ], [ -73.460641141613195, -37.633597617787899 ], [ -73.460554783252107, -37.633468059917703 ], [ -73.460383471344102, -37.633396415547402 ], [ -73.460235965999402, -37.633394189933398 ], [ -73.460003973145803, -37.633457671107202 ], [ -73.459878408464206, -37.633493681398299 ], [ -73.459730435998395, -37.633483658822001 ], [ -73.459629142346699, -37.633432801627897 ], [ -73.459544653160805, -37.633334425559802 ], [ -73.459456896659702, -37.6331814813039 ], [ -73.4594200191423, -37.633057861670302 ], [ -73.459441491934896, -37.632924219942502 ], [ -73.459383143357599, -37.632770160055202 ], [ -73.459337865808806, -37.632670300581999 ], [ -73.459264113603496, -37.632587145697997 ], [ -73.459173090225406, -37.632543711346301 ], [ -73.459042858957901, -37.632501762588603 ], [ -73.458925230285701, -37.632506217000497 ], [ -73.458831871858806, -37.632587887107803 ], [ -73.458818335377003, -37.632689974826398 ], [ -73.458846341873397, -37.6328295559548 ], [ -73.458922893326303, -37.632959486555201 ], [ -73.459022785517007, -37.6331510391067 ], [ -73.459121276963899, -37.6333192070325 ], [ -73.459158619694705, -37.633450620472203 ], [ -73.459139480320005, -37.633623242114901 ], [ -73.459090467482696, -37.633789180134499 ], [ -73.459020448703299, -37.6339324751467 ], [ -73.458922423217004, -37.634100269168002 ], [ -73.458869674455499, -37.634203841788803 ], [ -73.458759043004903, -37.634489316222698 ], [ -73.458739903747002, -37.634661936913702 ], [ -73.458714696216902, -37.634897295085601 ], [ -73.458757640639405, -37.635122259411503 ], [ -73.458818324143394, -37.635315297673102 ], [ -73.458895812088102, -37.635460818989003 ], [ -73.459008311581201, -37.635698776354097 ], [ -73.459153955168503, -37.635833902393898 ], [ -73.459229577077807, -37.635948240731601 ], [ -73.459339277416504, -37.636139423200298 ], [ -73.459387826639102, -37.6362938523407 ], [ -73.459417702630304, -37.636464617621002 ], [ -73.4602126756768, -37.636450133676803 ] ] ] } },
{ "type": "Feature", "properties": { "id": "monoparte.42", "Name": null, "description": null, "timestamp": null, "begin": null, "end": null, "altitudeMode": null, "tessellate": -1, "extrude": 0, "visibility": -1, "drawOrder": null, "icon": null, "REG": "Biobío", "COM": "Los Álamos", "LOC": "Los Álamos", "ZONA": "ZP2", "NOM": "Zona proteccion por interes paisajisticos", "UPERM": "Equipamiento: comercio, culto y cultura, deporte, educacion, esparcimiento, social.", "UPROH": "Todos los usos de suelo no mencionados como permitidos.", "P_DO": "12/03/2008", "N_DOC": "1705", "T_DO": "Resolución", "OBS": null }, "geometry": { "type": "Polygon", "coordinates": [ [ [ -73.449606940282607, -37.631526511375803 ], [ -73.449436224197896, -37.6314645956435 ], [ -73.449299456179702, -37.6314775767204 ], [ -73.449166413767699, -37.631552924786099 ], [ -73.449151931384804, -37.631639420266303 ], [ -73.449164038772096, -37.6318421137493 ], [ -73.449173818759107, -37.632005826706603 ], [ -73.449095376637999, -37.632172874877298 ], [ -73.448983335277504, -37.632270869619497 ], [ -73.448799880094796, -37.632324681690797 ], [ -73.448623435032005, -37.6323313479202 ], [ -73.448493207798705, -37.632289387113701 ], [ -73.448303701177096, -37.632241851531802 ], [ -73.448101130036406, -37.632140115274296 ], [ -73.447888269213607, -37.632195037636102 ], [ -73.4478943206785, -37.6322963836664 ], [ -73.447948455196894, -37.632380287993698 ], [ -73.447947033752598, -37.6325209838758 ], [ -73.447904073358103, -37.6326241812814 ], [ -73.447823299830603, -37.632752249173997 ], [ -73.447685106045299, -37.632905925385899 ], [ -73.447543652729905, -37.6330050297735 ], [ -73.447343848871498, -37.633114151933597 ], [ -73.447160856916199, -37.633175758078998 ], [ -73.446956863527802, -37.633214715818198 ], [ -73.446781811246495, -37.633244767103498 ], [ -73.446556814195304, -37.633261076974797 ], [ -73.446244059706103, -37.633288515134502 ], [ -73.446008794568797, -37.633297397622101 ], [ -73.445763725957207, -37.633306650679202 ], [ -73.445587742112096, -37.633321109048097 ], [ -73.445489714593606, -37.633324809984003 ], [ -73.445501440290201, -37.633027454572897 ], [ -73.445536988457604, -37.632635437334102 ], [ -73.445600082691996, -37.632211126561899 ], [ -73.445727111303, -37.6318703503023 ], [ -73.445899892728093, -37.631473151642197 ], [ -73.446047425847993, -37.631311311704003 ], [ -73.446154816139199, -37.631135360115898 ], [ -73.446194985938803, -37.630985386107703 ], [ -73.446251968373602, -37.630787897395102 ], [ -73.446224450613201, -37.630656107314401 ], [ -73.446128319450594, -37.630526907055902 ], [ -73.446120873529907, -37.630402173126001 ], [ -73.446203043012403, -37.630297494951101 ], [ -73.446348216574293, -37.630260758857702 ], [ -73.446515786239402, -37.630270058543701 ], [ -73.446645544649797, -37.630304226219103 ], [ -73.446831788410094, -37.630297193049898 ], [ -73.447173472537898, -37.630260848805499 ], [ -73.447426004960505, -37.630212242668797 ], [ -73.447674811739404, -37.630101270563998 ], [ -73.447820449595795, -37.630072329193297 ], [ -73.447947878052304, -37.630067515846399 ], [ -73.448170511211501, -37.630176307839598 ], [ -73.448357195714806, -37.630341153116902 ], [ -73.448494869288197, -37.6305078487324 ], [ -73.448616688305407, -37.630573567641598 ], [ -73.448724979315301, -37.630577289580799 ], [ -73.448817880636199, -37.630487832317598 ], [ -73.4488403025438, -37.630369782488501 ], [ -73.448833316635302, -37.630252844619697 ], [ -73.4488179269472, -37.630159663712398 ], [ -73.448841280121798, -37.630057205906702 ], [ -73.448914577024695, -37.6299684883572 ], [ -73.448967802254899, -37.629872715964403 ], [ -73.448983215997501, -37.629801811617703 ], [ -73.449019060213104, -37.629661767789301 ], [ -73.446600352991297, -37.629135860973498 ], [ -73.446285348104993, -37.6287961490059 ], [ -73.4459740675793, -37.628518802590101 ], [ -73.445774333112695, -37.628299751993602 ], [ -73.445511602783895, -37.628012758087102 ], [ -73.445386532738297, -37.627892464538398 ], [ -73.445045388401596, -37.627608428767203 ], [ -73.444878787611501, -37.627450633795 ], [ -73.444749535193495, -37.627260175283297 ], [ -73.444665537656604, -37.627169583262202 ], [ -73.444504520483406, -37.627105339461302 ], [ -73.444357027192197, -37.627103092155302 ], [ -73.444179662089695, -37.627094159772199 ], [ -73.443961228294498, -37.627055521620797 ], [ -73.443761004792904, -37.626992756354099 ], [ -73.443627999108998, -37.626904013844303 ], [ -73.443530481505306, -37.626751423088798 ], [ -73.443432964378701, -37.626598833122998 ], [ -73.443414791397501, -37.626458876392697 ], [ -73.443470847839507, -37.626245795672197 ], [ -73.443619771298899, -37.626107346812503 ], [ -73.443855050671701, -37.625934384502003 ], [ -73.443356689929104, -37.625896541752702 ], [ -73.442938002124293, -37.6259592201435 ], [ -73.442250444451901, -37.626125802663701 ], [ -73.441754733938197, -37.626214823752001 ], [ -73.4410489597782, -37.626405526887602 ], [ -73.440501448652, -37.626449614551902 ], [ -73.440773535329797, -37.626564369527003 ], [ -73.440851444231996, -37.626717702213099 ], [ -73.440978826934796, -37.6268769822208 ], [ -73.441105281736995, -37.627020669816602 ], [ -73.441328826259493, -37.627145068210602 ], [ -73.441472096341101, -37.627241240320302 ], [ -73.441711527493197, -37.627302530651299 ], [ -73.442058780773607, -37.627359754129799 ], [ -73.442437764957106, -37.627454846263603 ], [ -73.442711252960294, -37.627592985007297 ], [ -73.4429907881416, -37.627832471543002 ], [ -73.443130304025601, -37.628030357991001 ], [ -73.4432702868896, -37.628236040700799 ], [ -73.443426584187094, -37.628550496475299 ], [ -73.443664589602804, -37.628752479789902 ], [ -73.443995467835506, -37.629029092931802 ], [ -73.444372567598904, -37.629257079755597 ], [ -73.444543823742706, -37.629492834896702 ], [ -73.444613337559403, -37.629669921133299 ], [ -73.444663245829403, -37.629847748239399 ], [ -73.444628190464996, -37.6300834753674 ], [ -73.444489463541998, -37.630557522180098 ], [ -73.444376420710199, -37.630968091435101 ], [ -73.444216157754198, -37.631739862807898 ], [ -73.444053135519098, -37.632300774578503 ], [ -73.443769687382996, -37.6328193492593 ], [ -73.443468524709203, -37.633205762590102 ], [ -73.443047865649405, -37.633565429752501 ], [ -73.442648204889693, -37.633947744549303 ], [ -73.443427710739201, -37.634168363626301 ], [ -73.446188550523203, -37.635074040459301 ], [ -73.446256268450995, -37.634891773561101 ], [ -73.446392605590205, -37.634706914564099 ], [ -73.446599891169299, -37.634558443770203 ], [ -73.446881407929794, -37.634336848136599 ], [ -73.447247423421302, -37.634049552525397 ], [ -73.447519599590294, -37.633836122287001 ], [ -73.447797361387302, -37.633716241920702 ], [ -73.448170820384803, -37.633553677373499 ], [ -73.448646031536697, -37.633449776286099 ], [ -73.449126363192505, -37.633431628991502 ], [ -73.449433971888894, -37.633482512695203 ], [ -73.449795719617896, -37.633617298798903 ], [ -73.450028635628001, -37.633733513246298 ], [ -73.450222806637299, -37.633859003799699 ], [ -73.450478609608396, -37.633864961953101 ], [ -73.4504123383402, -37.633742450985999 ], [ -73.450238704773994, -37.633631811747797 ], [ -73.450231716982799, -37.633514874123598 ], [ -73.450167310960694, -37.633423545994603 ], [ -73.450054823372994, -37.633349663059299 ], [ -73.450077942446001, -37.633243306869801 ], [ -73.449818880850799, -37.633182775282997 ], [ -73.449876320369, -37.632993080915597 ], [ -73.4495575128513, -37.632919180260302 ], [ -73.449408632527806, -37.632729468312398 ], [ -73.449326041669295, -37.6324981855986 ], [ -73.4493386609211, -37.632380506098201 ], [ -73.449580507105594, -37.631988506835803 ], [ -73.449478755877706, -37.631929843864498 ], [ -73.449606940282607, -37.631526511375803 ] ] ] } },
{ "type": "Feature", "properties": { "id": "monoparte.43", "Name": null, "description": null, "timestamp": null, "begin": null, "end": null, "altitudeMode": null, "tessellate": -1, "extrude": 0, "visibility": -1, "drawOrder": null, "icon": null, "REG": "Biobío", "COM": "Los Álamos", "LOC": "Los Álamos", "ZONA": "ZA2", "NOM": "Zona residencial mixta 2", "UPERM": "Residencial. Equipamiento: culto y cultura, deporte, educacion, salud, seguridad, servicios, social. Actividades productivas.", "UPROH": "Todos los usos de suelo no mencionados como permitidos.", "P_DO": "12/03/2008", "N_DOC": "1705", "T_DO": "Resolución", "OBS": null }, "geometry": { "type": "Polygon", "coordinates": [ [ [ -73.450281637232706, -37.629910970923802 ], [ -73.449019060213104, -37.629661767789301 ], [ -73.448983215997501, -37.629801811617703 ], [ -73.448967802254899, -37.629872715964403 ], [ -73.448914577024695, -37.6299684883572 ], [ -73.448841280121798, -37.630057205906702 ], [ -73.4488179269472, -37.630159663712398 ], [ -73.448833316635302, -37.630252844619697 ], [ -73.4488403025438, -37.630369782488501 ], [ -73.448817880636199, -37.630487832317598 ], [ -73.448724979315301, -37.630577289580799 ], [ -73.448616688305407, -37.630573567641598 ], [ -73.448494869288197, -37.6305078487324 ], [ -73.448357195714806, -37.630341153116902 ], [ -73.448170511211501, -37.630176307839598 ], [ -73.447947878052304, -37.630067515846399 ], [ -73.447820449595795, -37.630072329193297 ], [ -73.447674811739404, -37.630101270563998 ], [ -73.447426004960505, -37.630212242668797 ], [ -73.447173472537898, -37.630260848805499 ], [ -73.446831788410094, -37.630297193049898 ], [ -73.446645544649797, -37.630304226219103 ], [ -73.446515786239402, -37.630270058543701 ], [ -73.446348216574293, -37.630260758857702 ], [ -73.446203043012403, -37.630297494951101 ], [ -73.446120873529907, -37.630402173126001 ], [ -73.446128319450594, -37.630526907055902 ], [ -73.446224450613201, -37.630656107314401 ], [ -73.446251968373602, -37.630787897395102 ], [ -73.446194985938803, -37.630985386107703 ], [ -73.446154816139199, -37.631135360115898 ], [ -73.446047425847993, -37.631311311704003 ], [ -73.445899892728093, -37.631473151642197 ], [ -73.445727111303, -37.6318703503023 ], [ -73.445600082691996, -37.632211126561899 ], [ -73.445536988457604, -37.632635437334102 ], [ -73.445501440290201, -37.633027454572897 ], [ -73.445489714593606, -37.633324809984003 ], [ -73.445587742112096, -37.633321109048097 ], [ -73.445763725957207, -37.633306650679202 ], [ -73.446008794568797, -37.633297397622101 ], [ -73.446244059706103, -37.633288515134502 ], [ -73.446556814195304, -37.633261076974797 ], [ -73.446781811246495, -37.633244767103498 ], [ -73.446956863527802, -37.633214715818198 ], [ -73.447160856916199, -37.633175758078998 ], [ -73.447343848871498, -37.633114151933597 ], [ -73.447543652729905, -37.6330050297735 ], [ -73.447685106045299, -37.632905925385899 ], [ -73.447823299830603, -37.632752249173997 ], [ -73.447904073358103, -37.6326241812814 ], [ -73.447947033752598, -37.6325209838758 ], [ -73.447948455196894, -37.632380287993698 ], [ -73.4478943206785, -37.6322963836664 ], [ -73.447888269213607, -37.632195037636102 ], [ -73.448101130036406, -37.632140115274296 ], [ -73.448303701177096, -37.632241851531802 ], [ -73.448493207798705, -37.632289387113701 ], [ -73.448623435032005, -37.6323313479202 ], [ -73.448799880094796, -37.632324681690797 ], [ -73.448983335277504, -37.632270869619497 ], [ -73.449095376637999, -37.632172874877298 ], [ -73.449173818759107, -37.632005826706603 ], [ -73.449164038772096, -37.6318421137493 ], [ -73.449151931384804, -37.631639420266303 ], [ -73.449166413767699, -37.631552924786099 ], [ -73.449299456179702, -37.6314775767204 ], [ -73.449436224197896, -37.6314645956435 ], [ -73.449606940282607, -37.631526511375803 ], [ -73.450281637232706, -37.629910970923802 ] ] ] } },
{ "type": "Feature", "properties": { "id": "monoparte.44", "Name": null, "description": null, "timestamp": null, "begin": null, "end": null, "altitudeMode": null, "tessellate": -1, "extrude": 0, "visibility": -1, "drawOrder": null, "icon": null, "REG": "Biobío", "COM": "Los Álamos", "LOC": "Los Álamos", "ZONA": "ZBCD1", "NOM": "Zona equipamientos, actividades productivas e infraestructura 1", "UPERM": "Residencial: comercio, seguridad, servicios. Actividades productivas.", "UPROH": "Todos los usos de suelo no mencionados como permitidos.", "P_DO": "12/03/2008", "N_DOC": "1705", "T_DO": "Resolución", "OBS": null }, "geometry": { "type": "Polygon", "coordinates": [ [ [ -73.444776416506599, -37.625899611154601 ], [ -73.444525726101503, -37.625567232036602 ], [ -73.444373223137305, -37.624986974993703 ], [ -73.444215606072106, -37.624320962211399 ], [ -73.444120451474504, -37.624043267471798 ], [ -73.443970209269494, -37.623830158668703 ], [ -73.443547888480694, -37.623502300365701 ], [ -73.443070518955395, -37.623074942564301 ], [ -73.442366582366304, -37.622554554874199 ], [ -73.441923257915093, -37.6222860837143 ], [ -73.441513524303303, -37.622086666987599 ], [ -73.441256619113304, -37.621979153035198 ], [ -73.440762054189506, -37.622251743437197 ], [ -73.440810299457198, -37.622484328505003 ], [ -73.440969317251302, -37.623009652296901 ], [ -73.441053240782395, -37.623346374590298 ], [ -73.441127366440696, -37.6236834672059 ], [ -73.441216171680196, -37.624102047638203 ], [ -73.4412718775081, -37.624377325775598 ], [ -73.441297037183702, -37.6245521819205 ], [ -73.441403398804596, -37.624770854541303 ], [ -73.441488086787899, -37.624873143261702 ], [ -73.441494592797795, -37.624982286844798 ], [ -73.441417301773697, -37.6251688192785 ], [ -73.441294971028597, -37.625341424003899 ], [ -73.441058969658897, -37.625584729805297 ], [ -73.440891853859299, -37.625665260495303 ], [ -73.440746685671499, -37.625701989472198 ], [ -73.440528448225606, -37.625831328346301 ], [ -73.440250680253499, -37.626033233743499 ], [ -73.440151456664296, -37.626181524739003 ], [ -73.440300320581898, -37.6262892076738 ], [ -73.440501448652, -37.626449614551902 ], [ -73.4410489597782, -37.626405526887602 ], [ -73.441754733938197, -37.626214823752001 ], [ -73.442250444451901, -37.626125802663701 ], [ -73.442938002124293, -37.6259592201435 ], [ -73.443356689929104, -37.625896541752702 ], [ -73.443855050671701, -37.625934384502003 ], [ -73.444776416506599, -37.625899611154601 ] ] ] } },
{ "type": "Feature", "properties": { "id": "monoparte.45", "Name": null, "description": null, "timestamp": null, "begin": null, "end": null, "altitudeMode": null, "tessellate": -1, "extrude": 0, "visibility": -1, "drawOrder": null, "icon": null, "REG": "Biobío", "COM": "Los Álamos", "LOC": "Los Álamos", "ZONA": "ZA2", "NOM": "Zona residencial mixta 2", "UPERM": "Residencial. Equipamiento: culto y cultura, deporte, educacion, salud, seguridad, servicios, social. Actividades productivas.", "UPROH": "Todos los usos de suelo no mencionados como permitidos.", "P_DO": "12/03/2008", "N_DOC": "1705", "T_DO": "Resolución", "OBS": null }, "geometry": { "type": "Polygon", "coordinates": [ [ [ -73.454398270302207, -37.622521991230997 ], [ -73.451682869784804, -37.622616858234601 ], [ -73.448509640282396, -37.622447672768097 ], [ -73.444711959217102, -37.622184769383999 ], [ -73.441256619113304, -37.621979153035198 ], [ -73.441513524303303, -37.622086666987599 ], [ -73.441923257915093, -37.6222860837143 ], [ -73.442366582366304, -37.622554554874199 ], [ -73.443070518955395, -37.623074942564301 ], [ -73.443547888480694, -37.623502300365701 ], [ -73.443970209269494, -37.623830158668703 ], [ -73.444120451474504, -37.624043267471798 ], [ -73.444215606072106, -37.624320962211399 ], [ -73.444373223137305, -37.624986974993703 ], [ -73.444525726101503, -37.625567232036602 ], [ -73.444776416506599, -37.625899611154601 ], [ -73.445973624730797, -37.625877856810199 ], [ -73.447817745648805, -37.625831657539997 ], [ -73.449622652965104, -37.625786911030403 ], [ -73.450578073334398, -37.625828940466199 ], [ -73.452810036920297, -37.6258617659999 ], [ -73.452784905659698, -37.625112621926199 ], [ -73.452808381206196, -37.623697493608198 ], [ -73.455430457002507, -37.623848348637701 ], [ -73.455504093115806, -37.623683432069598 ], [ -73.455497099527406, -37.623566494188701 ], [ -73.455431764809504, -37.623459578598798 ], [ -73.455338423988294, -37.623377161076398 ], [ -73.455113005926805, -37.623221607124201 ], [ -73.454841618656005, -37.6230365364639 ], [ -73.454769979500597, -37.622988458870701 ], [ -73.454549238290895, -37.622746777782197 ], [ -73.454398270302207, -37.622521991230997 ] ] ] } },
{ "type": "Feature", "properties": { "id": "monoparte.46", "Name": null, "description": null, "timestamp": null, "begin": null, "end": null, "altitudeMode": null, "tessellate": -1, "extrude": 0, "visibility": -1, "drawOrder": null, "icon": null, "REG": "Biobío", "COM": "Los Álamos", "LOC": "Los Álamos", "ZONA": "ZP2", "NOM": "Zona proteccion por interes paisajisticos", "UPERM": "Equipamiento: comercio, culto y cultura, deporte, educacion, esparcimiento, social.", "UPROH": "Todos los usos de suelo no mencionados como permitidos.", "P_DO": "12/03/2008", "N_DOC": "1705", "T_DO": "Resolución", "OBS": null }, "geometry": { "type": "Polygon", "coordinates": [ [ [ -73.440762054189506, -37.622251743437197 ], [ -73.440454663013497, -37.622450859043397 ], [ -73.440176418199698, -37.622727009441597 ], [ -73.439968641458407, -37.623031756914301 ], [ -73.439832725014597, -37.623388489773802 ], [ -73.439773825980197, -37.623718878400197 ], [ -73.439510578203397, -37.623752243416398 ], [ -73.439285142151903, -37.623760741998403 ], [ -73.438821218250993, -37.623723534843897 ], [ -73.438468361737606, -37.623736835607097 ], [ -73.438144446215105, -37.623741230507498 ], [ -73.4377911248163, -37.623746731768001 ], [ -73.437289388448505, -37.623734383934 ], [ -73.436756388075906, -37.623691958190797 ], [ -73.436427829747601, -37.623618388656801 ], [ -73.436015236059205, -37.623618304309197 ], [ -73.435604497710699, -37.623649402295797 ], [ -73.435341711485606, -37.623690553791199 ], [ -73.434886605052398, -37.623801457689197 ], [ -73.434187384520499, -37.6239371774818 ], [ -73.4339512170597, -37.623930442611801 ], [ -73.433714122775797, -37.623908114863703 ], [ -73.4334635136359, -37.6238237880508 ], [ -73.432915146378306, -37.623688160413998 ], [ -73.432794743093098, -37.623645811705401 ], [ -73.4324395659809, -37.623620112966499 ], [ -73.432095117808501, -37.623609636653903 ], [ -73.431113035234105, -37.623779425091598 ], [ -73.430674278303897, -37.623835000653699 ], [ -73.430399830757807, -37.623845326165302 ], [ -73.430045116353, -37.623827415967597 ], [ -73.429867295119195, -37.623810665612403 ], [ -73.429629274586702, -37.623772737978697 ], [ -73.429458473559194, -37.623708840073697 ], [ -73.429226546777997, -37.623608174019203 ], [ -73.428930248260102, -37.623416165437298 ], [ -73.428535472467502, -37.623220046192699 ], [ -73.427998840678796, -37.622951123834902 ], [ -73.427454265756495, -37.622713751306698 ], [ -73.426943731067297, -37.622553233193003 ], [ -73.426622207852205, -37.622432489297097 ], [ -73.426222735347693, -37.622322487505301 ], [ -73.425367761950994, -37.622151466328802 ], [ -73.424602859318796, -37.622008309427599 ], [ -73.423907494836101, -37.621878162576003 ], [ -73.423778223461994, -37.621851763972401 ], [ -73.423587829089101, -37.621788594170503 ], [ -73.423507102687793, -37.621752557631801 ], [ -73.423400293214996, -37.621608111980002 ], [ -73.4233130863052, -37.621462930839002 ], [ -73.423202576185503, -37.621256115462003 ], [ -73.422965738339599, -37.620741501038097 ], [ -73.422690162254796, -37.620236155875503 ], [ -73.422425779111705, -37.619753829320999 ], [ -73.422189793414006, -37.619418894333997 ], [ -73.421852559424394, -37.619033065120199 ], [ -73.421622591663393, -37.618799478522099 ], [ -73.421506453566906, -37.618663195289699 ], [ -73.421339458706996, -37.618497565602802 ], [ -73.421164976828393, -37.618371285601299 ], [ -73.420957852405493, -37.618191535360999 ], [ -73.420804361826995, -37.618087907391804 ], [ -73.420641532407302, -37.617992442993703 ], [ -73.420419986107305, -37.617735098016297 ], [ -73.4203547057745, -37.617628158448397 ], [ -73.420278236531402, -37.617498197283098 ], [ -73.420209719480098, -37.617336683743297 ], [ -73.420167368391404, -37.617119493626099 ], [ -73.420131209151805, -37.616675476387002 ], [ -73.420109848096203, -37.6164809390459 ], [ -73.420061023073998, -37.616154601092198 ], [ -73.419966151439596, -37.615548703831998 ], [ -73.419863793365295, -37.6149821535858 ], [ -73.419775305689797, -37.614649490670502 ], [ -73.419722695621701, -37.6144248711378 ], [ -73.419664446830694, -37.614270785040198 ], [ -73.419654736659794, -37.614107065076801 ], [ -73.419665091286603, -37.613950404483198 ], [ -73.419765591427307, -37.613657530482399 ], [ -73.419879217015605, -37.613254774864302 ], [ -73.419966769911298, -37.612743606871703 ], [ -73.419976291114097, -37.612407264895701 ], [ -73.419949845997394, -37.612126968973698 ], [ -73.419864138773804, -37.611841082885597 ], [ -73.419691245890803, -37.611410010594 ], [ -73.419477767336701, -37.610957020306898 ], [ -73.419156030904603, -37.6105002774338 ], [ -73.418921479353799, -37.610188721344997 ], [ -73.418658085253696, -37.609721975598802 ], [ -73.418424095399402, -37.609254125173798 ], [ -73.4182022197907, -37.6088248877927 ], [ -73.4181547021021, -37.608686025536301 ], [ -73.418006414686502, -37.608504061966698 ], [ -73.417767618807503, -37.608286425036503 ], [ -73.417411227580402, -37.608073199025597 ], [ -73.417058073171006, -37.607914545043897 ], [ -73.416610154624905, -37.607814138091697 ], [ -73.416365622933895, -37.607831121610502 ], [ -73.416121089898098, -37.607848103771303 ], [ -73.415921298448495, -37.607957170593799 ], [ -73.415669737514804, -37.608021297550799 ], [ -73.415446190008296, -37.608060933124001 ], [ -73.415229669804702, -37.608053422607703 ], [ -73.414950657073106, -37.607985745462102 ], [ -73.4145405547943, -37.6078604723279 ], [ -73.414080069787303, -37.607713645253199 ], [ -73.4135780789005, -37.607529304464997 ], [ -73.413524465205597, -37.607453177296797 ], [ -73.413537140059304, -37.607335498027197 ], [ -73.413549354457501, -37.607210022750003 ], [ -73.413522369506893, -37.6070860172617 ], [ -73.413445463952698, -37.606948253146498 ], [ -73.4132117629307, -37.6068163659085 ], [ -73.413006431164902, -37.606831873547598 ], [ -73.412517832291002, -37.606873619871202 ], [ -73.411910250323203, -37.6068963804424 ], [ -73.411361466734903, -37.606916934771597 ], [ -73.411066091656707, -37.606904556571799 ], [ -73.410887391181006, -37.6068721817295 ], [ -73.410746965341403, -37.606822744955302 ], [ -73.410563190072295, -37.606704609190501 ], [ -73.410466690685396, -37.6065675775899 ], [ -73.410351053337706, -37.606439076689803 ], [ -73.410305398026907, -37.606331395957099 ], [ -73.410277957560595, -37.606199591552702 ], [ -73.410269655575703, -37.606059258147901 ], [ -73.410238987968796, -37.605872879871399 ], [ -73.4102181185728, -37.605686134701699 ], [ -73.410181800779299, -37.6055702900981 ], [ -73.410135223955706, -37.6054470163348 ], [ -73.410088647358094, -37.605323743440103 ], [ -73.410002872247802, -37.605201936377703 ], [ -73.409907758491102, -37.605088293962403 ], [ -73.409793970273498, -37.604990976271097 ], [ -73.409631644965799, -37.604903290686899 ], [ -73.409351264788498, -37.604812210231401 ], [ -73.409070885295293, -37.604721129961597 ], [ -73.408750387070796, -37.604615922327 ], [ -73.408549327534701, -37.6045374983023 ], [ -73.408302037092994, -37.604507686561497 ], [ -73.408127490757394, -37.604545472240702 ], [ -73.407938415691603, -37.6046697537369 ], [ -73.408148234740494, -37.604896308644904 ], [ -73.408290498232205, -37.604976933905299 ], [ -73.408508853004193, -37.605015643733999 ], [ -73.408786927878893, -37.605067744327002 ], [ -73.409137748686902, -37.605187443259901 ], [ -73.409568234976007, -37.605491686180997 ], [ -73.409730906784901, -37.605751258030203 ], [ -73.409739669992206, -37.605899388407302 ], [ -73.4097189175708, -37.606212709739097 ], [ -73.409715113534304, -37.6063144291927 ], [ -73.409862338994401, -37.606644902128899 ], [ -73.410143073241997, -37.606907867045898 ], [ -73.410469579574595, -37.607114421671 ], [ -73.410860996071506, -37.607256035655297 ], [ -73.411179201750599, -37.607322254853898 ], [ -73.411554822129105, -37.607362881994902 ], [ -73.411943297861399, -37.607371772415398 ], [ -73.412280464979801, -37.607343513738599 ], [ -73.412425385108605, -37.607302923667802 ], [ -73.412584081622995, -37.607246189874097 ], [ -73.412813221319396, -37.607218071512001 ], [ -73.412901649244503, -37.607218665508299 ], [ -73.413012908696302, -37.607273098628497 ], [ -73.413090275392506, -37.607418659019899 ], [ -73.413111151681406, -37.607605402299903 ], [ -73.413237057630198, -37.607741329695401 ], [ -73.413561729221897, -37.607916690182599 ], [ -73.413977370195099, -37.608135521919202 ], [ -73.414231138486798, -37.608274469545201 ], [ -73.414672950757804, -37.608437623238899 ], [ -73.415033134500803, -37.608549138736699 ], [ -73.415287930436193, -37.608539588206902 ], [ -73.415562326214598, -37.608529301427197 ], [ -73.415842365789999, -37.608448479520099 ], [ -73.416130356652801, -37.608336104913597 ], [ -73.416414551959505, -37.608325449628602 ], [ -73.416660932975802, -37.608339651427002 ], [ -73.416998746874597, -37.6084051183635 ], [ -73.417231535189003, -37.608521405462497 ], [ -73.417445186255804, -37.608646223994398 ], [ -73.417606045463799, -37.608874598059202 ], [ -73.417798055022502, -37.609297142762799 ], [ -73.417972413086005, -37.609587518597998 ], [ -73.418155091709096, -37.610018226755699 ], [ -73.418304212251797, -37.6103798715477 ], [ -73.418465539314596, -37.610616040836597 ], [ -73.418696855275698, -37.610873023818897 ], [ -73.418859109121897, -37.6111247842165 ], [ -73.419022751977906, -37.6113999337731 ], [ -73.4191458090407, -37.611653165286498 ], [ -73.419216997190702, -37.612025545144299 ], [ -73.419276999590394, -37.612374904926902 ], [ -73.419280513241006, -37.612765451416799 ], [ -73.419258416434502, -37.613055383130401 ], [ -73.419066843977802, -37.613468877988197 ], [ -73.419088108280107, -37.613827504575703 ], [ -73.419146726663499, -37.614153475664601 ], [ -73.4191148281583, -37.614443775132003 ], [ -73.419117417542097, -37.614818728887101 ], [ -73.419188056087094, -37.615347402160197 ], [ -73.419341542857595, -37.6162792712285 ], [ -73.419401460203403, -37.616792719176303 ], [ -73.419472749153798, -37.617001011372899 ], [ -73.419505759958099, -37.617226365545299 ], [ -73.419493463883001, -37.617515929436202 ], [ -73.419489121146697, -37.617773940103199 ], [ -73.419612562237702, -37.618199053846098 ], [ -73.419751999289602, -37.618396975089901 ], [ -73.419910114668895, -37.618578565963404 ], [ -73.420429396529002, -37.618887246231303 ], [ -73.420818955314601, -37.619161725781296 ], [ -73.421120304092597, -37.619439515491599 ], [ -73.421310141760401, -37.619658982291803 ], [ -73.421648678777302, -37.6202322888998 ], [ -73.421946626088797, -37.620783678775403 ], [ -73.422216100504102, -37.621351764311399 ], [ -73.422410952452196, -37.621821074937998 ], [ -73.422590453678694, -37.622197197509898 ], [ -73.422841889459605, -37.622461230250003 ], [ -73.423101822436493, -37.622537416804398 ], [ -73.423679572378205, -37.622671987348198 ], [ -73.424423952413605, -37.622800293841699 ], [ -73.425208930832497, -37.622950510535702 ], [ -73.426007417318303, -37.623162724451603 ], [ -73.426866571562599, -37.6234039041952 ], [ -73.427358899508704, -37.623588547532499 ], [ -73.427833016200196, -37.623797315818898 ], [ -73.428418660437799, -37.6240643956816 ], [ -73.4288171494929, -37.624322883938099 ], [ -73.429205375232996, -37.624573942675497 ], [ -73.4294475712083, -37.624682036534303 ], [ -73.429857788918397, -37.6248072490705 ], [ -73.430226946751404, -37.624902752013398 ], [ -73.430510271201101, -37.624876465519598 ], [ -73.4307273672745, -37.624727654412901 ], [ -73.430935587329898, -37.624594803308099 ], [ -73.431196988930907, -37.624530272246602 ], [ -73.432018882609498, -37.624639985567697 ], [ -73.432554148316598, -37.624885499708903 ], [ -73.433162203603601, -37.625198592602601 ], [ -73.433740858405301, -37.625512789156403 ], [ -73.434240695132203, -37.6256580531537 ], [ -73.434739142446304, -37.625779926808697 ], [ -73.435192814339501, -37.625809721884202 ], [ -73.435705296295097, -37.625837300871702 ], [ -73.436102013460399, -37.625900491403598 ], [ -73.436484750044599, -37.625893886781697 ], [ -73.436955703844305, -37.625883956166497 ], [ -73.437532155617404, -37.6258309813715 ], [ -73.437950848011596, -37.625768321135901 ], [ -73.438266364427903, -37.625787683556602 ], [ -73.4386257328661, -37.625883528573603 ], [ -73.439168504117603, -37.626089660159302 ], [ -73.439745331250094, -37.626372641474497 ], [ -73.4399558164897, -37.626442840910599 ], [ -73.440501448652, -37.626449614551902 ], [ -73.440300320581898, -37.6262892076738 ], [ -73.440151456664296, -37.626181524739003 ], [ -73.440250680253499, -37.626033233743499 ], [ -73.440528448225606, -37.625831328346301 ], [ -73.440746685671499, -37.625701989472198 ], [ -73.440891853859299, -37.625665260495303 ], [ -73.441058969658897, -37.625584729805297 ], [ -73.441294971028597, -37.625341424003899 ], [ -73.441417301773697, -37.6251688192785 ], [ -73.441494592797795, -37.624982286844798 ], [ -73.441488086787899, -37.624873143261702 ], [ -73.441403398804596, -37.624770854541303 ], [ -73.441297037183702, -37.6245521819205 ], [ -73.4412718775081, -37.624377325775598 ], [ -73.441216171680196, -37.624102047638203 ], [ -73.441127366440696, -37.6236834672059 ], [ -73.441053240782395, -37.623346374590298 ], [ -73.440969317251302, -37.623009652296901 ], [ -73.440810299457198, -37.622484328505003 ], [ -73.440762054189506, -37.622251743437197 ] ] ] } },
{ "type": "Feature", "properties": { "id": "monoparte.47", "Name": null, "description": null, "timestamp": null, "begin": null, "end": null, "altitudeMode": null, "tessellate": -1, "extrude": 0, "visibility": -1, "drawOrder": null, "icon": null, "REG": "Biobío", "COM": "Los Álamos", "LOC": "Los Álamos", "ZONA": "ZA4C", "NOM": "Zona residencial mixta 4 condicionada", "UPERM": "Residencial. Equipamiento: comercio, deporte, social. Actividades productivas.", "UPROH": "Todos los usos de suelo no mencionados como permitidos.", "P_DO": "12/03/2008", "N_DOC": "1705", "T_DO": "Resolución", "OBS": null }, "geometry": { "type": "Polygon", "coordinates": [ [ [ -73.438315070939893, -37.632540634439202 ], [ -73.442648204889693, -37.633947744549303 ], [ -73.443047865649405, -37.633565429752501 ], [ -73.443468524709203, -37.633205762590102 ], [ -73.443769687382996, -37.6328193492593 ], [ -73.444053135519098, -37.632300774578503 ], [ -73.444216157754198, -37.631739862807898 ], [ -73.444376420710199, -37.630968091435101 ], [ -73.444489463541998, -37.630557522180098 ], [ -73.444628190464996, -37.6300834753674 ], [ -73.444663245829403, -37.629847748239399 ], [ -73.444613337559403, -37.629669921133299 ], [ -73.444543823742706, -37.629492834896702 ], [ -73.444372567598904, -37.629257079755597 ], [ -73.443995467835506, -37.629029092931802 ], [ -73.443664589602804, -37.628752479789902 ], [ -73.443426584187094, -37.628550496475299 ], [ -73.4432702868896, -37.628236040700799 ], [ -73.443130304025601, -37.628030357991001 ], [ -73.4429907881416, -37.627832471543002 ], [ -73.442711252960294, -37.627592985007297 ], [ -73.442437764957106, -37.627454846263603 ], [ -73.442058780773607, -37.627359754129799 ], [ -73.441711527493197, -37.627302530651299 ], [ -73.441472096341101, -37.627241240320302 ], [ -73.441328826259493, -37.627145068210602 ], [ -73.441105281736995, -37.627020669816602 ], [ -73.440978826934796, -37.6268769822208 ], [ -73.440851444231996, -37.626717702213099 ], [ -73.440773535329797, -37.626564369527003 ], [ -73.440501448652, -37.626449614551902 ], [ -73.4399558164897, -37.626442840910599 ], [ -73.439745331250094, -37.626372641474497 ], [ -73.439168504117603, -37.626089660159302 ], [ -73.4386257328661, -37.625883528573603 ], [ -73.438266364427903, -37.625787683556602 ], [ -73.437950848011596, -37.625768321135901 ], [ -73.437532155617404, -37.6258309813715 ], [ -73.436955703844305, -37.625883956166497 ], [ -73.436484750044599, -37.625893886781697 ], [ -73.436102013460399, -37.625900491403598 ], [ -73.435705296295097, -37.625837300871702 ], [ -73.435192814339501, -37.625809721884202 ], [ -73.434739142446304, -37.625779926808697 ], [ -73.434240695132203, -37.6256580531537 ], [ -73.433740858405301, -37.625512789156403 ], [ -73.433162203603601, -37.625198592602601 ], [ -73.432554148316598, -37.624885499708903 ], [ -73.432018882609498, -37.624639985567697 ], [ -73.431196988930907, -37.624530272246602 ], [ -73.430935587329898, -37.624594803308099 ], [ -73.4307273672745, -37.624727654412901 ], [ -73.430510271201101, -37.624876465519598 ], [ -73.430226946751404, -37.624902752013398 ], [ -73.429857788918397, -37.6248072490705 ], [ -73.4294475712083, -37.624682036534303 ], [ -73.429205375232996, -37.624573942675497 ], [ -73.4288171494929, -37.624322883938099 ], [ -73.428418660437799, -37.6240643956816 ], [ -73.427833016200196, -37.623797315818898 ], [ -73.427358899508704, -37.623588547532499 ], [ -73.426866571562599, -37.6234039041952 ], [ -73.426007417318303, -37.623162724451603 ], [ -73.425208930832497, -37.622950510535702 ], [ -73.424423952413605, -37.622800293841699 ], [ -73.423679572378205, -37.622671987348198 ], [ -73.423101822436493, -37.622537416804398 ], [ -73.422841889459605, -37.622461230250003 ], [ -73.422590453678694, -37.622197197509898 ], [ -73.422410952452196, -37.621821074937998 ], [ -73.422216100504102, -37.621351764311399 ], [ -73.421946626088797, -37.620783678775403 ], [ -73.421648678777302, -37.6202322888998 ], [ -73.421310141760401, -37.619658982291803 ], [ -73.421120304092597, -37.619439515491599 ], [ -73.420818955314601, -37.619161725781296 ], [ -73.420429396529002, -37.618887246231303 ], [ -73.419910114668895, -37.618578565963404 ], [ -73.419751999289602, -37.618396975089901 ], [ -73.419612562237702, -37.618199053846098 ], [ -73.419489121146697, -37.617773940103199 ], [ -73.419493463883001, -37.617515929436202 ], [ -73.419505759958099, -37.617226365545299 ], [ -73.419472749153798, -37.617001011372899 ], [ -73.419401460203403, -37.616792719176303 ], [ -73.419341542857595, -37.6162792712285 ], [ -73.419188056087094, -37.615347402160197 ], [ -73.419117417542097, -37.614818728887101 ], [ -73.418678235227901, -37.615280581915002 ], [ -73.418335946268201, -37.615637220832198 ], [ -73.418225174720902, -37.615922664969098 ], [ -73.418006406076003, -37.616540331962497 ], [ -73.417832016103105, -37.617078196934202 ], [ -73.417531868061602, -37.6179802034791 ], [ -73.417217196013397, -37.618968704339899 ], [ -73.4178365215664, -37.618976728018602 ], [ -73.418125840304398, -37.619051822825199 ], [ -73.418566802522903, -37.619199364363901 ], [ -73.419050669634203, -37.619407802882002 ], [ -73.419487844884799, -37.619657059547002 ], [ -73.419917071920693, -37.619937866653501 ], [ -73.420247362336895, -37.620206758248898 ], [ -73.4205906962016, -37.6205298554815 ], [ -73.420882250383698, -37.620808013318197 ], [ -73.421065527299305, -37.621082421143598 ], [ -73.4212506561596, -37.621388013845902 ], [ -73.421295789879395, -37.621651980990201 ], [ -73.421306257870597, -37.622159468778399 ], [ -73.421276133628794, -37.622645041733101 ], [ -73.421204486352195, -37.623093104724298 ], [ -73.421107222600995, -37.623440553772703 ], [ -73.421040374494794, -37.623638402290197 ], [ -73.420772603939895, -37.624257912827197 ], [ -73.420547448410204, -37.624602348316103 ], [ -73.420475048014794, -37.624706642587299 ], [ -73.420328018692203, -37.624712161594502 ], [ -73.420100723616599, -37.624689438421299 ], [ -73.419973298450202, -37.624694222055503 ], [ -73.419797325901001, -37.624708639957397 ], [ -73.419509743026097, -37.6248288228552 ], [ -73.419097508147303, -37.625000564914302 ], [ -73.418813622342299, -37.6251831160195 ], [ -73.418449006874198, -37.625329628413802 ], [ -73.418057756806903, -37.625524019296101 ], [ -73.417574126519398, -37.625651552556697 ], [ -73.417099371544097, -37.6257631235746 ], [ -73.416471939627201, -37.625950742437297 ], [ -73.4161861945759, -37.626102101471702 ], [ -73.415939195619003, -37.626244195450802 ], [ -73.415894804879002, -37.626323996105903 ], [ -73.416054316684793, -37.626528981063402 ], [ -73.416308982129806, -37.626847600454603 ], [ -73.416553846885193, -37.6271665877034 ], [ -73.416619037965305, -37.627437617871301 ], [ -73.416686539754707, -37.627747629327501 ], [ -73.416746550440493, -37.628096989696502 ], [ -73.416744879334203, -37.6285658666323 ], [ -73.4166966958458, -37.628747387378702 ], [ -73.416704555529506, -37.628879922181703 ], [ -73.416721291789699, -37.628996498469803 ], [ -73.416779086883196, -37.629142788612199 ], [ -73.416866754404296, -37.629295772402003 ], [ -73.416973101963805, -37.629432427163998 ], [ -73.417092488469706, -37.6296232890016 ], [ -73.418835320292402, -37.629854817549401 ], [ -73.422002698281304, -37.630251613838801 ], [ -73.421889398007096, -37.629998020306502 ], [ -73.421769536230897, -37.629799369214098 ], [ -73.421635243806904, -37.629523123063898 ], [ -73.421584085118795, -37.629157807016902 ], [ -73.421554846083097, -37.628830734026401 ], [ -73.421479834746705, -37.628560076747 ], [ -73.421348406833005, -37.628166519675403 ], [ -73.421272934324904, -37.627888064499899 ], [ -73.421225018411704, -37.627577321736297 ], [ -73.421218710837096, -37.627139997899697 ], [ -73.4212192594957, -37.6269837064076 ], [ -73.421160992987595, -37.626829622183202 ], [ -73.421065370592004, -37.626708196006099 ], [ -73.420847958987295, -37.626521018341997 ], [ -73.420762601880995, -37.626407019751703 ], [ -73.420651626092507, -37.626192405393702 ], [ -73.4205691319099, -37.6259610952903 ], [ -73.420532322666404, -37.625837459939198 ], [ -73.420694245975497, -37.625917330654097 ], [ -73.420871059422197, -37.626082591285297 ], [ -73.421193980512101, -37.626226739784897 ], [ -73.421749292385599, -37.6264793645162 ], [ -73.421922871174402, -37.626590050521301 ], [ -73.422099226080903, -37.626747512270597 ], [ -73.422227497479497, -37.626922407682798 ], [ -73.422337090422104, -37.627113630843901 ], [ -73.422437342770394, -37.627313018798702 ], [ -73.422478321754696, -37.627506818577103 ], [ -73.422496917866397, -37.627654577783602 ], [ -73.422517365506707, -37.6278335212508 ], [ -73.422487878057595, -37.627998713616101 ], [ -73.422468190236103, -37.628163538846003 ], [ -73.422447577697994, -37.628312770548803 ], [ -73.422455909241407, -37.628453101114602 ], [ -73.422504375729702, -37.628607552626903 ], [ -73.422565422824206, -37.628808411877998 ], [ -73.422654026034195, -37.628976983253899 ], [ -73.422730050139094, -37.629099144951603 ], [ -73.422837333482406, -37.629251386324498 ], [ -73.422949790068202, -37.629325298341698 ], [ -73.423146222420897, -37.629489819174701 ], [ -73.423330075568998, -37.629607929236002 ], [ -73.423552675971607, -37.629716771123803 ], [ -73.423899469019901, -37.629766251677403 ], [ -73.424109953135201, -37.629836478857001 ], [ -73.424264399948399, -37.629955693086004 ], [ -73.424340427809696, -37.630077854396497 ], [ -73.424387974396595, -37.630216711308002 ], [ -73.424426644087603, -37.6303715290653 ], [ -73.424438220677402, -37.630566433577599 ], [ -73.427685455768696, -37.630983514620503 ], [ -73.432775962206307, -37.6316671118716 ], [ -73.436745830182502, -37.632173935934098 ], [ -73.436611015400004, -37.631889915030101 ], [ -73.436420635851306, -37.631662682399501 ], [ -73.436175622452893, -37.631507829074899 ], [ -73.435904450371694, -37.631408654757401 ], [ -73.435529630340895, -37.631383707252702 ], [ -73.435323775513993, -37.631391461220403 ], [ -73.435143614362602, -37.631335738864401 ], [ -73.434924243583296, -37.631281492075999 ], [ -73.434693213101099, -37.631196431219301 ], [ -73.434468737214303, -37.631056428010197 ], [ -73.434293739210005, -37.630922374344998 ], [ -73.434144436358594, -37.630724845483101 ], [ -73.434057197874495, -37.6305796735315 ], [ -73.433868221740397, -37.630375824081398 ], [ -73.433722633741993, -37.630240662094799 ], [ -73.433528497919596, -37.630115141869801 ], [ -73.433304027471806, -37.629975136073398 ], [ -73.4327995214651, -37.629751909017003 ], [ -73.432625921422201, -37.629641241460398 ], [ -73.432397741507501, -37.6294388651894 ], [ -73.432208773998497, -37.629235012530302 ], [ -73.432011859979895, -37.629062712320099 ], [ -73.431814481918707, -37.628882616017897 ], [ -73.431588626799396, -37.628719217453202 ], [ -73.431282036592293, -37.628519789675501 ], [ -73.431075322580597, -37.628347857460398 ], [ -73.430722569820901, -37.628032961724102 ], [ -73.430460821538503, -37.627761522891497 ], [ -73.430311998092705, -37.627571783845902 ], [ -73.430192119176795, -37.627373141560099 ], [ -73.430248613447702, -37.62733194834 ], [ -73.430340079082399, -37.627383201452901 ], [ -73.430494530761706, -37.627502408078001 ], [ -73.430636397769305, -37.627575206060101 ], [ -73.431014844227207, -37.6278266260978 ], [ -73.431219236582507, -37.627959578919601 ], [ -73.431365279231102, -37.628102540362597 ], [ -73.431464630122207, -37.628286326543297 ], [ -73.431630742536697, -37.628436345549801 ], [ -73.4318678523193, -37.628458676572201 ], [ -73.432076019337401, -37.628489908749501 ], [ -73.432246833626607, -37.628553801978398 ], [ -73.432474081222097, -37.628740586432002 ], [ -73.432736363146006, -37.628855730127903 ], [ -73.4330056661436, -37.628923727919798 ], [ -73.433382793740904, -37.628987664748799 ], [ -73.433581159660207, -37.629019264096399 ], [ -73.433756615702904, -37.629161114939897 ], [ -73.433840139170997, -37.629243919712302 ], [ -73.434109907262297, -37.6293197096821 ], [ -73.434241516120494, -37.6293850761881 ], [ -73.434300273461005, -37.629546947843203 ], [ -73.434374460067403, -37.629637916095298 ], [ -73.434440236225001, -37.629752642396497 ], [ -73.434459785176998, -37.629915989561098 ], [ -73.434498476473294, -37.630070803550801 ], [ -73.434547433011303, -37.630233044132801 ], [ -73.434623477378906, -37.630355196803599 ], [ -73.434716805236803, -37.630437630750698 ], [ -73.434970222739096, -37.630568730310998 ], [ -73.435248871439697, -37.630628556647103 ], [ -73.435524734976596, -37.630641607184302 ], [ -73.435822524106399, -37.630692897068997 ], [ -73.435947582654407, -37.630813202419297 ], [ -73.436073105977997, -37.630941304203503 ], [ -73.436253731029396, -37.631004820847501 ], [ -73.436440443519601, -37.631005599663197 ], [ -73.436485741412596, -37.630941385733799 ], [ -73.436517056528601, -37.630807375428397 ], [ -73.436612296768104, -37.630756906175598 ], [ -73.436814434242294, -37.630686781869699 ], [ -73.437042726471404, -37.630560976701098 ], [ -73.437143586970905, -37.630439972991397 ], [ -73.437375130266901, -37.630368740593902 ], [ -73.437505862685796, -37.630254424096201 ], [ -73.437615595094599, -37.630117459306398 ], [ -73.437759380199907, -37.630057346535096 ], [ -73.437944695427007, -37.630034735221599 ], [ -73.438059537566502, -37.629983526078199 ], [ -73.438092243138996, -37.629872903469199 ], [ -73.438094149328194, -37.6297400021177 ], [ -73.438015777646996, -37.629578871822702 ], [ -73.437871113383494, -37.629459308493303 ], [ -73.437739038273506, -37.629386150539297 ], [ -73.437589216351796, -37.629344914854997 ], [ -73.437453866906495, -37.629299227456599 ], [ -73.437425181660302, -37.629229987056 ], [ -73.437367320809301, -37.6291657522154 ], [ -73.437262075150997, -37.629130650408101 ], [ -73.437249253404303, -37.629080345601103 ], [ -73.437301308731605, -37.629047130403798 ], [ -73.437449038742798, -37.629053283724602 ], [ -73.4374975610083, -37.629125683626398 ], [ -73.437575026787002, -37.629189179595997 ], [ -73.437660901115294, -37.629228917277203 ], [ -73.437855065145797, -37.629272387897302 ], [ -73.438003492337202, -37.6292902344561 ], [ -73.438010508315699, -37.629243089134697 ], [ -73.437917642043899, -37.629168453648298 ], [ -73.437780898259405, -37.629099379622097 ], [ -73.437631310238004, -37.629062041303598 ], [ -73.437521395439902, -37.629031023628997 ], [ -73.437499003948304, -37.628984986523498 ], [ -73.437545228638896, -37.628936362773402 ], [ -73.437664712991705, -37.628963114555802 ], [ -73.437865171195398, -37.629029787529802 ], [ -73.438055594592697, -37.629092933110798 ], [ -73.438138890183197, -37.6291718362437 ], [ -73.438158006410205, -37.6292453432484 ], [ -73.438274216938794, -37.629299565268902 ], [ -73.438357512945601, -37.629378467316897 ], [ -73.438432168657698, -37.629477229277903 ], [ -73.438409264436501, -37.6295874816348 ], [ -73.438488589730198, -37.629682161404801 ], [ -73.438646820867305, -37.629699637585297 ], [ -73.438740894383798, -37.6296296763459 ], [ -73.438772438553897, -37.629499564851002 ], [ -73.438775271534496, -37.629382254042397 ], [ -73.438857685463503, -37.629281478604703 ], [ -73.438924210030095, -37.629243810231799 ], [ -73.438962931952801, -37.629316578921603 ], [ -73.438932340568002, -37.629380240255898 ], [ -73.438923677050894, -37.629482142689497 ], [ -73.438952828419204, -37.6295591791935 ], [ -73.439047808854994, -37.6295868532371 ], [ -73.439133219680798, -37.6296187931978 ], [ -73.439136704439505, -37.629677263830303 ], [ -73.4390860446006, -37.629733867666097 ], [ -73.439023700198703, -37.629841700781697 ], [ -73.438959032541405, -37.6299105537448 ], [ -73.438749885102396, -37.630027826777301 ], [ -73.438613325496107, -37.630126736993297 ], [ -73.438437301642793, -37.630305269085497 ], [ -73.438322179605507, -37.630516666133197 ], [ -73.438140972603193, -37.630855571063996 ], [ -73.438092842324593, -37.631037095482 ], [ -73.438001737976094, -37.631321815414701 ], [ -73.438004941875406, -37.631540473665602 ], [ -73.438071609045096, -37.6318348745273 ], [ -73.438080435617806, -37.631982998608301 ], [ -73.438315070939893, -37.632540634439202 ] ], [ [ -73.427196763336596, -37.625571472828497 ], [ -73.428052466077801, -37.627406736340603 ], [ -73.425555760609598, -37.627383390480801 ], [ -73.425186588556002, -37.625303231191197 ], [ -73.425996368814097, -37.625374374988397 ], [ -73.427196763336596, -37.625571472828497 ] ] ] } },
{ "type": "Feature", "properties": { "id": "monoparte.48", "Name": null, "description": null, "timestamp": null, "begin": null, "end": null, "altitudeMode": null, "tessellate": -1, "extrude": 0, "visibility": -1, "drawOrder": null, "icon": null, "REG": "Biobío", "COM": "Los Álamos", "LOC": "Los Álamos", "ZONA": "ZEB", "NOM": "Zona equipamiento deportivo", "UPERM": "Equipamiento: comercio, culto y cultura, deporte, esparcimiento.", "UPROH": "Todos los usos de suelo no mencionados como permitidos.", "P_DO": "12/03/2008", "N_DOC": "1705", "T_DO": "Resolución", "OBS": null }, "geometry": { "type": "Polygon", "coordinates": [ [ [ -73.427196763336596, -37.625571472828497 ], [ -73.425996368814097, -37.625374374988397 ], [ -73.425186588556002, -37.625303231191197 ], [ -73.425555760609598, -37.627383390480801 ], [ -73.428052466077801, -37.627406736340603 ], [ -73.427196763336596, -37.625571472828497 ] ] ] } },
{ "type": "Feature", "properties": { "id": "monoparte.49", "Name": null, "description": null, "timestamp": null, "begin": null, "end": null, "altitudeMode": null, "tessellate": -1, "extrude": 0, "visibility": -1, "drawOrder": null, "icon": null, "REG": "Biobío", "COM": "Los Álamos", "LOC": "Los Álamos", "ZONA": "ZP1", "NOM": "Zona proteccion por presencia de quebradas", "UPERM": "No se permite ningun tipo de edificacion.", "UPROH": "Sin informacion.", "P_DO": "12/03/2008", "N_DOC": "1705", "T_DO": "Resolución", "OBS": null }, "geometry": { "type": "Polygon", "coordinates": [ [ [ -73.438315070939893, -37.632540634439202 ], [ -73.438080435617806, -37.631982998608301 ], [ -73.438071609045096, -37.6318348745273 ], [ -73.438004941875406, -37.631540473665602 ], [ -73.438001737976094, -37.631321815414701 ], [ -73.438092842324593, -37.631037095482 ], [ -73.438140972603193, -37.630855571063996 ], [ -73.438322179605507, -37.630516666133197 ], [ -73.438437301642793, -37.630305269085497 ], [ -73.438613325496107, -37.630126736993297 ], [ -73.438749885102396, -37.630027826777301 ], [ -73.438959032541405, -37.6299105537448 ], [ -73.439023700198703, -37.629841700781697 ], [ -73.4390860446006, -37.629733867666097 ], [ -73.439136704439505, -37.629677263830303 ], [ -73.439133219680798, -37.6296187931978 ], [ -73.439047808854994, -37.6295868532371 ], [ -73.438952828419204, -37.6295591791935 ], [ -73.438923677050894, -37.629482142689497 ], [ -73.438932340568002, -37.629380240255898 ], [ -73.438962931952801, -37.629316578921603 ], [ -73.438924210030095, -37.629243810231799 ], [ -73.438857685463503, -37.629281478604703 ], [ -73.438775271534496, -37.629382254042397 ], [ -73.438772438553897, -37.629499564851002 ], [ -73.438740894383798, -37.6296296763459 ], [ -73.438646820867305, -37.629699637585297 ], [ -73.438488589730198, -37.629682161404801 ], [ -73.438409264436501, -37.6295874816348 ], [ -73.438432168657698, -37.629477229277903 ], [ -73.438357512945601, -37.629378467316897 ], [ -73.438274216938794, -37.629299565268902 ], [ -73.438158006410205, -37.6292453432484 ], [ -73.438138890183197, -37.6291718362437 ], [ -73.438055594592697, -37.629092933110798 ], [ -73.437865171195398, -37.629029787529802 ], [ -73.437664712991705, -37.628963114555802 ], [ -73.437545228638896, -37.628936362773402 ], [ -73.437499003948304, -37.628984986523498 ], [ -73.437521395439902, -37.629031023628997 ], [ -73.437631310238004, -37.629062041303598 ], [ -73.437780898259405, -37.629099379622097 ], [ -73.437917642043899, -37.629168453648298 ], [ -73.438010508315699, -37.629243089134697 ], [ -73.438003492337202, -37.6292902344561 ], [ -73.437855065145797, -37.629272387897302 ], [ -73.437660901115294, -37.629228917277203 ], [ -73.437575026787002, -37.629189179595997 ], [ -73.4374975610083, -37.629125683626398 ], [ -73.437449038742798, -37.629053283724602 ], [ -73.437301308731605, -37.629047130403798 ], [ -73.437249253404303, -37.629080345601103 ], [ -73.437262075150997, -37.629130650408101 ], [ -73.437367320809301, -37.6291657522154 ], [ -73.437425181660302, -37.629229987056 ], [ -73.437453866906495, -37.629299227456599 ], [ -73.437589216351796, -37.629344914854997 ], [ -73.437739038273506, -37.629386150539297 ], [ -73.437871113383494, -37.629459308493303 ], [ -73.438015777646996, -37.629578871822702 ], [ -73.438094149328194, -37.6297400021177 ], [ -73.438092243138996, -37.629872903469199 ], [ -73.438059537566502, -37.629983526078199 ], [ -73.437944695427007, -37.630034735221599 ], [ -73.437759380199907, -37.630057346535096 ], [ -73.437615595094599, -37.630117459306398 ], [ -73.437505862685796, -37.630254424096201 ], [ -73.437375130266901, -37.630368740593902 ], [ -73.437143586970905, -37.630439972991397 ], [ -73.437042726471404, -37.630560976701098 ], [ -73.436814434242294, -37.630686781869699 ], [ -73.436612296768104, -37.630756906175598 ], [ -73.436517056528601, -37.630807375428397 ], [ -73.436485741412596, -37.630941385733799 ], [ -73.436440443519601, -37.631005599663197 ], [ -73.436253731029396, -37.631004820847501 ], [ -73.436073105977997, -37.630941304203503 ], [ -73.435947582654407, -37.630813202419297 ], [ -73.435822524106399, -37.630692897068997 ], [ -73.435524734976596, -37.630641607184302 ], [ -73.435248871439697, -37.630628556647103 ], [ -73.434970222739096, -37.630568730310998 ], [ -73.434716805236803, -37.630437630750698 ], [ -73.434623477378906, -37.630355196803599 ], [ -73.434547433011303, -37.630233044132801 ], [ -73.434498476473294, -37.630070803550801 ], [ -73.434459785176998, -37.629915989561098 ], [ -73.434440236225001, -37.629752642396497 ], [ -73.434374460067403, -37.629637916095298 ], [ -73.434300273461005, -37.629546947843203 ], [ -73.434241516120494, -37.6293850761881 ], [ -73.434109907262297, -37.6293197096821 ], [ -73.433840139170997, -37.629243919712302 ], [ -73.433756615702904, -37.629161114939897 ], [ -73.433581159660207, -37.629019264096399 ], [ -73.433382793740904, -37.628987664748799 ], [ -73.4330056661436, -37.628923727919798 ], [ -73.432736363146006, -37.628855730127903 ], [ -73.432474081222097, -37.628740586432002 ], [ -73.432246833626607, -37.628553801978398 ], [ -73.432076019337401, -37.628489908749501 ], [ -73.4318678523193, -37.628458676572201 ], [ -73.431630742536697, -37.628436345549801 ], [ -73.431464630122207, -37.628286326543297 ], [ -73.431365279231102, -37.628102540362597 ], [ -73.431219236582507, -37.627959578919601 ], [ -73.431014844227207, -37.6278266260978 ], [ -73.430636397769305, -37.627575206060101 ], [ -73.430494530761706, -37.627502408078001 ], [ -73.430340079082399, -37.627383201452901 ], [ -73.430248613447702, -37.62733194834 ], [ -73.430192119176795, -37.627373141560099 ], [ -73.430311998092705, -37.627571783845902 ], [ -73.430460821538503, -37.627761522891497 ], [ -73.430722569820901, -37.628032961724102 ], [ -73.431075322580597, -37.628347857460398 ], [ -73.431282036592293, -37.628519789675501 ], [ -73.431588626799396, -37.628719217453202 ], [ -73.431814481918707, -37.628882616017897 ], [ -73.432011859979895, -37.629062712320099 ], [ -73.432208773998497, -37.629235012530302 ], [ -73.432397741507501, -37.6294388651894 ], [ -73.432625921422201, -37.629641241460398 ], [ -73.4327995214651, -37.629751909017003 ], [ -73.433304027471806, -37.629975136073398 ], [ -73.433528497919596, -37.630115141869801 ], [ -73.433722633741993, -37.630240662094799 ], [ -73.433868221740397, -37.630375824081398 ], [ -73.434057197874495, -37.6305796735315 ], [ -73.434144436358594, -37.630724845483101 ], [ -73.434293739210005, -37.630922374344998 ], [ -73.434468737214303, -37.631056428010197 ], [ -73.434693213101099, -37.631196431219301 ], [ -73.434924243583296, -37.631281492075999 ], [ -73.435143614362602, -37.631335738864401 ], [ -73.435323775513993, -37.631391461220403 ], [ -73.435529630340895, -37.631383707252702 ], [ -73.435904450371694, -37.631408654757401 ], [ -73.436175622452893, -37.631507829074899 ], [ -73.436420635851306, -37.631662682399501 ], [ -73.436611015400004, -37.631889915030101 ], [ -73.436745830182502, -37.632173935934098 ], [ -73.437717874014098, -37.632328737205199 ], [ -73.438315070939893, -37.632540634439202 ] ] ] } },
{ "type": "Feature", "properties": { "id": "monoparte.50", "Name": null, "description": null, "timestamp": null, "begin": null, "end": null, "altitudeMode": null, "tessellate": -1, "extrude": 0, "visibility": -1, "drawOrder": null, "icon": null, "REG": "Biobío", "COM": "Los Álamos", "LOC": "Los Álamos", "ZONA": "ZP1", "NOM": "Zona proteccion por presencia de quebradas", "UPERM": "No se permite ningun tipo de edificacion.", "UPROH": "Sin informacion.", "P_DO": "12/03/2008", "N_DOC": "1705", "T_DO": "Resolución", "OBS": null }, "geometry": { "type": "Polygon", "coordinates": [ [ [ -73.424438220677402, -37.630566433577599 ], [ -73.424426644087603, -37.6303715290653 ], [ -73.424387974396595, -37.630216711308002 ], [ -73.424340427809696, -37.630077854396497 ], [ -73.424264399948399, -37.629955693086004 ], [ -73.424109953135201, -37.629836478857001 ], [ -73.423899469019901, -37.629766251677403 ], [ -73.423552675971607, -37.629716771123803 ], [ -73.423330075568998, -37.629607929236002 ], [ -73.423146222420897, -37.629489819174701 ], [ -73.422949790068202, -37.629325298341698 ], [ -73.422837333482406, -37.629251386324498 ], [ -73.422730050139094, -37.629099144951603 ], [ -73.422654026034195, -37.628976983253899 ], [ -73.422565422824206, -37.628808411877998 ], [ -73.422504375729702, -37.628607552626903 ], [ -73.422455909241407, -37.628453101114602 ], [ -73.422447577697994, -37.628312770548803 ], [ -73.422468190236103, -37.628163538846003 ], [ -73.422487878057595, -37.627998713616101 ], [ -73.422517365506707, -37.6278335212508 ], [ -73.422496917866397, -37.627654577783602 ], [ -73.422478321754696, -37.627506818577103 ], [ -73.422437342770394, -37.627313018798702 ], [ -73.422337090422104, -37.627113630843901 ], [ -73.422227497479497, -37.626922407682798 ], [ -73.422099226080903, -37.626747512270597 ], [ -73.421922871174402, -37.626590050521301 ], [ -73.421749292385599, -37.6264793645162 ], [ -73.421193980512101, -37.626226739784897 ], [ -73.420871059422197, -37.626082591285297 ], [ -73.420694245975497, -37.625917330654097 ], [ -73.420532322666404, -37.625837459939198 ], [ -73.4205691319099, -37.6259610952903 ], [ -73.420651626092507, -37.626192405393702 ], [ -73.420762601880995, -37.626407019751703 ], [ -73.420847958987295, -37.626521018341997 ], [ -73.421065370592004, -37.626708196006099 ], [ -73.421160992987595, -37.626829622183202 ], [ -73.4212192594957, -37.6269837064076 ], [ -73.421218710837096, -37.627139997899697 ], [ -73.421225018411704, -37.627577321736297 ], [ -73.421272934324904, -37.627888064499899 ], [ -73.421348406833005, -37.628166519675403 ], [ -73.421479834746705, -37.628560076747 ], [ -73.421554846083097, -37.628830734026401 ], [ -73.421584085118795, -37.629157807016902 ], [ -73.421635243806904, -37.629523123063898 ], [ -73.421769536230897, -37.629799369214098 ], [ -73.421889398007096, -37.629998020306502 ], [ -73.422002698281304, -37.630251613838801 ], [ -73.424438220677402, -37.630566433577599 ] ] ] } },
{ "type": "Feature", "properties": { "id": "monoparte.51", "Name": null, "description": null, "timestamp": null, "begin": null, "end": null, "altitudeMode": null, "tessellate": -1, "extrude": 0, "visibility": -1, "drawOrder": null, "icon": null, "REG": "Biobío", "COM": "Los Álamos", "LOC": "Los Álamos", "ZONA": "ZP1", "NOM": "Zona proteccion por presencia de quebradas", "UPERM": "No se permite ningun tipo de edificacion.", "UPROH": "Sin informacion.", "P_DO": "12/03/2008", "N_DOC": "1705", "T_DO": "Resolución", "OBS": null }, "geometry": { "type": "Polygon", "coordinates": [ [ [ -73.417092488469706, -37.6296232890016 ], [ -73.416973101963805, -37.629432427163998 ], [ -73.416866754404296, -37.629295772402003 ], [ -73.416779086883196, -37.629142788612199 ], [ -73.416721291789699, -37.628996498469803 ], [ -73.416704555529506, -37.628879922181703 ], [ -73.4166966958458, -37.628747387378702 ], [ -73.416744879334203, -37.6285658666323 ], [ -73.416746550440493, -37.628096989696502 ], [ -73.416686539754707, -37.627747629327501 ], [ -73.416619037965305, -37.627437617871301 ], [ -73.416553846885193, -37.6271665877034 ], [ -73.416308982129806, -37.626847600454603 ], [ -73.416054316684793, -37.626528981063402 ], [ -73.415894804879002, -37.626323996105903 ], [ -73.415939195619003, -37.626244195450802 ], [ -73.415712127442603, -37.626225363312699 ], [ -73.415549283869396, -37.626129892706999 ], [ -73.415377565355996, -37.626050381115697 ], [ -73.415129836521999, -37.625848703542097 ], [ -73.414983827882807, -37.625705718744797 ], [ -73.414807027670307, -37.625540449268897 ], [ -73.414693660474398, -37.6254509358021 ], [ -73.414617654511105, -37.625328767744897 ], [ -73.414641516666805, -37.625234110626899 ], [ -73.414755444825801, -37.625167330065501 ], [ -73.415112576610596, -37.625060178516598 ], [ -73.4152867033186, -37.625014582029401 ], [ -73.415402478835304, -37.624978986383198 ], [ -73.415477660527202, -37.624921472955101 ], [ -73.415542115201205, -37.624848734303399 ], [ -73.415528154832401, -37.6247789349366 ], [ -73.415464722341397, -37.624703177273197 ], [ -73.415278484670907, -37.624710160949398 ], [ -73.415121652681606, -37.624716040061799 ], [ -73.414926536183401, -37.624738982557602 ], [ -73.414743070276103, -37.624792742761599 ], [ -73.414548878398193, -37.624831275569903 ], [ -73.414395741830504, -37.624899525682501 ], [ -73.414278578866401, -37.624911731702603 ], [ -73.414160031056795, -37.624900547065003 ], [ -73.414041020285495, -37.624881567310403 ], [ -73.4139197011081, -37.624823605903799 ], [ -73.413719502931102, -37.624760787513701 ], [ -73.413573858970594, -37.624789687688597 ], [ -73.413460390846197, -37.624864262224499 ], [ -73.413420618904595, -37.625022024110599 ], [ -73.413488668492803, -37.625175746000501 ], [ -73.413551637610794, -37.6252437079876 ], [ -73.413691176035201, -37.625277546259603 ], [ -73.413951111783902, -37.625353752992901 ], [ -73.414063554049903, -37.625427673574599 ], [ -73.414128834777898, -37.625534616632798 ], [ -73.414190317194297, -37.625743278765803 ], [ -73.414266324157694, -37.625865447967101 ], [ -73.414402068078701, -37.626001004320102 ], [ -73.414545766235605, -37.626105007526299 ], [ -73.4148290065841, -37.626242847258801 ], [ -73.415142577414699, -37.626395175608202 ], [ -73.415377269580901, -37.626542648287099 ], [ -73.415543810837093, -37.626700489124197 ], [ -73.415662264457794, -37.626875760251103 ], [ -73.415744281711, -37.6270992778989 ], [ -73.415744647055106, -37.627271163673697 ], [ -73.415722536539704, -37.627561094505502 ], [ -73.415685079401101, -37.627757839166698 ], [ -73.415635507124193, -37.627915970082398 ], [ -73.415585376592901, -37.628230392196102 ], [ -73.415556795492606, -37.628411175711001 ], [ -73.415592576012003, -37.628683309290899 ], [ -73.415631688809398, -37.628845928885497 ], [ -73.415689020593106, -37.628984422854103 ], [ -73.415755692598793, -37.629114753299298 ], [ -73.415841508135699, -37.629236552586597 ], [ -73.415889038551597, -37.629375414882396 ], [ -73.415885705990604, -37.629484929750397 ], [ -73.415881912439403, -37.629586649563102 ], [ -73.415799696526093, -37.629691308379101 ], [ -73.415668468093301, -37.629797805031899 ], [ -73.415542882139803, -37.629833769881103 ], [ -73.415318806826406, -37.629865612473402 ], [ -73.414975252356498, -37.629870679468901 ], [ -73.414794645077293, -37.629807128799101 ], [ -73.414613575981704, -37.629735781009401 ], [ -73.414299990195403, -37.629583452170699 ], [ -73.414159057240695, -37.629526226479697 ], [ -73.414036805969005, -37.629452672052203 ], [ -73.413932311448505, -37.629347198920897 ], [ -73.413797486761695, -37.629227236031497 ], [ -73.413614673271894, -37.628960612693703 ], [ -73.4135297854274, -37.628854403399899 ], [ -73.413413642643604, -37.628718111533999 ], [ -73.413251258945607, -37.628630433827801 ], [ -73.413100525368506, -37.628573574992203 ], [ -73.412871834722793, -37.628527449686402 ], [ -73.412665981512603, -37.628535164525402 ], [ -73.412529669960804, -37.6285558988342 ], [ -73.412364411555203, -37.628585531768898 ], [ -73.412248167059104, -37.628613328902397 ], [ -73.412101590174501, -37.6286266340936 ], [ -73.411973234421595, -37.628615815765798 ], [ -73.411873361532898, -37.628588302770197 ], [ -73.411829994956804, -37.628519605522001 ], [ -73.411700253042994, -37.628485398158602 ], [ -73.411631634850707, -37.628487968842201 ], [ -73.411495323029499, -37.628508702863002 ], [ -73.411441125189199, -37.628588868467503 ], [ -73.411455082841101, -37.628658668484498 ], [ -73.411500296115804, -37.628758551515602 ], [ -73.411590827566101, -37.6287942280401 ], [ -73.411768197728605, -37.628803209586501 ], [ -73.411965173450895, -37.628811458119401 ], [ -73.412118214654797, -37.628907300029397 ], [ -73.412290401112699, -37.628994612023597 ], [ -73.412427636038302, -37.628989469876601 ], [ -73.412572829085505, -37.628952774559401 ], [ -73.412765647175306, -37.628890853763203 ], [ -73.412894003436193, -37.628901671188203 ], [ -73.413033549798996, -37.6289355097704 ], [ -73.4131870555848, -37.629039146981498 ], [ -73.413272405101196, -37.629153152476697 ], [ -73.413349799258697, -37.629298709952899 ], [ -73.413463531796396, -37.629560108676102 ], [ -73.413580600070901, -37.629711993158601 ], [ -73.413807346230399, -37.629891020472698 ], [ -73.414010330759496, -37.630000615177003 ], [ -73.414291736528995, -37.630107270700499 ], [ -73.414406035061404, -37.630212376838202 ], [ -73.414616314801293, -37.630610798748599 ], [ -73.414785636060799, -37.630815418377303 ], [ -73.414998426913996, -37.6309246436116 ], [ -73.415608780250295, -37.631276809994702 ], [ -73.416188550209796, -37.630450270229097 ], [ -73.416374531582306, -37.630107311497802 ], [ -73.416616551009497, -37.6297153695009 ], [ -73.417092488469706, -37.6296232890016 ] ] ] } },
{ "type": "Feature", "properties": { "id": "monoparte.52", "Name": null, "description": null, "timestamp": null, "begin": null, "end": null, "altitudeMode": null, "tessellate": -1, "extrude": 0, "visibility": -1, "drawOrder": null, "icon": null, "REG": "Biobío", "COM": "Los Álamos", "LOC": "Los Álamos", "ZONA": "ZB3", "NOM": "Zona equipamiento 3", "UPERM": "Residencial. Equipamiento: comercio, esparcimiento. Actividades productivas.", "UPROH": "Todos los usos de suelo no mencionados como permitidos.", "P_DO": "12/03/2008", "N_DOC": "1705", "T_DO": "Resolución", "OBS": null }, "geometry": { "type": "Polygon", "coordinates": [ [ [ -73.421040374494794, -37.623638402290197 ], [ -73.419906618177095, -37.623280514516097 ], [ -73.417989723545105, -37.624086919975703 ], [ -73.417415017004998, -37.624335073163401 ], [ -73.4171073657824, -37.624448188870701 ], [ -73.417068808831502, -37.624129278648503 ], [ -73.416950915331299, -37.623797716719203 ], [ -73.416785956846198, -37.623335089304 ], [ -73.416524832754206, -37.622907322015003 ], [ -73.416108467610997, -37.622180646416403 ], [ -73.416010548162802, -37.622020232915602 ], [ -73.415807388306504, -37.622238817579202 ], [ -73.415111071287797, -37.622921266824001 ], [ -73.414507217034696, -37.623506481790599 ], [ -73.413848236208807, -37.6241562696665 ], [ -73.413005673050193, -37.625023900588801 ], [ -73.413420618904595, -37.625022024110599 ], [ -73.413460390846197, -37.624864262224499 ], [ -73.413573858970594, -37.624789687688597 ], [ -73.413719502931102, -37.624760787513701 ], [ -73.4139197011081, -37.624823605903799 ], [ -73.414041020285495, -37.624881567310403 ], [ -73.414160031056795, -37.624900547065003 ], [ -73.414278578866401, -37.624911731702603 ], [ -73.414395741830504, -37.624899525682501 ], [ -73.414548878398193, -37.624831275569903 ], [ -73.414743070276103, -37.624792742761599 ], [ -73.414926536183401, -37.624738982557602 ], [ -73.415121652681606, -37.624716040061799 ], [ -73.415278484670907, -37.624710160949398 ], [ -73.415464722341397, -37.624703177273197 ], [ -73.415528154832401, -37.6247789349366 ], [ -73.415542115201205, -37.624848734303399 ], [ -73.415477660527202, -37.624921472955101 ], [ -73.415402478835304, -37.624978986383198 ], [ -73.4152867033186, -37.625014582029401 ], [ -73.415112576610596, -37.625060178516598 ], [ -73.414755444825801, -37.625167330065501 ], [ -73.414641516666805, -37.625234110626899 ], [ -73.414617654511105, -37.625328767744897 ], [ -73.414693660474398, -37.6254509358021 ], [ -73.414807027670307, -37.625540449268897 ], [ -73.414983827882807, -37.625705718744797 ], [ -73.415129836521999, -37.625848703542097 ], [ -73.415377565355996, -37.626050381115697 ], [ -73.415549283869396, -37.626129892706999 ], [ -73.415712127442603, -37.626225363312699 ], [ -73.415939195619003, -37.626244195450802 ], [ -73.4161861945759, -37.626102101471702 ], [ -73.416471939627201, -37.625950742437297 ], [ -73.417099371544097, -37.6257631235746 ], [ -73.417574126519398, -37.625651552556697 ], [ -73.418057756806903, -37.625524019296101 ], [ -73.418449006874198, -37.625329628413802 ], [ -73.418813622342299, -37.6251831160195 ], [ -73.419097508147303, -37.625000564914302 ], [ -73.419509743026097, -37.6248288228552 ], [ -73.419797325901001, -37.624708639957397 ], [ -73.419973298450202, -37.624694222055503 ], [ -73.420100723616599, -37.624689438421299 ], [ -73.420328018692203, -37.624712161594502 ], [ -73.420475048014794, -37.624706642587299 ], [ -73.420547448410204, -37.624602348316103 ], [ -73.420772603939895, -37.624257912827197 ], [ -73.421040374494794, -37.623638402290197 ] ] ] } },
{ "type": "Feature", "properties": { "id": "monoparte.53", "Name": null, "description": null, "timestamp": null, "begin": null, "end": null, "altitudeMode": null, "tessellate": -1, "extrude": 0, "visibility": -1, "drawOrder": null, "icon": null, "REG": "Biobío", "COM": "Los Álamos", "LOC": "Los Álamos", "ZONA": "ZE", "NOM": "Area verde", "UPERM": "Area verde.", "UPROH": "Todos los usos de suelo no mencionados como permitidos.", "P_DO": "12/03/2008", "N_DOC": "1705", "T_DO": "Resolución", "OBS": null }, "geometry": { "type": "Polygon", "coordinates": [ [ [ -73.417989723545105, -37.624086919975703 ], [ -73.417744679205796, -37.623889052477502 ], [ -73.417460150633005, -37.6235637430092 ], [ -73.416854486078506, -37.622875424967603 ], [ -73.416380596072301, -37.622338433892502 ], [ -73.416170468885099, -37.622107998581498 ], [ -73.416010548162802, -37.622020232915602 ], [ -73.416108467610997, -37.622180646416403 ], [ -73.416524832754206, -37.622907322015003 ], [ -73.416785956846198, -37.623335089304 ], [ -73.416950915331299, -37.623797716719203 ], [ -73.417068808831502, -37.624129278648503 ], [ -73.4171073657824, -37.624448188870701 ], [ -73.417415017004998, -37.624335073163401 ], [ -73.417989723545105, -37.624086919975703 ] ] ] } },
{ "type": "Feature", "properties": { "id": "monoparte.54", "Name": null, "description": null, "timestamp": null, "begin": null, "end": null, "altitudeMode": null, "tessellate": -1, "extrude": 0, "visibility": -1, "drawOrder": null, "icon": null, "REG": "Biobío", "COM": "Los Álamos", "LOC": "Los Álamos", "ZONA": "ZP1", "NOM": "Zona proteccion por presencia de quebradas", "UPERM": "No se permite ningun tipo de edificacion.", "UPROH": "Sin informacion.", "P_DO": "12/03/2008", "N_DOC": "1705", "T_DO": "Resolución", "OBS": null }, "geometry": { "type": "Polygon", "coordinates": [ [ [ -73.412866097783095, -37.634151493040299 ], [ -73.412752948435994, -37.634065876933498 ], [ -73.412620066167506, -37.633813008571899 ], [ -73.412448894175697, -37.633577201329103 ], [ -73.412261121263697, -37.6333928051247 ], [ -73.412138686359199, -37.633233307273997 ], [ -73.412058747128, -37.633044869310602 ], [ -73.412022515049003, -37.632764938125298 ], [ -73.411977581577403, -37.6325869088055 ], [ -73.411940552224095, -37.632459372601602 ], [ -73.411800182478999, -37.632245850832597 ], [ -73.411596322636001, -37.632038614571002 ], [ -73.411406886480705, -37.631908973709599 ], [ -73.411191326832594, -37.6317529642916 ], [ -73.411052753920401, -37.631652671356598 ], [ -73.410978076587099, -37.631635934216597 ], [ -73.410875606594004, -37.631647586729301 ], [ -73.410815120337404, -37.631704547888702 ], [ -73.410815297203698, -37.631790489768001 ], [ -73.410819914348494, -37.631868453871597 ], [ -73.410912988885499, -37.631947009816699 ], [ -73.411041068154304, -37.632035975661303 ], [ -73.411116384940598, -37.632146451443802 ], [ -73.411136861182896, -37.632243353222002 ], [ -73.411130520582205, -37.632302193297399 ], [ -73.411184792673097, -37.632472059015498 ], [ -73.411298807988004, -37.6326553140293 ], [ -73.411425396175105, -37.632884979214801 ], [ -73.411493451643906, -37.633038700981203 ], [ -73.411583138197102, -37.633308817386897 ], [ -73.411648139769895, -37.633493907360602 ], [ -73.411803216572295, -37.633706878223101 ], [ -73.411946414247396, -37.633885132961503 ], [ -73.412067695253896, -37.634025139748204 ], [ -73.412107781492097, -37.6341213074327 ], [ -73.412189336593897, -37.634337031593603 ], [ -73.412213742431007, -37.634500202549603 ], [ -73.412234399990695, -37.634683047519701 ], [ -73.412171729887405, -37.634869015704602 ], [ -73.412615909007101, -37.6344890396335 ], [ -73.412866097783095, -37.634151493040299 ] ] ] } },
{ "type": "Feature", "properties": { "id": "monoparte.55", "Name": null, "description": null, "timestamp": null, "begin": null, "end": null, "altitudeMode": null, "tessellate": -1, "extrude": 0, "visibility": -1, "drawOrder": null, "icon": null, "REG": "Biobío", "COM": "Los Álamos", "LOC": "Los Álamos", "ZONA": "ZR2", "NOM": "Zona restriccion por riesgo de remocion", "UPERM": "No se permite ningun tipo de edificacion.", "UPROH": "Sin informacion.", "P_DO": "12/03/2008", "N_DOC": "1705", "T_DO": "Resolución", "OBS": null }, "geometry": { "type": "Polygon", "coordinates": [ [ [ -73.407475285231399, -37.637275679925303 ], [ -73.407389184330498, -37.637232020455301 ], [ -73.407338839498607, -37.637128421778399 ], [ -73.407348469214099, -37.637042110965702 ], [ -73.407439122551594, -37.636913701127099 ], [ -73.407598344792405, -37.636864766080897 ], [ -73.407812180902397, -37.6368255067852 ], [ -73.408086970624296, -37.636737084811202 ], [ -73.408325140069394, -37.636610964203697 ], [ -73.408542546161101, -37.636466086910303 ], [ -73.408734058184706, -37.636298738068199 ], [ -73.408803024867893, -37.636135978212501 ], [ -73.408782549944206, -37.636039074151697 ], [ -73.408776549604696, -37.635937721957603 ], [ -73.408671359729993, -37.635820549918897 ], [ -73.408505679060795, -37.635760338025598 ], [ -73.408361681558304, -37.635734473337301 ], [ -73.408199922920303, -37.635740530026297 ], [ -73.4080297455031, -37.635770341430202 ], [ -73.407908124362606, -37.6357905216828 ], [ -73.407760609271307, -37.635788230413297 ], [ -73.407576936840499, -37.635756036629097 ], [ -73.407416850169398, -37.635707334121797 ], [ -73.407218990589797, -37.635601442545401 ], [ -73.406998986675703, -37.635453404201698 ], [ -73.406770335068302, -37.635325223564003 ], [ -73.406494510791504, -37.635230062612003 ], [ -73.406303631603393, -37.635159069244601 ], [ -73.406141932397404, -37.635083076599201 ], [ -73.406014545916904, -37.6350058007271 ], [ -73.405886005478706, -37.6349090342704 ], [ -73.405734689850703, -37.634676379980398 ], [ -73.405635159721797, -37.634488671171297 ], [ -73.405554255296295, -37.634366680436599 ], [ -73.405414299431698, -37.634242991815498 ], [ -73.405236053541401, -37.634136363814299 ], [ -73.405030012122793, -37.634058121322198 ], [ -73.404942302481899, -37.633987173200801 ], [ -73.404824031486896, -37.633897834600297 ], [ -73.404794220828293, -37.633809093072102 ], [ -73.404782863235397, -37.6337001267419 ], [ -73.404847856010093, -37.633553144217302 ], [ -73.404922132295496, -37.633480043600002 ], [ -73.405039601754595, -37.633389698803903 ], [ -73.405193687243695, -37.633337054042599 ], [ -73.405390272779201, -37.633255470400997 ], [ -73.405490669892401, -37.633208739105001 ], [ -73.405564945194897, -37.633135638139798 ], [ -73.405619152414303, -37.633055473782903 ], [ -73.405615232330803, -37.632989204517301 ], [ -73.405607854546005, -37.632864462853597 ], [ -73.405528334570604, -37.632765860949903 ], [ -73.405436186521499, -37.632702893387403 ], [ -73.405267917813106, -37.632681840726697 ], [ -73.405120640308795, -37.632683443268697 ], [ -73.405007903559095, -37.632687660606898 ], [ -73.404865297381903, -37.632685180996504 ], [ -73.404745352125502, -37.632650600478101 ], [ -73.404606034175799, -37.632620649751502 ], [ -73.404515269076498, -37.632581070424401 ], [ -73.4044523008033, -37.632513102628899 ], [ -73.404386966549495, -37.632488199436601 ], [ -73.404183927333705, -37.632460632438203 ], [ -73.403815955740399, -37.632634573272099 ], [ -73.403741341367905, -37.632535786626804 ], [ -73.4036348431882, -37.632313174492502 ], [ -73.403587625123293, -37.632096159595903 ], [ -73.403574380130607, -37.631705974090899 ], [ -73.403085210511193, -37.6316578508156 ], [ -73.403157766970196, -37.631389474728202 ], [ -73.403243291873494, -37.631257352752499 ], [ -73.403425693193, -37.631102072703598 ], [ -73.403594310186804, -37.630962936212498 ], [ -73.403708719710494, -37.6309039621217 ], [ -73.403845269476406, -37.630887136089697 ], [ -73.403744365902099, -37.630676034213202 ], [ -73.404004436178099, -37.6305881717932 ], [ -73.403808684100696, -37.630185278999797 ], [ -73.404082533791595, -37.630081274590196 ], [ -73.404270231960098, -37.630015651026 ], [ -73.4044896433535, -37.629987911873201 ], [ -73.404703401362397, -37.6300307041259 ], [ -73.404802581492305, -37.630046528806602 ], [ -73.404902744345705, -37.629995899781299 ], [ -73.405000602944199, -37.629906290513198 ], [ -73.405151223282004, -37.629795172014397 ], [ -73.405267934059495, -37.629775178540903 ], [ -73.405513986733595, -37.629699557634297 ], [ -73.405753752631398, -37.6296007316258 ], [ -73.405890589393906, -37.629505754447599 ], [ -73.405959728674802, -37.629428939295501 ], [ -73.406065773376994, -37.629311674207599 ], [ -73.406100142480597, -37.629228344869802 ], [ -73.406116407120194, -37.629005049589402 ], [ -73.406146164334302, -37.628843756511202 ], [ -73.406229776030202, -37.6287624917234 ], [ -73.4063574991888, -37.6286795763084 ], [ -73.406414759661004, -37.628568043441398 ], [ -73.406404093108407, -37.6284707726644 ], [ -73.406341646404499, -37.628328558001499 ], [ -73.406360159248507, -37.628226288289603 ], [ -73.406453860848401, -37.628066510429299 ], [ -73.406526055085905, -37.627958324895602 ], [ -73.406474736303096, -37.6279211770686 ], [ -73.4063190487188, -37.627946537183199 ], [ -73.406203032888101, -37.627978225977898 ], [ -73.406110140506797, -37.6279856087654 ], [ -73.4060093478666, -37.627942497664598 ], [ -73.405898292114799, -37.627891957190698 ], [ -73.405812432885298, -37.627852194276699 ], [ -73.405738683720998, -37.627851047280402 ], [ -73.405661646752094, -37.627877370139203 ], [ -73.405570828183997, -37.627919835980997 ], [ -73.405521295173301, -37.6279959182976 ], [ -73.405529594796604, -37.628136252079599 ], [ -73.405570359437803, -37.628244118214099 ], [ -73.405591518673802, -37.628352716904203 ], [ -73.405597282478595, -37.628450171204399 ], [ -73.405542787469798, -37.628608482567003 ], [ -73.405470360585895, -37.628712768259298 ], [ -73.405333294037803, -37.6288038464387 ], [ -73.405167510803807, -37.628907718168797 ], [ -73.404922152939207, -37.628995032662097 ], [ -73.404586264248096, -37.629046663787399 ], [ -73.404235672177194, -37.629098844775697 ], [ -73.4037433996358, -37.629164136408001 ], [ -73.403521163788398, -37.629227142620898 ], [ -73.403242184075296, -37.6293274312984 ], [ -73.403058236027604, -37.629373377534598 ], [ -73.402953462956702, -37.629346040996502 ], [ -73.402871816076001, -37.629294398069099 ], [ -73.402813752952, -37.629226246770799 ], [ -73.4028030908445, -37.6291289744861 ], [ -73.402836311589297, -37.629026155305098 ], [ -73.402871375600199, -37.628954522110199 ], [ -73.402865384819705, -37.628853168986701 ], [ -73.402834886761994, -37.628752733052401 ], [ -73.4027759024452, -37.628668987806002 ], [ -73.402693104474906, -37.6285978541205 ], [ -73.402489677904995, -37.628480441614997 ], [ -73.402178883765004, -37.6283748566537 ], [ -73.401888387019198, -37.628280231596896 ], [ -73.401712465361896, -37.628212578122501 ], [ -73.401527034438203, -37.628067143385799 ], [ -73.401366866021803, -37.627850441896499 ], [ -73.401298672409396, -37.627610768990998 ], [ -73.401277813778606, -37.627424021691802 ], [ -73.401205179976202, -37.627192327940598 ], [ -73.401060178829198, -37.626982872369503 ], [ -73.4009991264641, -37.626864042292503 ], [ -73.400983566962594, -37.626766953683401 ], [ -73.400988892589197, -37.62652453295 ], [ -73.400976622645899, -37.626399972653203 ], [ -73.400957543532698, -37.626326456321003 ], [ -73.400890668233799, -37.626192218108002 ], [ -73.400816525425299, -37.6261012249537 ], [ -73.400750342580693, -37.625978681147203 ], [ -73.400700934644604, -37.6258906697648 ], [ -73.400689586608394, -37.625781704238698 ], [ -73.4006791584914, -37.625688330002902 ], [ -73.4006404749707, -37.625615545297002 ], [ -73.400554852385994, -37.625579677534702 ], [ -73.400447488809405, -37.625591502719701 ], [ -73.400337525107005, -37.625642493195201 ], [ -73.400278875585201, -37.625730635332303 ], [ -73.400266868944897, -37.625860008141998 ], [ -73.400267264390095, -37.625949850209203 ], [ -73.400252263347596, -37.626028547193997 ], [ -73.400253349557005, -37.626130083829203 ], [ -73.400259566422406, -37.6262353349465 ], [ -73.400259731632403, -37.626321278521097 ], [ -73.400244730545893, -37.6263999755067 ], [ -73.400219468018605, -37.626471241726499 ], [ -73.400183943001906, -37.626535079015198 ], [ -73.400138154188099, -37.626591484710701 ], [ -73.400080491094499, -37.626613173825099 ], [ -73.400002301734602, -37.626620001473 ], [ -73.399927172025201, -37.6265954607046 ], [ -73.399872864159406, -37.6265076329382 ], [ -73.399858916770299, -37.626437831760903 ], [ -73.399758262893997, -37.626230624609001 ], [ -73.399657905572099, -37.625945269794499 ], [ -73.3995859022735, -37.625807314353104 ], [ -73.399552418555999, -37.625656200317202 ], [ -73.399499560280304, -37.6255097162732 ], [ -73.399413380889598, -37.625298060909401 ], [ -73.399258491621694, -37.624920979783099 ], [ -73.399192378800194, -37.6247163878839 ], [ -73.399146955513103, -37.6246126003401 ], [ -73.399032455198096, -37.624503579844699 ], [ -73.398853092547895, -37.6243774492699 ], [ -73.398619587880503, -37.624249431773102 ], [ -73.398501339316596, -37.624160084402 ], [ -73.398453546492505, -37.624099361311998 ], [ -73.398303889525707, -37.623893982921601 ], [ -73.398227748715897, -37.623685858702601 ], [ -73.398165553361096, -37.623547535942201 ], [ -73.398111250077804, -37.623459707059702 ], [ -73.397959983558096, -37.623227040395797 ], [ -73.397811940607198, -37.623048948890599 ], [ -73.397625679672899, -37.622805868161102 ], [ -73.397285323356201, -37.623197538740399 ], [ -73.397389370712901, -37.623795303492599 ], [ -73.397465462594496, -37.624335508215999 ], [ -73.397708239290907, -37.624537411252 ], [ -73.397913189683905, -37.624764167159903 ], [ -73.398046602108707, -37.624860761194299 ], [ -73.398246491313202, -37.6250017547667 ], [ -73.398437729024096, -37.625162604787 ], [ -73.398565552048495, -37.625247687468203 ], [ -73.398609824180298, -37.625331983662598 ], [ -73.398657318759305, -37.625470855210096 ], [ -73.398707874804501, -37.625578357417197 ], [ -73.398746786609607, -37.625655040478101 ], [ -73.398809973680898, -37.625726909675599 ], [ -73.398892534594395, -37.625794148956402 ], [ -73.3989895700023, -37.625856939490902 ], [ -73.399060949216107, -37.625901154663197 ], [ -73.399222553887697, -37.626059204041397 ], [ -73.399258407737506, -37.626167256100999 ], [ -73.399298863533105, -37.626353271816001 ], [ -73.3993498156171, -37.626550615773198 ], [ -73.399404976707203, -37.626736082074402 ], [ -73.399439218520797, -37.626816845522697 ], [ -73.399582669066604, -37.626916970631598 ], [ -73.3998197041022, -37.627021411465599 ], [ -73.399935196015406, -37.627063977908897 ], [ -73.400013549740507, -37.627143093902802 ], [ -73.400166278156803, -37.627317100067103 ], [ -73.400282231276904, -37.627367463103496 ], [ -73.400445749911796, -37.627474650510798 ], [ -73.4005584137509, -37.627552483120503 ], [ -73.400750980701901, -37.627818764555002 ], [ -73.400919041837795, -37.628085960561897 ], [ -73.401052168831697, -37.628260697996801 ], [ -73.401206053747899, -37.628454194006103 ], [ -73.401339642826798, -37.628636727988201 ], [ -73.401526392481699, -37.628887597046997 ], [ -73.401820155459205, -37.629286832295698 ], [ -73.402124875963594, -37.629705189842902 ], [ -73.402407920425105, -37.630089195760902 ], [ -73.402625866470004, -37.630452194942997 ], [ -73.4027179474935, -37.630597209925 ], [ -73.402731898753601, -37.6306670114095 ], [ -73.402722494117398, -37.630757219768803 ], [ -73.402704669451595, -37.630871183666997 ], [ -73.402699117874604, -37.631109706530601 ], [ -73.402725805589498, -37.631311862926097 ], [ -73.402757394200407, -37.631513835170601 ], [ -73.402800629193294, -37.631746626858202 ], [ -73.402871660690195, -37.631951032301203 ], [ -73.402935885652894, -37.632206479829598 ], [ -73.402963033312901, -37.632416432207101 ], [ -73.403049232811199, -37.632628083635801 ], [ -73.403060587506801, -37.632737049418502 ], [ -73.403165072806701, -37.632842532841202 ], [ -73.4033376574058, -37.633019699827102 ], [ -73.403491327422898, -37.633209293317101 ], [ -73.403562886383199, -37.633339448362797 ], [ -73.403569109585007, -37.633444699780902 ], [ -73.403548397738902, -37.633675975339798 ], [ -73.403528436856007, -37.633836901552698 ], [ -73.403512455931605, -37.633982050580997 ], [ -73.403908496834106, -37.634365733572402 ], [ -73.404095100447705, -37.634530653725797 ], [ -73.404164125002595, -37.634617928781303 ], [ -73.404268553832594, -37.634805455704502 ], [ -73.404389302264903, -37.635019720802703 ], [ -73.404514031330393, -37.635218209420302 ], [ -73.404529599390102, -37.635315297021002 ], [ -73.4045163871032, -37.635507224887903 ], [ -73.404499827151099, -37.635808667346502 ], [ -73.404518914204104, -37.6358821826054 ], [ -73.404565506017093, -37.636005457532598 ], [ -73.404726104252902, -37.636311994404402 ], [ -73.404851067237601, -37.636514380000797 ], [ -73.404960112717902, -37.636779870650102 ], [ -73.405051225144305, -37.6369913364788 ], [ -73.405126017209497, -37.637176064993398 ], [ -73.405197293277595, -37.637384364787202 ], [ -73.405246135208799, -37.637628666682502 ], [ -73.405294574472407, -37.637783126095002 ], [ -73.405339786473206, -37.637883011558301 ], [ -73.405403913633805, -37.6379704689721 ], [ -73.4054554688758, -37.638011515316101 ], [ -73.405686954831495, -37.638104430351099 ], [ -73.405981417329102, -37.638265311427901 ], [ -73.406200735504996, -37.638069579147903 ], [ -73.406342027170098, -37.637966622050499 ], [ -73.406760996360106, -37.637657932489098 ], [ -73.407014107448106, -37.6375351623157 ], [ -73.407475285231399, -37.637275679925303 ] ] ] } },
{ "type": "Feature", "properties": { "id": "monoparte.56", "Name": null, "description": null, "timestamp": null, "begin": null, "end": null, "altitudeMode": null, "tessellate": -1, "extrude": 0, "visibility": -1, "drawOrder": null, "icon": null, "REG": "Biobío", "COM": "Los Álamos", "LOC": "Los Álamos", "ZONA": "ZP2", "NOM": "Zona proteccion por interes paisajisticos", "UPERM": "Equipamiento: comercio, culto y cultura, deporte, educacion, esparcimiento, social.", "UPROH": "Todos los usos de suelo no mencionados como permitidos.", "P_DO": "12/03/2008", "N_DOC": "1705", "T_DO": "Resolución", "OBS": null }, "geometry": { "type": "Polygon", "coordinates": [ [ [ -73.399586654706297, -37.6211620871916 ], [ -73.399936354038701, -37.621594398975503 ], [ -73.400226918617605, -37.6218570195674 ], [ -73.400593138281195, -37.622069929974799 ], [ -73.4008264096028, -37.622194045270298 ], [ -73.401172566859103, -37.622399890202097 ], [ -73.401607274275605, -37.622774324816596 ], [ -73.4020050831015, -37.623189204265401 ], [ -73.402458482313904, -37.623547309320003 ], [ -73.402778931376105, -37.623816620115598 ], [ -73.403001822430696, -37.624097389910801 ], [ -73.403132809330003, -37.624319087478803 ], [ -73.403277747126594, -37.624610586355402 ], [ -73.403499721031594, -37.624875762816103 ], [ -73.403646628817398, -37.625034354574098 ], [ -73.403905049590506, -37.625251285826799 ], [ -73.404019787169005, -37.625364199557602 ], [ -73.404336101565207, -37.625563337260203 ], [ -73.404526031741, -37.625618742599997 ], [ -73.404842007624893, -37.6256459922988 ], [ -73.405067459825901, -37.625637558267897 ], [ -73.405446374006502, -37.625607757311002 ], [ -73.405694140987407, -37.625561373573298 ], [ -73.405801764949999, -37.6255124192434 ], [ -73.405974516487802, -37.625443447164997 ], [ -73.406156693740101, -37.625409283240501 ], [ -73.406432684461905, -37.625383329125498 ], [ -73.4067304986403, -37.625352651539202 ], [ -73.406937267125201, -37.625360540526003 ], [ -73.407125584024698, -37.625388654198098 ], [ -73.407273538646194, -37.625398744513198 ], [ -73.407439484704099, -37.6253808134989 ], [ -73.407537505711701, -37.625377144875003 ], [ -73.407956462217697, -37.625318489390402 ], [ -73.408101188607802, -37.625274003935701 ], [ -73.408365212121694, -37.625170357002403 ], [ -73.408519970347498, -37.625129402590701 ], [ -73.408810686393906, -37.6248958316203 ], [ -73.408974379307196, -37.624756871384399 ], [ -73.409125501573001, -37.624571501107802 ], [ -73.409221788594095, -37.624372556345101 ], [ -73.409495147386096, -37.624260744191503 ], [ -73.409474676434101, -37.624163840863602 ], [ -73.409897371541106, -37.624085503252999 ], [ -73.4099908405165, -37.624253902931201 ], [ -73.410156266025794, -37.624310216768798 ], [ -73.410198649846194, -37.624445367428102 ], [ -73.410271824418601, -37.624602805626601 ], [ -73.410555798085198, -37.6246703065571 ], [ -73.410626082117503, -37.624612978684901 ], [ -73.410720234247506, -37.624460994105597 ], [ -73.410803374607397, -37.624371930675302 ], [ -73.410891131766505, -37.624360829553503 ], [ -73.411156016569805, -37.6243548149207 ], [ -73.411388194363496, -37.624045295248898 ], [ -73.411624772413504, -37.624141915884699 ], [ -73.411703011106894, -37.624053035475399 ], [ -73.412346086939607, -37.624212561697199 ], [ -73.412637920252095, -37.623666396071499 ], [ -73.412394363518004, -37.623534877053501 ], [ -73.412216828379997, -37.623439952001497 ], [ -73.412102775012002, -37.6233387421277 ], [ -73.412038423802002, -37.623247389488299 ], [ -73.411990675800894, -37.623104627261803 ], [ -73.412009000674402, -37.622916414471 ], [ -73.412011236740497, -37.622705363768603 ], [ -73.411993462162698, -37.622405206246498 ], [ -73.4120215369786, -37.622298671422399 ], [ -73.412026775114896, -37.622138295760799 ], [ -73.411999553870899, -37.622010390996401 ], [ -73.411990088596497, -37.621850567083399 ], [ -73.412051083137399, -37.6217193582711 ], [ -73.412086881408698, -37.621577373072199 ], [ -73.412089526697301, -37.621456162631098 ], [ -73.412042241733104, -37.621321196290602 ], [ -73.411932630454402, -37.621212005569298 ], [ -73.411789407379999, -37.6211157942477 ], [ -73.411691444417201, -37.6210374217452 ], [ -73.411601900174901, -37.620935292209303 ], [ -73.411546660640496, -37.620831877549598 ], [ -73.411472565941196, -37.620658848029997 ], [ -73.411462180199393, -37.620483431087301 ], [ -73.411498901258796, -37.620357037993998 ], [ -73.411575290228299, -37.620236973097299 ], [ -73.411680851140801, -37.6201119073732 ], [ -73.411812071092996, -37.620005414824298 ], [ -73.411894281231895, -37.6199007581831 ], [ -73.412000357904205, -37.619701444668898 ], [ -73.412084930666794, -37.6195537251254 ], [ -73.4122518914794, -37.6193872905314 ], [ -73.412327815525003, -37.6192594284528 ], [ -73.412419188387901, -37.619060665495603 ], [ -73.412487157652905, -37.618964355295702 ], [ -73.412575652977907, -37.618882904305401 ], [ -73.412703353635195, -37.618799983368703 ], [ -73.412773630787598, -37.618742654625798 ], [ -73.412784639021694, -37.618679733395702 ], [ -73.412751541928998, -37.618618464776901 ], [ -73.412681779849706, -37.618601545112902 ], [ -73.412595414761896, -37.618636035013601 ], [ -73.412268350933005, -37.618835816234302 ], [ -73.412229092650406, -37.618919329417203 ], [ -73.412196351028598, -37.619029946196598 ], [ -73.412152653247304, -37.6191214398414 ], [ -73.412083990964703, -37.6192060554866 ], [ -73.411974045327696, -37.619257055789703 ], [ -73.411892580199293, -37.6192913625313 ], [ -73.411683236952797, -37.619322644620901 ], [ -73.411511482887306, -37.619325172329198 ], [ -73.411326466187006, -37.619269593969598 ], [ -73.411213805460406, -37.619191770623502 ], [ -73.411134987194501, -37.619104867208499 ], [ -73.411063201913294, -37.618970817144898 ], [ -73.410994525981295, -37.618723355129099 ], [ -73.410935422834996, -37.618471626537001 ], [ -73.410902952443905, -37.618172019038802 ], [ -73.410935346018704, -37.617889516643899 ], [ -73.411009940802202, -37.617656222085799 ], [ -73.411131180324702, -37.6174641537959 ], [ -73.411177701634202, -37.6173373937294 ], [ -73.411224685474906, -37.617218430485003 ], [ -73.411239034482307, -37.617045994068903 ], [ -73.411267448820098, -37.6167792671746 ], [ -73.411372709334501, -37.616400270805102 ], [ -73.411400374835495, -37.616203894891299 ], [ -73.411387744937898, -37.616073490658898 ], [ -73.411345880671007, -37.615864090783198 ], [ -73.411316411689995, -37.615615160292798 ], [ -73.411357856558695, -37.615402640834098 ], [ -73.411378084151707, -37.6151635683241 ], [ -73.411367469929402, -37.614984252757502 ], [ -73.411307159770104, -37.614795079158199 ], [ -73.4112339947837, -37.614637640950399 ], [ -73.411123012221907, -37.614505059810597 ], [ -73.411020675583003, -37.614352620226398 ], [ -73.410937997874598, -37.614117401841902 ], [ -73.4108378502969, -37.613835956269497 ], [ -73.410770509761704, -37.613693927007702 ], [ -73.410624129879693, -37.613461093134198 ], [ -73.410471411149999, -37.613287099974798 ], [ -73.410395886523105, -37.613172724722602 ], [ -73.410355872867896, -37.612994509903203 ], [ -73.4103746644127, -37.612814092984998 ], [ -73.410340705053599, -37.612655185950302 ], [ -73.4102920463868, -37.6124968293378 ], [ -73.410241023560701, -37.612381536445199 ], [ -73.410134771983195, -37.612162826619098 ], [ -73.410074873389505, -37.612063492526502 ], [ -73.409894023252093, -37.611746000538702 ], [ -73.409802648756596, -37.611612683768797 ], [ -73.409611943533207, -37.611377600946 ], [ -73.409465284262794, -37.611222913937397 ], [ -73.409271064328905, -37.611011403699003 ], [ -73.409135821585096, -37.610883635731497 ], [ -73.4089084553991, -37.610692900226603 ], [ -73.408752460263301, -37.610546374095598 ], [ -73.408483993744895, -37.610407964718704 ], [ -73.4083774010236, -37.610349445584198 ], [ -73.408066910002702, -37.6102477692382 ], [ -73.407853269288793, -37.610122933842902 ], [ -73.407667413801306, -37.609969710416102 ], [ -73.407592129905794, -37.609859230312097 ], [ -73.407584522190106, -37.609730590115099 ], [ -73.407606606274896, -37.609522703320899 ], [ -73.407526020449396, -37.609322564845201 ], [ -73.407399720588103, -37.609096790040297 ], [ -73.407212717459302, -37.608924074194299 ], [ -73.407047159257601, -37.608781810522601 ], [ -73.407017588395505, -37.608696967333003 ], [ -73.406828635990905, -37.608325076610299 ], [ -73.406610804741007, -37.607880037586099 ], [ -73.406363579133796, -37.6074360968584 ], [ -73.406154571921903, -37.607057141840698 ], [ -73.405998082635307, -37.606652781070601 ], [ -73.405907136445805, -37.606277223217099 ], [ -73.405938563627004, -37.606061172915297 ], [ -73.406000834995595, -37.6057853669395 ], [ -73.405938012591506, -37.605553307689902 ], [ -73.405787917576902, -37.605340141275803 ], [ -73.405635917985506, -37.605177833574302 ], [ -73.405597012165003, -37.605101153277502 ], [ -73.405615752631405, -37.6050027813166 ], [ -73.405505654326006, -37.604967831165702 ], [ -73.405393775040395, -37.6048196499517 ], [ -73.405224147021002, -37.6045251706594 ], [ -73.405069616878095, -37.604319982365297 ], [ -73.404823208214793, -37.604055720867997 ], [ -73.404542669612695, -37.603878683933999 ], [ -73.404207712764503, -37.603777912274701 ], [ -73.403964633790196, -37.6037362125101 ], [ -73.403421457267399, -37.603768241647302 ], [ -73.403188573728002, -37.603816015096001 ], [ -73.4028618402712, -37.603937620375198 ], [ -73.402689593721007, -37.6040143811828 ], [ -73.402409256524805, -37.604173318357702 ], [ -73.402211063233295, -37.604309650227002 ], [ -73.402030233501307, -37.604324222750201 ], [ -73.401822603800994, -37.604300727382601 ], [ -73.401539175801801, -37.604240995902899 ], [ -73.401355123022299, -37.604200992058203 ], [ -73.4011360152126, -37.604232621038101 ], [ -73.400986424457201, -37.604277277867901 ], [ -73.400795496060695, -37.604370361485003 ], [ -73.400687863529299, -37.604460332746001 ], [ -73.400595323155699, -37.604639597022498 ], [ -73.400542995348701, -37.605000979002298 ], [ -73.400665490207999, -37.604996403335498 ], [ -73.400819522497898, -37.604943766729697 ], [ -73.400907556007198, -37.604854526732801 ], [ -73.401012426255093, -37.604717776901403 ], [ -73.401080861085504, -37.604629269982397 ], [ -73.401171886668905, -37.604590706673903 ], [ -73.401273630716403, -37.604567371173701 ], [ -73.401411284226697, -37.604570041608802 ], [ -73.401576197743694, -37.604618573859803 ], [ -73.401726413394599, -37.604667656044903 ], [ -73.4018218105697, -37.604703159210601 ], [ -73.401940785535402, -37.604722153648098 ], [ -73.402024773671101, -37.604730735152799 ], [ -73.402132567412494, -37.604726706493402 ], [ -73.402220072356002, -37.6047117156414 ], [ -73.402321356873102, -37.604680582217597 ], [ -73.402407711918599, -37.604646100525798 ], [ -73.402493144911105, -37.604596024851404 ], [ -73.402587686341903, -37.604533889175102 ], [ -73.402648390642298, -37.604480831505299 ], [ -73.403060100954605, -37.604301355346699 ], [ -73.403272926375493, -37.604246517774101 ], [ -73.403587494038504, -37.604168342411903 ], [ -73.403740077024494, -37.604174357259602 ], [ -73.403870001794999, -37.604212474930002 ], [ -73.403996410468494, -37.604274164684099 ], [ -73.404084311723295, -37.604349014505097 ], [ -73.404200856394496, -37.604493115518203 ], [ -73.404266497480904, -37.6046899084374 ], [ -73.404348680510296, -37.604917336800703 ], [ -73.404469141786194, -37.6051277071358 ], [ -73.404608513409997, -37.605325648885703 ], [ -73.404786852293796, -37.605518226998598 ], [ -73.404907839845194, -37.6056543477792 ], [ -73.404963055966903, -37.605757767077101 ], [ -73.405029455754601, -37.605884208836898 ], [ -73.4050771132666, -37.606109020713298 ], [ -73.405075314051899, -37.606327869861701 ], [ -73.405094724776703, -37.606573272698299 ], [ -73.405155408540097, -37.606852293016701 ], [ -73.405254540107507, -37.607200199330997 ], [ -73.405347220149693, -37.607438954573098 ], [ -73.405463711225295, -37.607665098732497 ], [ -73.405700734389399, -37.608019566313303 ], [ -73.405838854713707, -37.608030027197302 ], [ -73.4059295880337, -37.6080696074999 ], [ -73.406029139883898, -37.608175274777103 ], [ -73.406066141929898, -37.608302814652703 ], [ -73.4061059113846, -37.608477133367103 ], [ -73.406210762621896, -37.608672458988103 ], [ -73.406341726950203, -37.608894153597497 ], [ -73.406450788505296, -37.609077600183298 ], [ -73.406584119934493, -37.609256232438803 ], [ -73.406656747097898, -37.609487923411301 ], [ -73.406722631864298, -37.609688612579703 ], [ -73.406839590964694, -37.609922550904898 ], [ -73.406975921096006, -37.610151858091299 ], [ -73.407111391733196, -37.610283528149303 ], [ -73.407320763842407, -37.610502287559598 ], [ -73.407513422237997, -37.610604468396602 ], [ -73.407779524307301, -37.610785943772299 ], [ -73.4080296022087, -37.610862534093897 ], [ -73.408175164324405, -37.610915687909902 ], [ -73.408297148682493, -37.6109853523784 ], [ -73.408365460489193, -37.611060930949201 ], [ -73.408410656687295, -37.611160816312399 ], [ -73.408446743667, -37.611272762974103 ], [ -73.408489114659204, -37.611407915122903 ], [ -73.408569304413305, -37.611518210931301 ], [ -73.408670707143003, -37.611655059529298 ], [ -73.408879166697005, -37.611858224436098 ], [ -73.409040065630805, -37.612004566731997 ], [ -73.409214917238401, -37.612220708570597 ], [ -73.409339382579503, -37.612415294896799 ], [ -73.409475494923896, -37.612640701691397 ], [ -73.409595811505199, -37.612765120915498 ], [ -73.409844400862198, -37.612982407086299 ], [ -73.409876514226895, -37.613110129434403 ], [ -73.409896462958599, -37.613281281575198 ], [ -73.409897733041703, -37.613468761437403 ], [ -73.409954696552106, -37.613767452349897 ], [ -73.409997533405203, -37.6139103996464 ], [ -73.410027571563106, -37.614003037682103 ], [ -73.410165129856694, -37.614169786732703 ], [ -73.410503490492601, -37.614493100825797 ], [ -73.410639666555895, -37.614636459431402 ], [ -73.410735716743005, -37.6147656931957 ], [ -73.410817066201503, -37.6148954774402 ], [ -73.410856158412301, -37.615058099106299 ], [ -73.410840829889906, -37.615296988089803 ], [ -73.410842621083304, -37.615410218280999 ], [ -73.410817085223599, -37.615559632962302 ], [ -73.410844014594502, -37.615765684437498 ], [ -73.410850936231597, -37.615882628658802 ], [ -73.410858319443903, -37.616007370655602 ], [ -73.410832727904506, -37.616238829838899 ], [ -73.410766263393697, -37.6165265153357 ], [ -73.410753759143404, -37.616730138390103 ], [ -73.410733068123307, -37.616961414020999 ], [ -73.4106886215922, -37.617123257258797 ], [ -73.410610563067493, -37.617298079628 ], [ -73.410462975468604, -37.617459879281199 ], [ -73.410395464923894, -37.617563984433303 ], [ -73.410309451395307, -37.617770358488698 ], [ -73.410261717655303, -37.617959672466 ], [ -73.410291240851095, -37.618126558798302 ], [ -73.410338003875296, -37.6183357747081 ], [ -73.410380383588304, -37.618470926490403 ], [ -73.410341067421399, -37.618636484575298 ], [ -73.410348681198897, -37.618765124141902 ], [ -73.410367193595903, -37.618994930681097 ], [ -73.410383630886898, -37.619189655690597 ], [ -73.4104243961538, -37.619297519224197 ], [ -73.4105358481183, -37.619437896513901 ], [ -73.410635882147403, -37.619551354441398 ], [ -73.410661716372303, -37.619655869987596 ], [ -73.410619630437694, -37.619774650514103 ], [ -73.4106489248435, -37.619937639084597 ], [ -73.410705085397296, -37.620056647151699 ], [ -73.410774332919104, -37.620147816373098 ], [ -73.410807375162094, -37.620291130015403 ], [ -73.410817297794694, -37.620458751142898 ], [ -73.410807847915706, -37.6206310040183 ], [ -73.410818924458994, -37.620818115524202 ], [ -73.410881601407397, -37.620964226273401 ], [ -73.410918853262601, -37.621095662753099 ], [ -73.410958872223802, -37.621273876035097 ], [ -73.411018550982703, -37.621369311447502 ], [ -73.411138192078596, -37.621482033547302 ], [ -73.411223991413294, -37.621603836405797 ], [ -73.4112603199803, -37.6217196799129 ], [ -73.411280507018006, -37.621894730629698 ], [ -73.411275851720404, -37.622230888644602 ], [ -73.411288438003993, -37.622609376886203 ], [ -73.411307647945904, -37.6228508791271 ], [ -73.411257784309001, -37.623087154596099 ], [ -73.411199789063105, -37.623269040031602 ], [ -73.411103100408496, -37.623378144782997 ], [ -73.411024170336105, -37.623455330354197 ], [ -73.410903953723206, -37.623498901270999 ], [ -73.410782814943801, -37.6235268791878 ], [ -73.410640919245296, -37.6235361007964 ], [ -73.410502537882905, -37.623521749033699 ], [ -73.410351356323801, -37.6234570880383 ], [ -73.410248491261399, -37.623378897968202 ], [ -73.410130000667493, -37.623285665536201 ], [ -73.410029037725295, -37.623156615577201 ], [ -73.409968666317397, -37.623049485271501 ], [ -73.409906219697902, -37.622907272510197 ], [ -73.409858761537606, -37.622686362223199 ], [ -73.409875190004499, -37.622549008194703 ], [ -73.409920563331596, -37.622402757918302 ], [ -73.4099383761437, -37.622288794532402 ], [ -73.409933069386796, -37.622199136684202 ], [ -73.409927070477295, -37.622097784409704 ], [ -73.409902622625097, -37.622016656587299 ], [ -73.409832625894396, -37.6219958370001 ], [ -73.409786616595596, -37.6220483492041 ], [ -73.409776759152905, -37.622130760730599 ], [ -73.409654586663095, -37.622307234446502 ], [ -73.409545963823803, -37.622463667094202 ], [ -73.409486866303695, -37.622544015230297 ], [ -73.409446911201599, -37.6226158342349 ], [ -73.409458272223702, -37.622724799036803 ], [ -73.409503015961903, -37.622816887357999 ], [ -73.409522332814902, -37.622894299403399 ], [ -73.409529023483401, -37.623007346148299 ], [ -73.409519165784801, -37.623089758568298 ], [ -73.4094649690919, -37.6231699231992 ], [ -73.409373466352207, -37.623200697074303 ], [ -73.409215943168107, -37.623194875545202 ], [ -73.409016216250393, -37.623139843614602 ], [ -73.408766093877901, -37.6230632582078 ], [ -73.408638265471794, -37.622978187949599 ], [ -73.4085585240081, -37.622875689077297 ], [ -73.4084967721043, -37.622745168931999 ], [ -73.408480049872495, -37.622628590528599 ], [ -73.408462866477294, -37.622504217018502 ], [ -73.408456869497797, -37.622402864548199 ], [ -73.408399326460298, -37.622260467328303 ], [ -73.408355045773405, -37.622176175372303 ], [ -73.408273633354696, -37.622128433486502 ], [ -73.408172559460596, -37.622163471761297 ], [ -73.408165757520294, -37.622214514856203 ], [ -73.408185532962193, -37.622299724166702 ], [ -73.408226297323495, -37.622407589414401 ], [ -73.408251897817493, -37.622508207197903 ], [ -73.408258355808698, -37.622617355694501 ], [ -73.408240079154197, -37.622723523886798 ], [ -73.408235581379998, -37.622813547966501 ], [ -73.408286148726305, -37.622921046230402 ], [ -73.408333716584494, -37.6229778673667 ], [ -73.408429948373595, -37.623193046403699 ], [ -73.408507269727906, -37.623420652704397 ], [ -73.408538176462201, -37.623610929264899 ], [ -73.408515864100593, -37.623814918435002 ], [ -73.408448520236604, -37.624004965916598 ], [ -73.408354825070901, -37.624164744937502 ], [ -73.408241065008795, -37.624317461716799 ], [ -73.407915580389698, -37.624544519406598 ], [ -73.407631954956301, -37.624648898950298 ], [ -73.407395031986596, -37.624712460913599 ], [ -73.407249153073806, -37.6247374540919 ], [ -73.406911442075298, -37.624757906494096 ], [ -73.406672903997006, -37.624794180567001 ], [ -73.406295752717398, -37.624812199057899 ], [ -73.406125138886594, -37.624834210158298 ], [ -73.405900149361699, -37.624850442122103 ], [ -73.405596283679799, -37.624861809414099 ], [ -73.405298531481904, -37.624810439239297 ], [ -73.405043045105899, -37.624726233318597 ], [ -73.404781735918505, -37.624626617169497 ], [ -73.404575782736202, -37.624466327300603 ], [ -73.404321114472907, -37.624229722612903 ], [ -73.404150515744703, -37.623919652032697 ], [ -73.404066232648702, -37.623657141788797 ], [ -73.404022708165002, -37.623502496720398 ], [ -73.4039402059596, -37.623353217235902 ], [ -73.403644428265494, -37.623168936789398 ], [ -73.403325299663507, -37.623005063213199 ], [ -73.403122118773496, -37.622891549301102 ], [ -73.403028372972003, -37.622801290442901 ], [ -73.402774634760405, -37.622580275685898 ], [ -73.402501653763906, -37.622199799760303 ], [ -73.4023250160662, -37.621870417363802 ], [ -73.402194496011006, -37.621656514515998 ], [ -73.402031412159403, -37.621307091287697 ], [ -73.401930300196298, -37.621092089744202 ], [ -73.401523329469995, -37.620771315135897 ], [ -73.401326440224196, -37.620681003477898 ], [ -73.400522672128503, -37.620461002846604 ], [ -73.400016699789404, -37.620792452944201 ], [ -73.399586654706297, -37.6211620871916 ] ] ] } },
{ "type": "Feature", "properties": { "id": "monoparte.57", "Name": null, "description": null, "timestamp": null, "begin": null, "end": null, "altitudeMode": null, "tessellate": -1, "extrude": 0, "visibility": -1, "drawOrder": null, "icon": null, "REG": "Biobío", "COM": "Los Álamos", "LOC": "Los Álamos", "ZONA": "ZA2C", "NOM": "Zona residencial mixta 2 condicionada", "UPERM": "Residencial. Equipamiento: culto y cultura, deporte, educacion, salud, seguridad, servicios, social. Actividades productivas.", "UPROH": "Todos los usos de suelo no mencionados como permitidos.", "P_DO": "12/03/2008", "N_DOC": "1705", "T_DO": "Resolución", "OBS": null }, "geometry": { "type": "Polygon", "coordinates": [ [ [ -73.399586654706297, -37.6211620871916 ], [ -73.399344353258599, -37.621384059381199 ], [ -73.399111804642004, -37.621521670532097 ], [ -73.398879715522597, -37.621667079172099 ], [ -73.398626574459996, -37.621871874715197 ], [ -73.398354976358505, -37.622096893661599 ], [ -73.3981908072343, -37.622228043027697 ], [ -73.398029860186497, -37.622413767607902 ], [ -73.397625679672899, -37.622805868161102 ], [ -73.397811940607198, -37.623048948890599 ], [ -73.397959983558096, -37.623227040395797 ], [ -73.398111250077804, -37.623459707059702 ], [ -73.398165553361096, -37.623547535942201 ], [ -73.398227748715897, -37.623685858702601 ], [ -73.398303889525707, -37.623893982921601 ], [ -73.398453546492505, -37.624099361311998 ], [ -73.398501339316596, -37.624160084402 ], [ -73.398619587880503, -37.624249431773102 ], [ -73.398853092547895, -37.6243774492699 ], [ -73.399032455198096, -37.624503579844699 ], [ -73.399146955513103, -37.6246126003401 ], [ -73.399192378800194, -37.6247163878839 ], [ -73.399258491621694, -37.624920979783099 ], [ -73.399413380889598, -37.625298060909401 ], [ -73.399499560280304, -37.6255097162732 ], [ -73.399552418555999, -37.625656200317202 ], [ -73.3995859022735, -37.625807314353104 ], [ -73.399657905572099, -37.625945269794499 ], [ -73.399758262893997, -37.626230624609001 ], [ -73.399858916770299, -37.626437831760903 ], [ -73.399872864159406, -37.6265076329382 ], [ -73.399927172025201, -37.6265954607046 ], [ -73.400002301734602, -37.626620001473 ], [ -73.400080491094499, -37.626613173825099 ], [ -73.400138154188099, -37.626591484710701 ], [ -73.400183943001906, -37.626535079015198 ], [ -73.400219468018605, -37.626471241726499 ], [ -73.400244730545893, -37.6263999755067 ], [ -73.400259731632403, -37.626321278521097 ], [ -73.400259566422406, -37.6262353349465 ], [ -73.400253349557005, -37.626130083829203 ], [ -73.400252263347596, -37.626028547193997 ], [ -73.400267264390095, -37.625949850209203 ], [ -73.400266868944897, -37.625860008141998 ], [ -73.400278875585201, -37.625730635332303 ], [ -73.400337525107005, -37.625642493195201 ], [ -73.400447488809405, -37.625591502719701 ], [ -73.400554852385994, -37.625579677534702 ], [ -73.4006404749707, -37.625615545297002 ], [ -73.4006791584914, -37.625688330002902 ], [ -73.400689586608394, -37.625781704238698 ], [ -73.400700934644604, -37.6258906697648 ], [ -73.400750342580693, -37.625978681147203 ], [ -73.400816525425299, -37.6261012249537 ], [ -73.400890668233799, -37.626192218108002 ], [ -73.400957543532698, -37.626326456321003 ], [ -73.400976622645899, -37.626399972653203 ], [ -73.400988892589197, -37.62652453295 ], [ -73.400983566962594, -37.626766953683401 ], [ -73.4009991264641, -37.626864042292503 ], [ -73.401060178829198, -37.626982872369503 ], [ -73.401205179976202, -37.627192327940598 ], [ -73.401277813778606, -37.627424021691802 ], [ -73.401298672409396, -37.627610768990998 ], [ -73.401366866021803, -37.627850441896499 ], [ -73.401527034438203, -37.628067143385799 ], [ -73.401712465361896, -37.628212578122501 ], [ -73.401888387019198, -37.628280231596896 ], [ -73.402178883765004, -37.6283748566537 ], [ -73.402489677904995, -37.628480441614997 ], [ -73.402693104474906, -37.6285978541205 ], [ -73.4027759024452, -37.628668987806002 ], [ -73.402834886761994, -37.628752733052401 ], [ -73.402865384819705, -37.628853168986701 ], [ -73.402871375600199, -37.628954522110199 ], [ -73.402836311589297, -37.629026155305098 ], [ -73.4028030908445, -37.6291289744861 ], [ -73.402813752952, -37.629226246770799 ], [ -73.402871816076001, -37.629294398069099 ], [ -73.402953462956702, -37.629346040996502 ], [ -73.403058236027604, -37.629373377534598 ], [ -73.403242184075296, -37.6293274312984 ], [ -73.403521163788398, -37.629227142620898 ], [ -73.4037433996358, -37.629164136408001 ], [ -73.404235672177194, -37.629098844775697 ], [ -73.404586264248096, -37.629046663787399 ], [ -73.404922152939207, -37.628995032662097 ], [ -73.405167510803807, -37.628907718168797 ], [ -73.405333294037803, -37.6288038464387 ], [ -73.405470360585895, -37.628712768259298 ], [ -73.405542787469798, -37.628608482567003 ], [ -73.405597282478595, -37.628450171204399 ], [ -73.405591518673802, -37.628352716904203 ], [ -73.405570359437803, -37.628244118214099 ], [ -73.405529594796604, -37.628136252079599 ], [ -73.405521295173301, -37.6279959182976 ], [ -73.405570828183997, -37.627919835980997 ], [ -73.405661646752094, -37.627877370139203 ], [ -73.405738683720998, -37.627851047280402 ], [ -73.405812432885298, -37.627852194276699 ], [ -73.405898292114799, -37.627891957190698 ], [ -73.4060093478666, -37.627942497664598 ], [ -73.406110140506797, -37.6279856087654 ], [ -73.406203032888101, -37.627978225977898 ], [ -73.4063190487188, -37.627946537183199 ], [ -73.406474736303096, -37.6279211770686 ], [ -73.406160136567095, -37.627751282755398 ], [ -73.405743478204997, -37.6275168355047 ], [ -73.405439721227907, -37.627364114494704 ], [ -73.404882484195099, -37.6272443142594 ], [ -73.404228484439102, -37.627315656965699 ], [ -73.403797281772, -37.6274997761451 ], [ -73.403395023447203, -37.6276749973051 ], [ -73.402965658701703, -37.626976105647202 ], [ -73.402655143216094, -37.627124454207703 ], [ -73.402301482314499, -37.626625883832403 ], [ -73.401692008085107, -37.625871210952504 ], [ -73.401403622144201, -37.625479589044602 ], [ -73.401080471817096, -37.6250814504792 ], [ -73.400520560897206, -37.6254149191791 ], [ -73.400203237880504, -37.625032188687499 ], [ -73.399883088738505, -37.624684723077699 ], [ -73.401098619846906, -37.623975145185497 ], [ -73.401744055669198, -37.6246737819625 ], [ -73.402387367876301, -37.625419375714003 ], [ -73.402735032839104, -37.625816593033498 ], [ -73.403026546200806, -37.626094797918199 ], [ -73.403257006569106, -37.6262541741145 ], [ -73.403871542153297, -37.626512483976001 ], [ -73.404108074275001, -37.626359086820997 ], [ -73.404292182935194, -37.626399081853599 ], [ -73.404437897495797, -37.626288148775203 ], [ -73.404705956701306, -37.626418767966101 ], [ -73.405272087821999, -37.625858452063298 ], [ -73.405372416132394, -37.625893767985303 ], [ -73.405694140987407, -37.625561373573298 ], [ -73.405446374006502, -37.625607757311002 ], [ -73.405067459825901, -37.625637558267897 ], [ -73.404842007624893, -37.6256459922988 ], [ -73.404526031741, -37.625618742599997 ], [ -73.404336101565207, -37.625563337260203 ], [ -73.404019787169005, -37.625364199557602 ], [ -73.403905049590506, -37.625251285826799 ], [ -73.403646628817398, -37.625034354574098 ], [ -73.403499721031594, -37.624875762816103 ], [ -73.403277747126594, -37.624610586355402 ], [ -73.403132809330003, -37.624319087478803 ], [ -73.403001822430696, -37.624097389910801 ], [ -73.402778931376105, -37.623816620115598 ], [ -73.402458482313904, -37.623547309320003 ], [ -73.4020050831015, -37.623189204265401 ], [ -73.401607274275605, -37.622774324816596 ], [ -73.401172566859103, -37.622399890202097 ], [ -73.4008264096028, -37.622194045270298 ], [ -73.400593138281195, -37.622069929974799 ], [ -73.400226918617605, -37.6218570195674 ], [ -73.399936354038701, -37.621594398975503 ], [ -73.399586654706297, -37.6211620871916 ] ] ] } },
{ "type": "Feature", "properties": { "id": "monoparte.58", "Name": null, "description": null, "timestamp": null, "begin": null, "end": null, "altitudeMode": null, "tessellate": -1, "extrude": 0, "visibility": -1, "drawOrder": null, "icon": null, "REG": "Biobío", "COM": "Los Álamos", "LOC": "Los Álamos", "ZONA": "ZEB", "NOM": "Zona equipamiento deportivo", "UPERM": "Equipamiento: comercio, culto y cultura, deporte, esparcimiento.", "UPROH": "Todos los usos de suelo no mencionados como permitidos.", "P_DO": "12/03/2008", "N_DOC": "1705", "T_DO": "Resolución", "OBS": null }, "geometry": { "type": "Polygon", "coordinates": [ [ [ -73.401098619846906, -37.623975145185497 ], [ -73.399883088738505, -37.624684723077699 ], [ -73.400203237880504, -37.625032188687499 ], [ -73.400520560897206, -37.6254149191791 ], [ -73.401080471817096, -37.6250814504792 ], [ -73.401744055669198, -37.6246737819625 ], [ -73.401098619846906, -37.623975145185497 ] ] ] } },
{ "type": "Feature", "properties": { "id": "monoparte.59", "Name": null, "description": null, "timestamp": null, "begin": null, "end": null, "altitudeMode": null, "tessellate": -1, "extrude": 0, "visibility": -1, "drawOrder": null, "icon": null, "REG": "Biobío", "COM": "Los Álamos", "LOC": "Los Álamos", "ZONA": "ZBCD1", "NOM": "Zona equipamientos, actividades productivas e infraestructura 1", "UPERM": "Residencial: comercio, seguridad, servicios. Actividades productivas.", "UPROH": "Todos los usos de suelo no mencionados como permitidos.", "P_DO": "12/03/2008", "N_DOC": "1705", "T_DO": "Resolución", "OBS": null }, "geometry": { "type": "Polygon", "coordinates": [ [ [ -73.401744055669198, -37.6246737819625 ], [ -73.401080471817096, -37.6250814504792 ], [ -73.401403622144201, -37.625479589044602 ], [ -73.401692008085107, -37.625871210952504 ], [ -73.402301482314499, -37.626625883832403 ], [ -73.402655143216094, -37.627124454207703 ], [ -73.402965658701703, -37.626976105647202 ], [ -73.403871542153297, -37.626512483976001 ], [ -73.403257006569106, -37.6262541741145 ], [ -73.403026546200806, -37.626094797918199 ], [ -73.402735032839104, -37.625816593033498 ], [ -73.402387367876301, -37.625419375714003 ], [ -73.401744055669198, -37.6246737819625 ] ] ] } },
{ "type": "Feature", "properties": { "id": "monoparte.60", "Name": null, "description": null, "timestamp": null, "begin": null, "end": null, "altitudeMode": null, "tessellate": -1, "extrude": 0, "visibility": -1, "drawOrder": null, "icon": null, "REG": "Biobío", "COM": "Los Álamos", "LOC": "Los Álamos", "ZONA": "ZA2", "NOM": "Zona residencial mixta 2", "UPERM": "Residencial. Equipamiento: culto y cultura, deporte, educacion, salud, seguridad, servicios, social. Actividades productivas.", "UPROH": "Todos los usos de suelo no mencionados como permitidos.", "P_DO": "12/03/2008", "N_DOC": "1705", "T_DO": "Resolución", "OBS": null }, "geometry": { "type": "Polygon", "coordinates": [ [ [ -73.407475285231399, -37.637275679925303 ], [ -73.408058199269007, -37.636997963794698 ], [ -73.408669194595703, -37.636779749609602 ], [ -73.409242818586193, -37.636594185651099 ], [ -73.409675902977696, -37.636441229892903 ], [ -73.410294667743003, -37.636105513186301 ], [ -73.410842671344497, -37.635819323526 ], [ -73.411284218123399, -37.635560562070403 ], [ -73.411693348338801, -37.635252224270701 ], [ -73.412171729887405, -37.634869015704602 ], [ -73.412234399990695, -37.634683047519701 ], [ -73.412213742431007, -37.634500202549603 ], [ -73.412189336593897, -37.634337031593603 ], [ -73.412107781492097, -37.6341213074327 ], [ -73.412067695253896, -37.634025139748204 ], [ -73.411946414247396, -37.633885132961503 ], [ -73.411803216572295, -37.633706878223101 ], [ -73.411648139769895, -37.633493907360602 ], [ -73.411583138197102, -37.633308817386897 ], [ -73.411493451643906, -37.633038700981203 ], [ -73.411425396175105, -37.632884979214801 ], [ -73.411298807988004, -37.6326553140293 ], [ -73.411184792673097, -37.632472059015498 ], [ -73.411130520582205, -37.632302193297399 ], [ -73.411136861182896, -37.632243353222002 ], [ -73.411116384940598, -37.632146451443802 ], [ -73.411041068154304, -37.632035975661303 ], [ -73.410912988885499, -37.631947009816699 ], [ -73.410819914348494, -37.631868453871597 ], [ -73.410815297203698, -37.631790489768001 ], [ -73.410815120337404, -37.631704547888702 ], [ -73.410875606594004, -37.631647586729301 ], [ -73.410978076587099, -37.631635934216597 ], [ -73.411052753920401, -37.631652671356598 ], [ -73.411191326832594, -37.6317529642916 ], [ -73.411406886480705, -37.631908973709599 ], [ -73.411596322636001, -37.632038614571002 ], [ -73.411800182478999, -37.632245850832597 ], [ -73.411940552224095, -37.632459372601602 ], [ -73.411977581577403, -37.6325869088055 ], [ -73.412022515049003, -37.632764938125298 ], [ -73.412058747128, -37.633044869310602 ], [ -73.412138686359199, -37.633233307273997 ], [ -73.412261121263697, -37.6333928051247 ], [ -73.412448894175697, -37.633577201329103 ], [ -73.412620066167506, -37.633813008571899 ], [ -73.412752948435994, -37.634065876933498 ], [ -73.412866097783095, -37.634151493040299 ], [ -73.413050958446206, -37.633955086421203 ], [ -73.413403665451597, -37.633523840237203 ], [ -73.413734172518801, -37.633132493232097 ], [ -73.414094956994404, -37.632837680926301 ], [ -73.414564315809002, -37.632468474408 ], [ -73.414827064769199, -37.632177334364499 ], [ -73.415608780250295, -37.631276809994702 ], [ -73.414998426913996, -37.6309246436116 ], [ -73.414785636060799, -37.630815418377303 ], [ -73.414616314801293, -37.630610798748599 ], [ -73.414406035061404, -37.630212376838202 ], [ -73.414291736528995, -37.630107270700499 ], [ -73.414010330759496, -37.630000615177003 ], [ -73.413807346230399, -37.629891020472698 ], [ -73.413580600070901, -37.629711993158601 ], [ -73.413463531796396, -37.629560108676102 ], [ -73.413349799258697, -37.629298709952899 ], [ -73.413272405101196, -37.629153152476697 ], [ -73.4131870555848, -37.629039146981498 ], [ -73.413033549798996, -37.6289355097704 ], [ -73.412894003436193, -37.628901671188203 ], [ -73.412765647175306, -37.628890853763203 ], [ -73.412572829085505, -37.628952774559401 ], [ -73.412427636038302, -37.628989469876601 ], [ -73.412290401112699, -37.628994612023597 ], [ -73.412118214654797, -37.628907300029397 ], [ -73.411965173450895, -37.628811458119401 ], [ -73.411768197728605, -37.628803209586501 ], [ -73.411590827566101, -37.6287942280401 ], [ -73.411500296115804, -37.628758551515602 ], [ -73.411011392011503, -37.629046434535802 ], [ -73.410838745153995, -37.628951325515899 ], [ -73.410683681131204, -37.628738352504797 ], [ -73.4104150330229, -37.6287640419078 ], [ -73.410383833676505, -37.628651913225198 ], [ -73.410241004908201, -37.628645541224998 ], [ -73.410079272578898, -37.628983676569398 ], [ -73.409702586381499, -37.629673659126702 ], [ -73.409482902000605, -37.630111632772703 ], [ -73.409324396524894, -37.630504340994797 ], [ -73.409252785186297, -37.630788312362 ], [ -73.409198352630199, -37.630864578728399 ], [ -73.409094674686997, -37.630938783673599 ], [ -73.4088854721209, -37.631056006701399 ], [ -73.408683994761304, -37.631137779122497 ], [ -73.408343604319001, -37.631279447199901 ], [ -73.408035908176103, -37.631392542688403 ], [ -73.4078367358224, -37.631513295527697 ], [ -73.407369365945996, -37.631999604823001 ], [ -73.407235583480897, -37.632063214610099 ], [ -73.406971995857901, -37.632174655660897 ], [ -73.406395170485496, -37.632305632961298 ], [ -73.405925714727303, -37.632424775111502 ], [ -73.4057452314388, -37.631865042129 ], [ -73.404804818043601, -37.632244022449001 ], [ -73.404183927333705, -37.632460632438203 ], [ -73.404386966549495, -37.632488199436601 ], [ -73.4044523008033, -37.632513102628899 ], [ -73.404515269076498, -37.632581070424401 ], [ -73.404606034175799, -37.632620649751502 ], [ -73.404745352125502, -37.632650600478101 ], [ -73.404865297381903, -37.632685180996504 ], [ -73.405007903559095, -37.632687660606898 ], [ -73.405120640308795, -37.632683443268697 ], [ -73.405267917813106, -37.632681840726697 ], [ -73.405436186521499, -37.632702893387403 ], [ -73.405528334570604, -37.632765860949903 ], [ -73.405607854546005, -37.632864462853597 ], [ -73.405615232330803, -37.632989204517301 ], [ -73.405619152414303, -37.633055473782903 ], [ -73.405564945194897, -37.633135638139798 ], [ -73.405490669892401, -37.633208739105001 ], [ -73.405390272779201, -37.633255470400997 ], [ -73.405193687243695, -37.633337054042599 ], [ -73.405039601754595, -37.633389698803903 ], [ -73.404922132295496, -37.633480043600002 ], [ -73.404847856010093, -37.633553144217302 ], [ -73.404782863235397, -37.6337001267419 ], [ -73.404794220828293, -37.633809093072102 ], [ -73.404824031486896, -37.633897834600297 ], [ -73.404942302481899, -37.633987173200801 ], [ -73.405030012122793, -37.634058121322198 ], [ -73.405236053541401, -37.634136363814299 ], [ -73.405414299431698, -37.634242991815498 ], [ -73.405554255296295, -37.634366680436599 ], [ -73.405635159721797, -37.634488671171297 ], [ -73.405734689850703, -37.634676379980398 ], [ -73.405886005478706, -37.6349090342704 ], [ -73.406014545916904, -37.6350058007271 ], [ -73.406141932397404, -37.635083076599201 ], [ -73.406303631603393, -37.635159069244601 ], [ -73.406494510791504, -37.635230062612003 ], [ -73.406770335068302, -37.635325223564003 ], [ -73.406998986675703, -37.635453404201698 ], [ -73.407218990589797, -37.635601442545401 ], [ -73.407416850169398, -37.635707334121797 ], [ -73.407576936840499, -37.635756036629097 ], [ -73.407760609271307, -37.635788230413297 ], [ -73.407908124362606, -37.6357905216828 ], [ -73.4080297455031, -37.635770341430202 ], [ -73.408199922920303, -37.635740530026297 ], [ -73.408361681558304, -37.635734473337301 ], [ -73.408505679060795, -37.635760338025598 ], [ -73.408671359729993, -37.635820549918897 ], [ -73.408776549604696, -37.635937721957603 ], [ -73.408782549944206, -37.636039074151697 ], [ -73.408803024867893, -37.636135978212501 ], [ -73.408734058184706, -37.636298738068199 ], [ -73.408542546161101, -37.636466086910303 ], [ -73.408325140069394, -37.636610964203697 ], [ -73.408086970624296, -37.636737084811202 ], [ -73.407812180902397, -37.6368255067852 ], [ -73.407598344792405, -37.636864766080897 ], [ -73.407439122551594, -37.636913701127099 ], [ -73.407348469214099, -37.637042110965702 ], [ -73.407338839498607, -37.637128421778399 ], [ -73.407389184330498, -37.637232020455301 ], [ -73.407475285231399, -37.637275679925303 ] ] ] } },
{ "type": "Feature", "properties": { "id": "monoparte.61", "Name": null, "description": null, "timestamp": null, "begin": null, "end": null, "altitudeMode": null, "tessellate": -1, "extrude": 0, "visibility": -1, "drawOrder": null, "icon": null, "REG": "Biobío", "COM": "Los Álamos", "LOC": "Los Álamos", "ZONA": "ZB1", "NOM": "Zona equipamiento 1", "UPERM": "Residencial. Equipamiento: comercio, culto y cultura, deporte, educacion, esparcimiento, salud, seguridad, servicios, social. Actividades productivas.", "UPROH": "Todos los usos de suelo no mencionados como permitidos.", "P_DO": "12/03/2008", "N_DOC": "1705", "T_DO": "Resolución", "OBS": null }, "geometry": { "type": "Polygon", "coordinates": [ [ [ -73.407369365945996, -37.631999604823001 ], [ -73.4078367358224, -37.631513295527697 ], [ -73.408035908176103, -37.631392542688403 ], [ -73.408343604319001, -37.631279447199901 ], [ -73.408683994761304, -37.631137779122497 ], [ -73.4088854721209, -37.631056006701399 ], [ -73.409094674686997, -37.630938783673599 ], [ -73.409198352630199, -37.630864578728399 ], [ -73.409252785186297, -37.630788312362 ], [ -73.409324396524894, -37.630504340994797 ], [ -73.409482902000605, -37.630111632772703 ], [ -73.409702586381499, -37.629673659126702 ], [ -73.410079272578898, -37.628983676569398 ], [ -73.409577142175195, -37.628799326637697 ], [ -73.408655054795403, -37.628408011041401 ], [ -73.408367555348306, -37.628696156157602 ], [ -73.408130738034004, -37.628927708768998 ], [ -73.407987331545897, -37.629077629037099 ], [ -73.407818669795503, -37.629298815654401 ], [ -73.407538082039693, -37.629371827737799 ], [ -73.407377376484305, -37.629561461113397 ], [ -73.407330322590994, -37.629762469927599 ], [ -73.407245499781595, -37.629906288744799 ], [ -73.406873340651501, -37.629760038009799 ], [ -73.406024302088298, -37.630022310425304 ], [ -73.406389475828604, -37.6307978207373 ], [ -73.406845830797096, -37.630706514150397 ], [ -73.407401654155606, -37.630552880321197 ], [ -73.407622909565802, -37.6305563193268 ], [ -73.407299820061695, -37.630990346369401 ], [ -73.406857013676998, -37.631393692754301 ], [ -73.407369365945996, -37.631999604823001 ] ] ] } },
{ "type": "Feature", "properties": { "id": "monoparte.62", "Name": null, "description": null, "timestamp": null, "begin": null, "end": null, "altitudeMode": null, "tessellate": -1, "extrude": 0, "visibility": -1, "drawOrder": null, "icon": null, "REG": "Biobío", "COM": "Los Álamos", "LOC": "Los Álamos", "ZONA": "ZE", "NOM": "Area verde", "UPERM": "Area verde.", "UPROH": "Todos los usos de suelo no mencionados como permitidos.", "P_DO": "12/03/2008", "N_DOC": "1705", "T_DO": "Resolución", "OBS": null }, "geometry": { "type": "Polygon", "coordinates": [ [ [ -73.407622909565802, -37.6305563193268 ], [ -73.407401654155606, -37.630552880321197 ], [ -73.406845830797096, -37.630706514150397 ], [ -73.406389475828604, -37.6307978207373 ], [ -73.406857013676998, -37.631393692754301 ], [ -73.407299820061695, -37.630990346369401 ], [ -73.407622909565802, -37.6305563193268 ] ] ] } },
{ "type": "Feature", "properties": { "id": "monoparte.63", "Name": null, "description": null, "timestamp": null, "begin": null, "end": null, "altitudeMode": null, "tessellate": -1, "extrude": 0, "visibility": -1, "drawOrder": null, "icon": null, "REG": "Biobío", "COM": "Los Álamos", "LOC": "Los Álamos", "ZONA": "ZA1C", "NOM": "Zona residencial mixta 1 condicionada", "UPERM": "Residencial. Equipamiento: comercio, culto y cultura, deporte, educacion, salud, servicios, social. Actividades productivas.", "UPROH": "Todos los usos de suelo no mencionados como permitidos.", "P_DO": "12/03/2008", "N_DOC": "1705", "T_DO": "Resolución", "OBS": null }, "geometry": { "type": "Polygon", "coordinates": [ [ [ -73.411575290228299, -37.620236973097299 ], [ -73.4123206698834, -37.620382901201502 ], [ -73.413193536432004, -37.620608042085699 ], [ -73.413912635226197, -37.6208076875552 ], [ -73.414507603049699, -37.620984632127303 ], [ -73.414584449410299, -37.620872361485802 ], [ -73.4148468002454, -37.620409339329697 ], [ -73.415091001865306, -37.619474274288898 ], [ -73.415065810618898, -37.618883340005901 ], [ -73.4150372216383, -37.618317926350301 ], [ -73.414876109166499, -37.6173394532562 ], [ -73.414811553311296, -37.616830084084498 ], [ -73.4146420090931, -37.616289488463998 ], [ -73.414374461386302, -37.615752565956399 ], [ -73.414105941107394, -37.615282094989603 ], [ -73.412712933747599, -37.615892968343701 ], [ -73.411400374835495, -37.616203894891299 ], [ -73.411372709334501, -37.616400270805102 ], [ -73.411267448820098, -37.6167792671746 ], [ -73.411239034482307, -37.617045994068903 ], [ -73.411224685474906, -37.617218430485003 ], [ -73.411177701634202, -37.6173373937294 ], [ -73.411131180324702, -37.6174641537959 ], [ -73.411009940802202, -37.617656222085799 ], [ -73.410935346018704, -37.617889516643899 ], [ -73.410902952443905, -37.618172019038802 ], [ -73.410935422834996, -37.618471626537001 ], [ -73.410994525981295, -37.618723355129099 ], [ -73.411063201913294, -37.618970817144898 ], [ -73.411134987194501, -37.619104867208499 ], [ -73.411213805460406, -37.619191770623502 ], [ -73.411326466187006, -37.619269593969598 ], [ -73.411511482887306, -37.619325172329198 ], [ -73.411683236952797, -37.619322644620901 ], [ -73.411892580199293, -37.6192913625313 ], [ -73.411974045327696, -37.619257055789703 ], [ -73.412083990964703, -37.6192060554866 ], [ -73.412152653247304, -37.6191214398414 ], [ -73.412196351028598, -37.619029946196598 ], [ -73.412229092650406, -37.618919329417203 ], [ -73.412268350933005, -37.618835816234302 ], [ -73.412595414761896, -37.618636035013601 ], [ -73.412681779849706, -37.618601545112902 ], [ -73.412751541928998, -37.618618464776901 ], [ -73.412784639021694, -37.618679733395702 ], [ -73.412773630787598, -37.618742654625798 ], [ -73.412703353635195, -37.618799983368703 ], [ -73.412575652977907, -37.618882904305401 ], [ -73.412487157652905, -37.618964355295702 ], [ -73.412419188387901, -37.619060665495603 ], [ -73.412327815525003, -37.6192594284528 ], [ -73.4122518914794, -37.6193872905314 ], [ -73.412084930666794, -37.6195537251254 ], [ -73.412000357904205, -37.619701444668898 ], [ -73.411894281231895, -37.6199007581831 ], [ -73.411812071092996, -37.620005414824298 ], [ -73.411680851140801, -37.6201119073732 ], [ -73.411575290228299, -37.620236973097299 ] ] ] } },
{ "type": "Feature", "properties": { "id": "monoparte.64", "Name": null, "description": null, "timestamp": null, "begin": null, "end": null, "altitudeMode": null, "tessellate": -1, "extrude": 0, "visibility": -1, "drawOrder": null, "icon": null, "REG": "Biobío", "COM": "Los Álamos", "LOC": "Los Álamos", "ZONA": "ZE", "NOM": "Area verde", "UPERM": "Area verde.", "UPROH": "Todos los usos de suelo no mencionados como permitidos.", "P_DO": "12/03/2008", "N_DOC": "1705", "T_DO": "Resolución", "OBS": null }, "geometry": { "type": "Polygon", "coordinates": [ [ [ -73.415091001865306, -37.619474274288898 ], [ -73.4148468002454, -37.620409339329697 ], [ -73.414584449410299, -37.620872361485802 ], [ -73.414507603049699, -37.620984632127303 ], [ -73.415251609403498, -37.6211071520652 ], [ -73.415493265366507, -37.621289524867301 ], [ -73.415363782112493, -37.6208450984672 ], [ -73.415259599547895, -37.620247359103097 ], [ -73.415091001865306, -37.619474274288898 ] ] ] } },
{ "type": "Feature", "properties": { "id": "monoparte.65", "Name": null, "description": null, "timestamp": null, "begin": null, "end": null, "altitudeMode": null, "tessellate": -1, "extrude": 0, "visibility": -1, "drawOrder": null, "icon": null, "REG": "Biobío", "COM": "Los Álamos", "LOC": "Los Álamos", "ZONA": "ZA1", "NOM": "Zona residencial mixta 1", "UPERM": "Residencial. Equipamiento: comercio, culto y cultura, deporte, educacion, salud, servicios, social. Actividades productivas.", "UPROH": "Todos los usos de suelo no mencionados como permitidos.", "P_DO": "12/03/2008", "N_DOC": "1705", "T_DO": "Resolución", "OBS": null }, "geometry": { "type": "Polygon", "coordinates": [ [ [ -73.407369365945996, -37.631999604823001 ], [ -73.406857013676998, -37.631393692754301 ], [ -73.406389475828604, -37.6307978207373 ], [ -73.406024302088298, -37.630022310425304 ], [ -73.406873340651501, -37.629760038009799 ], [ -73.407245499781595, -37.629906288744799 ], [ -73.407330322590994, -37.629762469927599 ], [ -73.407377376484305, -37.629561461113397 ], [ -73.407538082039693, -37.629371827737799 ], [ -73.407818669795503, -37.629298815654401 ], [ -73.407987331545897, -37.629077629037099 ], [ -73.408130738034004, -37.628927708768998 ], [ -73.408367555348306, -37.628696156157602 ], [ -73.408655054795403, -37.628408011041401 ], [ -73.409577142175195, -37.628799326637697 ], [ -73.410079272578898, -37.628983676569398 ], [ -73.410241004908201, -37.628645541224998 ], [ -73.410383833676505, -37.628651913225198 ], [ -73.4104150330229, -37.6287640419078 ], [ -73.410683681131204, -37.628738352504797 ], [ -73.410838745153995, -37.628951325515899 ], [ -73.411011392011503, -37.629046434535802 ], [ -73.411500296115804, -37.628758551515602 ], [ -73.411455082841101, -37.628658668484498 ], [ -73.411441125189199, -37.628588868467503 ], [ -73.411495323029499, -37.628508702863002 ], [ -73.411631634850707, -37.628487968842201 ], [ -73.411700253042994, -37.628485398158602 ], [ -73.411829994956804, -37.628519605522001 ], [ -73.411873361532898, -37.628588302770197 ], [ -73.411973234421595, -37.628615815765798 ], [ -73.412101590174501, -37.6286266340936 ], [ -73.412248167059104, -37.628613328902397 ], [ -73.412364411555203, -37.628585531768898 ], [ -73.412529669960804, -37.6285558988342 ], [ -73.412665981512603, -37.628535164525402 ], [ -73.412871834722793, -37.628527449686402 ], [ -73.413100525368506, -37.628573574992203 ], [ -73.413251258945607, -37.628630433827801 ], [ -73.413413642643604, -37.628718111533999 ], [ -73.4135297854274, -37.628854403399899 ], [ -73.413614673271894, -37.628960612693703 ], [ -73.413797486761695, -37.629227236031497 ], [ -73.413932311448505, -37.629347198920897 ], [ -73.414036805969005, -37.629452672052203 ], [ -73.414159057240695, -37.629526226479697 ], [ -73.414299990195403, -37.629583452170699 ], [ -73.414613575981704, -37.629735781009401 ], [ -73.414794645077293, -37.629807128799101 ], [ -73.414975252356498, -37.629870679468901 ], [ -73.415318806826406, -37.629865612473402 ], [ -73.415542882139803, -37.629833769881103 ], [ -73.415668468093301, -37.629797805031899 ], [ -73.415799696526093, -37.629691308379101 ], [ -73.415881912439403, -37.629586649563102 ], [ -73.415885705990604, -37.629484929750397 ], [ -73.415889038551597, -37.629375414882396 ], [ -73.415841508135699, -37.629236552586597 ], [ -73.415755692598793, -37.629114753299298 ], [ -73.415689020593106, -37.628984422854103 ], [ -73.415631688809398, -37.628845928885497 ], [ -73.415592576012003, -37.628683309290899 ], [ -73.415556795492606, -37.628411175711001 ], [ -73.415585376592901, -37.628230392196102 ], [ -73.415635507124193, -37.627915970082398 ], [ -73.415685079401101, -37.627757839166698 ], [ -73.415722536539704, -37.627561094505502 ], [ -73.415744647055106, -37.627271163673697 ], [ -73.415744281711, -37.6270992778989 ], [ -73.415662264457794, -37.626875760251103 ], [ -73.415543810837093, -37.626700489124197 ], [ -73.415377269580901, -37.626542648287099 ], [ -73.415142577414699, -37.626395175608202 ], [ -73.4148290065841, -37.626242847258801 ], [ -73.414545766235605, -37.626105007526299 ], [ -73.414402068078701, -37.626001004320102 ], [ -73.414266324157694, -37.625865447967101 ], [ -73.414190317194297, -37.625743278765803 ], [ -73.414128834777898, -37.625534616632798 ], [ -73.414063554049903, -37.625427673574599 ], [ -73.413951111783902, -37.625353752992901 ], [ -73.413691176035201, -37.625277546259603 ], [ -73.413551637610794, -37.6252437079876 ], [ -73.413488668492803, -37.625175746000501 ], [ -73.413420618904595, -37.625022024110599 ], [ -73.413005673050193, -37.625023900588801 ], [ -73.413848236208807, -37.6241562696665 ], [ -73.414507217034696, -37.623506481790599 ], [ -73.415111071287797, -37.622921266824001 ], [ -73.416010548162802, -37.622020232915602 ], [ -73.416170468885099, -37.622107998581498 ], [ -73.416380596072301, -37.622338433892502 ], [ -73.416854486078506, -37.622875424967603 ], [ -73.417460150633005, -37.6235637430092 ], [ -73.417744679205796, -37.623889052477502 ], [ -73.417989723545105, -37.624086919975703 ], [ -73.419906618177095, -37.623280514516097 ], [ -73.421040374494794, -37.623638402290197 ], [ -73.421107222600995, -37.623440553772703 ], [ -73.421204486352195, -37.623093104724298 ], [ -73.421276133628794, -37.622645041733101 ], [ -73.421306257870597, -37.622159468778399 ], [ -73.421295789879395, -37.621651980990201 ], [ -73.4212506561596, -37.621388013845902 ], [ -73.421065527299305, -37.621082421143598 ], [ -73.420882250383698, -37.620808013318197 ], [ -73.4205906962016, -37.6205298554815 ], [ -73.420247362336895, -37.620206758248898 ], [ -73.419917071920693, -37.619937866653501 ], [ -73.419487844884799, -37.619657059547002 ], [ -73.419050669634203, -37.619407802882002 ], [ -73.418566802522903, -37.619199364363901 ], [ -73.418125840304398, -37.619051822825199 ], [ -73.4178365215664, -37.618976728018602 ], [ -73.417217196013397, -37.618968704339899 ], [ -73.417531868061602, -37.6179802034791 ], [ -73.417832016103105, -37.617078196934202 ], [ -73.418006406076003, -37.616540331962497 ], [ -73.418225174720902, -37.615922664969098 ], [ -73.418335946268201, -37.615637220832198 ], [ -73.418678235227901, -37.615280581915002 ], [ -73.419117417542097, -37.614818728887101 ], [ -73.4191148281583, -37.614443775132003 ], [ -73.419146726663499, -37.614153475664601 ], [ -73.419088108280107, -37.613827504575703 ], [ -73.419066843977802, -37.613468877988197 ], [ -73.419258416434502, -37.613055383130401 ], [ -73.419280513241006, -37.612765451416799 ], [ -73.419276999590394, -37.612374904926902 ], [ -73.419216997190702, -37.612025545144299 ], [ -73.4191458090407, -37.611653165286498 ], [ -73.419022751977906, -37.6113999337731 ], [ -73.418859109121897, -37.6111247842165 ], [ -73.418696855275698, -37.610873023818897 ], [ -73.418465539314596, -37.610616040836597 ], [ -73.418304212251797, -37.6103798715477 ], [ -73.418155091709096, -37.610018226755699 ], [ -73.417972413086005, -37.609587518597998 ], [ -73.417798055022502, -37.609297142762799 ], [ -73.417606045463799, -37.608874598059202 ], [ -73.417445186255804, -37.608646223994398 ], [ -73.417231535189003, -37.608521405462497 ], [ -73.416998746874597, -37.6084051183635 ], [ -73.416660932975802, -37.608339651427002 ], [ -73.416414551959505, -37.608325449628602 ], [ -73.416130356652801, -37.608336104913597 ], [ -73.415842365789999, -37.608448479520099 ], [ -73.415562326214598, -37.608529301427197 ], [ -73.415287930436193, -37.608539588206902 ], [ -73.415033134500803, -37.608549138736699 ], [ -73.414672950757804, -37.608437623238899 ], [ -73.414231138486798, -37.608274469545201 ], [ -73.413977370195099, -37.608135521919202 ], [ -73.413561729221897, -37.607916690182599 ], [ -73.413237057630198, -37.607741329695401 ], [ -73.413111151681406, -37.607605402299903 ], [ -73.413090275392506, -37.607418659019899 ], [ -73.413012908696302, -37.607273098628497 ], [ -73.412901649244503, -37.607218665508299 ], [ -73.412813221319396, -37.607218071512001 ], [ -73.412584081622995, -37.607246189874097 ], [ -73.412425385108605, -37.607302923667802 ], [ -73.412280464979801, -37.607343513738599 ], [ -73.411943297861399, -37.607371772415398 ], [ -73.411554822129105, -37.607362881994902 ], [ -73.411179201750599, -37.607322254853898 ], [ -73.410860996071506, -37.607256035655297 ], [ -73.410469579574595, -37.607114421671 ], [ -73.410143073241997, -37.606907867045898 ], [ -73.409862338994401, -37.606644902128899 ], [ -73.409715113534304, -37.6063144291927 ], [ -73.4097189175708, -37.606212709739097 ], [ -73.409739669992206, -37.605899388407302 ], [ -73.409730906784901, -37.605751258030203 ], [ -73.409568234976007, -37.605491686180997 ], [ -73.409137748686902, -37.605187443259901 ], [ -73.408786927878893, -37.605067744327002 ], [ -73.408508853004193, -37.605015643733999 ], [ -73.408290498232205, -37.604976933905299 ], [ -73.408148234740494, -37.604896308644904 ], [ -73.408338281052806, -37.605203693987299 ], [ -73.408682294756005, -37.605706516628103 ], [ -73.408965498442598, -37.606094409931202 ], [ -73.409270381042305, -37.606516651978403 ], [ -73.410017468435001, -37.607523984767198 ], [ -73.4108829865351, -37.608706589367998 ], [ -73.411477175438094, -37.609536018220503 ], [ -73.412138771189603, -37.610425427337901 ], [ -73.412386097326007, -37.610787307582299 ], [ -73.412982167518194, -37.611647911287797 ], [ -73.413505495004003, -37.612440915503299 ], [ -73.4140230102239, -37.613218508374899 ], [ -73.414414385968598, -37.613856273812203 ], [ -73.414896745404207, -37.614537508449402 ], [ -73.415314538459995, -37.615123492667301 ], [ -73.415742448954106, -37.6159630377485 ], [ -73.4146420090931, -37.616289488463998 ], [ -73.414811553311296, -37.616830084084498 ], [ -73.414876109166499, -37.6173394532562 ], [ -73.4150372216383, -37.618317926350301 ], [ -73.415065810618898, -37.618883340005901 ], [ -73.415091001865306, -37.619474274288898 ], [ -73.415259599547895, -37.620247359103097 ], [ -73.415363782112493, -37.6208450984672 ], [ -73.415493265366507, -37.621289524867301 ], [ -73.415251609403498, -37.6211071520652 ], [ -73.414507603049699, -37.620984632127303 ], [ -73.413912635226197, -37.6208076875552 ], [ -73.413193536432004, -37.620608042085699 ], [ -73.4123206698834, -37.620382901201502 ], [ -73.411575290228299, -37.620236973097299 ], [ -73.411498901258796, -37.620357037993998 ], [ -73.411462180199393, -37.620483431087301 ], [ -73.411472565941196, -37.620658848029997 ], [ -73.411546660640496, -37.620831877549598 ], [ -73.411601900174901, -37.620935292209303 ], [ -73.411691444417201, -37.6210374217452 ], [ -73.411789407379999, -37.6211157942477 ], [ -73.411932630454402, -37.621212005569298 ], [ -73.412042241733104, -37.621321196290602 ], [ -73.412089526697301, -37.621456162631098 ], [ -73.412086881408698, -37.621577373072199 ], [ -73.412051083137399, -37.6217193582711 ], [ -73.411990088596497, -37.621850567083399 ], [ -73.411999553870899, -37.622010390996401 ], [ -73.412026775114896, -37.622138295760799 ], [ -73.4120215369786, -37.622298671422399 ], [ -73.411993462162698, -37.622405206246498 ], [ -73.412011236740497, -37.622705363768603 ], [ -73.412009000674402, -37.622916414471 ], [ -73.411990675800894, -37.623104627261803 ], [ -73.412038423802002, -37.623247389488299 ], [ -73.412102775012002, -37.6233387421277 ], [ -73.412216828379997, -37.623439952001497 ], [ -73.412394363518004, -37.623534877053501 ], [ -73.412637920252095, -37.623666396071499 ], [ -73.412346086939607, -37.624212561697199 ], [ -73.411703011106894, -37.624053035475399 ], [ -73.411624772413504, -37.624141915884699 ], [ -73.411388194363496, -37.624045295248898 ], [ -73.411156016569805, -37.6243548149207 ], [ -73.410891131766505, -37.624360829553503 ], [ -73.410803374607397, -37.624371930675302 ], [ -73.410720234247506, -37.624460994105597 ], [ -73.410626082117503, -37.624612978684901 ], [ -73.410555798085198, -37.6246703065571 ], [ -73.410271824418601, -37.624602805626601 ], [ -73.410198649846194, -37.624445367428102 ], [ -73.410156266025794, -37.624310216768798 ], [ -73.4099908405165, -37.624253902931201 ], [ -73.409897371541106, -37.624085503252999 ], [ -73.409474676434101, -37.624163840863602 ], [ -73.409495147386096, -37.624260744191503 ], [ -73.409221788594095, -37.624372556345101 ], [ -73.409125501573001, -37.624571501107802 ], [ -73.408974379307196, -37.624756871384399 ], [ -73.408810686393906, -37.6248958316203 ], [ -73.408519970347498, -37.625129402590701 ], [ -73.408365212121694, -37.625170357002403 ], [ -73.408101188607802, -37.625274003935701 ], [ -73.407956462217697, -37.625318489390402 ], [ -73.407537505711701, -37.625377144875003 ], [ -73.407439484704099, -37.6253808134989 ], [ -73.407273538646194, -37.625398744513198 ], [ -73.407125584024698, -37.625388654198098 ], [ -73.406937267125201, -37.625360540526003 ], [ -73.4067304986403, -37.625352651539202 ], [ -73.406432684461905, -37.625383329125498 ], [ -73.406156693740101, -37.625409283240501 ], [ -73.405974516487802, -37.625443447164997 ], [ -73.405801764949999, -37.6255124192434 ], [ -73.405694140987407, -37.625561373573298 ], [ -73.405372416132394, -37.625893767985303 ], [ -73.405272087821999, -37.625858452063298 ], [ -73.404705956701306, -37.626418767966101 ], [ -73.404437897495797, -37.626288148775203 ], [ -73.404292182935194, -37.626399081853599 ], [ -73.404108074275001, -37.626359086820997 ], [ -73.403871542153297, -37.626512483976001 ], [ -73.402965658701703, -37.626976105647202 ], [ -73.403395023447203, -37.6276749973051 ], [ -73.403797281772, -37.6274997761451 ], [ -73.404228484439102, -37.627315656965699 ], [ -73.404882484195099, -37.6272443142594 ], [ -73.405439721227907, -37.627364114494704 ], [ -73.405743478204997, -37.6275168355047 ], [ -73.406160136567095, -37.627751282755398 ], [ -73.406474736303096, -37.6279211770686 ], [ -73.406526055085905, -37.627958324895602 ], [ -73.406453860848401, -37.628066510429299 ], [ -73.406360159248507, -37.628226288289603 ], [ -73.406341646404499, -37.628328558001499 ], [ -73.406404093108407, -37.6284707726644 ], [ -73.406414759661004, -37.628568043441398 ], [ -73.4063574991888, -37.6286795763084 ], [ -73.406229776030202, -37.6287624917234 ], [ -73.406146164334302, -37.628843756511202 ], [ -73.406116407120194, -37.629005049589402 ], [ -73.406100142480597, -37.629228344869802 ], [ -73.406065773376994, -37.629311674207599 ], [ -73.405959728674802, -37.629428939295501 ], [ -73.405890589393906, -37.629505754447599 ], [ -73.405753752631398, -37.6296007316258 ], [ -73.405513986733595, -37.629699557634297 ], [ -73.405267934059495, -37.629775178540903 ], [ -73.405151223282004, -37.629795172014397 ], [ -73.405000602944199, -37.629906290513198 ], [ -73.404902744345705, -37.629995899781299 ], [ -73.404802581492305, -37.630046528806602 ], [ -73.404703401362397, -37.6300307041259 ], [ -73.4044896433535, -37.629987911873201 ], [ -73.404270231960098, -37.630015651026 ], [ -73.404082533791595, -37.630081274590196 ], [ -73.403808684100696, -37.630185278999797 ], [ -73.404004436178099, -37.6305881717932 ], [ -73.403744365902099, -37.630676034213202 ], [ -73.403845269476406, -37.630887136089697 ], [ -73.403708719710494, -37.6309039621217 ], [ -73.403594310186804, -37.630962936212498 ], [ -73.403425693193, -37.631102072703598 ], [ -73.403243291873494, -37.631257352752499 ], [ -73.403157766970196, -37.631389474728202 ], [ -73.403085210511193, -37.6316578508156 ], [ -73.403574380130607, -37.631705974090899 ], [ -73.403587625123293, -37.632096159595903 ], [ -73.4036348431882, -37.632313174492502 ], [ -73.403741341367905, -37.632535786626804 ], [ -73.403815955740399, -37.632634573272099 ], [ -73.404183927333705, -37.632460632438203 ], [ -73.404804818043601, -37.632244022449001 ], [ -73.4057452314388, -37.631865042129 ], [ -73.405925714727303, -37.632424775111502 ], [ -73.406395170485496, -37.632305632961298 ], [ -73.406971995857901, -37.632174655660897 ], [ -73.407235583480897, -37.632063214610099 ], [ -73.407369365945996, -37.631999604823001 ] ], [ [ -73.408403456188296, -37.626895731519703 ], [ -73.4090579212629, -37.627496316718499 ], [ -73.408096363952595, -37.6281808433069 ], [ -73.407174810846399, -37.627715266461102 ], [ -73.408403456188296, -37.626895731519703 ] ], [ [ -73.4160312472968, -37.610724919266403 ], [ -73.416235231644393, -37.612178411766202 ], [ -73.414137955768595, -37.612257034577198 ], [ -73.413855402206394, -37.6111346531358 ], [ -73.413755657697394, -37.610943051595498 ], [ -73.414740860191202, -37.610827990418997 ], [ -73.4160312472968, -37.610724919266403 ] ] ] } },
{ "type": "Feature", "properties": { "id": "monoparte.66", "Name": null, "description": null, "timestamp": null, "begin": null, "end": null, "altitudeMode": null, "tessellate": -1, "extrude": 0, "visibility": -1, "drawOrder": null, "icon": null, "REG": "Biobío", "COM": "Los Álamos", "LOC": "Los Álamos", "ZONA": "ZEB", "NOM": "Zona equipamiento deportivo", "UPERM": "Equipamiento: comercio, culto y cultura, deporte, esparcimiento.", "UPROH": "Todos los usos de suelo no mencionados como permitidos.", "P_DO": "12/03/2008", "N_DOC": "1705", "T_DO": "Resolución", "OBS": null }, "geometry": { "type": "Polygon", "coordinates": [ [ [ -73.408403456188296, -37.626895731519703 ], [ -73.407174810846399, -37.627715266461102 ], [ -73.408096363952595, -37.6281808433069 ], [ -73.4090579212629, -37.627496316718499 ], [ -73.408403456188296, -37.626895731519703 ] ] ] } },
{ "type": "Feature", "properties": { "id": "monoparte.67", "Name": null, "description": null, "timestamp": null, "begin": null, "end": null, "altitudeMode": null, "tessellate": -1, "extrude": 0, "visibility": -1, "drawOrder": null, "icon": null, "REG": "Biobío", "COM": "Los Álamos", "LOC": "Los Álamos", "ZONA": "ZEB", "NOM": "Zona equipamiento deportivo", "UPERM": "Equipamiento: comercio, culto y cultura, deporte, esparcimiento.", "UPROH": "Todos los usos de suelo no mencionados como permitidos.", "P_DO": "12/03/2008", "N_DOC": "1705", "T_DO": "Resolución", "OBS": null }, "geometry": { "type": "Polygon", "coordinates": [ [ [ -73.4160312472968, -37.610724919266403 ], [ -73.414740860191202, -37.610827990418997 ], [ -73.413755657697394, -37.610943051595498 ], [ -73.413855402206394, -37.6111346531358 ], [ -73.414137955768595, -37.612257034577198 ], [ -73.416235231644393, -37.612178411766202 ], [ -73.4160312472968, -37.610724919266403 ] ] ] } },
{ "type": "Feature", "properties": { "id": "monoparte.68", "Name": null, "description": null, "timestamp": null, "begin": null, "end": null, "altitudeMode": null, "tessellate": -1, "extrude": 0, "visibility": -1, "drawOrder": null, "icon": null, "REG": "Biobío", "COM": "Los Álamos", "LOC": "Los Álamos", "ZONA": "ZB1", "NOM": "Zona equipamiento 1", "UPERM": "Residencial. Equipamiento: comercio, culto y cultura, deporte, educacion, esparcimiento, salud, seguridad, servicios, social. Actividades productivas.", "UPROH": "Todos los usos de suelo no mencionados como permitidos.", "P_DO": "12/03/2008", "N_DOC": "1705", "T_DO": "Resolución", "OBS": null }, "geometry": { "type": "Polygon", "coordinates": [ [ [ -73.415742448954106, -37.6159630377485 ], [ -73.415314538459995, -37.615123492667301 ], [ -73.414896745404207, -37.614537508449402 ], [ -73.414414385968598, -37.613856273812203 ], [ -73.4140230102239, -37.613218508374899 ], [ -73.413505495004003, -37.612440915503299 ], [ -73.412982167518194, -37.611647911287797 ], [ -73.412386097326007, -37.610787307582299 ], [ -73.412138771189603, -37.610425427337901 ], [ -73.411477175438094, -37.609536018220503 ], [ -73.4108829865351, -37.608706589367998 ], [ -73.410017468435001, -37.607523984767198 ], [ -73.409270381042305, -37.606516651978403 ], [ -73.408965498442598, -37.606094409931202 ], [ -73.407933703741804, -37.606500268711102 ], [ -73.407643007768698, -37.606151720486999 ], [ -73.407114831209398, -37.605440911927701 ], [ -73.406773594065996, -37.604984861972497 ], [ -73.406478994265498, -37.604570042349899 ], [ -73.406322125887996, -37.604366896821098 ], [ -73.405956596069103, -37.604579817019598 ], [ -73.405752755303197, -37.604786690042701 ], [ -73.406309560988504, -37.605566756442698 ], [ -73.406757950081001, -37.6062571141726 ], [ -73.407062881124403, -37.606597316974799 ], [ -73.407021137241003, -37.606887982806299 ], [ -73.407643455476205, -37.6077788890763 ], [ -73.408498910853694, -37.608957982546897 ], [ -73.408859720603999, -37.609495336460803 ], [ -73.409327819271297, -37.610102900865101 ], [ -73.409640069584995, -37.610358826125598 ], [ -73.409795375185098, -37.610493656505298 ], [ -73.409938921030005, -37.610761758851197 ], [ -73.410274559642303, -37.611288329079599 ], [ -73.410773696749402, -37.611922073456803 ], [ -73.411102599747693, -37.6124176392793 ], [ -73.411373451097205, -37.612845056361301 ], [ -73.411540653173901, -37.613346677264097 ], [ -73.411737722191702, -37.613854993227399 ], [ -73.411909192612299, -37.614262689920302 ], [ -73.412125622526403, -37.614434296080397 ], [ -73.412260877070494, -37.614562058925699 ], [ -73.412401210788403, -37.614775582570701 ], [ -73.412712933747599, -37.615892968343701 ], [ -73.414105941107394, -37.615282094989603 ], [ -73.414374461386302, -37.615752565956399 ], [ -73.4146420090931, -37.616289488463998 ], [ -73.415742448954106, -37.6159630377485 ] ] ] } },
{ "type": "Feature", "properties": { "id": "monoparte.69", "Name": null, "description": null, "timestamp": null, "begin": null, "end": null, "altitudeMode": null, "tessellate": -1, "extrude": 0, "visibility": -1, "drawOrder": null, "icon": null, "REG": "Biobío", "COM": "Los Álamos", "LOC": "Los Álamos", "ZONA": "ZA2C", "NOM": "Zona residencial mixta 2 condicionada", "UPERM": "Residencial. Equipamiento: culto y cultura, deporte, educacion, salud, seguridad, servicios, social. Actividades productivas.", "UPROH": "Todos los usos de suelo no mencionados como permitidos.", "P_DO": "12/03/2008", "N_DOC": "1705", "T_DO": "Resolución", "OBS": null }, "geometry": { "type": "Polygon", "coordinates": [ [ [ -73.405615752631405, -37.6050027813166 ], [ -73.405752755303197, -37.604786690042701 ], [ -73.405956596069103, -37.604579817019598 ], [ -73.406322125887996, -37.604366896821098 ], [ -73.406078107577997, -37.604018551594898 ], [ -73.405886976972297, -37.603775665316498 ], [ -73.405631918165199, -37.603531263664699 ], [ -73.405437962227396, -37.603323643385401 ], [ -73.405274032935395, -37.603208662771301 ], [ -73.405097709632201, -37.603133214567599 ], [ -73.404844371896004, -37.6030840869659 ], [ -73.404537829831298, -37.6030486687321 ], [ -73.404183674050699, -37.603038469893399 ], [ -73.4037261656227, -37.603024320808302 ], [ -73.403670887527397, -37.603002946721702 ], [ -73.404331021493604, -37.602872781157899 ], [ -73.404737293165397, -37.602767732154902 ], [ -73.4049897709113, -37.602719222051597 ], [ -73.405394366387696, -37.6026689291972 ], [ -73.405584760589505, -37.602650087667698 ], [ -73.405688175420394, -37.602571990248897 ], [ -73.405803356913395, -37.602360621382203 ], [ -73.405750507714998, -37.602214139473702 ], [ -73.405655299732899, -37.601932503566701 ], [ -73.4056225721244, -37.601711038706398 ], [ -73.405478851739602, -37.601106952699404 ], [ -73.405339739091204, -37.600580828765899 ], [ -73.4052068490697, -37.600159956205999 ], [ -73.405061921000893, -37.599618422727502 ], [ -73.405577343920399, -37.599532730000398 ], [ -73.406317154499405, -37.5995050583021 ], [ -73.406574827057398, -37.599046134893598 ], [ -73.406779172946599, -37.598765014376497 ], [ -73.407078801244097, -37.5983514018316 ], [ -73.407247343889395, -37.598212264612698 ], [ -73.407213772085896, -37.598807356299801 ], [ -73.407153325078895, -37.599778506357602 ], [ -73.407128568502003, -37.600439683311301 ], [ -73.406936046580995, -37.600505489198902 ], [ -73.406853384770002, -37.600602344847402 ], [ -73.406855397676296, -37.600719473274701 ], [ -73.406894302065595, -37.600796154156498 ], [ -73.406944155914005, -37.600891959015897 ], [ -73.406950377735299, -37.600997210490803 ], [ -73.406891061669, -37.601073659059402 ], [ -73.406895899914304, -37.601155520655098 ], [ -73.406928291966494, -37.601205097329498 ], [ -73.407028124552596, -37.601232617086303 ], [ -73.407014225978301, -37.601412850676098 ], [ -73.407275063521396, -37.602668896676697 ], [ -73.407944464905597, -37.602612592616602 ], [ -73.408824086630204, -37.6025406030098 ], [ -73.409624736447697, -37.602461796547601 ], [ -73.410513459327305, -37.6023777332611 ], [ -73.411179713179294, -37.6023098092464 ], [ -73.411828585122905, -37.602238625447399 ], [ -73.4116871201159, -37.601673531159904 ], [ -73.411457804741005, -37.600619468362503 ], [ -73.411213163437097, -37.599472217773503 ], [ -73.411023633153206, -37.598260391932001 ], [ -73.410840740892596, -37.5972436578 ], [ -73.410739008431406, -37.596602844661902 ], [ -73.408756910174503, -37.596712208377198 ], [ -73.407772399962596, -37.596752958661803 ], [ -73.406730940347899, -37.596827087073102 ], [ -73.405581924938801, -37.596909135212599 ], [ -73.404491466356703, -37.5969850755259 ], [ -73.403313507645194, -37.597075997071897 ], [ -73.403383842283503, -37.597518745357803 ], [ -73.403416362814895, -37.597986347051197 ], [ -73.403452616238795, -37.598309257395201 ], [ -73.403643790091095, -37.598470103964303 ], [ -73.403834472789597, -37.5986641752746 ], [ -73.403919276219298, -37.598811418010001 ], [ -73.403954579098297, -37.599159757072897 ], [ -73.403977041029705, -37.599373792217698 ], [ -73.404129291291696, -37.5997900354443 ], [ -73.404037979075198, -37.599906747195398 ], [ -73.403977444544395, -37.600045748929901 ], [ -73.404011215579303, -37.600118715689902 ], [ -73.404072311182006, -37.600155499641097 ], [ -73.404211274224494, -37.600263601491903 ], [ -73.404250175638794, -37.6003402825405 ], [ -73.404271321042799, -37.600448883349003 ], [ -73.404249062065205, -37.600570826569999 ], [ -73.404157518945496, -37.600683639966199 ], [ -73.403958647148201, -37.600808280391298 ], [ -73.403856383814897, -37.600905867801103 ], [ -73.403771811641306, -37.601053581448603 ], [ -73.403727125523801, -37.601211524229498 ], [ -73.403690333251603, -37.601419960512999 ], [ -73.403611055525403, -37.601657333915 ], [ -73.403533913427395, -37.6018477449866 ], [ -73.403496263691807, -37.601958543094298 ], [ -73.403370882076103, -37.602080434274399 ], [ -73.403206992242602, -37.602215486158499 ], [ -73.403051357159995, -37.602240838669999 ], [ -73.402903217654696, -37.602226842532197 ], [ -73.402748172579507, -37.6020958995366 ], [ -73.402617396436, -37.601960142116098 ], [ -73.402612332545402, -37.601874381566603 ], [ -73.402627556663603, -37.601799583093502 ], [ -73.402687568308906, -37.601734830050397 ], [ -73.402789078864302, -37.601707594971899 ], [ -73.402944714156405, -37.601682243726898 ], [ -73.403034813301403, -37.601628087126201 ], [ -73.4031160989786, -37.601507843788397 ], [ -73.403213760055195, -37.601332293408298 ], [ -73.403249799684801, -37.601194207702299 ], [ -73.403239605107302, -37.601104731894502 ], [ -73.403115275561603, -37.6010781255019 ], [ -73.402993937381893, -37.601102194907902 ], [ -73.402809137581002, -37.601132543421997 ], [ -73.402635516145807, -37.601185914612103 ], [ -73.402473304312494, -37.601266207886098 ], [ -73.402298467136205, -37.601382133084101 ], [ -73.402025568703493, -37.601583765588998 ], [ -73.401780983807996, -37.601682762972302 ], [ -73.401574443741694, -37.601760804499897 ], [ -73.401485101068801, -37.601744608474 ], [ -73.401329762762899, -37.601691811032097 ], [ -73.401280144205401, -37.601599901023803 ], [ -73.401349793272203, -37.601448839564597 ], [ -73.401450910248698, -37.6013317633887 ], [ -73.401555018429903, -37.601265364033402 ], [ -73.401734757640995, -37.601149256734402 ], [ -73.402009495397095, -37.6009788102632 ], [ -73.402213039790993, -37.600850091324297 ], [ -73.402460449888395, -37.600715827250902 ], [ -73.402699440328803, -37.600605317263899 ], [ -73.402901077270599, -37.600527458034897 ], [ -73.403035960874405, -37.600483347830902 ], [ -73.403239437511203, -37.600436673336397 ], [ -73.403365443007701, -37.600408522129001 ], [ -73.403473295729, -37.600322446578403 ], [ -73.403526104829794, -37.600218895952302 ], [ -73.403546753473293, -37.600069665169201 ], [ -73.4035883802173, -37.599943089992401 ], [ -73.402816108755701, -37.600003213811497 ], [ -73.402306564267903, -37.600022258692597 ], [ -73.400888019251994, -37.600114335293597 ], [ -73.399920223136505, -37.600189558470497 ], [ -73.399577258881493, -37.600202369000499 ], [ -73.399252511574403, -37.600191056451699 ], [ -73.398895468017102, -37.6002981549724 ], [ -73.398688628540697, -37.600454338324496 ], [ -73.398674128506798, -37.601040902829503 ], [ -73.3986943644299, -37.6013839478249 ], [ -73.398693483302395, -37.601868426265099 ], [ -73.398670243950093, -37.602306858014302 ], [ -73.398736718831799, -37.602601293686803 ], [ -73.398890328802196, -37.603040934237697 ], [ -73.399018500616194, -37.603215861508502 ], [ -73.399342063479295, -37.603539762349797 ], [ -73.399580792579499, -37.603757441173499 ], [ -73.399854902700199, -37.6040753752266 ], [ -73.400277386751, -37.604411206460199 ], [ -73.400595323155699, -37.604639597022498 ], [ -73.400687863529299, -37.604460332746001 ], [ -73.400795496060695, -37.604370361485003 ], [ -73.400986424457201, -37.604277277867901 ], [ -73.4011360152126, -37.604232621038101 ], [ -73.401355123022299, -37.604200992058203 ], [ -73.401539175801801, -37.604240995902899 ], [ -73.401822603800994, -37.604300727382601 ], [ -73.402030233501307, -37.604324222750201 ], [ -73.402211063233295, -37.604309650227002 ], [ -73.402409256524805, -37.604173318357702 ], [ -73.402689593721007, -37.6040143811828 ], [ -73.4028618402712, -37.603937620375198 ], [ -73.403188573728002, -37.603816015096001 ], [ -73.403421457267399, -37.603768241647302 ], [ -73.403964633790196, -37.6037362125101 ], [ -73.404207712764503, -37.603777912274701 ], [ -73.404542669612695, -37.603878683933999 ], [ -73.404823208214793, -37.604055720867997 ], [ -73.405069616878095, -37.604319982365297 ], [ -73.405224147021002, -37.6045251706594 ], [ -73.405393775040395, -37.6048196499517 ], [ -73.405505654326006, -37.604967831165702 ], [ -73.405615752631405, -37.6050027813166 ] ] ] } },
{ "type": "Feature", "properties": { "id": "monoparte.70", "Name": null, "description": null, "timestamp": null, "begin": null, "end": null, "altitudeMode": null, "tessellate": -1, "extrude": 0, "visibility": -1, "drawOrder": null, "icon": null, "REG": "Biobío", "COM": "Los Álamos", "LOC": "Los Álamos", "ZONA": "ZA1", "NOM": "Zona residencial mixta 1", "UPERM": "Residencial. Equipamiento: comercio, culto y cultura, deporte, educacion, salud, servicios, social. Actividades productivas.", "UPROH": "Todos los usos de suelo no mencionados como permitidos.", "P_DO": "12/03/2008", "N_DOC": "1705", "T_DO": "Resolución", "OBS": null }, "geometry": { "type": "Polygon", "coordinates": [ [ [ -73.405752755303197, -37.604786690042701 ], [ -73.405615752631405, -37.6050027813166 ], [ -73.405597012165003, -37.605101153277502 ], [ -73.405635917985506, -37.605177833574302 ], [ -73.405787917576902, -37.605340141275803 ], [ -73.405938012591506, -37.605553307689902 ], [ -73.406000834995595, -37.6057853669395 ], [ -73.405938563627004, -37.606061172915297 ], [ -73.405907136445805, -37.606277223217099 ], [ -73.405998082635307, -37.606652781070601 ], [ -73.406154571921903, -37.607057141840698 ], [ -73.406363579133796, -37.6074360968584 ], [ -73.406610804741007, -37.607880037586099 ], [ -73.406828635990905, -37.608325076610299 ], [ -73.407017588395505, -37.608696967333003 ], [ -73.407047159257601, -37.608781810522601 ], [ -73.407212717459302, -37.608924074194299 ], [ -73.407399720588103, -37.609096790040297 ], [ -73.407526020449396, -37.609322564845201 ], [ -73.407606606274896, -37.609522703320899 ], [ -73.407584522190106, -37.609730590115099 ], [ -73.407592129905794, -37.609859230312097 ], [ -73.407667413801306, -37.609969710416102 ], [ -73.407853269288793, -37.610122933842902 ], [ -73.408066910002702, -37.6102477692382 ], [ -73.4083774010236, -37.610349445584198 ], [ -73.408483993744895, -37.610407964718704 ], [ -73.408752460263301, -37.610546374095598 ], [ -73.4089084553991, -37.610692900226603 ], [ -73.409135821585096, -37.610883635731497 ], [ -73.409271064328905, -37.611011403699003 ], [ -73.409465284262794, -37.611222913937397 ], [ -73.409611943533207, -37.611377600946 ], [ -73.409802648756596, -37.611612683768797 ], [ -73.409894023252093, -37.611746000538702 ], [ -73.410074873389505, -37.612063492526502 ], [ -73.410134771983195, -37.612162826619098 ], [ -73.410241023560701, -37.612381536445199 ], [ -73.4102920463868, -37.6124968293378 ], [ -73.410340705053599, -37.612655185950302 ], [ -73.4103746644127, -37.612814092984998 ], [ -73.410355872867896, -37.612994509903203 ], [ -73.410395886523105, -37.613172724722602 ], [ -73.410471411149999, -37.613287099974798 ], [ -73.410624129879693, -37.613461093134198 ], [ -73.410770509761704, -37.613693927007702 ], [ -73.4108378502969, -37.613835956269497 ], [ -73.410937997874598, -37.614117401841902 ], [ -73.411020675583003, -37.614352620226398 ], [ -73.411123012221907, -37.614505059810597 ], [ -73.4112339947837, -37.614637640950399 ], [ -73.411307159770104, -37.614795079158199 ], [ -73.411367469929402, -37.614984252757502 ], [ -73.411378084151707, -37.6151635683241 ], [ -73.411357856558695, -37.615402640834098 ], [ -73.411316411689995, -37.615615160292798 ], [ -73.411345880671007, -37.615864090783198 ], [ -73.411387744937898, -37.616073490658898 ], [ -73.411400374835495, -37.616203894891299 ], [ -73.412712933747599, -37.615892968343701 ], [ -73.412401210788403, -37.614775582570701 ], [ -73.412260877070494, -37.614562058925699 ], [ -73.412125622526403, -37.614434296080397 ], [ -73.411909192612299, -37.614262689920302 ], [ -73.411737722191702, -37.613854993227399 ], [ -73.411540653173901, -37.613346677264097 ], [ -73.411373451097205, -37.612845056361301 ], [ -73.411102599747693, -37.6124176392793 ], [ -73.410773696749402, -37.611922073456803 ], [ -73.410274559642303, -37.611288329079599 ], [ -73.409938921030005, -37.610761758851197 ], [ -73.409795375185098, -37.610493656505298 ], [ -73.409640069584995, -37.610358826125598 ], [ -73.409327819271297, -37.610102900865101 ], [ -73.408859720603999, -37.609495336460803 ], [ -73.408498910853694, -37.608957982546897 ], [ -73.407643455476205, -37.6077788890763 ], [ -73.407021137241003, -37.606887982806299 ], [ -73.407062881124403, -37.606597316974799 ], [ -73.406757950081001, -37.6062571141726 ], [ -73.406309560988504, -37.605566756442698 ], [ -73.405752755303197, -37.604786690042701 ] ] ] } },
{ "type": "Feature", "properties": { "id": "monoparte.71", "Name": null, "description": null, "timestamp": null, "begin": null, "end": null, "altitudeMode": null, "tessellate": -1, "extrude": 0, "visibility": -1, "drawOrder": null, "icon": null, "REG": "Biobío", "COM": "Los Álamos", "LOC": "Los Álamos", "ZONA": "ZR2", "NOM": "Zona restriccion por riesgo de remocion", "UPERM": "No se permite ningun tipo de edificacion.", "UPROH": "Sin informacion.", "P_DO": "12/03/2008", "N_DOC": "1705", "T_DO": "Resolución", "OBS": null }, "geometry": { "type": "Polygon", "coordinates": [ [ [ -73.403452616238795, -37.598309257395201 ], [ -73.403501958496904, -37.598895387598098 ], [ -73.403535732696696, -37.599550470320899 ], [ -73.4035883802173, -37.599943089992401 ], [ -73.403546753473293, -37.600069665169201 ], [ -73.403526104829794, -37.600218895952302 ], [ -73.403473295729, -37.600322446578403 ], [ -73.403365443007701, -37.600408522129001 ], [ -73.403239437511203, -37.600436673336397 ], [ -73.403035960874405, -37.600483347830902 ], [ -73.402901077270599, -37.600527458034897 ], [ -73.402699440328803, -37.600605317263899 ], [ -73.402460449888395, -37.600715827250902 ], [ -73.402213039790993, -37.600850091324297 ], [ -73.402009495397095, -37.6009788102632 ], [ -73.401734757640995, -37.601149256734402 ], [ -73.401555018429903, -37.601265364033402 ], [ -73.401450910248698, -37.6013317633887 ], [ -73.401349793272203, -37.601448839564597 ], [ -73.401280144205401, -37.601599901023803 ], [ -73.401329762762899, -37.601691811032097 ], [ -73.401485101068801, -37.601744608474 ], [ -73.401574443741694, -37.601760804499897 ], [ -73.401780983807996, -37.601682762972302 ], [ -73.402025568703493, -37.601583765588998 ], [ -73.402298467136205, -37.601382133084101 ], [ -73.402473304312494, -37.601266207886098 ], [ -73.402635516145807, -37.601185914612103 ], [ -73.402809137581002, -37.601132543421997 ], [ -73.402993937381893, -37.601102194907902 ], [ -73.403115275561603, -37.6010781255019 ], [ -73.403239605107302, -37.601104731894502 ], [ -73.403249799684801, -37.601194207702299 ], [ -73.403213760055195, -37.601332293408298 ], [ -73.4031160989786, -37.601507843788397 ], [ -73.403034813301403, -37.601628087126201 ], [ -73.402944714156405, -37.601682243726898 ], [ -73.402789078864302, -37.601707594971899 ], [ -73.402687568308906, -37.601734830050397 ], [ -73.402627556663603, -37.601799583093502 ], [ -73.402612332545402, -37.601874381566603 ], [ -73.402617396436, -37.601960142116098 ], [ -73.402748172579507, -37.6020958995366 ], [ -73.402903217654696, -37.602226842532197 ], [ -73.403051357159995, -37.602240838669999 ], [ -73.403206992242602, -37.602215486158499 ], [ -73.403370882076103, -37.602080434274399 ], [ -73.403496263691807, -37.601958543094298 ], [ -73.403533913427395, -37.6018477449866 ], [ -73.403611055525403, -37.601657333915 ], [ -73.403690333251603, -37.601419960512999 ], [ -73.403727125523801, -37.601211524229498 ], [ -73.403771811641306, -37.601053581448603 ], [ -73.403856383814897, -37.600905867801103 ], [ -73.403958647148201, -37.600808280391298 ], [ -73.404157518945496, -37.600683639966199 ], [ -73.404249062065205, -37.600570826569999 ], [ -73.404271321042799, -37.600448883349003 ], [ -73.404250175638794, -37.6003402825405 ], [ -73.404211274224494, -37.600263601491903 ], [ -73.404072311182006, -37.600155499641097 ], [ -73.404011215579303, -37.600118715689902 ], [ -73.403977444544395, -37.600045748929901 ], [ -73.404037979075198, -37.599906747195398 ], [ -73.404129291291696, -37.5997900354443 ], [ -73.403977041029705, -37.599373792217698 ], [ -73.403954579098297, -37.599159757072897 ], [ -73.403919276219298, -37.598811418010001 ], [ -73.403834472789597, -37.5986641752746 ], [ -73.403643790091095, -37.598470103964303 ], [ -73.403452616238795, -37.598309257395201 ] ] ] } },
{ "type": "Feature", "properties": { "id": "monoparte.72", "Name": null, "description": null, "timestamp": null, "begin": null, "end": null, "altitudeMode": null, "tessellate": -1, "extrude": 0, "visibility": -1, "drawOrder": null, "icon": null, "REG": "Biobío", "COM": "Los Álamos", "LOC": "Los Álamos", "ZONA": "ZE", "NOM": "Area verde", "UPERM": "Area verde.", "UPROH": "Todos los usos de suelo no mencionados como permitidos.", "P_DO": "12/03/2008", "N_DOC": "1705", "T_DO": "Resolución", "OBS": null }, "geometry": { "type": "Polygon", "coordinates": [ [ [ -73.406317154499405, -37.5995050583021 ], [ -73.405577343920399, -37.599532730000398 ], [ -73.405061921000893, -37.599618422727502 ], [ -73.4052068490697, -37.600159956205999 ], [ -73.405339739091204, -37.600580828765899 ], [ -73.405478851739602, -37.601106952699404 ], [ -73.4056225721244, -37.601711038706398 ], [ -73.405655299732899, -37.601932503566701 ], [ -73.405750507714998, -37.602214139473702 ], [ -73.405803356913395, -37.602360621382203 ], [ -73.405777178808705, -37.6015021023522 ], [ -73.405795184522702, -37.601142002454402 ], [ -73.405868759084399, -37.600725128328698 ], [ -73.405990865924494, -37.600298624610403 ], [ -73.406097982821393, -37.599950819758902 ], [ -73.406317154499405, -37.5995050583021 ] ] ] } },
{ "type": "Feature", "properties": { "id": "monoparte.73", "Name": null, "description": null, "timestamp": null, "begin": null, "end": null, "altitudeMode": null, "tessellate": -1, "extrude": 0, "visibility": -1, "drawOrder": null, "icon": null, "REG": "Biobío", "COM": "Los Álamos", "LOC": "Los Álamos", "ZONA": "ZE", "NOM": "Area verde", "UPERM": "Area verde.", "UPROH": "Todos los usos de suelo no mencionados como permitidos.", "P_DO": "12/03/2008", "N_DOC": "1705", "T_DO": "Resolución", "OBS": null }, "geometry": { "type": "Polygon", "coordinates": [ [ [ -73.405803356913395, -37.602360621382203 ], [ -73.405688175420394, -37.602571990248897 ], [ -73.405584760589505, -37.602650087667698 ], [ -73.405394366387696, -37.6026689291972 ], [ -73.4049897709113, -37.602719222051597 ], [ -73.404737293165397, -37.602767732154902 ], [ -73.404331021493604, -37.602872781157899 ], [ -73.403670887527397, -37.603002946721702 ], [ -73.4037261656227, -37.603024320808302 ], [ -73.404183674050699, -37.603038469893399 ], [ -73.404537829831298, -37.6030486687321 ], [ -73.404844371896004, -37.6030840869659 ], [ -73.405097709632201, -37.603133214567599 ], [ -73.405274032935395, -37.603208662771301 ], [ -73.405437962227396, -37.603323643385401 ], [ -73.405631918165199, -37.603531263664699 ], [ -73.405886976972297, -37.603775665316498 ], [ -73.406078107577997, -37.604018551594898 ], [ -73.406322125887996, -37.604366896821098 ], [ -73.406143079880096, -37.603871569539898 ], [ -73.406033691766694, -37.603516235175597 ], [ -73.405939756008806, -37.603089998608297 ], [ -73.405803356913395, -37.602360621382203 ] ] ] } },
{ "type": "Feature", "properties": { "id": "monoparte.74", "Name": null, "description": null, "timestamp": null, "begin": null, "end": null, "altitudeMode": null, "tessellate": -1, "extrude": 0, "visibility": -1, "drawOrder": null, "icon": null, "REG": "Biobío", "COM": "Los Álamos", "LOC": "Los Álamos", "ZONA": "ZE", "NOM": "Area verde", "UPERM": "Area verde.", "UPROH": "Todos los usos de suelo no mencionados como permitidos.", "P_DO": "12/03/2008", "N_DOC": "1705", "T_DO": "Resolución", "OBS": null }, "geometry": { "type": "Polygon", "coordinates": [ [ [ -73.407938415691603, -37.6046697537369 ], [ -73.407688193467607, -37.604341177908502 ], [ -73.407316046059293, -37.604359010708599 ], [ -73.406882736541206, -37.604422105094798 ], [ -73.406650545177698, -37.604481580793802 ], [ -73.406478994265498, -37.604570042349899 ], [ -73.406773594065996, -37.604984861972497 ], [ -73.407114831209398, -37.605440911927701 ], [ -73.407643007768698, -37.606151720486999 ], [ -73.407933703741804, -37.606500268711102 ], [ -73.408965498442598, -37.606094409931202 ], [ -73.408682294756005, -37.605706516628103 ], [ -73.408338281052806, -37.605203693987299 ], [ -73.408148234740494, -37.604896308644904 ], [ -73.407938415691603, -37.6046697537369 ] ] ] } },
{ "type": "Feature", "properties": { "id": "monoparte.75", "Name": null, "description": null, "timestamp": null, "begin": null, "end": null, "altitudeMode": null, "tessellate": -1, "extrude": 0, "visibility": -1, "drawOrder": null, "icon": null, "REG": "Biobío", "COM": "Los Álamos", "LOC": "Los Álamos", "ZONA": "ZB3", "NOM": "Zona equipamiento 3", "UPERM": "Residencial. Equipamiento: comercio, esparcimiento. Actividades productivas.", "UPROH": "Todos los usos de suelo no mencionados como permitidos.", "P_DO": "12/03/2008", "N_DOC": "1705", "T_DO": "Resolución", "OBS": null }, "geometry": { "type": "Polygon", "coordinates": [ [ [ -73.407275063521396, -37.602668896676697 ], [ -73.407014225978301, -37.601412850676098 ], [ -73.407028124552596, -37.601232617086303 ], [ -73.406928291966494, -37.601205097329498 ], [ -73.406895899914304, -37.601155520655098 ], [ -73.406891061669, -37.601073659059402 ], [ -73.406950377735299, -37.600997210490803 ], [ -73.406944155914005, -37.600891959015897 ], [ -73.406894302065595, -37.600796154156498 ], [ -73.406855397676296, -37.600719473274701 ], [ -73.406853384770002, -37.600602344847402 ], [ -73.406936046580995, -37.600505489198902 ], [ -73.407128568502003, -37.600439683311301 ], [ -73.407153325078895, -37.599778506357602 ], [ -73.407213772085896, -37.598807356299801 ], [ -73.407247343889395, -37.598212264612698 ], [ -73.407078801244097, -37.5983514018316 ], [ -73.406779172946599, -37.598765014376497 ], [ -73.406574827057398, -37.599046134893598 ], [ -73.406317154499405, -37.5995050583021 ], [ -73.406097982821393, -37.599950819758902 ], [ -73.405990865924494, -37.600298624610403 ], [ -73.405868759084399, -37.600725128328698 ], [ -73.405795184522702, -37.601142002454402 ], [ -73.405777178808705, -37.6015021023522 ], [ -73.405803356913395, -37.602360621382203 ], [ -73.405939756008806, -37.603089998608297 ], [ -73.406033691766694, -37.603516235175597 ], [ -73.406143079880096, -37.603871569539898 ], [ -73.406322125887996, -37.604366896821098 ], [ -73.406478994265498, -37.604570042349899 ], [ -73.406650545177698, -37.604481580793802 ], [ -73.406882736541206, -37.604422105094798 ], [ -73.407316046059293, -37.604359010708599 ], [ -73.407688193467607, -37.604341177908502 ], [ -73.407607734304506, -37.603976949389597 ], [ -73.407517015139305, -37.603605290533899 ], [ -73.407425837329001, -37.603225835457799 ], [ -73.407275063521396, -37.602668896676697 ] ] ] } },
{ "type": "Feature", "properties": { "id": "monoparte.76", "Name": null, "description": null, "timestamp": null, "begin": null, "end": null, "altitudeMode": null, "tessellate": -1, "extrude": 0, "visibility": -1, "drawOrder": null, "icon": null, "REG": "Biobío", "COM": "Los Álamos", "LOC": "Los Álamos", "ZONA": "ZBCD1", "NOM": "Zona equipamientos, actividades productivas e infraestructura 1", "UPERM": "Residencial: comercio, seguridad, servicios. Actividades productivas.", "UPROH": "Todos los usos de suelo no mencionados como permitidos.", "P_DO": "12/03/2008", "N_DOC": "1705", "T_DO": "Resolución", "OBS": null }, "geometry": { "type": "Polygon", "coordinates": [ [ [ -73.407275063521396, -37.602668896676697 ], [ -73.407425837329001, -37.603225835457799 ], [ -73.407517015139305, -37.603605290533899 ], [ -73.407607734304506, -37.603976949389597 ], [ -73.407688193467607, -37.604341177908502 ], [ -73.407938415691603, -37.6046697537369 ], [ -73.408127490757394, -37.604545472240702 ], [ -73.408302037092994, -37.604507686561497 ], [ -73.408549327534701, -37.6045374983023 ], [ -73.408750387070796, -37.604615922327 ], [ -73.409070885295293, -37.604721129961597 ], [ -73.409351264788498, -37.604812210231401 ], [ -73.409631644965799, -37.604903290686899 ], [ -73.409793970273498, -37.604990976271097 ], [ -73.409907758491102, -37.605088293962403 ], [ -73.410002872247802, -37.605201936377703 ], [ -73.410088647358094, -37.605323743440103 ], [ -73.410135223955706, -37.6054470163348 ], [ -73.410181800779299, -37.6055702900981 ], [ -73.4102181185728, -37.605686134701699 ], [ -73.410238987968796, -37.605872879871399 ], [ -73.410269655575703, -37.606059258147901 ], [ -73.410277957560595, -37.606199591552702 ], [ -73.410305398026907, -37.606331395957099 ], [ -73.410351053337706, -37.606439076689803 ], [ -73.410466690685396, -37.6065675775899 ], [ -73.410563190072295, -37.606704609190501 ], [ -73.410746965341403, -37.606822744955302 ], [ -73.410887391181006, -37.6068721817295 ], [ -73.411066091656707, -37.606904556571799 ], [ -73.411361466734903, -37.606916934771597 ], [ -73.411910250323203, -37.6068963804424 ], [ -73.412517832291002, -37.606873619871202 ], [ -73.413006431164902, -37.606831873547598 ], [ -73.4132117629307, -37.6068163659085 ], [ -73.413445463952698, -37.606948253146498 ], [ -73.413522369506893, -37.6070860172617 ], [ -73.413549354457501, -37.607210022750003 ], [ -73.413537140059304, -37.607335498027197 ], [ -73.413524465205597, -37.607453177296797 ], [ -73.4135780789005, -37.607529304464997 ], [ -73.414080069787303, -37.607713645253199 ], [ -73.4145405547943, -37.6078604723279 ], [ -73.414950657073106, -37.607985745462102 ], [ -73.415229669804702, -37.608053422607703 ], [ -73.415446190008296, -37.608060933124001 ], [ -73.415669737514804, -37.608021297550799 ], [ -73.415921298448495, -37.607957170593799 ], [ -73.416121089898098, -37.607848103771303 ], [ -73.416365622933895, -37.607831121610502 ], [ -73.416610154624905, -37.607814138091697 ], [ -73.417058073171006, -37.607914545043897 ], [ -73.417411227580402, -37.608073199025597 ], [ -73.417767618807503, -37.608286425036503 ], [ -73.418006414686502, -37.608504061966698 ], [ -73.4181547021021, -37.608686025536301 ], [ -73.4182022197907, -37.6088248877927 ], [ -73.418424095399402, -37.609254125173798 ], [ -73.418658085253696, -37.609721975598802 ], [ -73.418921479353799, -37.610188721344997 ], [ -73.419156030904603, -37.6105002774338 ], [ -73.419477767336701, -37.610957020306898 ], [ -73.419691245890803, -37.611410010594 ], [ -73.419864138773804, -37.611841082885597 ], [ -73.419949845997394, -37.612126968973698 ], [ -73.419976291114097, -37.612407264895701 ], [ -73.419966769911298, -37.612743606871703 ], [ -73.419879217015605, -37.613254774864302 ], [ -73.419765591427307, -37.613657530482399 ], [ -73.419665091286603, -37.613950404483198 ], [ -73.419654736659794, -37.614107065076801 ], [ -73.419664446830694, -37.614270785040198 ], [ -73.420061434755596, -37.613925763524897 ], [ -73.4206030426148, -37.613452247989699 ], [ -73.421067629181195, -37.613005062910197 ], [ -73.421450020294699, -37.612662538471099 ], [ -73.421825843446399, -37.612374953008498 ], [ -73.422159601976304, -37.612206150664299 ], [ -73.422514811190595, -37.612067795761 ], [ -73.422891468033896, -37.611959889111802 ], [ -73.423302613552494, -37.611936634241701 ], [ -73.423849574138202, -37.611884835961803 ], [ -73.424616303925703, -37.6118951016526 ], [ -73.423125707427701, -37.611107226279998 ], [ -73.422295732068605, -37.610693020054001 ], [ -73.421758753480802, -37.610416264867901 ], [ -73.421290379240602, -37.610136932668098 ], [ -73.420781883258499, -37.609843477995 ], [ -73.420314440735396, -37.609579733206097 ], [ -73.419583420643306, -37.6091774194607 ], [ -73.419131888835096, -37.608850564923401 ], [ -73.418703194737802, -37.6085775462657 ], [ -73.4181061561235, -37.6081155016455 ], [ -73.417730396081197, -37.607906909332698 ], [ -73.417654357156707, -37.607866787175098 ], [ -73.417175932701497, -37.607665949836303 ], [ -73.416841405558102, -37.607573012338399 ], [ -73.416207345406406, -37.607397540835997 ], [ -73.415754531845295, -37.607297314938897 ], [ -73.415573749827004, -37.6072298634625 ], [ -73.415155338443995, -37.606964259878801 ], [ -73.414760916791096, -37.606771983725103 ], [ -73.414271322164197, -37.6065481121353 ], [ -73.413787092127507, -37.606331851548397 ], [ -73.413291450272098, -37.606088669616597 ], [ -73.412696431260002, -37.605825767082202 ], [ -73.412562333361805, -37.605385415062997 ], [ -73.412394795427105, -37.604711907704797 ], [ -73.412179298038396, -37.603891738190804 ], [ -73.412003925261203, -37.603085693474398 ], [ -73.411828585122905, -37.602238625447399 ], [ -73.411179713179294, -37.6023098092464 ], [ -73.410513459327305, -37.6023777332611 ], [ -73.409624736447697, -37.602461796547601 ], [ -73.408824086630204, -37.6025406030098 ], [ -73.407944464905597, -37.602612592616602 ], [ -73.407275063521396, -37.602668896676697 ] ] ] } }
]
}
