{
"type": "FeatureCollection",
"name": "IPT_13_PRC_Providencia",
"crs": { "type": "name", "properties": { "name": "urn:ogc:def:crs:OGC:1.3:CRS84" } },
"features": [
{ "type": "Feature", "properties": { "id": "ipt_13_prc_providencia_mono.1", "Name": null, "description": null, "timestamp": null, "begin": null, "end": null, "altitudeMode": null, "tessellate": -1, "extrude": 0, "visibility": -1, "drawOrder": null, "icon": null, "REG": "Metropolitana", "COM": "Providencia", "LOC": "Providencia", "ZONA": "PzV", "NOM": "PzV Plaxas Vecinales", "UPERM": "Según art. 2.3 de la Ordenanza Local", "UPROH": "Según art. 2.3 de la Ordenanza Local", "P_DO": "23/01/2007", "N_DOC": "101", "T_DO": "Decreto", "OBS": null }, "geometry": { "type": "MultiPolygon", "coordinates": [ [ [ [ -70.592363695184304, -33.437427138101 ], [ -70.592763924641304, -33.437629246611699 ], [ -70.592795304799694, -33.437585334403899 ], [ -70.593001245419003, -33.437309630665702 ], [ -70.593056636251404, -33.437231886845197 ], [ -70.593106994438699, -33.437150224252598 ], [ -70.593209278431402, -33.436974872717698 ], [ -70.593243958587607, -33.436915915948802 ], [ -70.593311230864401, -33.436781523805799 ], [ -70.592890143642293, -33.436656548472001 ], [ -70.592408906335706, -33.436502606143698 ], [ -70.592391083106307, -33.436556076769001 ], [ -70.592366284808307, -33.436613579799399 ], [ -70.592341342361394, -33.436663194508299 ], [ -70.592241066202305, -33.436834068109 ], [ -70.5921402493762, -33.436975365629898 ], [ -70.591993059084601, -33.4371507842746 ], [ -70.591930814779005, -33.4372166563749 ], [ -70.5921962130125, -33.437345702208297 ], [ -70.592206129380102, -33.437350524146503 ], [ -70.592363695184304, -33.437427138101 ] ] ] ] } },
{ "type": "Feature", "properties": { "id": "ipt_13_prc_providencia_mono.2", "Name": null, "description": null, "timestamp": null, "begin": null, "end": null, "altitudeMode": null, "tessellate": -1, "extrude": 0, "visibility": -1, "drawOrder": null, "icon": null, "REG": "Metropolitana", "COM": "Providencia", "LOC": "Providencia", "ZONA": "PzV", "NOM": "PzV Plaxas Vecinales", "UPERM": "Según art. 2.3 de la Ordenanza Local", "UPROH": "Según art. 2.3 de la Ordenanza Local", "P_DO": "23/01/2007", "N_DOC": "101", "T_DO": "Decreto", "OBS": null }, "geometry": { "type": "MultiPolygon", "coordinates": [ [ [ [ -70.590471998281203, -33.438818047109898 ], [ -70.590607968855807, -33.439061622213302 ], [ -70.590658077179796, -33.439039108931603 ], [ -70.590781883065105, -33.438980924876503 ], [ -70.590994775940104, -33.438877585243397 ], [ -70.591106059607796, -33.438817466588603 ], [ -70.591189919435195, -33.438759798357303 ], [ -70.591315611686497, -33.438668056586003 ], [ -70.591460895874604, -33.438555103635501 ], [ -70.591534654040501, -33.4384912754306 ], [ -70.591640217573101, -33.438391403734002 ], [ -70.591748674973701, -33.438290561397899 ], [ -70.591516162928897, -33.438105024460697 ], [ -70.591433817787205, -33.438173435077701 ], [ -70.591349377390102, -33.438252287843 ], [ -70.591262716278095, -33.438333063811598 ], [ -70.591153699632102, -33.438427406158397 ], [ -70.591040025291406, -33.438514217422998 ], [ -70.590939632752693, -33.438585687467501 ], [ -70.590856862470204, -33.438632271507799 ], [ -70.590684374541794, -33.438716047549597 ], [ -70.590471998281203, -33.438818047109898 ] ] ] ] } },
{ "type": "Feature", "properties": { "id": "ipt_13_prc_providencia_mono.3", "Name": null, "description": null, "timestamp": null, "begin": null, "end": null, "altitudeMode": null, "tessellate": -1, "extrude": 0, "visibility": -1, "drawOrder": null, "icon": null, "REG": "Metropolitana", "COM": "Providencia", "LOC": "Providencia", "ZONA": "PzV", "NOM": "PzV Plaxas Vecinales", "UPERM": "Según art. 2.3 de la Ordenanza Local", "UPROH": "Según art. 2.3 de la Ordenanza Local", "P_DO": "23/01/2007", "N_DOC": "101", "T_DO": "Decreto", "OBS": null }, "geometry": { "type": "MultiPolygon", "coordinates": [ [ [ [ -70.589044816581307, -33.439334895329097 ], [ -70.589140333205293, -33.439462982780498 ], [ -70.5892965361585, -33.439391771857203 ], [ -70.589456590415097, -33.439314579086599 ], [ -70.5893019900589, -33.439091019667501 ], [ -70.588801490274506, -33.4383726901847 ], [ -70.588775696838795, -33.438333926975403 ], [ -70.588625106064796, -33.438407560704 ], [ -70.588463134716505, -33.438488292316599 ], [ -70.588496258049105, -33.438535986365302 ], [ -70.588844461685397, -33.439043105256303 ], [ -70.588851738228598, -33.439053702383298 ], [ -70.589044816581307, -33.439334895329097 ] ] ] ] } },
{ "type": "Feature", "properties": { "id": "ipt_13_prc_providencia_mono.4", "Name": null, "description": null, "timestamp": null, "begin": null, "end": null, "altitudeMode": null, "tessellate": -1, "extrude": 0, "visibility": -1, "drawOrder": null, "icon": null, "REG": "Metropolitana", "COM": "Providencia", "LOC": "Providencia", "ZONA": "Pzt", "NOM": "Pzt Plazas Comunales", "UPERM": "Según art. 2.3 de la Ordenanza Local", "UPROH": "Según art. 2.3 de la Ordenanza Local", "P_DO": "23/01/2007", "N_DOC": "101", "T_DO": "Decreto", "OBS": null }, "geometry": { "type": "MultiPolygon", "coordinates": [ [ [ [ -70.592738375287695, -33.428758489928001 ], [ -70.592715416505001, -33.428826485754499 ], [ -70.592644314256304, -33.4289086364928 ], [ -70.592768396961503, -33.4288562675317 ], [ -70.592852648315699, -33.428831491369202 ], [ -70.592973133399695, -33.4288028632959 ], [ -70.593049504314905, -33.428788342021299 ], [ -70.593117934179404, -33.428780694617998 ], [ -70.593174328725397, -33.428776584595603 ], [ -70.593254980407906, -33.4287755483846 ], [ -70.593484776445607, -33.428769209283203 ], [ -70.593310244388206, -33.428699747732203 ], [ -70.593265944011605, -33.428682116044797 ], [ -70.593188170045494, -33.428651163188199 ], [ -70.592814080753698, -33.428486719171403 ], [ -70.592753223406106, -33.428467192370299 ], [ -70.592676109760106, -33.428441102430298 ], [ -70.592722013376402, -33.4285251358816 ], [ -70.592739317475093, -33.428589228172299 ], [ -70.592752404857194, -33.428643220831297 ], [ -70.592753208610901, -33.428687216572101 ], [ -70.592738375287695, -33.428758489928001 ] ] ] ] } },
{ "type": "Feature", "properties": { "id": "ipt_13_prc_providencia_mono.5", "Name": null, "description": null, "timestamp": null, "begin": null, "end": null, "altitudeMode": null, "tessellate": -1, "extrude": 0, "visibility": -1, "drawOrder": null, "icon": null, "REG": "Metropolitana", "COM": "Providencia", "LOC": "Providencia", "ZONA": "PzC", "NOM": "PzC Plazas Comunales", "UPERM": "Según art. 2.3 de la Ordenanza Local", "UPROH": "Según art. 2.3 de la Ordenanza Local", "P_DO": "23/01/2007", "N_DOC": "101", "T_DO": "Decreto", "OBS": null }, "geometry": { "type": "MultiPolygon", "coordinates": [ [ [ [ -70.594164509909305, -33.428919229466104 ], [ -70.594701820381204, -33.429037712254598 ], [ -70.594688130364801, -33.428996413719098 ], [ -70.594685861593305, -33.428975809762903 ], [ -70.594685199455895, -33.428936493668502 ], [ -70.594927224538097, -33.428290708408902 ], [ -70.595644409924105, -33.426402385237402 ], [ -70.595140842345401, -33.426265055784803 ], [ -70.594690684106396, -33.426135356006 ], [ -70.594623875568004, -33.426314335233201 ], [ -70.594622320206497, -33.426318501882299 ], [ -70.594062450442394, -33.427818356442998 ], [ -70.594058709076805, -33.427828380662397 ], [ -70.594056801968406, -33.427833488835098 ], [ -70.593965869150793, -33.428077086034001 ], [ -70.593887869827896, -33.4282339360294 ], [ -70.593803877301198, -33.428470331112202 ], [ -70.593719532154495, -33.428693167035298 ], [ -70.593684069118694, -33.428743473666501 ], [ -70.593659043224804, -33.428772364596597 ], [ -70.593606641448304, -33.428807676701801 ], [ -70.593790842868998, -33.428835114187599 ], [ -70.594027620336803, -33.428882361703003 ], [ -70.594164509909305, -33.428919229466104 ] ] ] ] } },
{ "type": "Feature", "properties": { "id": "ipt_13_prc_providencia_mono.6", "Name": null, "description": null, "timestamp": null, "begin": null, "end": null, "altitudeMode": null, "tessellate": -1, "extrude": 0, "visibility": -1, "drawOrder": null, "icon": null, "REG": "Metropolitana", "COM": "Providencia", "LOC": "Providencia", "ZONA": "UR", "NOM": "UR Zona de Uso Residencial", "UPERM": "Revisar ordenaza local", "UPROH": "Revisar ordenaza local", "P_DO": "23/01/2007", "N_DOC": "101", "T_DO": "Decreto", "OBS": null }, "geometry": { "type": "MultiPolygon", "coordinates": [ [ [ [ -70.595726429054906, -33.433602821685 ], [ -70.595095033857007, -33.435583783825599 ], [ -70.595165774293406, -33.435595669922499 ], [ -70.595144310068306, -33.435729090446401 ], [ -70.595460344959605, -33.435772928928003 ], [ -70.595524431494994, -33.435573914072897 ], [ -70.595535595479902, -33.435539244521003 ], [ -70.595950511778696, -33.435638886519698 ], [ -70.596000079886394, -33.435650790334698 ], [ -70.596014655188299, -33.435533800527601 ], [ -70.596017944975998, -33.435507393906903 ], [ -70.596528883627997, -33.435621075938201 ], [ -70.596501585514702, -33.435902033676399 ], [ -70.597227132811597, -33.435996495318101 ], [ -70.597282104356196, -33.436003652087102 ], [ -70.597294433621897, -33.435932002032096 ], [ -70.597300623134103, -33.435896038251698 ], [ -70.597441814243098, -33.435922252868899 ], [ -70.597473677662407, -33.435928168731898 ], [ -70.597496356982603, -33.435867223573403 ], [ -70.597514362644404, -33.4358188380698 ], [ -70.597658158502298, -33.435838459830997 ], [ -70.597630105524203, -33.435984851945399 ], [ -70.597956520138197, -33.436043822864697 ], [ -70.597960144146697, -33.436030631905297 ], [ -70.5982613722949, -33.4360909123128 ], [ -70.598303283521204, -33.436099299336497 ], [ -70.598328141045798, -33.435974978321603 ], [ -70.598334566009996, -33.435942844263003 ], [ -70.598545283757701, -33.435980214384401 ], [ -70.598510114773305, -33.436110949658897 ], [ -70.598895852737002, -33.436183329218302 ], [ -70.598932407703998, -33.436054882867197 ], [ -70.598942751136505, -33.436018534475998 ], [ -70.599349968210205, -33.436095823894703 ], [ -70.599313617970097, -33.436255207885701 ], [ -70.599722370500501, -33.436335671450699 ], [ -70.599824457666699, -33.435941112610699 ], [ -70.599913025173194, -33.435601857323903 ], [ -70.599947690049603, -33.4354624768782 ], [ -70.600800732694196, -33.435661591538199 ], [ -70.600850983398402, -33.4356733204542 ], [ -70.600932015386903, -33.4354243831852 ], [ -70.600794173155506, -33.435395740350899 ], [ -70.600846734999394, -33.435220516946401 ], [ -70.600657037983694, -33.435180971077401 ], [ -70.600705536383998, -33.435014656203201 ], [ -70.600714869175803, -33.4349826540385 ], [ -70.600802974097206, -33.435003232794699 ], [ -70.600834913068397, -33.435010692566102 ], [ -70.600879056637396, -33.434873000385302 ], [ -70.600777695727203, -33.434839472016598 ], [ -70.600793899735606, -33.434792017470897 ], [ -70.600768160558005, -33.434785191901298 ], [ -70.600863709026697, -33.434457680618799 ], [ -70.6008241453615, -33.434447243129 ], [ -70.600816416170204, -33.434445204664598 ], [ -70.600516571788305, -33.434366100240297 ], [ -70.599827628279499, -33.434178029394999 ], [ -70.599568365159499, -33.4341103411492 ], [ -70.599485202008793, -33.434090422821399 ], [ -70.598579138641696, -33.4338584322184 ], [ -70.5975554580953, -33.433596354501297 ], [ -70.597384006751696, -33.433559890813797 ], [ -70.596845850739399, -33.433438719333402 ], [ -70.5964673209713, -33.433343827888301 ], [ -70.5964653100296, -33.433343323499699 ], [ -70.596352315087699, -33.433314996927002 ], [ -70.596251932249103, -33.433288697549202 ], [ -70.595730950216307, -33.433153887968103 ], [ -70.595608165025695, -33.433578573613097 ], [ -70.595726429054906, -33.433602821685 ] ] ] ] } },
{ "type": "Feature", "properties": { "id": "ipt_13_prc_providencia_mono.7", "Name": null, "description": null, "timestamp": null, "begin": null, "end": null, "altitudeMode": null, "tessellate": -1, "extrude": 0, "visibility": -1, "drawOrder": null, "icon": null, "REG": "Metropolitana", "COM": "Providencia", "LOC": "Providencia", "ZONA": "UR", "NOM": "UR Zona de Uso Residencial", "UPERM": "Revisar ordenaza local", "UPROH": "Revisar ordenaza local", "P_DO": "23/01/2007", "N_DOC": "101", "T_DO": "Decreto", "OBS": null }, "geometry": { "type": "MultiPolygon", "coordinates": [ [ [ [ -70.586171861575195, -33.430930877788199 ], [ -70.5858476595985, -33.431222375380997 ], [ -70.585830925228706, -33.431210052038502 ], [ -70.585667680908301, -33.431356467153599 ], [ -70.586082083233194, -33.431714958009799 ], [ -70.586194981315202, -33.431848846434001 ], [ -70.585918201663901, -33.4320240759344 ], [ -70.586042474083996, -33.432154049329597 ], [ -70.586140491440602, -33.4322552263585 ], [ -70.586432660809905, -33.4320571173376 ], [ -70.586771355089994, -33.432379441142103 ], [ -70.586471220231303, -33.432596616721803 ], [ -70.586729150791101, -33.4328628604705 ], [ -70.5867126625959, -33.432876081374502 ], [ -70.586664029125899, -33.432915077802697 ], [ -70.5868385792906, -33.433094295756 ], [ -70.586864017425, -33.433120414807 ], [ -70.586901114490402, -33.433093618105303 ], [ -70.586935645524804, -33.433068674142099 ], [ -70.587074964905398, -33.433217932654003 ], [ -70.587526803484707, -33.433697484354603 ], [ -70.587666866853894, -33.433840588407598 ], [ -70.587970927144497, -33.434097020151 ], [ -70.588420894339393, -33.434379738343999 ], [ -70.588349865996804, -33.434464400069601 ], [ -70.588688171708498, -33.434659029354997 ], [ -70.588659859033299, -33.434710958272603 ], [ -70.589476089849498, -33.434979415273801 ], [ -70.589483619438397, -33.4349450967335 ], [ -70.589486640389893, -33.434931326633702 ], [ -70.589735395784402, -33.434968324340197 ], [ -70.5897807187756, -33.434975065258399 ], [ -70.589790134195795, -33.434921719008798 ], [ -70.589792325653804, -33.434909297864102 ], [ -70.590646726448099, -33.435021225413998 ], [ -70.590626352536802, -33.435121226347398 ], [ -70.590909141839703, -33.435162584653398 ], [ -70.590913650132805, -33.435145217852003 ], [ -70.591155884816999, -33.435193039932898 ], [ -70.591210996538507, -33.435203920397399 ], [ -70.591237059973906, -33.435100331004797 ], [ -70.591240448616404, -33.435086860969299 ], [ -70.591423006372807, -33.435125320734699 ], [ -70.591396720583106, -33.435228738059898 ], [ -70.591725227726101, -33.435290513297801 ], [ -70.591752539751695, -33.435182644796797 ], [ -70.591760393635298, -33.435152997994798 ], [ -70.592166864946407, -33.435200955173698 ], [ -70.592201747539804, -33.435205071446099 ], [ -70.592819177399093, -33.433004842065401 ], [ -70.592825915086095, -33.432980831585297 ], [ -70.5932774158087, -33.433096011459597 ], [ -70.593323701925002, -33.4331078196685 ], [ -70.593493513558698, -33.432581887662501 ], [ -70.593475010581301, -33.4325772095292 ], [ -70.593470577990502, -33.4325760886924 ], [ -70.592534002845696, -33.432339266139302 ], [ -70.591729579072194, -33.432137387163699 ], [ -70.591203573042804, -33.432001371030097 ], [ -70.591157215699894, -33.431989325743203 ], [ -70.590632312546802, -33.431852941282798 ], [ -70.590446318337897, -33.431805539282699 ], [ -70.590407503785997, -33.4317956470505 ], [ -70.590182695288703, -33.431738351499597 ], [ -70.590083796282002, -33.431717195556999 ], [ -70.589830033959998, -33.431650377478903 ], [ -70.589158689979996, -33.431480562620798 ], [ -70.588509799328904, -33.431313588523899 ], [ -70.588149668923407, -33.431218039717102 ], [ -70.588037299950898, -33.431197568685697 ], [ -70.587902593094, -33.431180508471698 ], [ -70.587790452221398, -33.431172555413198 ], [ -70.587706677115307, -33.4311725440879 ], [ -70.587604092266503, -33.431179798850302 ], [ -70.587477605905903, -33.431192905825299 ], [ -70.587293010959101, -33.431212498517198 ], [ -70.587057159399606, -33.431238491676197 ], [ -70.586913344491293, -33.4312403322458 ], [ -70.586741610750806, -33.431213812672297 ], [ -70.586534957128805, -33.431150407150497 ], [ -70.586417592708301, -33.431100217150302 ], [ -70.586327415630606, -33.4310381925211 ], [ -70.586171861575195, -33.430930877788199 ] ] ] ] } },
{ "type": "Feature", "properties": { "id": "ipt_13_prc_providencia_mono.8", "Name": null, "description": null, "timestamp": null, "begin": null, "end": null, "altitudeMode": null, "tessellate": -1, "extrude": 0, "visibility": -1, "drawOrder": null, "icon": null, "REG": "Metropolitana", "COM": "Providencia", "LOC": "Providencia", "ZONA": "UR", "NOM": "UR Zona de Uso Residencial", "UPERM": "Revisar ordenaza local", "UPROH": "Revisar ordenaza local", "P_DO": "23/01/2007", "N_DOC": "101", "T_DO": "Decreto", "OBS": null }, "geometry": { "type": "MultiPolygon", "coordinates": [ [ [ [ -70.591057959705196, -33.426882775358301 ], [ -70.590927800698793, -33.426985413246399 ], [ -70.590919455307898, -33.426978438176199 ], [ -70.590802962859499, -33.426881070418098 ], [ -70.590773455362594, -33.426904452126202 ], [ -70.590598520843201, -33.427043065699699 ], [ -70.590660340258594, -33.427099076832199 ], [ -70.590669256466299, -33.427107156564297 ], [ -70.590313759361507, -33.427394157338 ], [ -70.5903052517628, -33.427386838902898 ], [ -70.590253626065703, -33.427342433394998 ], [ -70.590223298276896, -33.4273692705166 ], [ -70.590158408832195, -33.4274266911548 ], [ -70.590227786860694, -33.427485931554202 ], [ -70.590193186629307, -33.427523599520903 ], [ -70.590180795651605, -33.427514002329303 ], [ -70.590168940353706, -33.427504821229398 ], [ -70.590129713188205, -33.4275360642945 ], [ -70.589968670796395, -33.427664330641001 ], [ -70.589821464904801, -33.427781575692698 ], [ -70.589624970618601, -33.427941515038803 ], [ -70.589465006444001, -33.428071720307798 ], [ -70.589502359605504, -33.428107033678202 ], [ -70.589401425339503, -33.428189932034002 ], [ -70.589390106300002, -33.428180314712399 ], [ -70.589266149658798, -33.428074985072598 ], [ -70.589234702191803, -33.428101732597 ], [ -70.589097534513002, -33.428210937237203 ], [ -70.5890757487564, -33.4281923752078 ], [ -70.588904417352197, -33.428332105454103 ], [ -70.588988420222194, -33.428405076318299 ], [ -70.588919010289601, -33.428468959104798 ], [ -70.588990611520003, -33.428525308365202 ], [ -70.588398265250703, -33.429044242191203 ], [ -70.588389652815806, -33.429038136138097 ], [ -70.588323884965902, -33.428991507585401 ], [ -70.588264784603595, -33.429040998097797 ], [ -70.588137774776797, -33.429147354363202 ], [ -70.587888515242497, -33.429366419433997 ], [ -70.587950154749706, -33.429424363236599 ], [ -70.587243593946098, -33.430051891714903 ], [ -70.587229616605796, -33.430041003265003 ], [ -70.587161322899505, -33.429987803175003 ], [ -70.587128173673094, -33.430016206993798 ], [ -70.586842272438204, -33.430261177146498 ], [ -70.586909104270603, -33.430316906835898 ], [ -70.587160116770207, -33.430526220580099 ], [ -70.587342486822195, -33.430650096662099 ], [ -70.587542156131207, -33.430787629378102 ], [ -70.587663007368903, -33.4308555741489 ], [ -70.587726668520702, -33.430886748141504 ], [ -70.587837299364693, -33.430934940775003 ], [ -70.588136105439602, -33.431036822244998 ], [ -70.588438166223497, -33.431116293903898 ], [ -70.589070733160696, -33.431277537191797 ], [ -70.590162451196605, -33.431554534335199 ], [ -70.590267084745307, -33.431581510183001 ], [ -70.590361309660807, -33.431605465711598 ], [ -70.590363830704206, -33.431606107050598 ], [ -70.590903326780193, -33.431743266819304 ], [ -70.591000819332905, -33.431764433836697 ], [ -70.591070102304698, -33.431620113940802 ], [ -70.591336421770293, -33.431071199346597 ], [ -70.591340324522903, -33.431063157177903 ], [ -70.591772392190805, -33.430172601517803 ], [ -70.591806656487805, -33.430091306532702 ], [ -70.592821421842999, -33.430400298627902 ], [ -70.593019797272802, -33.430453703904703 ], [ -70.593347878803897, -33.4305414427226 ], [ -70.5932944702501, -33.430625367648602 ], [ -70.592974025119901, -33.431296771997303 ], [ -70.592939495294502, -33.431346605593603 ], [ -70.592618470858696, -33.432108275045401 ], [ -70.592592256097902, -33.432173248208102 ], [ -70.592665500711107, -33.432193144407499 ], [ -70.593158108171096, -33.432320136646702 ], [ -70.593159923611196, -33.432320598509797 ], [ -70.593677310775007, -33.4324523449162 ], [ -70.593782095404805, -33.432475997054297 ], [ -70.5941108665168, -33.431594318757298 ], [ -70.594206886685896, -33.431612461176698 ], [ -70.594732744634499, -33.431742859713601 ], [ -70.594839102790502, -33.431770539078101 ], [ -70.5948697598579, -33.4317780421582 ], [ -70.594995693183293, -33.4318088623208 ], [ -70.595262512774994, -33.4318764306527 ], [ -70.595453711128897, -33.431933822912796 ], [ -70.595122070462807, -33.432820349127397 ], [ -70.595187389473494, -33.432837979351902 ], [ -70.595430903706003, -33.432901353218 ], [ -70.596212286673094, -33.433100039628002 ], [ -70.596307723166802, -33.433126371156398 ], [ -70.596401017602105, -33.433150791240202 ], [ -70.596770762836101, -33.433245318056002 ], [ -70.596781665670704, -33.4332481050144 ], [ -70.596878071936402, -33.433272751604598 ], [ -70.597385847300899, -33.433400544230999 ], [ -70.597503859722394, -33.4334302436393 ], [ -70.597599876929394, -33.433457996087 ], [ -70.597611279097904, -33.433461322148702 ], [ -70.597835899991594, -33.433526842033203 ], [ -70.598391749397706, -33.433670299942698 ], [ -70.598600760905796, -33.433720445831298 ], [ -70.598720195481107, -33.433752925930598 ], [ -70.599273571659097, -33.433898084623699 ], [ -70.599519383503903, -33.4339592148199 ], [ -70.599604497719795, -33.433980716832203 ], [ -70.600432694523107, -33.434202510449403 ], [ -70.600527087041797, -33.4342243997949 ], [ -70.600596238562204, -33.434249242843997 ], [ -70.600798972628795, -33.434305448783803 ], [ -70.601045721976305, -33.434370888107601 ], [ -70.601086867962493, -33.434381799300802 ], [ -70.601243947688701, -33.433922553917903 ], [ -70.601107651611002, -33.433892817335099 ], [ -70.601397374108103, -33.432803642152997 ], [ -70.601400698265905, -33.432791143070602 ], [ -70.601427002529505, -33.432796790639401 ], [ -70.601460983483506, -33.4328040850096 ], [ -70.601599243122493, -33.432372398810301 ], [ -70.601635137513099, -33.4323804016135 ], [ -70.601752842939106, -33.431973336600798 ], [ -70.601710667226598, -33.431963575220998 ], [ -70.601635664813202, -33.431946216912699 ], [ -70.601646328931693, -33.431905922235401 ], [ -70.601894320619806, -33.430968865333703 ], [ -70.601910576982206, -33.430970802596597 ], [ -70.602084426148807, -33.430281560741598 ], [ -70.602049145755302, -33.430275903910903 ], [ -70.601912488029299, -33.430253989890502 ], [ -70.601949667686796, -33.430109150030503 ], [ -70.601661919236804, -33.430049188409797 ], [ -70.601656834499806, -33.430066897601598 ], [ -70.601637444706199, -33.430134425897698 ], [ -70.601364474046207, -33.430088075308298 ], [ -70.601370995656495, -33.430055778413397 ], [ -70.601086791265899, -33.4299986023453 ], [ -70.601113292148099, -33.429892078010198 ], [ -70.600718335994102, -33.429808795292601 ], [ -70.600710973304103, -33.429833841431801 ], [ -70.600656569377193, -33.430018906033801 ], [ -70.600053254270804, -33.429892637083903 ], [ -70.600095996076007, -33.429740567177497 ], [ -70.599785175318004, -33.4296734749528 ], [ -70.599771805292207, -33.4297154565662 ], [ -70.599714187066496, -33.429896378639903 ], [ -70.599281971950703, -33.429810721275103 ], [ -70.599272582427901, -33.429841861932097 ], [ -70.598787426698493, -33.429729461654297 ], [ -70.598850110266696, -33.429531284763399 ], [ -70.598579774063396, -33.429475512206103 ], [ -70.598571924226704, -33.429492265810602 ], [ -70.5982450337644, -33.429424548958103 ], [ -70.598238316509295, -33.429445472466398 ], [ -70.598235611110297, -33.429453900727303 ], [ -70.598223653957604, -33.429451075170199 ], [ -70.5979052821191, -33.429375836328397 ], [ -70.597945510177496, -33.429241695529903 ], [ -70.597642027689602, -33.429178634616903 ], [ -70.597653490368899, -33.429142507260003 ], [ -70.597586350329806, -33.429130143223297 ], [ -70.597529325610907, -33.429119641894999 ], [ -70.597193583761197, -33.429050949545001 ], [ -70.597185841942107, -33.429076136554102 ], [ -70.597147927406198, -33.429199476694201 ], [ -70.597119753312299, -33.429193551060102 ], [ -70.596442310908998, -33.429051078722097 ], [ -70.596434400328903, -33.429079454951903 ], [ -70.596426288917698, -33.4291085525306 ], [ -70.596395423895601, -33.429100925337401 ], [ -70.596251909773201, -33.429065461115599 ], [ -70.596268106597293, -33.429017530118401 ], [ -70.595836266529204, -33.4289199875899 ], [ -70.595785646852505, -33.428909416552798 ], [ -70.595466107495994, -33.428842688912802 ], [ -70.595457391737099, -33.428864286416498 ], [ -70.595453040565104, -33.428875069750603 ], [ -70.595412058754206, -33.428864721765102 ], [ -70.5951248341227, -33.428792198924398 ], [ -70.595114909154702, -33.428821721071401 ], [ -70.595016990590196, -33.429112999678402 ], [ -70.594981719598096, -33.429104574763301 ], [ -70.594701820381204, -33.429037712254598 ], [ -70.594164509909305, -33.428919229466104 ], [ -70.594027620336803, -33.428882361703003 ], [ -70.593790842868998, -33.428835114187599 ], [ -70.593606641448304, -33.428807676701801 ], [ -70.593484776445607, -33.428769209283203 ], [ -70.593254980407906, -33.4287755483846 ], [ -70.593174328725397, -33.428776584595603 ], [ -70.593117934179404, -33.428780694617998 ], [ -70.593049504314905, -33.428788342021299 ], [ -70.592973133399695, -33.4288028632959 ], [ -70.592852648315699, -33.428831491369202 ], [ -70.592768396961503, -33.4288562675317 ], [ -70.592644314256304, -33.4289086364928 ], [ -70.592715416505001, -33.428826485754499 ], [ -70.592738375287695, -33.428758489928001 ], [ -70.592753208610901, -33.428687216572101 ], [ -70.592752404857194, -33.428643220831297 ], [ -70.592739317475093, -33.428589228172299 ], [ -70.592722013376402, -33.4285251358816 ], [ -70.592676109760106, -33.428441102430298 ], [ -70.592753223406106, -33.428467192370299 ], [ -70.592814080753698, -33.428486719171403 ], [ -70.593188170045494, -33.428651163188199 ], [ -70.593265944011605, -33.428682116044797 ], [ -70.593310244388206, -33.428699747732203 ], [ -70.593458687337403, -33.428360249221001 ], [ -70.593306852665407, -33.428304933503199 ], [ -70.593314952381405, -33.428280968616399 ], [ -70.593220324298102, -33.4282416206782 ], [ -70.593231224566196, -33.428215232651098 ], [ -70.592766666883904, -33.428020767012001 ], [ -70.592468057581698, -33.427867595722702 ], [ -70.592504409379103, -33.427801272198302 ], [ -70.592065287044207, -33.427572376016599 ], [ -70.592122673063201, -33.427451029270799 ], [ -70.5921430267598, -33.427407990175197 ], [ -70.592005821247596, -33.427358650853201 ], [ -70.591762245362801, -33.427271060855098 ], [ -70.5917135931155, -33.427314097878998 ], [ -70.591665349377294, -33.427356773415099 ], [ -70.591654658114194, -33.427348146578503 ], [ -70.591068065135204, -33.426874806024699 ], [ -70.591057959705196, -33.426882775358301 ] ] ] ] } },
{ "type": "Feature", "properties": { "id": "ipt_13_prc_providencia_mono.9", "Name": null, "description": null, "timestamp": null, "begin": null, "end": null, "altitudeMode": null, "tessellate": -1, "extrude": 0, "visibility": -1, "drawOrder": null, "icon": null, "REG": "Metropolitana", "COM": "Providencia", "LOC": "Providencia", "ZONA": "UR", "NOM": "UR Zona de Uso Residencial", "UPERM": "Revisar ordenaza local", "UPROH": "Revisar ordenaza local", "P_DO": "23/01/2007", "N_DOC": "101", "T_DO": "Decreto", "OBS": null }, "geometry": { "type": "MultiPolygon", "coordinates": [ [ [ [ -70.597970413639104, -33.422114868112601 ], [ -70.597962403148799, -33.422143604669003 ], [ -70.597907598671597, -33.422134288693201 ], [ -70.597845437666393, -33.422282551753803 ], [ -70.597660652033497, -33.422768865634097 ], [ -70.596793586342997, -33.422573645404697 ], [ -70.596380243549604, -33.422482549505901 ], [ -70.596222628245599, -33.422997093563197 ], [ -70.596051328194505, -33.422966131386602 ], [ -70.596010462111494, -33.423096462427701 ], [ -70.5956220561945, -33.423019377820502 ], [ -70.595539189475204, -33.423308807516598 ], [ -70.595510233291705, -33.423302171873097 ], [ -70.595264042759794, -33.4232457563607 ], [ -70.595185571573197, -33.423522975224003 ], [ -70.595204861437907, -33.423527499625003 ], [ -70.595163516998696, -33.423639582455998 ], [ -70.595104967199106, -33.423627808123101 ], [ -70.595078714124099, -33.423709274220698 ], [ -70.595031630774102, -33.423702124896998 ], [ -70.595002038901598, -33.423795564333901 ], [ -70.594924888017999, -33.423778063495803 ], [ -70.594888927855706, -33.423873374956401 ], [ -70.5946039821456, -33.423813209809701 ], [ -70.594522809970698, -33.424048668230597 ], [ -70.594491050191607, -33.424041818591 ], [ -70.594326709018802, -33.424006375341101 ], [ -70.594246928382006, -33.424275934932403 ], [ -70.594205891869507, -33.424272644988697 ], [ -70.594143273509303, -33.424458612585497 ], [ -70.594011024722604, -33.424446949994604 ], [ -70.593979223102707, -33.4245752546978 ], [ -70.593762597053299, -33.424828503610499 ], [ -70.593814336804897, -33.424858072773098 ], [ -70.593849366167305, -33.424878091582201 ], [ -70.5937354190105, -33.425061338575098 ], [ -70.593544184014704, -33.425234267785903 ], [ -70.593533799501103, -33.425243656787998 ], [ -70.593442046675406, -33.425326627050602 ], [ -70.593410219758695, -33.425298645237397 ], [ -70.5931992889805, -33.425119880243699 ], [ -70.592906952587199, -33.425316460272903 ], [ -70.592892921336102, -33.425305618237701 ], [ -70.592636838867605, -33.425474629031001 ], [ -70.592636878235695, -33.425474664599001 ], [ -70.592860830301106, -33.425677937579401 ], [ -70.592893190058902, -33.4257040034976 ], [ -70.592775444806804, -33.425800960970498 ], [ -70.592743041450206, -33.425772508416898 ], [ -70.592557906033605, -33.425612181888901 ], [ -70.592201101033993, -33.425880014520502 ], [ -70.592254667361601, -33.425928619418499 ], [ -70.592341479031802, -33.425998248530902 ], [ -70.592391626068604, -33.426038470497602 ], [ -70.592427150227493, -33.426066963331202 ], [ -70.592031267919495, -33.426389675409503 ], [ -70.592418497745598, -33.4266801799169 ], [ -70.592651197594606, -33.426831812558 ], [ -70.592930056655405, -33.426996451535899 ], [ -70.592958931041196, -33.426938271029101 ], [ -70.592848409935897, -33.426878760723497 ], [ -70.593065887449299, -33.4265008747523 ], [ -70.593322581179507, -33.426649649295697 ], [ -70.593187104154694, -33.426899589156903 ], [ -70.593486580501803, -33.426994804560699 ], [ -70.593380786381402, -33.427267424086303 ], [ -70.593040751581896, -33.4271876088958 ], [ -70.592969447720805, -33.427314562092 ], [ -70.593321776953402, -33.427420661382598 ], [ -70.593318937906503, -33.427428685435999 ], [ -70.593308708742697, -33.4274575963072 ], [ -70.593301108899894, -33.427479072013803 ], [ -70.5938058989517, -33.427634084483699 ], [ -70.593833538367903, -33.4276425717607 ], [ -70.593799118798202, -33.427742285706998 ], [ -70.593793000373097, -33.4277600124014 ], [ -70.594056801968406, -33.427833488835098 ], [ -70.594058709076805, -33.427828380662397 ], [ -70.594062450442394, -33.427818356442998 ], [ -70.594622320206497, -33.426318501882299 ], [ -70.594623875568004, -33.426314335233201 ], [ -70.594690684106396, -33.426135356006 ], [ -70.595140842345401, -33.426265055784803 ], [ -70.595644409924105, -33.426402385237402 ], [ -70.596081333530293, -33.426517875651001 ], [ -70.596513642346395, -33.426632145109103 ], [ -70.596583153771405, -33.426652720223501 ], [ -70.596618127930398, -33.426663072140201 ], [ -70.596675248488197, -33.426675494501403 ], [ -70.596631759795002, -33.426791969361297 ], [ -70.596083969007694, -33.428259082705303 ], [ -70.596526723210204, -33.428353828005797 ], [ -70.596574506545707, -33.428364052884 ], [ -70.596634460743502, -33.428153978138099 ], [ -70.596961348909304, -33.428211266934397 ], [ -70.596998685788904, -33.428217810508002 ], [ -70.597007428088304, -33.428184709630401 ], [ -70.597011459281205, -33.428169446432399 ], [ -70.597352109157896, -33.428248095529703 ], [ -70.597273840851201, -33.428511576082002 ], [ -70.597694716861596, -33.428608331394599 ], [ -70.597756042511506, -33.4286183705089 ], [ -70.597793288455094, -33.428507318213697 ], [ -70.597801373561495, -33.428483209850903 ], [ -70.598431912799995, -33.4286233718788 ], [ -70.5984839436708, -33.428634937305901 ], [ -70.5986744425106, -33.428677282073203 ], [ -70.5986202807171, -33.428814341602703 ], [ -70.599052767670798, -33.428893134000198 ], [ -70.5990756688593, -33.428821447510899 ], [ -70.599986709019305, -33.429008797143602 ], [ -70.599980693667007, -33.429028383278897 ], [ -70.600288169684006, -33.429087872453003 ], [ -70.600317632630805, -33.429093573308201 ], [ -70.600348006108504, -33.4290026288568 ], [ -70.600354048767102, -33.428984534891498 ], [ -70.600588329592995, -33.429035199239003 ], [ -70.600511449951298, -33.429265257915702 ], [ -70.600857124621399, -33.429333133000803 ], [ -70.600887964204503, -33.429226480543697 ], [ -70.601113313654807, -33.429271824720402 ], [ -70.601116045986601, -33.429272374732598 ], [ -70.601834576969907, -33.4294169537146 ], [ -70.601800553010307, -33.429542356104498 ], [ -70.602094212906707, -33.429600716957502 ], [ -70.602132435894006, -33.429608312585998 ], [ -70.6021677723636, -33.429484884409099 ], [ -70.602172547889097, -33.429468207284998 ], [ -70.602271329586102, -33.429485431206999 ], [ -70.602310450372897, -33.429492252227597 ], [ -70.602315558416606, -33.429473303586697 ], [ -70.602345171307107, -33.429363438978797 ], [ -70.602348813243395, -33.429349926608602 ], [ -70.602385447943703, -33.429210780635302 ], [ -70.602424833272806, -33.429216669312702 ], [ -70.602469422453197, -33.429223335749803 ], [ -70.602563173526207, -33.428883050174697 ], [ -70.602530500855806, -33.428876927790803 ], [ -70.602629966646703, -33.428546403727701 ], [ -70.602631928995393, -33.428539880639299 ], [ -70.602656366206901, -33.428545599897802 ], [ -70.602682659173894, -33.428551752397802 ], [ -70.602819067688898, -33.428055711150897 ], [ -70.602742478448405, -33.428038859147499 ], [ -70.602708764801605, -33.428031440793298 ], [ -70.602812992304806, -33.427700313925499 ], [ -70.602756983384396, -33.427687595975698 ], [ -70.602693686337503, -33.427673222632301 ], [ -70.602695802065497, -33.427665741614099 ], [ -70.6027389898737, -33.427513077982098 ], [ -70.603002062121206, -33.427571227002801 ], [ -70.603141961302498, -33.427037015147398 ], [ -70.603094908791405, -33.427026759905303 ], [ -70.603016459509206, -33.427009660647101 ], [ -70.603121856579193, -33.426611177394598 ], [ -70.602989813971206, -33.4265799555657 ], [ -70.603018947627007, -33.426492963027997 ], [ -70.602995797285701, -33.426487535623203 ], [ -70.603041847669004, -33.426334668936803 ], [ -70.603044072589597, -33.426327280291602 ], [ -70.603234154616302, -33.426365196385603 ], [ -70.603296839938807, -33.426377700658399 ], [ -70.603366584592607, -33.426153720763701 ], [ -70.603316803281999, -33.426143136536801 ], [ -70.603379086130104, -33.425952804110899 ], [ -70.603383537136594, -33.425939205493499 ], [ -70.603509686025902, -33.425963227115503 ], [ -70.603540767534994, -33.425969146180798 ], [ -70.603640332495701, -33.425565082486202 ], [ -70.603277051207002, -33.4254934239598 ], [ -70.603408252059793, -33.424989127158803 ], [ -70.603356659981102, -33.424978351710202 ], [ -70.602294985124303, -33.424756614985498 ], [ -70.602175496490304, -33.4247314689284 ], [ -70.602350975322494, -33.424082953829704 ], [ -70.602599138713003, -33.423221978857001 ], [ -70.602602458930207, -33.423210461884601 ], [ -70.602610560202393, -33.423182355169303 ], [ -70.602234542378, -33.423100119800303 ], [ -70.602227428965605, -33.423131658746399 ], [ -70.602208230874894, -33.423216783131203 ], [ -70.602166298672202, -33.423208162206002 ], [ -70.600937856449505, -33.422955592086602 ], [ -70.600985232418694, -33.422810731683597 ], [ -70.601015397798307, -33.422718494680801 ], [ -70.600909173064693, -33.422696168402197 ], [ -70.600603990276895, -33.422632021613602 ], [ -70.600587631959201, -33.4226944630988 ], [ -70.600556789612696, -33.422812186538501 ], [ -70.600542612119497, -33.422808932612803 ], [ -70.600423911958003, -33.422781688680899 ], [ -70.600415189020893, -33.422811881121198 ], [ -70.600403844923207, -33.422851144694903 ], [ -70.600375822512603, -33.4228452367459 ], [ -70.599899142963693, -33.422744735044198 ], [ -70.599923438959905, -33.4226842375069 ], [ -70.599933648773899, -33.422658815572703 ], [ -70.598355616670702, -33.422314169419401 ], [ -70.598304534060603, -33.422304315054099 ], [ -70.598343940736498, -33.422198658349302 ], [ -70.597970413639104, -33.422114868112601 ] ], [ [ -70.600597306973199, -33.427492229161899 ], [ -70.600604437037006, -33.427557688908699 ], [ -70.600561654760995, -33.427623148973602 ], [ -70.600490351234001, -33.427635050931201 ], [ -70.600397656087097, -33.427623148991898 ], [ -70.600368263915499, -33.427622331578497 ], [ -70.6003762649827, -33.427593394808802 ], [ -70.6003049609496, -33.427557688724399 ], [ -70.600319221454995, -33.4275041313104 ], [ -70.600362003861903, -33.427438671324403 ], [ -70.600504611835504, -33.427426769042697 ], [ -70.600597306973199, -33.427492229161899 ] ] ] ] } },
{ "type": "Feature", "properties": { "id": "ipt_13_prc_providencia_mono.10", "Name": null, "description": null, "timestamp": null, "begin": null, "end": null, "altitudeMode": null, "tessellate": -1, "extrude": 0, "visibility": -1, "drawOrder": null, "icon": null, "REG": "Metropolitana", "COM": "Providencia", "LOC": "Providencia", "ZONA": "PzV", "NOM": "PzV Plaxas Vecinales", "UPERM": "Según art. 2.3 de la Ordenanza Local", "UPROH": "Según art. 2.3 de la Ordenanza Local", "P_DO": "23/01/2007", "N_DOC": "101", "T_DO": "Decreto", "OBS": null }, "geometry": { "type": "MultiPolygon", "coordinates": [ [ [ [ -70.604444055659798, -33.427975467136797 ], [ -70.604470551699194, -33.427975124316902 ], [ -70.604500937559195, -33.427964473683502 ], [ -70.604518496632195, -33.427921509400903 ], [ -70.604539342525598, -33.427835765500099 ], [ -70.604524665741494, -33.427813732371803 ], [ -70.604501964145399, -33.427798640791302 ], [ -70.604450723543394, -33.427783918460101 ], [ -70.604395440162605, -33.427770957391402 ], [ -70.604293209559302, -33.4277551857137 ], [ -70.604256648958199, -33.427762497318703 ], [ -70.604232564763095, -33.427783322044498 ], [ -70.6042056967203, -33.427874272544003 ], [ -70.604210371665204, -33.4279066916774 ], [ -70.6042290629658, -33.4279252540504 ], [ -70.604268071206903, -33.427940134722803 ], [ -70.604337657284603, -33.427954620685597 ], [ -70.604444055659798, -33.427975467136797 ] ] ] ] } },
{ "type": "Feature", "properties": { "id": "ipt_13_prc_providencia_mono.11", "Name": null, "description": null, "timestamp": null, "begin": null, "end": null, "altitudeMode": null, "tessellate": -1, "extrude": 0, "visibility": -1, "drawOrder": null, "icon": null, "REG": "Metropolitana", "COM": "Providencia", "LOC": "Providencia", "ZONA": "PzV", "NOM": "PzV Plaxas Vecinales", "UPERM": "Según art. 2.3 de la Ordenanza Local", "UPROH": "Según art. 2.3 de la Ordenanza Local", "P_DO": "23/01/2007", "N_DOC": "101", "T_DO": "Decreto", "OBS": null }, "geometry": { "type": "MultiPolygon", "coordinates": [ [ [ [ -70.617114656178202, -33.4283210924443 ], [ -70.617320661431805, -33.4283668685324 ], [ -70.617427475271498, -33.428027351924698 ], [ -70.617480883770995, -33.427939611246799 ], [ -70.617610589263506, -33.4278366119079 ], [ -70.617793702926605, -33.427760315179398 ], [ -70.617570921582498, -33.427657375933897 ], [ -70.617348141828003, -33.4275544362565 ], [ -70.617199714131004, -33.427470641039797 ], [ -70.617058307032494, -33.427605426155502 ], [ -70.617003949201901, -33.427661188301101 ], [ -70.616963903967502, -33.427705613528097 ], [ -70.616731188670897, -33.4280269300531 ], [ -70.616679756976197, -33.428092207934597 ], [ -70.616734290855106, -33.428120908448399 ], [ -70.617114656178202, -33.4283210924443 ] ] ] ] } },
{ "type": "Feature", "properties": { "id": "ipt_13_prc_providencia_mono.12", "Name": null, "description": null, "timestamp": null, "begin": null, "end": null, "altitudeMode": null, "tessellate": -1, "extrude": 0, "visibility": -1, "drawOrder": null, "icon": null, "REG": "Metropolitana", "COM": "Providencia", "LOC": "Providencia", "ZONA": "PzV", "NOM": "PzV Plaxas Vecinales", "UPERM": "Según art. 2.3 de la Ordenanza Local", "UPROH": "Según art. 2.3 de la Ordenanza Local", "P_DO": "23/01/2007", "N_DOC": "101", "T_DO": "Decreto", "OBS": null }, "geometry": { "type": "MultiPolygon", "coordinates": [ [ [ [ -70.612984012494096, -33.434982019901398 ], [ -70.613231151169998, -33.435012251893397 ], [ -70.613467666897506, -33.434138664677697 ], [ -70.613101436124794, -33.434062371109 ], [ -70.6127580954861, -33.434001336250603 ], [ -70.612513949944997, -33.4349245158812 ], [ -70.612922991915198, -33.434974554695401 ], [ -70.612984012494096, -33.434982019901398 ] ] ] ] } },
{ "type": "Feature", "properties": { "id": "ipt_13_prc_providencia_mono.13", "Name": null, "description": null, "timestamp": null, "begin": null, "end": null, "altitudeMode": null, "tessellate": -1, "extrude": 0, "visibility": -1, "drawOrder": null, "icon": null, "REG": "Metropolitana", "COM": "Providencia", "LOC": "Providencia", "ZONA": "PzV", "NOM": "PzV Plaxas Vecinales", "UPERM": "Según art. 2.3 de la Ordenanza Local", "UPROH": "Según art. 2.3 de la Ordenanza Local", "P_DO": "23/01/2007", "N_DOC": "101", "T_DO": "Decreto", "OBS": null }, "geometry": { "type": "MultiPolygon", "coordinates": [ [ [ [ -70.611138938186201, -33.438445560485 ], [ -70.612496512383402, -33.438758003642 ], [ -70.612849457146098, -33.437650280282099 ], [ -70.612867411390198, -33.437572476481201 ], [ -70.612507920996705, -33.437442254327401 ], [ -70.612197707380304, -33.437315351234602 ], [ -70.611854279490601, -33.4371682001048 ], [ -70.611601191202197, -33.4370669503976 ], [ -70.611564934549307, -33.4371460209194 ], [ -70.611138938186201, -33.438445560485 ] ] ] ] } },
{ "type": "Feature", "properties": { "id": "ipt_13_prc_providencia_mono.14", "Name": null, "description": null, "timestamp": null, "begin": null, "end": null, "altitudeMode": null, "tessellate": -1, "extrude": 0, "visibility": -1, "drawOrder": null, "icon": null, "REG": "Metropolitana", "COM": "Providencia", "LOC": "Providencia", "ZONA": "PqI", "NOM": "Pql Parques Intercomunal", "UPERM": "Según art. 2.3.02 de la Ordenanza Local", "UPROH": "Según art. 2.3.02 de la Ordenanza Local", "P_DO": "23/01/2007", "N_DOC": "101", "T_DO": "Decreto", "OBS": null }, "geometry": { "type": "MultiPolygon", "coordinates": [ [ [ [ -70.6112421119809, -33.438615751094503 ], [ -70.610250127308305, -33.441927387121801 ], [ -70.610854460766504, -33.442035316566603 ], [ -70.6110372451475, -33.442038668178 ], [ -70.611317234207306, -33.441938015861197 ], [ -70.611493911233495, -33.4418924297769 ], [ -70.611691876033305, -33.441885561948901 ], [ -70.612187137439307, -33.441978163802403 ], [ -70.6122924804029, -33.441997859821903 ], [ -70.612302583351806, -33.441962679626101 ], [ -70.612324009500298, -33.441887632773202 ], [ -70.612313873208294, -33.4418782205003 ], [ -70.612129550572604, -33.441645586354497 ], [ -70.612406811154102, -33.440802071803901 ], [ -70.6124232083762, -33.440765351473999 ], [ -70.612442616419401, -33.440752929738203 ], [ -70.612464745068905, -33.440749063472502 ], [ -70.612509059011799, -33.440606036382199 ], [ -70.612491920278202, -33.440602679913098 ], [ -70.611866771466794, -33.440133349837701 ], [ -70.612276547471396, -33.439760800070303 ], [ -70.612077970926606, -33.4395958784811 ], [ -70.612395143290101, -33.439294684125997 ], [ -70.612116360668097, -33.439086422807698 ], [ -70.612340761947195, -33.438868946200103 ], [ -70.612296719054598, -33.438858797046898 ], [ -70.6112421119809, -33.438615751094503 ] ] ] ] } },
{ "type": "Feature", "properties": { "id": "ipt_13_prc_providencia_mono.15", "Name": null, "description": null, "timestamp": null, "begin": null, "end": null, "altitudeMode": null, "tessellate": -1, "extrude": 0, "visibility": -1, "drawOrder": null, "icon": null, "REG": "Metropolitana", "COM": "Providencia", "LOC": "Providencia", "ZONA": "PzV", "NOM": "PzV Plaxas Vecinales", "UPERM": "Según art. 2.3 de la Ordenanza Local", "UPROH": "Según art. 2.3 de la Ordenanza Local", "P_DO": "23/01/2007", "N_DOC": "101", "T_DO": "Decreto", "OBS": null }, "geometry": { "type": "MultiPolygon", "coordinates": [ [ [ [ -70.590383487598103, -33.444405582492202 ], [ -70.5903876392196, -33.444412024256302 ], [ -70.591028538394198, -33.444076319249 ], [ -70.591011490639602, -33.4438916562804 ], [ -70.590782826798801, -33.443938522559499 ], [ -70.590590025212904, -33.443979174611101 ], [ -70.590476985883299, -33.444023574752002 ], [ -70.590341269731695, -33.444073038200301 ], [ -70.590210815960205, -33.444137650680602 ], [ -70.590212719061299, -33.444140604132301 ], [ -70.590383487598103, -33.444405582492202 ] ] ] ] } },
{ "type": "Feature", "properties": { "id": "ipt_13_prc_providencia_mono.16", "Name": null, "description": null, "timestamp": null, "begin": null, "end": null, "altitudeMode": null, "tessellate": -1, "extrude": 0, "visibility": -1, "drawOrder": null, "icon": null, "REG": "Metropolitana", "COM": "Providencia", "LOC": "Providencia", "ZONA": "PzV", "NOM": "PzV Plaxas Vecinales", "UPERM": "Según art. 2.3 de la Ordenanza Local", "UPROH": "Según art. 2.3 de la Ordenanza Local", "P_DO": "23/01/2007", "N_DOC": "101", "T_DO": "Decreto", "OBS": null }, "geometry": { "type": "MultiPolygon", "coordinates": [ [ [ [ -70.593649286737701, -33.442911232392198 ], [ -70.593863054723897, -33.4432263849855 ], [ -70.593973629629005, -33.443168382238703 ], [ -70.594031956790104, -33.443245125230803 ], [ -70.594071085211993, -33.443015671390597 ], [ -70.594074456341204, -33.442995903102499 ], [ -70.594130849492402, -33.442678636491003 ], [ -70.593912587035902, -33.442657201383902 ], [ -70.593828659980304, -33.442664831275501 ], [ -70.593721842313499, -33.442680090894598 ], [ -70.593592136454106, -33.442722054874402 ], [ -70.593539467635907, -33.442749329685803 ], [ -70.593643410831206, -33.4429025700382 ], [ -70.593649286737701, -33.442911232392198 ] ] ] ] } },
{ "type": "Feature", "properties": { "id": "ipt_13_prc_providencia_mono.17", "Name": null, "description": null, "timestamp": null, "begin": null, "end": null, "altitudeMode": null, "tessellate": -1, "extrude": 0, "visibility": -1, "drawOrder": null, "icon": null, "REG": "Metropolitana", "COM": "Providencia", "LOC": "Providencia", "ZONA": "PzV", "NOM": "PzV Plaxas Vecinales", "UPERM": "Según art. 2.3 de la Ordenanza Local", "UPROH": "Según art. 2.3 de la Ordenanza Local", "P_DO": "23/01/2007", "N_DOC": "101", "T_DO": "Decreto", "OBS": null }, "geometry": { "type": "MultiPolygon", "coordinates": [ [ [ [ -70.613988701558696, -33.417459564501797 ], [ -70.614081453866703, -33.417538862477898 ], [ -70.614724999780094, -33.4170293267359 ], [ -70.614339927967706, -33.416671198350897 ], [ -70.614312002317803, -33.416693582846797 ], [ -70.614016863596305, -33.416930158844401 ], [ -70.613706334620005, -33.417170706780297 ], [ -70.613677215988304, -33.417193263578397 ], [ -70.613988701558696, -33.417459564501797 ] ] ] ] } },
{ "type": "Feature", "properties": { "id": "ipt_13_prc_providencia_mono.18", "Name": null, "description": null, "timestamp": null, "begin": null, "end": null, "altitudeMode": null, "tessellate": -1, "extrude": 0, "visibility": -1, "drawOrder": null, "icon": null, "REG": "Metropolitana", "COM": "Providencia", "LOC": "Providencia", "ZONA": "Espacio Público", "NOM": "Espacio Público", "UPERM": "Espacio Público", "UPROH": "Espacio Público", "P_DO": "23/01/2007", "N_DOC": "101", "T_DO": "Decreto", "OBS": null }, "geometry": { "type": "MultiPolygon", "coordinates": [ [ [ [ -70.621328936110601, -33.429730726093403 ], [ -70.621348147694604, -33.429794688071901 ], [ -70.621158272948094, -33.429773339649401 ], [ -70.621897964440393, -33.430265761194804 ], [ -70.622019392154002, -33.430130367150497 ], [ -70.622102660213301, -33.430012919922603 ], [ -70.622209039854795, -33.429905367310802 ], [ -70.6217002250078, -33.429589889948602 ], [ -70.621504243593606, -33.429467804265201 ], [ -70.621397557742497, -33.429544743980102 ], [ -70.621344565899506, -33.429602095387899 ], [ -70.621322822861998, -33.429643929803198 ], [ -70.621319159064697, -33.429689304705597 ], [ -70.621328936110601, -33.429730726093403 ] ] ] ] } },
{ "type": "Feature", "properties": { "id": "ipt_13_prc_providencia_mono.19", "Name": null, "description": null, "timestamp": null, "begin": null, "end": null, "altitudeMode": null, "tessellate": -1, "extrude": 0, "visibility": -1, "drawOrder": null, "icon": null, "REG": "Metropolitana", "COM": "Providencia", "LOC": "Providencia", "ZONA": "PzC", "NOM": "PzC Plazas Comunales", "UPERM": "Según art. 2.3 de la Ordenanza Local", "UPROH": "Según art. 2.3 de la Ordenanza Local", "P_DO": "23/01/2007", "N_DOC": "101", "T_DO": "Decreto", "OBS": null }, "geometry": { "type": "MultiPolygon", "coordinates": [ [ [ [ -70.627550583216205, -33.429812940381098 ], [ -70.627379384690997, -33.430290989858797 ], [ -70.6272832723362, -33.430253819653799 ], [ -70.626567978692194, -33.429854579264301 ], [ -70.626725881762695, -33.430163848961598 ], [ -70.626773182592501, -33.430239057117497 ], [ -70.626786870849003, -33.430260821802698 ], [ -70.627219224295899, -33.430948257652702 ], [ -70.627556429752602, -33.430781367245302 ], [ -70.627731211597904, -33.430695758263901 ], [ -70.627785381196205, -33.430670052926303 ], [ -70.627920848234396, -33.430607871694399 ], [ -70.627906331171303, -33.430465366441702 ], [ -70.627679984974307, -33.429856805107903 ], [ -70.627630927330799, -33.429811963378498 ], [ -70.627550583216205, -33.429812940381098 ] ] ] ] } },
{ "type": "Feature", "properties": { "id": "ipt_13_prc_providencia_mono.20", "Name": null, "description": null, "timestamp": null, "begin": null, "end": null, "altitudeMode": null, "tessellate": -1, "extrude": 0, "visibility": -1, "drawOrder": null, "icon": null, "REG": "Metropolitana", "COM": "Providencia", "LOC": "Providencia", "ZONA": "Espacio Público", "NOM": "Espacio Público", "UPERM": "Espacio Público", "UPROH": "Espacio Público", "P_DO": "23/01/2007", "N_DOC": "101", "T_DO": "Decreto", "OBS": null }, "geometry": { "type": "MultiPolygon", "coordinates": [ [ [ [ -70.626819261542494, -33.428667018488497 ], [ -70.6270758267503, -33.428836043725802 ], [ -70.627102056262004, -33.428786436113 ], [ -70.6272546502192, -33.428504140937001 ], [ -70.626905253348298, -33.4282934771702 ], [ -70.626735818433204, -33.428191331016798 ], [ -70.626711518014602, -33.428172034055102 ], [ -70.626514704302807, -33.428288073366801 ], [ -70.626726566325303, -33.428466674267298 ], [ -70.626657639165302, -33.428524199052298 ], [ -70.626845405772798, -33.428633296907201 ], [ -70.626819261542494, -33.428667018488497 ] ] ] ] } },
{ "type": "Feature", "properties": { "id": "ipt_13_prc_providencia_mono.21", "Name": null, "description": null, "timestamp": null, "begin": null, "end": null, "altitudeMode": null, "tessellate": -1, "extrude": 0, "visibility": -1, "drawOrder": null, "icon": null, "REG": "Metropolitana", "COM": "Providencia", "LOC": "Providencia", "ZONA": "PqI", "NOM": "Pql Parques Intercomunal", "UPERM": "Según art. 2.3.02 de la Ordenanza Local", "UPROH": "Según art. 2.3.02 de la Ordenanza Local", "P_DO": "23/01/2007", "N_DOC": "101", "T_DO": "Decreto", "OBS": null }, "geometry": { "type": "MultiPolygon", "coordinates": [ [ [ [ -70.625378067970303, -33.432449784367101 ], [ -70.625465884444907, -33.4325221153359 ], [ -70.625686023095497, -33.432725053401398 ], [ -70.625799857771796, -33.432835395175502 ], [ -70.625812529317102, -33.432847677005498 ], [ -70.625938140969396, -33.432969433818897 ], [ -70.626002455269301, -33.433031772749402 ], [ -70.626009641111295, -33.433038738052801 ], [ -70.626019168938697, -33.433047974117102 ], [ -70.626190261340099, -33.433213813657503 ], [ -70.626521007192807, -33.433546774735902 ], [ -70.626798111885506, -33.433784182634902 ], [ -70.627021618986504, -33.433995519633299 ], [ -70.627151320339095, -33.434105237947101 ], [ -70.6273225003318, -33.4342486921391 ], [ -70.627366930333906, -33.434283186628797 ], [ -70.627371761012995, -33.434286937070098 ], [ -70.627550474569105, -33.434425684602303 ], [ -70.627741514651007, -33.4345388844159 ], [ -70.627753202429204, -33.434545343204 ], [ -70.628097513553797, -33.4347356225936 ], [ -70.628123974431304, -33.434748328238904 ], [ -70.628157318618605, -33.434764338885103 ], [ -70.628169923901197, -33.434770391484903 ], [ -70.628486164688098, -33.434922238901002 ], [ -70.629075718880202, -33.4351660609032 ], [ -70.629149373542205, -33.435196521949997 ], [ -70.629462033620698, -33.435338475688397 ], [ -70.629892566103194, -33.435543758676403 ], [ -70.629904373112694, -33.435549387808202 ], [ -70.630131401593701, -33.435657636758897 ], [ -70.6304347447834, -33.435782294327197 ], [ -70.630453823606601, -33.435790134664302 ], [ -70.630508056443105, -33.435812421772297 ], [ -70.6307062711941, -33.435893876410503 ], [ -70.630723131178698, -33.435900804376701 ], [ -70.630906962081895, -33.435976347884399 ], [ -70.630910376583302, -33.435977751310503 ], [ -70.6310521292164, -33.436036002658902 ], [ -70.631281144899901, -33.4361301132788 ], [ -70.6318238418188, -33.436322282741202 ], [ -70.6323665421058, -33.436514448833499 ], [ -70.632773086399695, -33.436664556823303 ], [ -70.632887502647094, -33.436686970181498 ], [ -70.632987297904194, -33.4366896419615 ], [ -70.633475299371696, -33.436677799229699 ], [ -70.634002948416395, -33.436671848598799 ], [ -70.634330946578999, -33.436648047895403 ], [ -70.634580510537901, -33.436636147411697 ], [ -70.634858595175103, -33.436695649651099 ], [ -70.635323922311699, -33.4368320842377 ], [ -70.635326289015495, -33.436826653772499 ], [ -70.635365182202804, -33.4364045140955 ], [ -70.635090265995501, -33.436401548345998 ], [ -70.634513366155105, -33.436395323424897 ], [ -70.634160133867894, -33.436378928973703 ], [ -70.633876668471899, -33.436353007117802 ], [ -70.6336371273715, -33.436311678011201 ], [ -70.633219237713206, -33.436191140867898 ], [ -70.632980382595093, -33.436080578814398 ], [ -70.632405940916499, -33.435814675824297 ], [ -70.632384750178403, -33.435804867846201 ], [ -70.631319172460096, -33.435311611824801 ], [ -70.6312296047237, -33.4352695691083 ], [ -70.629106675845506, -33.434273043228202 ], [ -70.628419281157505, -33.433926186970098 ], [ -70.628016877357098, -33.433686799928203 ], [ -70.627649426200406, -33.4334247090679 ], [ -70.627541916369694, -33.433331198972503 ], [ -70.627518335956395, -33.433310688816498 ], [ -70.627011211779404, -33.432869599474799 ], [ -70.625977526719296, -33.4319711998453 ], [ -70.625959906671099, -33.431957657225603 ], [ -70.625794484862297, -33.432052623797603 ], [ -70.625378067970303, -33.432449784367101 ] ] ] ] } },
{ "type": "Feature", "properties": { "id": "ipt_13_prc_providencia_mono.22", "Name": null, "description": null, "timestamp": null, "begin": null, "end": null, "altitudeMode": null, "tessellate": -1, "extrude": 0, "visibility": -1, "drawOrder": null, "icon": null, "REG": "Metropolitana", "COM": "Providencia", "LOC": "Providencia", "ZONA": "PzC", "NOM": "PzC Plazas Comunales", "UPERM": "Según art. 2.3 de la Ordenanza Local", "UPROH": "Según art. 2.3 de la Ordenanza Local", "P_DO": "23/01/2007", "N_DOC": "101", "T_DO": "Decreto", "OBS": null }, "geometry": { "type": "MultiPolygon", "coordinates": [ [ [ [ -70.606330459069, -33.439418124754297 ], [ -70.607150548863004, -33.439513219038098 ], [ -70.607168788267401, -33.439414420315401 ], [ -70.607207770338107, -33.439419114972502 ], [ -70.607301810280205, -33.439425400061403 ], [ -70.607732031020703, -33.439472370103097 ], [ -70.607794837959204, -33.439482814148299 ], [ -70.607879517285795, -33.439466703204197 ], [ -70.607893335436202, -33.439458539171397 ], [ -70.607922024093, -33.4394415887161 ], [ -70.607936292051605, -33.439425097628003 ], [ -70.607946927465306, -33.439412805689599 ], [ -70.607954747697093, -33.4393771287438 ], [ -70.608018093670395, -33.439134395783803 ], [ -70.608141090823196, -33.438601538532303 ], [ -70.608146039920996, -33.438563527891802 ], [ -70.608138313139705, -33.4385217172008 ], [ -70.607993827117397, -33.438518853806102 ], [ -70.607835755763901, -33.438513327443403 ], [ -70.607695593379503, -33.438499995963099 ], [ -70.607573338787901, -33.438478852226098 ], [ -70.6074414376655, -33.438455667226997 ], [ -70.607351460412701, -33.438426807163097 ], [ -70.606656587387306, -33.438291639105799 ], [ -70.606535428866493, -33.438796921109997 ], [ -70.606534926426093, -33.438799016267403 ], [ -70.606518713542798, -33.438866627595303 ], [ -70.606518283030098, -33.4388684233136 ], [ -70.606455932668496, -33.439128447971399 ], [ -70.606414059730099, -33.439270013853402 ], [ -70.606403542412195, -33.439301561891199 ], [ -70.606398206537705, -33.439313263778203 ], [ -70.606380686287395, -33.439341413351798 ], [ -70.606342867870893, -33.439397744875002 ], [ -70.606330459069, -33.439418124754297 ] ] ] ] } },
{ "type": "Feature", "properties": { "id": "ipt_13_prc_providencia_mono.23", "Name": null, "description": null, "timestamp": null, "begin": null, "end": null, "altitudeMode": null, "tessellate": -1, "extrude": 0, "visibility": -1, "drawOrder": null, "icon": null, "REG": "Metropolitana", "COM": "Providencia", "LOC": "Providencia", "ZONA": "PzC", "NOM": "PzC Plazas Comunales", "UPERM": "Según art. 2.3 de la Ordenanza Local", "UPROH": "Según art. 2.3 de la Ordenanza Local", "P_DO": "23/01/2007", "N_DOC": "101", "T_DO": "Decreto", "OBS": null }, "geometry": { "type": "MultiPolygon", "coordinates": [ [ [ [ -70.600781754228805, -33.436901549613303 ], [ -70.600831275499303, -33.436912704453299 ], [ -70.600902011331996, -33.436654336201499 ], [ -70.601098710173105, -33.435911615239498 ], [ -70.601139857437204, -33.435740747086903 ], [ -70.600850983398402, -33.4356733204542 ], [ -70.600800732694196, -33.435661591538199 ], [ -70.599947690049603, -33.4354624768782 ], [ -70.599913025173194, -33.435601857323903 ], [ -70.599824457666699, -33.435941112610699 ], [ -70.599722370500501, -33.436335671450699 ], [ -70.599716262732898, -33.436359274626199 ], [ -70.599669557318293, -33.436539787032302 ], [ -70.599627226548293, -33.436641481198201 ], [ -70.5999423365909, -33.436712464416701 ], [ -70.599944047494105, -33.436712849969098 ], [ -70.600519523275295, -33.436842481007702 ], [ -70.600781754228805, -33.436901549613303 ] ] ] ] } },
{ "type": "Feature", "properties": { "id": "ipt_13_prc_providencia_mono.24", "Name": null, "description": null, "timestamp": null, "begin": null, "end": null, "altitudeMode": null, "tessellate": -1, "extrude": 0, "visibility": -1, "drawOrder": null, "icon": null, "REG": "Metropolitana", "COM": "Providencia", "LOC": "Providencia", "ZONA": "PzC", "NOM": "PzC Plazas Comunales", "UPERM": "Según art. 2.3 de la Ordenanza Local", "UPROH": "Según art. 2.3 de la Ordenanza Local", "P_DO": "23/01/2007", "N_DOC": "101", "T_DO": "Decreto", "OBS": null }, "geometry": { "type": "MultiPolygon", "coordinates": [ [ [ [ -70.598192912155497, -33.444293719320598 ], [ -70.598154767071307, -33.4445264208005 ], [ -70.599177160351502, -33.444640859251599 ], [ -70.599518331404596, -33.4446733502119 ], [ -70.599566616775704, -33.444677948850703 ], [ -70.599606663861493, -33.444335997711597 ], [ -70.599227757364005, -33.444285527784601 ], [ -70.599217992041403, -33.444376622679997 ], [ -70.599170803194497, -33.444375842553697 ], [ -70.598192912155497, -33.444293719320598 ] ] ] ] } },
{ "type": "Feature", "properties": { "id": "ipt_13_prc_providencia_mono.25", "Name": null, "description": null, "timestamp": null, "begin": null, "end": null, "altitudeMode": null, "tessellate": -1, "extrude": 0, "visibility": -1, "drawOrder": null, "icon": null, "REG": "Metropolitana", "COM": "Providencia", "LOC": "Providencia", "ZONA": "Pzt", "NOM": "Pzt Plazas Comunales", "UPERM": "Según art. 2.3 de la Ordenanza Local", "UPROH": "Según art. 2.3 de la Ordenanza Local", "P_DO": "23/01/2007", "N_DOC": "101", "T_DO": "Decreto", "OBS": null }, "geometry": { "type": "MultiPolygon", "coordinates": [ [ [ [ -70.605887248118904, -33.420066225423099 ], [ -70.605726332131994, -33.420490987946202 ], [ -70.6056754230476, -33.420604619213798 ], [ -70.605667306792796, -33.420622734868303 ], [ -70.605661869061905, -33.4206348700368 ], [ -70.605983251317099, -33.420541766029203 ], [ -70.606004615087002, -33.420535576939997 ], [ -70.606162173724599, -33.420489931833302 ], [ -70.606041687889501, -33.420205158229798 ], [ -70.606333222459597, -33.420139319091803 ], [ -70.606451960472896, -33.4202459058804 ], [ -70.606584271711796, -33.420425627888299 ], [ -70.606738126694907, -33.420632950897797 ], [ -70.6069755726392, -33.420258369338796 ], [ -70.606768425833906, -33.420176627845201 ], [ -70.606477426933907, -33.4200436070645 ], [ -70.606293244588798, -33.419950109459002 ], [ -70.606167625303399, -33.419866054721801 ], [ -70.606045879599506, -33.419752896128102 ], [ -70.606026233252393, -33.419714395925602 ], [ -70.606006715923598, -33.419762851822803 ], [ -70.6059394571068, -33.419929831118999 ], [ -70.605930415194294, -33.419952278573298 ], [ -70.605890150536297, -33.420058563715997 ], [ -70.605887248118904, -33.420066225423099 ] ] ] ] } },
{ "type": "Feature", "properties": { "id": "ipt_13_prc_providencia_mono.26", "Name": null, "description": null, "timestamp": null, "begin": null, "end": null, "altitudeMode": null, "tessellate": -1, "extrude": 0, "visibility": -1, "drawOrder": null, "icon": null, "REG": "Metropolitana", "COM": "Providencia", "LOC": "Providencia", "ZONA": "PzV", "NOM": "PzV Plaxas Vecinales", "UPERM": "Según art. 2.3 de la Ordenanza Local", "UPROH": "Según art. 2.3 de la Ordenanza Local", "P_DO": "23/01/2007", "N_DOC": "101", "T_DO": "Decreto", "OBS": null }, "geometry": { "type": "MultiPolygon", "coordinates": [ [ [ [ -70.617885173699406, -33.417651129781198 ], [ -70.6180301395095, -33.417715980707499 ], [ -70.618589953732595, -33.417283749684501 ], [ -70.618558530279103, -33.417256504113702 ], [ -70.618488655272103, -33.417221811550498 ], [ -70.618458649106202, -33.4172192469035 ], [ -70.618411183707494, -33.417225777816199 ], [ -70.618383241299099, -33.417239444494903 ], [ -70.618296101435902, -33.417292308063701 ], [ -70.618196713976999, -33.417349766594299 ], [ -70.618151532536999, -33.4173843471319 ], [ -70.618040385357105, -33.417472995606602 ], [ -70.617957488492806, -33.417564230761499 ], [ -70.617885173699406, -33.417651129781198 ] ] ] ] } },
{ "type": "Feature", "properties": { "id": "ipt_13_prc_providencia_mono.27", "Name": null, "description": null, "timestamp": null, "begin": null, "end": null, "altitudeMode": null, "tessellate": -1, "extrude": 0, "visibility": -1, "drawOrder": null, "icon": null, "REG": "Metropolitana", "COM": "Providencia", "LOC": "Providencia", "ZONA": "Espacio Público", "NOM": "Espacio Público", "UPERM": "Espacio Público", "UPROH": "Espacio Público", "P_DO": "23/01/2007", "N_DOC": "101", "T_DO": "Decreto", "OBS": null }, "geometry": { "type": "MultiPolygon", "coordinates": [ [ [ [ -70.619846082145003, -33.424056144586899 ], [ -70.619979044299399, -33.424220535401403 ], [ -70.620205747046199, -33.4239821420542 ], [ -70.620044458407307, -33.423884477524801 ], [ -70.619846082145003, -33.424056144586899 ] ] ] ] } },
{ "type": "Feature", "properties": { "id": "ipt_13_prc_providencia_mono.28", "Name": null, "description": null, "timestamp": null, "begin": null, "end": null, "altitudeMode": null, "tessellate": -1, "extrude": 0, "visibility": -1, "drawOrder": null, "icon": null, "REG": "Metropolitana", "COM": "Providencia", "LOC": "Providencia", "ZONA": "PqM", "NOM": "PqM Parques Metropolitanos", "UPERM": "Según art. 2.3.02 de la Ordenanza Local", "UPROH": "Según art. 2.3.02 de la Ordenanza Local", "P_DO": "23/01/2007", "N_DOC": "101", "T_DO": "Decreto", "OBS": null }, "geometry": { "type": "MultiPolygon", "coordinates": [ [ [ [ -70.623890862592503, -33.429524775764797 ], [ -70.6243014595468, -33.42992707837 ], [ -70.624316643845802, -33.429850221057002 ], [ -70.624310738596193, -33.429756218409103 ], [ -70.624280362417906, -33.429686928148598 ], [ -70.624195255036696, -33.429580024204803 ], [ -70.623608652599401, -33.428603977843501 ], [ -70.623063510944505, -33.427595782770801 ], [ -70.622748527908499, -33.426890208885801 ], [ -70.622135562201706, -33.425517101523603 ], [ -70.621803140310902, -33.424856323258602 ], [ -70.621086166469894, -33.424173727433299 ], [ -70.620299744700702, -33.423581512696103 ], [ -70.619775019490405, -33.423290104891102 ], [ -70.619204643684597, -33.423030309408801 ], [ -70.618474338233497, -33.422777370120599 ], [ -70.618145411995599, -33.422686218590599 ], [ -70.616861163120006, -33.422291365338999 ], [ -70.616670166822303, -33.4222371245259 ], [ -70.614451149947101, -33.421606929446703 ], [ -70.613659242124996, -33.421329710233401 ], [ -70.612539075151901, -33.420765648390898 ], [ -70.611443293407206, -33.419980544081703 ], [ -70.609735926133993, -33.418625929996502 ], [ -70.609021240840505, -33.417896297290298 ], [ -70.608953594771094, -33.417827600918301 ], [ -70.607845987397098, -33.416702780353802 ], [ -70.607448021946695, -33.416105291010602 ], [ -70.606905339744799, -33.416164316787203 ], [ -70.606931984256093, -33.416193009818898 ], [ -70.606932043492705, -33.4161930730818 ], [ -70.607235300597793, -33.416519641526101 ], [ -70.607729916698005, -33.417052270347 ], [ -70.608425648680793, -33.417797670079203 ], [ -70.608431995316707, -33.417804468782798 ], [ -70.608744687453594, -33.418139478348003 ], [ -70.609110922256704, -33.4185400286526 ], [ -70.609352491792805, -33.4187874801801 ], [ -70.609354537184601, -33.418789574756701 ], [ -70.609423745538805, -33.418860468223102 ], [ -70.609835759032805, -33.4192610182766 ], [ -70.610301179250897, -33.419638679269902 ], [ -70.610585525861694, -33.419842477697699 ], [ -70.610795966306398, -33.419974303929699 ], [ -70.611209128941098, -33.420249039909301 ], [ -70.611498447228996, -33.420454530142997 ], [ -70.611512211804296, -33.420464305745497 ], [ -70.612010428556999, -33.420818162794198 ], [ -70.612025521669594, -33.420828882425198 ], [ -70.612872432428702, -33.421286651369698 ], [ -70.613528597713497, -33.421610904905101 ], [ -70.613735320578598, -33.421698454560598 ], [ -70.613738790324405, -33.421699924494099 ], [ -70.614177131478201, -33.421885565811301 ], [ -70.614363506803699, -33.4219512716559 ], [ -70.614365100284999, -33.421951833498298 ], [ -70.614772257844606, -33.422095375119497 ], [ -70.615194726555501, -33.422224722198898 ], [ -70.615239795699907, -33.422238520369199 ], [ -70.615451309097196, -33.422303279379499 ], [ -70.6155495130633, -33.4223333451801 ], [ -70.615699748682204, -33.422379342119498 ], [ -70.616130363434294, -33.422511178914597 ], [ -70.616299870106502, -33.4225497011888 ], [ -70.616469376919298, -33.422588223226498 ], [ -70.616508038388403, -33.422597009986902 ], [ -70.6165618827591, -33.422609245841898 ], [ -70.616598099072107, -33.422617476450903 ], [ -70.616885714023994, -33.422682838983498 ], [ -70.616947791198399, -33.4227006993885 ], [ -70.616995776609102, -33.422714505782501 ], [ -70.617015821730206, -33.422720274081598 ], [ -70.6176944784917, -33.422915534502003 ], [ -70.618197394372004, -33.423087824955502 ], [ -70.618284505790101, -33.423119006372701 ], [ -70.618312488951503, -33.423127254627602 ], [ -70.618595093785302, -33.423224067741401 ], [ -70.618610602918395, -33.423229380935297 ], [ -70.618634678035505, -33.423237175096197 ], [ -70.618770553051604, -33.423284176354699 ], [ -70.618930503361796, -33.4233389706596 ], [ -70.619245771198393, -33.423486947056603 ], [ -70.619304364290599, -33.4235144490656 ], [ -70.619678226691406, -33.423689926294102 ], [ -70.620044458407307, -33.423884477524801 ], [ -70.620205747046199, -33.4239821420542 ], [ -70.620526655072197, -33.424198125316799 ], [ -70.620847564675799, -33.4244141076937 ], [ -70.620995541775301, -33.424516290169898 ], [ -70.621015638273803, -33.424530166421 ], [ -70.621143519202604, -33.424618471555902 ], [ -70.621262356566902, -33.424724708693297 ], [ -70.621279222910502, -33.424742142474301 ], [ -70.621360654319702, -33.4248263145941 ], [ -70.621408483507295, -33.424884484255998 ], [ -70.621532277027399, -33.425093756570803 ], [ -70.621661986297397, -33.425356975687698 ], [ -70.621997703698995, -33.426146634470498 ], [ -70.622131227548905, -33.426459446294899 ], [ -70.622170125058403, -33.426550572695099 ], [ -70.622173488529398, -33.426558452198798 ], [ -70.622264752399104, -33.426772257931297 ], [ -70.622357474418394, -33.427046194934803 ], [ -70.622516541443403, -33.427516140146501 ], [ -70.622837000000203, -33.428336317184602 ], [ -70.623119306790798, -33.428954310307198 ], [ -70.623396505698594, -33.429159264606 ], [ -70.623398958369506, -33.429161077645098 ], [ -70.6238773940117, -33.429514817356001 ], [ -70.623890862592503, -33.429524775764797 ] ] ] ] } },
{ "type": "Feature", "properties": { "id": "ipt_13_prc_providencia_mono.29", "Name": null, "description": null, "timestamp": null, "begin": null, "end": null, "altitudeMode": null, "tessellate": -1, "extrude": 0, "visibility": -1, "drawOrder": null, "icon": null, "REG": "Metropolitana", "COM": "Providencia", "LOC": "Providencia", "ZONA": "PzV", "NOM": "PzV Plaxas Vecinales", "UPERM": "Según art. 2.3 de la Ordenanza Local", "UPROH": "Según art. 2.3 de la Ordenanza Local", "P_DO": "23/01/2007", "N_DOC": "101", "T_DO": "Decreto", "OBS": null }, "geometry": { "type": "MultiPolygon", "coordinates": [ [ [ [ -70.621493151482596, -33.439390765134398 ], [ -70.621599560984905, -33.439415933270602 ], [ -70.621913634011307, -33.439490217653201 ], [ -70.621950154826393, -33.439499896317201 ], [ -70.621972930369395, -33.439493955611198 ], [ -70.621983566061004, -33.439487045526803 ], [ -70.621998080544302, -33.439471056468101 ], [ -70.622056408910197, -33.439241435738701 ], [ -70.621787981781196, -33.439178942189301 ], [ -70.621755952106398, -33.439176376089598 ], [ -70.621722201388096, -33.439176817553701 ], [ -70.621509510108993, -33.439185576710599 ], [ -70.621149244736699, -33.439214678767399 ], [ -70.620911449540301, -33.439228661182497 ], [ -70.620861562219602, -33.439229313372898 ], [ -70.620747421249504, -33.439223581824997 ], [ -70.620725194170205, -33.439328249422601 ], [ -70.621092575671398, -33.439400627886698 ], [ -70.621115087095006, -33.439405062751099 ], [ -70.621114838636302, -33.439456066353998 ], [ -70.621114519771893, -33.439521500174997 ], [ -70.621137855129405, -33.439513383398001 ], [ -70.621433213702801, -33.439410651583998 ], [ -70.621493151482596, -33.439390765134398 ] ] ] ] } },
{ "type": "Feature", "properties": { "id": "ipt_13_prc_providencia_mono.30", "Name": null, "description": null, "timestamp": null, "begin": null, "end": null, "altitudeMode": null, "tessellate": -1, "extrude": 0, "visibility": -1, "drawOrder": null, "icon": null, "REG": "Metropolitana", "COM": "Providencia", "LOC": "Providencia", "ZONA": "Espacio Público", "NOM": "Espacio Público", "UPERM": "Espacio Público", "UPROH": "Espacio Público", "P_DO": "23/01/2007", "N_DOC": "101", "T_DO": "Decreto", "OBS": null }, "geometry": { "type": "MultiPolygon", "coordinates": [ [ [ [ -70.6242657716964, -33.441095427216801 ], [ -70.624317717650001, -33.440918636333002 ], [ -70.624333868648705, -33.440822117365698 ], [ -70.624348129628899, -33.440754683740003 ], [ -70.6242307019496, -33.440724687859401 ], [ -70.624209264735498, -33.440776181842097 ], [ -70.624173613246597, -33.4407880813894 ], [ -70.623068403387904, -33.440538181369902 ], [ -70.623018490291599, -33.440538180951599 ], [ -70.6227831868256, -33.440481655424101 ], [ -70.622398145204301, -33.440398354830997 ], [ -70.621938235436403, -33.440309104608097 ], [ -70.621923974915106, -33.440383480279401 ], [ -70.622644143730298, -33.440532230930202 ], [ -70.622601361745794, -33.440678006328 ], [ -70.624170047796397, -33.441008230627702 ], [ -70.624154051831496, -33.441070081184002 ], [ -70.6242657716964, -33.441095427216801 ] ] ] ] } },
{ "type": "Feature", "properties": { "id": "ipt_13_prc_providencia_mono.31", "Name": null, "description": null, "timestamp": null, "begin": null, "end": null, "altitudeMode": null, "tessellate": -1, "extrude": 0, "visibility": -1, "drawOrder": null, "icon": null, "REG": "Metropolitana", "COM": "Providencia", "LOC": "Providencia", "ZONA": "PzV", "NOM": "PzV Plaxas Vecinales", "UPERM": "Según art. 2.3 de la Ordenanza Local", "UPROH": "Según art. 2.3 de la Ordenanza Local", "P_DO": "23/01/2007", "N_DOC": "101", "T_DO": "Decreto", "OBS": null }, "geometry": { "type": "MultiPolygon", "coordinates": [ [ [ [ -70.621700990848296, -33.443022212959903 ], [ -70.621251651145002, -33.443258545366298 ], [ -70.621140686200803, -33.443366219424902 ], [ -70.621380706729099, -33.443416767529698 ], [ -70.621697829258196, -33.443251558256101 ], [ -70.621837626070302, -33.4432540466142 ], [ -70.621929181135798, -33.442954584677999 ], [ -70.621816673792097, -33.442939445676899 ], [ -70.621790512061693, -33.442931399982797 ], [ -70.621758217963603, -33.4429167239797 ], [ -70.621731770972502, -33.442893581753502 ], [ -70.621707440251498, -33.443012874012702 ], [ -70.621700990848296, -33.443022212959903 ] ] ] ] } },
{ "type": "Feature", "properties": { "id": "ipt_13_prc_providencia_mono.32", "Name": null, "description": null, "timestamp": null, "begin": null, "end": null, "altitudeMode": null, "tessellate": -1, "extrude": 0, "visibility": -1, "drawOrder": null, "icon": null, "REG": "Metropolitana", "COM": "Providencia", "LOC": "Providencia", "ZONA": "ZEMoI", "NOM": "ZEMoI Zona de Equipamiento Metropolitano o Intercomunal", "UPERM": "Revisar ordenaza local", "UPROH": "Revisar ordenaza local", "P_DO": "23/01/2007", "N_DOC": "101", "T_DO": "Decreto", "OBS": null }, "geometry": { "type": "MultiPolygon", "coordinates": [ [ [ [ -70.622268697944094, -33.4360126440044 ], [ -70.622282302911501, -33.435949209741601 ], [ -70.622542561940605, -33.435996812748201 ], [ -70.622524919359293, -33.436070596981999 ], [ -70.622525687373397, -33.436070770905502 ], [ -70.622522667016696, -33.436080017225599 ], [ -70.622440319362397, -33.436332112324997 ], [ -70.622241949998198, -33.436946293799103 ], [ -70.622066469908006, -33.437449847272802 ], [ -70.621906248246901, -33.437941955061397 ], [ -70.6217765448378, -33.438350138557297 ], [ -70.621572189526503, -33.438989480761798 ], [ -70.621509510108993, -33.439185576710599 ], [ -70.621722201388096, -33.439176817553701 ], [ -70.621755952106398, -33.439176376089598 ], [ -70.621787981781196, -33.439178942189301 ], [ -70.622056408910197, -33.439241435738701 ], [ -70.6229820616214, -33.439429716255603 ], [ -70.623237447868206, -33.439484189300103 ], [ -70.6232394706511, -33.439484620947198 ], [ -70.624409900444306, -33.439734261327501 ], [ -70.624431222367605, -33.4397388094688 ], [ -70.624450023613903, -33.439742818872098 ], [ -70.624645358508801, -33.4397844806725 ], [ -70.624920023199095, -33.438823152603099 ], [ -70.625080243403701, -33.4382509334555 ], [ -70.6251386689474, -33.438069165753198 ], [ -70.625139255590497, -33.438067341777 ], [ -70.625158593796598, -33.438007177891699 ], [ -70.625159285152094, -33.438005027883897 ], [ -70.625286242077294, -33.437610048343103 ], [ -70.625492787541802, -33.436928098064399 ], [ -70.625493901065099, -33.436924419328001 ], [ -70.6257287573236, -33.436148983462701 ], [ -70.625865104777603, -33.435696621143499 ], [ -70.625865338790604, -33.435695846107798 ], [ -70.625886836362696, -33.435624520688698 ], [ -70.625908202244801, -33.435553633478698 ], [ -70.625606046004805, -33.435495469985298 ], [ -70.625225758846597, -33.435401255606997 ], [ -70.625248694123897, -33.435321923024503 ], [ -70.624795391807496, -33.435227493765602 ], [ -70.624435135222797, -33.436495507075698 ], [ -70.624107137005197, -33.4364122027119 ], [ -70.623914616506895, -33.436370550844998 ], [ -70.624242614839105, -33.435156680854199 ], [ -70.624242614368299, -33.435061704511597 ], [ -70.624180026329299, -33.435060621506899 ], [ -70.623401974255302, -33.4350378813322 ], [ -70.622869619208103, -33.435017855665002 ], [ -70.622960398150795, -33.434748760416198 ], [ -70.621932871293296, -33.434297004762598 ], [ -70.621792272205795, -33.434235188936498 ], [ -70.6212545355788, -33.433998765344398 ], [ -70.621209859693096, -33.434126605170498 ], [ -70.621169257492198, -33.434242787848603 ], [ -70.621077278389507, -33.434505981564598 ], [ -70.621007891077596, -33.434699771591198 ], [ -70.620956076398997, -33.4348444841348 ], [ -70.620892174072793, -33.435081066454003 ], [ -70.620825360886997, -33.435521085915298 ], [ -70.620808065187802, -33.435651022458302 ], [ -70.620807536752693, -33.435654997425402 ], [ -70.620792342879, -33.435734094587097 ], [ -70.620983104817697, -33.435815114951502 ], [ -70.621005445696795, -33.435792154438403 ], [ -70.621036343977195, -33.435770276069 ], [ -70.621080134318802, -33.435753000730998 ], [ -70.621142537750401, -33.435744016051899 ], [ -70.622121688445205, -33.4360071308584 ], [ -70.622211556444995, -33.436031279444997 ], [ -70.622240911202596, -33.4360389451301 ], [ -70.6222514485153, -33.436008742009001 ], [ -70.622268697944094, -33.4360126440044 ] ] ] ] } },
{ "type": "Feature", "properties": { "id": "ipt_13_prc_providencia_mono.33", "Name": null, "description": null, "timestamp": null, "begin": null, "end": null, "altitudeMode": null, "tessellate": -1, "extrude": 0, "visibility": -1, "drawOrder": null, "icon": null, "REG": "Metropolitana", "COM": "Providencia", "LOC": "Providencia", "ZONA": "ZIM", "NOM": "ZIM Zona de Interés Metropolitano", "UPERM": "Revisar ordenaza local", "UPROH": "Revisar ordenaza local", "P_DO": "23/01/2007", "N_DOC": "101", "T_DO": "Decreto", "OBS": null }, "geometry": { "type": "MultiPolygon", "coordinates": [ [ [ [ -70.629242220341396, -33.429743934231098 ], [ -70.628968651832295, -33.430019714436902 ], [ -70.628712468478497, -33.429934609047898 ], [ -70.628678409080507, -33.429975327666597 ], [ -70.628397754474094, -33.429884145440397 ], [ -70.628338278989006, -33.430040521190101 ], [ -70.628086608467299, -33.430706202693401 ], [ -70.628090090371899, -33.430709961802201 ], [ -70.628414399688694, -33.431060040790797 ], [ -70.628696703861706, -33.431348055583904 ], [ -70.628914627437993, -33.4311301974438 ], [ -70.628926515237893, -33.431118312968898 ], [ -70.629208724755799, -33.430836184950898 ], [ -70.629859237949105, -33.430022756808597 ], [ -70.629276554976897, -33.4297668224945 ], [ -70.629242220341396, -33.429743934231098 ] ] ] ] } },
{ "type": "Feature", "properties": { "id": "ipt_13_prc_providencia_mono.34", "Name": null, "description": null, "timestamp": null, "begin": null, "end": null, "altitudeMode": null, "tessellate": -1, "extrude": 0, "visibility": -1, "drawOrder": null, "icon": null, "REG": "Metropolitana", "COM": "Providencia", "LOC": "Providencia", "ZONA": "ZIM", "NOM": "ZIM Zona de Interés Metropolitano", "UPERM": "Revisar ordenaza local", "UPROH": "Revisar ordenaza local", "P_DO": "23/01/2007", "N_DOC": "101", "T_DO": "Decreto", "OBS": null }, "geometry": { "type": "MultiPolygon", "coordinates": [ [ [ [ -70.631539865300496, -33.433452236943197 ], [ -70.632470840254797, -33.433821049089801 ], [ -70.632910281921198, -33.433966659232802 ], [ -70.633312742161195, -33.432986477779501 ], [ -70.633434816512207, -33.432669849731099 ], [ -70.633261962558393, -33.432620877470697 ], [ -70.632977028003296, -33.432540150435997 ], [ -70.632767207199194, -33.432484837452797 ], [ -70.632557387722798, -33.432429524091702 ], [ -70.632137748235394, -33.4323074529728 ], [ -70.632052310601196, -33.432285304004097 ], [ -70.631773253869099, -33.432845798151199 ], [ -70.631793348659002, -33.432855078674599 ], [ -70.631726678254196, -33.433016379898 ], [ -70.631694493030594, -33.4330914704611 ], [ -70.631539865300496, -33.433452236943197 ] ] ] ] } },
{ "type": "Feature", "properties": { "id": "ipt_13_prc_providencia_mono.35", "Name": null, "description": null, "timestamp": null, "begin": null, "end": null, "altitudeMode": null, "tessellate": -1, "extrude": 0, "visibility": -1, "drawOrder": null, "icon": null, "REG": "Metropolitana", "COM": "Providencia", "LOC": "Providencia", "ZONA": "ZIM", "NOM": "ZIM Zona de Interés Metropolitano", "UPERM": "Revisar ordenaza local", "UPROH": "Revisar ordenaza local", "P_DO": "23/01/2007", "N_DOC": "101", "T_DO": "Decreto", "OBS": null }, "geometry": { "type": "MultiPolygon", "coordinates": [ [ [ [ -70.620613119524705, -33.430457243058299 ], [ -70.621333313631396, -33.430895348319403 ], [ -70.621343312381498, -33.430884199898301 ], [ -70.621767389097599, -33.430411353639798 ], [ -70.621818064022406, -33.430354851221203 ], [ -70.621873078024294, -33.430293509613399 ], [ -70.621873969463095, -33.430292515858497 ], [ -70.621897964440393, -33.430265761194804 ], [ -70.621158272948094, -33.429773339649401 ], [ -70.621077289489506, -33.4297642347194 ], [ -70.620937529409503, -33.429758507070602 ], [ -70.620752807239498, -33.429757144718899 ], [ -70.620599816868094, -33.429766698012699 ], [ -70.620566407958705, -33.4297699411362 ], [ -70.620216865419593, -33.430170458350197 ], [ -70.620308645153102, -33.430236883022602 ], [ -70.620613119524705, -33.430457243058299 ] ] ] ] } },
{ "type": "Feature", "properties": { "id": "ipt_13_prc_providencia_mono.36", "Name": null, "description": null, "timestamp": null, "begin": null, "end": null, "altitudeMode": null, "tessellate": -1, "extrude": 0, "visibility": -1, "drawOrder": null, "icon": null, "REG": "Metropolitana", "COM": "Providencia", "LOC": "Providencia", "ZONA": "ZEMoI", "NOM": "ZEMoI Zona de Equipamiento Metropolitano o Intercomunal", "UPERM": "Revisar ordenaza local", "UPROH": "Revisar ordenaza local", "P_DO": "23/01/2007", "N_DOC": "101", "T_DO": "Decreto", "OBS": null }, "geometry": { "type": "MultiPolygon", "coordinates": [ [ [ [ -70.616040449448704, -33.4307783584701 ], [ -70.616469603349302, -33.430886600452197 ], [ -70.616489033864397, -33.430815967197397 ], [ -70.616513133361494, -33.430742025571902 ], [ -70.615900742103506, -33.430610527168099 ], [ -70.615825431944401, -33.430594168090302 ], [ -70.6153831899653, -33.430497559342797 ], [ -70.615195742811693, -33.430442210723498 ], [ -70.615222031780903, -33.430373070126699 ], [ -70.615263579072604, -33.430383536709101 ], [ -70.615532945011907, -33.429629016839797 ], [ -70.615621470760601, -33.429372889913203 ], [ -70.614651543092506, -33.428875850099601 ], [ -70.614645648312305, -33.428803389665802 ], [ -70.614478543911801, -33.428754025604903 ], [ -70.614508029695401, -33.428871037914497 ], [ -70.614580964808695, -33.428867441410503 ], [ -70.614552557613905, -33.428903109952898 ], [ -70.614389058478594, -33.429124654773403 ], [ -70.613727044622095, -33.4292585066461 ], [ -70.613577255931602, -33.429564596586197 ], [ -70.613234880747399, -33.430252730543202 ], [ -70.614571339529903, -33.430509687563699 ], [ -70.615787858244104, -33.430737224007302 ], [ -70.615878028113102, -33.430753846695801 ], [ -70.616040449448704, -33.4307783584701 ] ] ] ] } },
{ "type": "Feature", "properties": { "id": "ipt_13_prc_providencia_mono.37", "Name": null, "description": null, "timestamp": null, "begin": null, "end": null, "altitudeMode": null, "tessellate": -1, "extrude": 0, "visibility": -1, "drawOrder": null, "icon": null, "REG": "Metropolitana", "COM": "Providencia", "LOC": "Providencia", "ZONA": "ZIM", "NOM": "ZIM Zona de Interés Metropolitano", "UPERM": "Revisar ordenaza local", "UPROH": "Revisar ordenaza local", "P_DO": "23/01/2007", "N_DOC": "101", "T_DO": "Decreto", "OBS": null }, "geometry": { "type": "MultiPolygon", "coordinates": [ [ [ [ -70.603846059608202, -33.425080561936902 ], [ -70.603997748051, -33.425116900125801 ], [ -70.604132852117104, -33.424624561875497 ], [ -70.604133974930406, -33.424620469248801 ], [ -70.604534947621403, -33.423159233208601 ], [ -70.603007315301198, -33.422844186371996 ], [ -70.602998028849996, -33.422842270961802 ], [ -70.602724823704307, -33.422785924609499 ], [ -70.602610560202393, -33.423182355169303 ], [ -70.602602458930207, -33.423210461884601 ], [ -70.602599138713003, -33.423221978857001 ], [ -70.602350975322494, -33.424082953829704 ], [ -70.602175496490304, -33.4247314689284 ], [ -70.602294985124303, -33.424756614985498 ], [ -70.603356659981102, -33.424978351710202 ], [ -70.603408252059793, -33.424989127158803 ], [ -70.603846059608202, -33.425080561936902 ] ] ] ] } },
{ "type": "Feature", "properties": { "id": "ipt_13_prc_providencia_mono.38", "Name": null, "description": null, "timestamp": null, "begin": null, "end": null, "altitudeMode": null, "tessellate": -1, "extrude": 0, "visibility": -1, "drawOrder": null, "icon": null, "REG": "Metropolitana", "COM": "Providencia", "LOC": "Providencia", "ZONA": "ZIM", "NOM": "ZIM Zona de Interés Metropolitano", "UPERM": "Revisar ordenaza local", "UPROH": "Revisar ordenaza local", "P_DO": "23/01/2007", "N_DOC": "101", "T_DO": "Decreto", "OBS": null }, "geometry": { "type": "MultiPolygon", "coordinates": [ [ [ [ -70.593493513558698, -33.432581887662501 ], [ -70.593323701925002, -33.4331078196685 ], [ -70.5932774158087, -33.433096011459597 ], [ -70.592825915086095, -33.432980831585297 ], [ -70.592819177399093, -33.433004842065401 ], [ -70.592201747539804, -33.435205071446099 ], [ -70.593117058565895, -33.435332663616997 ], [ -70.593056996467396, -33.435672947913801 ], [ -70.5932399514124, -33.435697015569197 ], [ -70.593272377117003, -33.435529112539498 ], [ -70.593298600371398, -33.4353933242379 ], [ -70.593268083982494, -33.4353901676403 ], [ -70.593292792593004, -33.435248782162198 ], [ -70.593448512204205, -33.435264933258097 ], [ -70.593536710536796, -33.435341348702501 ], [ -70.593687487257398, -33.435410414243798 ], [ -70.594361781403407, -33.435493470543101 ], [ -70.595066682923203, -33.435580292289799 ], [ -70.595095033857007, -33.435583783825599 ], [ -70.595726429054906, -33.433602821685 ], [ -70.595608165025695, -33.433578573613097 ], [ -70.595730950216307, -33.433153887968103 ], [ -70.595694907004201, -33.433144561470897 ], [ -70.595052253756705, -33.4329782651023 ], [ -70.594579263697696, -33.432862941503998 ], [ -70.594136534305306, -33.432746419900397 ], [ -70.593720480287004, -33.4326392774475 ], [ -70.593493513558698, -33.432581887662501 ] ] ] ] } },
{ "type": "Feature", "properties": { "id": "ipt_13_prc_providencia_mono.39", "Name": null, "description": null, "timestamp": null, "begin": null, "end": null, "altitudeMode": null, "tessellate": -1, "extrude": 0, "visibility": -1, "drawOrder": null, "icon": null, "REG": "Metropolitana", "COM": "Providencia", "LOC": "Providencia", "ZONA": "ZIM", "NOM": "ZIM Zona de Interés Metropolitano", "UPERM": "Revisar ordenaza local", "UPROH": "Revisar ordenaza local", "P_DO": "23/01/2007", "N_DOC": "101", "T_DO": "Decreto", "OBS": null }, "geometry": { "type": "MultiPolygon", "coordinates": [ [ [ [ -70.608870820125503, -33.441708571693397 ], [ -70.608568916020999, -33.443243915912497 ], [ -70.608551999459394, -33.4433299420851 ], [ -70.608390113885307, -33.444153198998102 ], [ -70.608387343607703, -33.444167288197399 ], [ -70.608348166340406, -33.4443737678315 ], [ -70.608264242147001, -33.444831542831103 ], [ -70.608195990545298, -33.4450362983007 ], [ -70.610218717183898, -33.445626654610301 ], [ -70.610323723358107, -33.4456482811105 ], [ -70.610975016277294, -33.445837558890403 ], [ -70.611456586010803, -33.4459775123821 ], [ -70.611500114942103, -33.4458145122004 ], [ -70.611516206636296, -33.445752249772703 ], [ -70.6116747626033, -33.445300740811902 ], [ -70.611841231273303, -33.444796837842901 ], [ -70.6118444167343, -33.444787194621803 ], [ -70.6119123944367, -33.444581425380903 ], [ -70.611917227133304, -33.444566797057099 ], [ -70.611957058051701, -33.444446227288303 ], [ -70.612237785230903, -33.443587351498302 ], [ -70.612410676003705, -33.443093664056697 ], [ -70.6125662784235, -33.442637483882997 ], [ -70.612567664063107, -33.442633421142901 ], [ -70.612654787166605, -33.442378000997699 ], [ -70.612681465815598, -33.442301501456903 ], [ -70.6127223136872, -33.4421683890534 ], [ -70.612475414003796, -33.442054331606499 ], [ -70.612336196831905, -33.442006033668598 ], [ -70.6122924804029, -33.441997859821903 ], [ -70.612187137439307, -33.441978163802403 ], [ -70.611691876033305, -33.441885561948901 ], [ -70.611493911233495, -33.4418924297769 ], [ -70.611317234207306, -33.441938015861197 ], [ -70.6110372451475, -33.442038668178 ], [ -70.610854460766504, -33.442035316566603 ], [ -70.610250127308305, -33.441927387121801 ], [ -70.610244670514703, -33.441926412770201 ], [ -70.608881835862604, -33.4416669408198 ], [ -70.608870820125503, -33.441708571693397 ] ] ] ] } },
{ "type": "Feature", "properties": { "id": "ipt_13_prc_providencia_mono.40", "Name": null, "description": null, "timestamp": null, "begin": null, "end": null, "altitudeMode": null, "tessellate": -1, "extrude": 0, "visibility": -1, "drawOrder": null, "icon": null, "REG": "Metropolitana", "COM": "Providencia", "LOC": "Providencia", "ZONA": "ZIM", "NOM": "ZIM Zona de Interés Metropolitano", "UPERM": "Revisar ordenaza local", "UPROH": "Revisar ordenaza local", "P_DO": "23/01/2007", "N_DOC": "101", "T_DO": "Decreto", "OBS": null }, "geometry": { "type": "MultiPolygon", "coordinates": [ [ [ [ -70.617816715294694, -33.441943691115398 ], [ -70.619243487791607, -33.442149681288697 ], [ -70.619487631029997, -33.441073909464798 ], [ -70.618076117090595, -33.440822142277398 ], [ -70.617816715294694, -33.441943691115398 ] ] ] ] } },
{ "type": "Feature", "properties": { "id": "ipt_13_prc_providencia_mono.41", "Name": null, "description": null, "timestamp": null, "begin": null, "end": null, "altitudeMode": null, "tessellate": -1, "extrude": 0, "visibility": -1, "drawOrder": null, "icon": null, "REG": "Metropolitana", "COM": "Providencia", "LOC": "Providencia", "ZONA": "ZIM", "NOM": "ZIM Zona de Interés Metropolitano", "UPERM": "Revisar ordenaza local", "UPROH": "Revisar ordenaza local", "P_DO": "23/01/2007", "N_DOC": "101", "T_DO": "Decreto", "OBS": null }, "geometry": { "type": "MultiPolygon", "coordinates": [ [ [ [ -70.5988629566057, -33.439290587596602 ], [ -70.598783758003407, -33.439605478137601 ], [ -70.598759990035902, -33.439590603131897 ], [ -70.598539667088403, -33.439568413520597 ], [ -70.598516853291599, -33.439689825909298 ], [ -70.598488256247407, -33.439685663783798 ], [ -70.598127240668205, -33.439633122405198 ], [ -70.598124206014205, -33.439647309510399 ], [ -70.598108947256804, -33.439742678654 ], [ -70.598068401149106, -33.439943161560599 ], [ -70.598440453701599, -33.439993369336797 ], [ -70.598347364805903, -33.440380165224298 ], [ -70.5983207469787, -33.440375718722301 ], [ -70.597992022735198, -33.440320813655397 ], [ -70.597971616816807, -33.440421711532203 ], [ -70.598376396142996, -33.440473326578903 ], [ -70.598345414934897, -33.440630731840798 ], [ -70.598334016832695, -33.440629733450002 ], [ -70.598316908387602, -33.440628236007498 ], [ -70.598310840233793, -33.440657611245001 ], [ -70.598166502782803, -33.4413563936738 ], [ -70.598688825465999, -33.441428810093697 ], [ -70.598719438108503, -33.441433159906197 ], [ -70.598915125669194, -33.440603674623397 ], [ -70.599251542762303, -33.440672296795803 ], [ -70.599307694016105, -33.440522358512801 ], [ -70.599387544292497, -33.440105774707497 ], [ -70.599471102378203, -33.439820272501898 ], [ -70.599487600184403, -33.4397258558025 ], [ -70.599489989923498, -33.439712176604097 ], [ -70.600176418052499, -33.439314129792997 ], [ -70.600196422247507, -33.439242119832301 ], [ -70.600098172752993, -33.439226347662398 ], [ -70.6000124657686, -33.439301920032598 ], [ -70.599620518660402, -33.439538640774401 ], [ -70.599617994059599, -33.439540165882804 ], [ -70.5995233813276, -33.439597307489699 ], [ -70.599513434209499, -33.439588853053898 ], [ -70.599491578540906, -33.439570277641202 ], [ -70.599517173554403, -33.439443932250597 ], [ -70.599525504049197, -33.4394028129351 ], [ -70.5988629566057, -33.439290587596602 ] ] ] ] } },
{ "type": "Feature", "properties": { "id": "ipt_13_prc_providencia_mono.42", "Name": null, "description": null, "timestamp": null, "begin": null, "end": null, "altitudeMode": null, "tessellate": -1, "extrude": 0, "visibility": -1, "drawOrder": null, "icon": null, "REG": "Metropolitana", "COM": "Providencia", "LOC": "Providencia", "ZONA": "ZIM", "NOM": "ZIM Zona de Interés Metropolitano", "UPERM": "Revisar ordenaza local", "UPROH": "Revisar ordenaza local", "P_DO": "23/01/2007", "N_DOC": "101", "T_DO": "Decreto", "OBS": null }, "geometry": { "type": "MultiPolygon", "coordinates": [ [ [ [ -70.6088225161472, -33.435133873279902 ], [ -70.608757220335406, -33.435352823593597 ], [ -70.608743324546396, -33.435350798000101 ], [ -70.6083121036813, -33.435287949256598 ], [ -70.608298494034102, -33.435338446317097 ], [ -70.6082622536765, -33.435472917181499 ], [ -70.608226013231899, -33.435607388937399 ], [ -70.608050532918995, -33.436229199500801 ], [ -70.608426150414303, -33.436321630862999 ], [ -70.608469771056207, -33.436332364978497 ], [ -70.6087627824338, -33.436404468176299 ], [ -70.6093223119843, -33.436520921513598 ], [ -70.609870079426003, -33.436632350294197 ], [ -70.609872452601607, -33.436632832624397 ], [ -70.610217386945493, -33.435332711896201 ], [ -70.6088225161472, -33.435133873279902 ] ] ] ] } },
{ "type": "Feature", "properties": { "id": "ipt_13_prc_providencia_mono.43", "Name": null, "description": null, "timestamp": null, "begin": null, "end": null, "altitudeMode": null, "tessellate": -1, "extrude": 0, "visibility": -1, "drawOrder": null, "icon": null, "REG": "Metropolitana", "COM": "Providencia", "LOC": "Providencia", "ZONA": "ZIM", "NOM": "ZIM Zona de Interés Metropolitano", "UPERM": "Revisar ordenaza local", "UPROH": "Revisar ordenaza local", "P_DO": "23/01/2007", "N_DOC": "101", "T_DO": "Decreto", "OBS": null }, "geometry": { "type": "MultiPolygon", "coordinates": [ [ [ [ -70.595939692117199, -33.428498443803797 ], [ -70.595990750713895, -33.428508738582202 ], [ -70.596080876762102, -33.428267363492303 ], [ -70.596083969007694, -33.428259082705303 ], [ -70.596631759795002, -33.426791969361297 ], [ -70.596675248488197, -33.426675494501403 ], [ -70.596618127930398, -33.426663072140201 ], [ -70.596583153771405, -33.426652720223501 ], [ -70.596513642346395, -33.426632145109103 ], [ -70.596081333530293, -33.426517875651001 ], [ -70.595644409924105, -33.426402385237402 ], [ -70.594927224538097, -33.428290708408902 ], [ -70.595781332329906, -33.428468209540803 ], [ -70.595939692117199, -33.428498443803797 ] ] ] ] } },
{ "type": "Feature", "properties": { "id": "ipt_13_prc_providencia_mono.44", "Name": null, "description": null, "timestamp": null, "begin": null, "end": null, "altitudeMode": null, "tessellate": -1, "extrude": 0, "visibility": -1, "drawOrder": null, "icon": null, "REG": "Metropolitana", "COM": "Providencia", "LOC": "Providencia", "ZONA": "ZE", "NOM": "ZE Zona Especial (ex Ccu)", "UPERM": "Revisar ordenaza local", "UPROH": "Revisar ordenaza local", "P_DO": "23/01/2007", "N_DOC": "101", "T_DO": "Decreto", "OBS": null }, "geometry": { "type": "MultiPolygon", "coordinates": [ [ [ [ -70.605024849469601, -33.417295056058698 ], [ -70.605077809808606, -33.417395792165003 ], [ -70.605099246143695, -33.417443723337698 ], [ -70.6053239698021, -33.417946203281602 ], [ -70.605638070726002, -33.418830466248799 ], [ -70.605927802123404, -33.4195215060438 ], [ -70.606026233252393, -33.419714395925602 ], [ -70.606058971899301, -33.419633116020201 ], [ -70.606104035120694, -33.419547406305497 ], [ -70.606138802773899, -33.419498641969298 ], [ -70.606192647008399, -33.419442727008303 ], [ -70.606308868132203, -33.419335472447202 ], [ -70.606367485886196, -33.419293447897999 ], [ -70.606406057415001, -33.419268756540802 ], [ -70.606794665029994, -33.4190858541739 ], [ -70.606913548582995, -33.419047406245902 ], [ -70.608342434482907, -33.418339689539003 ], [ -70.608744687453594, -33.418139478348003 ], [ -70.608431995316707, -33.417804468782798 ], [ -70.608425648680793, -33.417797670079203 ], [ -70.607729916698005, -33.417052270347 ], [ -70.607235300597793, -33.416519641526101 ], [ -70.606992669282207, -33.4162583597506 ], [ -70.605595025812406, -33.417000738629298 ], [ -70.605024849469601, -33.417295056058698 ] ] ] ] } },
{ "type": "Feature", "properties": { "id": "ipt_13_prc_providencia_mono.45", "Name": null, "description": null, "timestamp": null, "begin": null, "end": null, "altitudeMode": null, "tessellate": -1, "extrude": 0, "visibility": -1, "drawOrder": null, "icon": null, "REG": "Metropolitana", "COM": "Providencia", "LOC": "Providencia", "ZONA": "ZIM", "NOM": "ZIM Zona de Interés Metropolitano", "UPERM": "Revisar ordenaza local", "UPROH": "Revisar ordenaza local", "P_DO": "23/01/2007", "N_DOC": "101", "T_DO": "Decreto", "OBS": null }, "geometry": { "type": "MultiPolygon", "coordinates": [ [ [ [ -70.617366364857105, -33.419650081544702 ], [ -70.618058104997701, -33.420344158338899 ], [ -70.618289739536905, -33.420171825681003 ], [ -70.618304272029505, -33.420160876267097 ], [ -70.619159364238598, -33.419516552141701 ], [ -70.618824313964197, -33.4192081040011 ], [ -70.618749721549506, -33.419138243043001 ], [ -70.618737790946994, -33.419127069920201 ], [ -70.618151698423503, -33.418578148426903 ], [ -70.617808687880796, -33.418856606914296 ], [ -70.617355856130999, -33.4192242163328 ], [ -70.617122042568496, -33.419414024364499 ], [ -70.617366364857105, -33.419650081544702 ] ] ] ] } },
{ "type": "Feature", "properties": { "id": "ipt_13_prc_providencia_mono.46", "Name": null, "description": null, "timestamp": null, "begin": null, "end": null, "altitudeMode": null, "tessellate": -1, "extrude": 0, "visibility": -1, "drawOrder": null, "icon": null, "REG": "Metropolitana", "COM": "Providencia", "LOC": "Providencia", "ZONA": "ZEMoI", "NOM": "ZEMoI Zona de Equipamiento Metropolitano o Intercomunal", "UPERM": "Revisar ordenaza local", "UPROH": "Revisar ordenaza local", "P_DO": "23/01/2007", "N_DOC": "101", "T_DO": "Decreto", "OBS": null }, "geometry": { "type": "MultiPolygon", "coordinates": [ [ [ [ -70.592254161623998, -33.446356907197703 ], [ -70.592884699238496, -33.447101692537203 ], [ -70.593023629646893, -33.447265793605702 ], [ -70.593412211932502, -33.4470541622943 ], [ -70.5934650893266, -33.447050619321402 ], [ -70.593500479826005, -33.447055891077397 ], [ -70.593671961588996, -33.447289942262699 ], [ -70.594446710251901, -33.446864907242102 ], [ -70.595263096952806, -33.446422389822601 ], [ -70.595095804064599, -33.4461864643486 ], [ -70.595087053763507, -33.4461741234974 ], [ -70.595106077999901, -33.446124964105998 ], [ -70.595436905725606, -33.445947897483997 ], [ -70.595562855381004, -33.445880485904297 ], [ -70.595558280066697, -33.445874194970997 ], [ -70.595012559944095, -33.445123831983302 ], [ -70.595000492842203, -33.4451072392566 ], [ -70.595293599673795, -33.444942250528399 ], [ -70.594736617658498, -33.4442021847603 ], [ -70.594455235356804, -33.443812216891097 ], [ -70.594454378871504, -33.443811030269103 ], [ -70.594441038115903, -33.443792541067602 ], [ -70.594120931933404, -33.443946628147103 ], [ -70.594131132970801, -33.443960494364703 ], [ -70.594161795713106, -33.444002176116001 ], [ -70.594117889095401, -33.444024207066299 ], [ -70.593881171415106, -33.444142985820903 ], [ -70.593892970090906, -33.444159272786401 ], [ -70.593970230406796, -33.444265918018999 ], [ -70.593915257068701, -33.444295220191698 ], [ -70.591674744645303, -33.445489420286698 ], [ -70.591685370037496, -33.445504855862502 ], [ -70.591837020423199, -33.445725172409198 ], [ -70.592061772542195, -33.446108836442498 ], [ -70.592254161623998, -33.446356907197703 ] ] ] ] } },
{ "type": "Feature", "properties": { "id": "ipt_13_prc_providencia_mono.47", "Name": null, "description": null, "timestamp": null, "begin": null, "end": null, "altitudeMode": null, "tessellate": -1, "extrude": 0, "visibility": -1, "drawOrder": null, "icon": null, "REG": "Metropolitana", "COM": "Providencia", "LOC": "Providencia", "ZONA": "ZIM", "NOM": "ZIM Zona de Interés Metropolitano", "UPERM": "Revisar ordenaza local", "UPROH": "Revisar ordenaza local", "P_DO": "23/01/2007", "N_DOC": "101", "T_DO": "Decreto", "OBS": null }, "geometry": { "type": "MultiPolygon", "coordinates": [ [ [ [ -70.609816521329194, -33.432686243281204 ], [ -70.610430999092202, -33.432807322033099 ], [ -70.610529080699905, -33.432826653244 ], [ -70.610590862843097, -33.432608747794099 ], [ -70.610830167143504, -33.432657093390702 ], [ -70.610772959593902, -33.432860303661698 ], [ -70.610706392985406, -33.432848369546903 ], [ -70.610695471954401, -33.432892815800699 ], [ -70.610684319603493, -33.432892960667097 ], [ -70.6106691198096, -33.432960108448 ], [ -70.610857079372494, -33.432996064161301 ], [ -70.610871420144505, -33.432948908549598 ], [ -70.611281763959795, -33.433023548001898 ], [ -70.611338943877897, -33.4328149458143 ], [ -70.611445758260899, -33.432420115609702 ], [ -70.611450741914695, -33.432401694918497 ], [ -70.611466263659594, -33.432344319644002 ], [ -70.610926026779097, -33.4322290948611 ], [ -70.611059085406893, -33.431817782056598 ], [ -70.610820081366597, -33.431763156194201 ], [ -70.610695268102702, -33.432179876373297 ], [ -70.610667653226699, -33.432173986271103 ], [ -70.610491831872693, -33.432136484661399 ], [ -70.6106295167029, -33.4317196010876 ], [ -70.610618695815702, -33.4317171281253 ], [ -70.610514914455294, -33.431693408715702 ], [ -70.610425187955101, -33.431672900284497 ], [ -70.610297377987393, -33.432095009598903 ], [ -70.610272102103593, -33.432089618408902 ], [ -70.610016143852604, -33.432035023590799 ], [ -70.609981332991893, -33.4320275980552 ], [ -70.609324343317596, -33.431887461928497 ], [ -70.609322646320393, -33.431893536162399 ], [ -70.609256004891606, -33.432132111925497 ], [ -70.609133932762603, -33.432551739558001 ], [ -70.609804256861395, -33.4326838268682 ], [ -70.609816521329194, -33.432686243281204 ] ] ] ] } },
{ "type": "Feature", "properties": { "id": "ipt_13_prc_providencia_mono.48", "Name": null, "description": null, "timestamp": null, "begin": null, "end": null, "altitudeMode": null, "tessellate": -1, "extrude": 0, "visibility": -1, "drawOrder": null, "icon": null, "REG": "Metropolitana", "COM": "Providencia", "LOC": "Providencia", "ZONA": "AVC", "NOM": "AVC Zona de Área Verde Complementaria Privada", "UPERM": "Espacio público y áreas verdes.", "UPROH": "Residencial; equipamiento; actividad productiva; infraestructura.", "P_DO": "23/01/2007", "N_DOC": "101", "T_DO": "Decreto", "OBS": null }, "geometry": { "type": "MultiPolygon", "coordinates": [ [ [ [ -70.592467122393501, -33.432143263056503 ], [ -70.592592256097902, -33.432173248208102 ], [ -70.592618470858696, -33.432108275045401 ], [ -70.592939495294502, -33.431346605593603 ], [ -70.592974025119901, -33.431296771997303 ], [ -70.5932944702501, -33.430625367648602 ], [ -70.593347878803897, -33.4305414427226 ], [ -70.593019797272802, -33.430453703904703 ], [ -70.592821421842999, -33.430400298627902 ], [ -70.591806656487805, -33.430091306532702 ], [ -70.591772392190805, -33.430172601517803 ], [ -70.591340324522903, -33.431063157177903 ], [ -70.591336421770293, -33.431071199346597 ], [ -70.591070102304698, -33.431620113940802 ], [ -70.591000819332905, -33.431764433836697 ], [ -70.591072940532598, -33.431783574333799 ], [ -70.591723383134806, -33.431952216699798 ], [ -70.592467122393501, -33.432143263056503 ] ] ] ] } },
{ "type": "Feature", "properties": { "id": "ipt_13_prc_providencia_mono.49", "Name": null, "description": null, "timestamp": null, "begin": null, "end": null, "altitudeMode": null, "tessellate": -1, "extrude": 0, "visibility": -1, "drawOrder": null, "icon": null, "REG": "Metropolitana", "COM": "Providencia", "LOC": "Providencia", "ZONA": "Espacio Público", "NOM": "Espacio Público", "UPERM": "Espacio Público", "UPROH": "Espacio Público", "P_DO": "23/01/2007", "N_DOC": "101", "T_DO": "Decreto", "OBS": null }, "geometry": { "type": "MultiPolygon", "coordinates": [ [ [ [ -70.609594931545601, -33.438534729098599 ], [ -70.610177864793499, -33.438507177259503 ], [ -70.610241016314205, -33.438503750814803 ], [ -70.610304167811904, -33.438500323436401 ], [ -70.610361141428598, -33.438496878867603 ], [ -70.610406271661901, -33.438497493941 ], [ -70.610617080321902, -33.438506539914798 ], [ -70.610819678869305, -33.438527480956097 ], [ -70.610943659665296, -33.438549442260197 ], [ -70.6111861809337, -33.4386028611477 ], [ -70.6112421119809, -33.438615751094503 ], [ -70.612296719054598, -33.438858797046898 ], [ -70.612340761947195, -33.438868946200103 ], [ -70.612397683939705, -33.438882064423602 ], [ -70.612647803107706, -33.438936690166699 ], [ -70.612889325470505, -33.438983161034699 ], [ -70.613077118277005, -33.439016153663097 ], [ -70.613391501555, -33.439057903220501 ], [ -70.613451038210002, -33.439101145112403 ], [ -70.613520077890698, -33.439147781352801 ], [ -70.613588248421905, -33.439204115447303 ], [ -70.613625600944701, -33.439238839567601 ], [ -70.613656696020499, -33.439275408198903 ], [ -70.613662198323297, -33.439289420504203 ], [ -70.613721496975501, -33.439109037961799 ], [ -70.6137559662494, -33.439003798194399 ], [ -70.612496512383402, -33.438758003642 ], [ -70.611138938186201, -33.438445560485 ], [ -70.610955136917696, -33.438404711262798 ], [ -70.610842916062296, -33.438380394002799 ], [ -70.610712311730296, -33.438358382462503 ], [ -70.6105966352889, -33.438346484822702 ], [ -70.610506860327703, -33.4383404354056 ], [ -70.610443043921805, -33.438343324108999 ], [ -70.610304726248401, -33.438342392570199 ], [ -70.610293122602499, -33.438342543274501 ], [ -70.610274727265093, -33.438344501980502 ], [ -70.610185433235202, -33.438351964563701 ], [ -70.610019297075098, -33.438357808714699 ], [ -70.609931903033896, -33.438336818856101 ], [ -70.609855380248106, -33.438333386260098 ], [ -70.609821154331797, -33.438336043746197 ], [ -70.609784169982802, -33.438332097740499 ], [ -70.609752293862996, -33.438319235712498 ], [ -70.609725524854696, -33.438297454974901 ], [ -70.6097038662557, -33.438266759095399 ], [ -70.609692341336199, -33.438213806972698 ], [ -70.609666637635897, -33.438273696844099 ], [ -70.609649369843297, -33.438313932660698 ], [ -70.609619863441395, -33.438429375220601 ], [ -70.609594931545601, -33.438534729098599 ] ] ] ] } },
{ "type": "Feature", "properties": { "id": "ipt_13_prc_providencia_mono.50", "Name": null, "description": null, "timestamp": null, "begin": null, "end": null, "altitudeMode": null, "tessellate": -1, "extrude": 0, "visibility": -1, "drawOrder": null, "icon": null, "REG": "Metropolitana", "COM": "Providencia", "LOC": "Providencia", "ZONA": "PzV", "NOM": "PzV Plaxas Vecinales", "UPERM": "Según art. 2.3 de la Ordenanza Local", "UPROH": "Según art. 2.3 de la Ordenanza Local", "P_DO": "23/01/2007", "N_DOC": "101", "T_DO": "Decreto", "OBS": null }, "geometry": { "type": "MultiPolygon", "coordinates": [ [ [ [ -70.626194189193697, -33.4377893376004 ], [ -70.626972428934096, -33.437938109764303 ], [ -70.627031768603999, -33.4376607361244 ], [ -70.626794359340906, -33.4376152895519 ], [ -70.626647712222095, -33.437587216885298 ], [ -70.626263657515196, -33.437513696421703 ], [ -70.626194189193697, -33.4377893376004 ] ] ] ] } },
{ "type": "Feature", "properties": { "id": "ipt_13_prc_providencia_mono.51", "Name": null, "description": null, "timestamp": null, "begin": null, "end": null, "altitudeMode": null, "tessellate": -1, "extrude": 0, "visibility": -1, "drawOrder": null, "icon": null, "REG": "Metropolitana", "COM": "Providencia", "LOC": "Providencia", "ZONA": "Espacio Público", "NOM": "Espacio Público", "UPERM": "Espacio Público", "UPROH": "Espacio Público", "P_DO": "23/01/2007", "N_DOC": "101", "T_DO": "Decreto", "OBS": null }, "geometry": { "type": "MultiPolygon", "coordinates": [ [ [ [ -70.621165918879797, -33.432402417961498 ], [ -70.621252115442701, -33.432443008828798 ], [ -70.621298102374794, -33.432409818041002 ], [ -70.621328485496605, -33.432372915510598 ], [ -70.621357291688497, -33.432334735856102 ], [ -70.621381244468594, -33.432286187265099 ], [ -70.621388282169605, -33.432246987293802 ], [ -70.621382992497303, -33.432213162005503 ], [ -70.621371563405106, -33.432183328240399 ], [ -70.621341399773002, -33.432148522341798 ], [ -70.621251155501795, -33.4320850589801 ], [ -70.621188929467195, -33.432136175852101 ], [ -70.621141608039807, -33.432181118685499 ], [ -70.6211204456025, -33.432212683523602 ], [ -70.621107050233107, -33.432244146814099 ], [ -70.621101734810097, -33.432292448090401 ], [ -70.621102292266798, -33.432322424013897 ], [ -70.621108964978404, -33.432347107398698 ], [ -70.621117045011104, -33.432363948990798 ], [ -70.621135997689805, -33.432380648434098 ], [ -70.621165918879797, -33.432402417961498 ] ] ] ] } },
{ "type": "Feature", "properties": { "id": "ipt_13_prc_providencia_mono.52", "Name": null, "description": null, "timestamp": null, "begin": null, "end": null, "altitudeMode": null, "tessellate": -1, "extrude": 0, "visibility": -1, "drawOrder": null, "icon": null, "REG": "Metropolitana", "COM": "Providencia", "LOC": "Providencia", "ZONA": "PzV", "NOM": "PzV Plaxas Vecinales", "UPERM": "Según art. 2.3 de la Ordenanza Local", "UPROH": "Según art. 2.3 de la Ordenanza Local", "P_DO": "23/01/2007", "N_DOC": "101", "T_DO": "Decreto", "OBS": null }, "geometry": { "type": "MultiPolygon", "coordinates": [ [ [ [ -70.610667905378094, -33.423974068206498 ], [ -70.611476205561004, -33.424193527250303 ], [ -70.611277064451599, -33.424027296731701 ], [ -70.611265230078004, -33.424017418481 ], [ -70.611264853209207, -33.424017103226099 ], [ -70.611201129597404, -33.423963911238097 ], [ -70.611197753185607, -33.423961092680898 ], [ -70.610871509592798, -33.423688761501303 ], [ -70.610667905378094, -33.423974068206498 ] ] ] ] } },
{ "type": "Feature", "properties": { "id": "ipt_13_prc_providencia_mono.53", "Name": null, "description": null, "timestamp": null, "begin": null, "end": null, "altitudeMode": null, "tessellate": -1, "extrude": 0, "visibility": -1, "drawOrder": null, "icon": null, "REG": "Metropolitana", "COM": "Providencia", "LOC": "Providencia", "ZONA": "PzV", "NOM": "PzV Plaxas Vecinales", "UPERM": "Según art. 2.3 de la Ordenanza Local", "UPROH": "Según art. 2.3 de la Ordenanza Local", "P_DO": "23/01/2007", "N_DOC": "101", "T_DO": "Decreto", "OBS": null }, "geometry": { "type": "MultiPolygon", "coordinates": [ [ [ [ -70.611541174478006, -33.424249895401999 ], [ -70.6119950356088, -33.4246436681739 ], [ -70.6120605397589, -33.424457394959397 ], [ -70.612126042585999, -33.424271122628902 ], [ -70.611573981837196, -33.424130807440498 ], [ -70.611541174478006, -33.424249895401999 ] ] ] ] } },
{ "type": "Feature", "properties": { "id": "ipt_13_prc_providencia_mono.54", "Name": null, "description": null, "timestamp": null, "begin": null, "end": null, "altitudeMode": null, "tessellate": -1, "extrude": 0, "visibility": -1, "drawOrder": null, "icon": null, "REG": "Metropolitana", "COM": "Providencia", "LOC": "Providencia", "ZONA": "PqI", "NOM": "Pql Parques Intercomunal", "UPERM": "Según art. 2.3.02 de la Ordenanza Local", "UPROH": "Según art. 2.3.02 de la Ordenanza Local", "P_DO": "23/01/2007", "N_DOC": "101", "T_DO": "Decreto", "OBS": null }, "geometry": { "type": "MultiPolygon", "coordinates": [ [ [ [ -70.613772044480498, -33.4209051655588 ], [ -70.614056574787298, -33.4210163105977 ], [ -70.614538856301607, -33.421175125512598 ], [ -70.614551645162607, -33.4211789947298 ], [ -70.615223700274896, -33.421382306445501 ], [ -70.616300673540707, -33.421672715477499 ], [ -70.616514219225706, -33.421730297361599 ], [ -70.617305209589901, -33.421953670562601 ], [ -70.617529951592601, -33.422017136125 ], [ -70.618397394973798, -33.422252945995901 ], [ -70.618503345041503, -33.422286066575502 ], [ -70.618849089586206, -33.422394148717899 ], [ -70.619491615487902, -33.4226093505183 ], [ -70.619831514875997, -33.422775546408701 ], [ -70.620171080112399, -33.4229240932168 ], [ -70.620532241470599, -33.423101777382399 ], [ -70.620787853469807, -33.423263188391701 ], [ -70.621337353570993, -33.423616962495899 ], [ -70.621488099874, -33.423770019392798 ], [ -70.621595685396997, -33.423861834241201 ], [ -70.621822072880207, -33.424055036010699 ], [ -70.622014475385797, -33.424238553367601 ], [ -70.622169653839705, -33.42440877552 ], [ -70.6222960128745, -33.424575931278703 ], [ -70.622439913115002, -33.424795884276399 ], [ -70.622580916676398, -33.425012367760303 ], [ -70.622608988263494, -33.425086056266899 ], [ -70.622702933301795, -33.425332660576402 ], [ -70.622779073573199, -33.425586181271299 ], [ -70.622928978818194, -33.425965995955899 ], [ -70.623107754371802, -33.426457718810198 ], [ -70.623116717686401, -33.4264842353112 ], [ -70.623225680113094, -33.426699876547097 ], [ -70.623273145541603, -33.426787429191499 ], [ -70.623319361385597, -33.426872675052302 ], [ -70.623434411976604, -33.427049655988597 ], [ -70.623444410217203, -33.427071152840597 ], [ -70.623510648130207, -33.427343815024301 ], [ -70.623546019833398, -33.427499864024099 ], [ -70.623558618992504, -33.427555448538399 ], [ -70.623628932687694, -33.427785246385497 ], [ -70.623743266316694, -33.428014468684502 ], [ -70.623911190666703, -33.428302087935101 ], [ -70.623924889089494, -33.428325550976901 ], [ -70.624438516453097, -33.429071950721202 ], [ -70.624850869730693, -33.4296678463934 ], [ -70.625456141352203, -33.430536805259301 ], [ -70.625484182626593, -33.430571541471402 ], [ -70.6259193200071, -33.4311105554387 ], [ -70.626615363956603, -33.4318100983484 ], [ -70.627683652526699, -33.432783924729499 ], [ -70.628378252476395, -33.433404735407699 ], [ -70.629807991613404, -33.434073146613699 ], [ -70.631501027185195, -33.434871616055297 ], [ -70.632908946177594, -33.435535589005603 ], [ -70.633420709009101, -33.4357364385735 ], [ -70.633823966413004, -33.435842078479297 ], [ -70.634282036192005, -33.435911203700599 ], [ -70.6347684387908, -33.4358976337897 ], [ -70.635126266988493, -33.435857123640602 ], [ -70.635377503724001, -33.435828392142199 ], [ -70.635380439056604, -33.435691149147203 ], [ -70.634869243863903, -33.435763632971302 ], [ -70.634533533340502, -33.435790338697103 ], [ -70.634380936583895, -33.435786525329704 ], [ -70.634378152624706, -33.435786455610597 ], [ -70.6342283408909, -33.435782710858298 ], [ -70.633938409074005, -33.4357483800067 ], [ -70.6337171440139, -33.435702604049297 ], [ -70.633503509301306, -33.435637753577701 ], [ -70.633284357977402, -33.435547358031201 ], [ -70.633198317278797, -33.435511867182598 ], [ -70.632809196579601, -33.435336389831498 ], [ -70.631878357605501, -33.4349015098678 ], [ -70.631762152876405, -33.434846509797701 ], [ -70.631753976715203, -33.434842639425703 ], [ -70.630733885376301, -33.434359816925301 ], [ -70.630340287088401, -33.434175589543202 ], [ -70.629658080033195, -33.433856271631498 ], [ -70.629602494628998, -33.433830023922702 ], [ -70.6295975809157, -33.433827704061798 ], [ -70.628834059386094, -33.433467168723801 ], [ -70.628536495649001, -33.433310764228601 ], [ -70.628376269606903, -33.433184877093296 ], [ -70.628018926758998, -33.432886379302403 ], [ -70.627963387857605, -33.432839986030103 ], [ -70.627962915838793, -33.4328395918144 ], [ -70.627939297358495, -33.432819863221702 ], [ -70.627750621850097, -33.432662255290197 ], [ -70.627608026401802, -33.4325269424006 ], [ -70.627605055692598, -33.432524123492598 ], [ -70.627002895576396, -33.431952709664898 ], [ -70.626899689368102, -33.431863857253298 ], [ -70.626777542863806, -33.431768344308402 ], [ -70.626488108102706, -33.4314956045434 ], [ -70.626401116601997, -33.431434329836101 ], [ -70.626282436803706, -33.431302900566898 ], [ -70.626113628790904, -33.431117825687799 ], [ -70.626056645527697, -33.431055350959298 ], [ -70.625969121772698, -33.430939376916299 ], [ -70.625603901132905, -33.430484123109402 ], [ -70.625515072811993, -33.430373396441198 ], [ -70.625376646453503, -33.430170092087899 ], [ -70.625366756897904, -33.430155566953403 ], [ -70.6251488394131, -33.429835514199802 ], [ -70.624881792557005, -33.429370111760903 ], [ -70.624626787962001, -33.428909077189502 ], [ -70.624621029062595, -33.428898665235799 ], [ -70.624618289862198, -33.428893713090801 ], [ -70.624535619692196, -33.428744248839699 ], [ -70.624426751348906, -33.428544369005898 ], [ -70.624422942710595, -33.428537376491903 ], [ -70.624205012763596, -33.428137260989999 ], [ -70.624095426928307, -33.427927186889796 ], [ -70.624033931451393, -33.427809300344002 ], [ -70.623929774108404, -33.427645564166802 ], [ -70.623917802138095, -33.427556567616101 ], [ -70.623898077910994, -33.4274099481025 ], [ -70.623869927416706, -33.427303714753201 ], [ -70.623842268955599, -33.427224126801299 ], [ -70.623814610531099, -33.427144537939 ], [ -70.623775009615002, -33.427025913617904 ], [ -70.623683802779894, -33.426795227828599 ], [ -70.6236023561233, -33.426589227186 ], [ -70.623390572539606, -33.426058993383798 ], [ -70.623291193339497, -33.4257932652962 ], [ -70.623252376920306, -33.425665751048697 ], [ -70.623211282813401, -33.425497166478102 ], [ -70.623170805808897, -33.425332546382499 ], [ -70.623132994607204, -33.425173906599198 ], [ -70.623103651583406, -33.425054126860601 ], [ -70.623058340708994, -33.424908576102901 ], [ -70.623038015225504, -33.4248568812244 ], [ -70.623015275893295, -33.424764426233999 ], [ -70.622958377234696, -33.424533086025903 ], [ -70.6229317396743, -33.424388407289598 ], [ -70.622922506865194, -33.424261758377803 ], [ -70.622921014962699, -33.424241291866998 ], [ -70.622920122694794, -33.424193351287499 ], [ -70.622919769443001, -33.424174371426901 ], [ -70.622898576916398, -33.423923347623699 ], [ -70.622745062043407, -33.423772502137901 ], [ -70.622377977141198, -33.423553191377998 ], [ -70.621726560890295, -33.423163487389097 ], [ -70.6217096770106, -33.423138447829203 ], [ -70.621706513538697, -33.423115520407102 ], [ -70.621706300088107, -33.423104042861503 ], [ -70.6216868078441, -33.423085923805402 ], [ -70.621567973273201, -33.423023173383001 ], [ -70.621410496067497, -33.422942551419403 ], [ -70.621386158349793, -33.422924401874504 ], [ -70.621247337247596, -33.422849482471797 ], [ -70.621236887721196, -33.422842585680002 ], [ -70.6210090910308, -33.422728209665401 ], [ -70.620766247084802, -33.422601341078 ], [ -70.620518664380896, -33.422461341901403 ], [ -70.620146413254801, -33.422264546559902 ], [ -70.619955811449202, -33.422167148442099 ], [ -70.6197697044216, -33.422069692218201 ], [ -70.619708848299197, -33.422039061743902 ], [ -70.619649406769597, -33.422009143249603 ], [ -70.619601819045201, -33.421985190666597 ], [ -70.619464079634298, -33.421937083730398 ], [ -70.619327394928106, -33.421914029336797 ], [ -70.619146095377403, -33.421881621781701 ], [ -70.619048106694706, -33.421862433951297 ], [ -70.619018647046701, -33.421856664431502 ], [ -70.618536376979094, -33.421747995462901 ], [ -70.618295618975395, -33.421593816008297 ], [ -70.618427908197205, -33.4219275133214 ], [ -70.616733107114996, -33.421320961175901 ], [ -70.615829188763897, -33.421046400152498 ], [ -70.615816888430501, -33.421042663585297 ], [ -70.615520437595706, -33.420951132287001 ], [ -70.615521729567703, -33.420953009309798 ], [ -70.615313962425702, -33.420889898810699 ], [ -70.614810394643001, -33.420718236959701 ], [ -70.614680687391299, -33.420668645637697 ], [ -70.614387488135705, -33.420536111516199 ], [ -70.614378516331001, -33.420534170316699 ], [ -70.614182444706003, -33.420446911423497 ], [ -70.614111029908798, -33.420415129549802 ], [ -70.613986373463902, -33.420359652207303 ], [ -70.6133912471618, -33.420046842956801 ], [ -70.613131833571302, -33.419875179334099 ], [ -70.612978706778506, -33.419779196480597 ], [ -70.6122889317556, -33.419341780524903 ], [ -70.612004745300993, -33.419148628312797 ], [ -70.611720560096003, -33.418955475405802 ], [ -70.611651645587997, -33.418906232509201 ], [ -70.611119360643102, -33.418492252596003 ], [ -70.611116233559798, -33.4184898203847 ], [ -70.610964959855195, -33.418372166813803 ], [ -70.610560577895896, -33.4180250236912 ], [ -70.610301163167094, -33.417784693532397 ], [ -70.610244894396004, -33.4177435103703 ], [ -70.610219448201903, -33.417721093733903 ], [ -70.610139091130094, -33.417634225114803 ], [ -70.610089047060697, -33.417579762696597 ], [ -70.609973850628293, -33.417457491947097 ], [ -70.6099630253496, -33.417446002392197 ], [ -70.6094333104284, -33.416883753897103 ], [ -70.609007891032107, -33.416437639428203 ], [ -70.608984327624896, -33.416393426865199 ], [ -70.608882797926498, -33.416267346035198 ], [ -70.608743256578194, -33.416121669756997 ], [ -70.608455931105794, -33.415812807117902 ], [ -70.608231758125001, -33.415565047713997 ], [ -70.608214596926601, -33.415546080054298 ], [ -70.608151532138393, -33.4154763795528 ], [ -70.608115903577598, -33.415427555231602 ], [ -70.607985822316905, -33.415249297377699 ], [ -70.607930010899196, -33.415142351553797 ], [ -70.607869353115802, -33.414997263115701 ], [ -70.607789065534007, -33.414685714652698 ], [ -70.607677486429594, -33.414249536543302 ], [ -70.607625239926705, -33.414102099661797 ], [ -70.607539143825306, -33.4137448508124 ], [ -70.607523063424395, -33.413644744290401 ], [ -70.607496871266505, -33.413496075028803 ], [ -70.607387845736696, -33.413051354603198 ], [ -70.607304335627504, -33.412670453775398 ], [ -70.607221202322407, -33.412309961961903 ], [ -70.607138928947407, -33.411996108255899 ], [ -70.606795275223107, -33.412041675299399 ], [ -70.606839232072204, -33.412146828247202 ], [ -70.606947675951702, -33.412482728511698 ], [ -70.607057696804006, -33.412904358503198 ], [ -70.607093244067499, -33.413056031539 ], [ -70.607153877008002, -33.4133147342027 ], [ -70.607288243005897, -33.4139475788228 ], [ -70.607370268785502, -33.4143295539549 ], [ -70.607464767094797, -33.414648480465097 ], [ -70.607500424761895, -33.414762353202597 ], [ -70.607580658651401, -33.415018582089502 ], [ -70.607685018500007, -33.415277747502799 ], [ -70.607765340748998, -33.415456155600097 ], [ -70.607978254113405, -33.415862539799797 ], [ -70.607982633094807, -33.415870298343897 ], [ -70.608063356931595, -33.416013317448702 ], [ -70.608199464040297, -33.4162544587615 ], [ -70.608445553160294, -33.4166029874294 ], [ -70.608515995440101, -33.416680165694501 ], [ -70.608995915121994, -33.417205974437998 ], [ -70.609283873312506, -33.417503712310598 ], [ -70.609390475081796, -33.417609829727503 ], [ -70.609632654179606, -33.417850905900899 ], [ -70.609746294955599, -33.417966322455101 ], [ -70.609946682456197, -33.418169838721603 ], [ -70.609965821273505, -33.418188403479903 ], [ -70.610216872384001, -33.418431914561097 ], [ -70.610538663813799, -33.418707676020603 ], [ -70.610807789393306, -33.418912342631501 ], [ -70.611241635374498, -33.419229714819899 ], [ -70.611545521673094, -33.419462638989103 ], [ -70.611552643638007, -33.4194679015446 ], [ -70.612284616809106, -33.420008779021302 ], [ -70.612309206011204, -33.4200269487824 ], [ -70.613046026916905, -33.420527001901299 ], [ -70.613486983818007, -33.420765315934098 ], [ -70.613772044480498, -33.4209051655588 ] ] ] ] } },
{ "type": "Feature", "properties": { "id": "ipt_13_prc_providencia_mono.55", "Name": null, "description": null, "timestamp": null, "begin": null, "end": null, "altitudeMode": null, "tessellate": -1, "extrude": 0, "visibility": -1, "drawOrder": null, "icon": null, "REG": "Metropolitana", "COM": "Providencia", "LOC": "Providencia", "ZONA": "ZIM", "NOM": "ZIM Zona de Interés Metropolitano", "UPERM": "Revisar ordenaza local", "UPROH": "Revisar ordenaza local", "P_DO": "23/01/2007", "N_DOC": "101", "T_DO": "Decreto", "OBS": null }, "geometry": { "type": "MultiPolygon", "coordinates": [ [ [ [ -70.627248192444, -33.434395708016901 ], [ -70.626907343873199, -33.434695734121597 ], [ -70.626634531175995, -33.434488144296203 ], [ -70.626594189778402, -33.434613943229699 ], [ -70.626226776522103, -33.434520316007301 ], [ -70.626192096137302, -33.434630871777102 ], [ -70.626570381397798, -33.434730509663702 ], [ -70.626393991734403, -33.4353436641209 ], [ -70.626514025510602, -33.435370722710097 ], [ -70.626385555904307, -33.435806678168703 ], [ -70.6262713014262, -33.435784316153097 ], [ -70.626216571229605, -33.435984074335501 ], [ -70.626248181644499, -33.435989823752998 ], [ -70.627834694436203, -33.4363003294104 ], [ -70.6278591869346, -33.436305123033399 ], [ -70.627899989164504, -33.436310945239399 ], [ -70.627996808197295, -33.435887335151797 ], [ -70.628018599527394, -33.435865573742603 ], [ -70.628043480953806, -33.43573496682 ], [ -70.628294602751595, -33.435787934445202 ], [ -70.628307623588896, -33.435729340173999 ], [ -70.6283173094359, -33.4356781450266 ], [ -70.627852674460001, -33.435575694468099 ], [ -70.62781031307, -33.435501804508498 ], [ -70.627710777775803, -33.4354751932431 ], [ -70.627745741998396, -33.435335863166102 ], [ -70.627733750283596, -33.435333582041402 ], [ -70.627684915456001, -33.435324287657401 ], [ -70.627627142285306, -33.435522820192503 ], [ -70.627608255009406, -33.435518251446602 ], [ -70.627503640268102, -33.435492944903999 ], [ -70.627500960119207, -33.435502005603503 ], [ -70.627496412224801, -33.435517378381199 ], [ -70.627483924653305, -33.435514349810902 ], [ -70.627263985027, -33.435461014575203 ], [ -70.627338696617102, -33.435191493238797 ], [ -70.627343020825506, -33.435175891631403 ], [ -70.627449162342799, -33.434792982689899 ], [ -70.627753202429204, -33.434545343204 ], [ -70.627741514651007, -33.4345388844159 ], [ -70.627550474569105, -33.434425684602303 ], [ -70.627371761012995, -33.434286937070098 ], [ -70.627248192444, -33.434395708016901 ] ] ] ] } },
{ "type": "Feature", "properties": { "id": "ipt_13_prc_providencia_mono.56", "Name": null, "description": null, "timestamp": null, "begin": null, "end": null, "altitudeMode": null, "tessellate": -1, "extrude": 0, "visibility": -1, "drawOrder": null, "icon": null, "REG": "Metropolitana", "COM": "Providencia", "LOC": "Providencia", "ZONA": "UR", "NOM": "UR Zona de Uso Residencial", "UPERM": "Revisar ordenaza local", "UPROH": "Revisar ordenaza local", "P_DO": "23/01/2007", "N_DOC": "101", "T_DO": "Decreto", "OBS": null }, "geometry": { "type": "MultiPolygon", "coordinates": [ [ [ [ -70.623333751985797, -33.4463241118981 ], [ -70.623276087127095, -33.4464958962905 ], [ -70.623252127730098, -33.446581176808401 ], [ -70.623204230552503, -33.446571485217802 ], [ -70.623166372554707, -33.446719146900399 ], [ -70.622902990860496, -33.446664300827202 ], [ -70.622835569081602, -33.446882995174398 ], [ -70.622818588990796, -33.446878943679202 ], [ -70.622797759230707, -33.446874745975599 ], [ -70.622709200118095, -33.447166782295099 ], [ -70.622734574167097, -33.447171566239 ], [ -70.622928209435898, -33.4472141031045 ], [ -70.622922445463104, -33.447236221987303 ], [ -70.622856844897598, -33.447453775124998 ], [ -70.622789466926605, -33.447442801681703 ], [ -70.622721567888107, -33.447669530292401 ], [ -70.622855100863802, -33.4476981099439 ], [ -70.622805534377306, -33.447876739402297 ], [ -70.622675775771498, -33.4478519566023 ], [ -70.622636836138796, -33.447970093747003 ], [ -70.622622318067599, -33.448018936586003 ], [ -70.623227228803003, -33.448138361196499 ], [ -70.6236960931613, -33.448230606143603 ], [ -70.6239772263243, -33.448285917705697 ], [ -70.624003885238594, -33.448291162519901 ], [ -70.624112415493599, -33.447923788238498 ], [ -70.624184738730094, -33.447940498532297 ], [ -70.624186403926899, -33.447934837576 ], [ -70.624198122829497, -33.447894987310399 ], [ -70.624209545057894, -33.447896984915502 ], [ -70.624237462638803, -33.447814298346501 ], [ -70.624223303221797, -33.447810547376399 ], [ -70.624241137641903, -33.447759489307998 ], [ -70.624257017259097, -33.447763934692297 ], [ -70.624301395875904, -33.447625198367298 ], [ -70.624183499467804, -33.447599183134201 ], [ -70.6241861085621, -33.447582813211604 ], [ -70.624206542841904, -33.447454591214203 ], [ -70.624329753618696, -33.447474502655801 ], [ -70.624337096480104, -33.447451864314701 ], [ -70.624356803679206, -33.447391112275 ], [ -70.624331073505601, -33.447385006741101 ], [ -70.624339863352901, -33.447352679122602 ], [ -70.624373717284996, -33.447336487792903 ], [ -70.624403849475598, -33.447212254642203 ], [ -70.624388422550396, -33.447209235448298 ], [ -70.624597184380406, -33.4465153746781 ], [ -70.6246075289245, -33.446480991236498 ], [ -70.624229731971198, -33.446406798811999 ], [ -70.624253974859201, -33.446323968284098 ], [ -70.624043624590996, -33.446287251893096 ], [ -70.624047581970103, -33.446270497263001 ], [ -70.623804219060403, -33.446223222328101 ], [ -70.623809960567201, -33.446204126633397 ], [ -70.623816386895797, -33.446182756572199 ], [ -70.623596573315695, -33.446133378123697 ], [ -70.623577222756694, -33.4461996599168 ], [ -70.623461599643505, -33.446174406891103 ], [ -70.623413193281394, -33.446341638509097 ], [ -70.623333751985797, -33.4463241118981 ] ] ] ] } },
{ "type": "Feature", "properties": { "id": "ipt_13_prc_providencia_mono.57", "Name": null, "description": null, "timestamp": null, "begin": null, "end": null, "altitudeMode": null, "tessellate": -1, "extrude": 0, "visibility": -1, "drawOrder": null, "icon": null, "REG": "Metropolitana", "COM": "Providencia", "LOC": "Providencia", "ZONA": "UR", "NOM": "UR Zona de Uso Residencial", "UPERM": "Revisar ordenaza local", "UPROH": "Revisar ordenaza local", "P_DO": "23/01/2007", "N_DOC": "101", "T_DO": "Decreto", "OBS": null }, "geometry": { "type": "MultiPolygon", "coordinates": [ [ [ [ -70.620238863424902, -33.445365833474099 ], [ -70.6202023944807, -33.445491369629401 ], [ -70.620181102644096, -33.445487347962001 ], [ -70.620087381060202, -33.445469647840902 ], [ -70.620059643448997, -33.445560571230999 ], [ -70.619844841078702, -33.446264663977502 ], [ -70.619719770162106, -33.4462387580203 ], [ -70.619705513066293, -33.446235805019498 ], [ -70.619423148868805, -33.446177318910898 ], [ -70.619391569897005, -33.446170777401498 ], [ -70.619314884932393, -33.446154893203598 ], [ -70.6192374043017, -33.446396895089798 ], [ -70.619317425408298, -33.4464143419153 ], [ -70.6193032604818, -33.446471797683401 ], [ -70.619552203998495, -33.4465270006067 ], [ -70.6195477471977, -33.4465429779411 ], [ -70.619532625066896, -33.446597197843602 ], [ -70.619499279210203, -33.4465891346115 ], [ -70.619472187042703, -33.4466628605512 ], [ -70.619503193341998, -33.446674117974297 ], [ -70.619505492712307, -33.446674952791803 ], [ -70.619387497873504, -33.447033991480097 ], [ -70.619367084452804, -33.447029846378001 ], [ -70.619224071867194, -33.447000811375602 ], [ -70.619185778862501, -33.4471216779367 ], [ -70.619039573709401, -33.4470895974558 ], [ -70.619025905300504, -33.447130774979797 ], [ -70.619007289744303, -33.447193853131402 ], [ -70.618978392848604, -33.447291773395897 ], [ -70.619846287463901, -33.447475119664801 ], [ -70.620891570348903, -33.447677296602897 ], [ -70.621175484236105, -33.447733477356003 ], [ -70.621215849817901, -33.447741465459401 ], [ -70.621824902788504, -33.447861981829597 ], [ -70.621831833751102, -33.447863353021198 ], [ -70.621912321785899, -33.447579414007301 ], [ -70.621899474690593, -33.447575706924198 ], [ -70.621895509595007, -33.447574562973301 ], [ -70.621927877093697, -33.447463186469001 ], [ -70.622106624515496, -33.447496684655498 ], [ -70.622113535758601, -33.447497980336202 ], [ -70.622164011129101, -33.447317369634803 ], [ -70.622147011882703, -33.447313679031303 ], [ -70.622117222726203, -33.447307213108097 ], [ -70.622267846652704, -33.446766139940699 ], [ -70.622173924559107, -33.446746663843797 ], [ -70.622241033503997, -33.446504670632699 ], [ -70.622035287711796, -33.446461071835699 ], [ -70.622201232205597, -33.4458860454505 ], [ -70.622208221215203, -33.4458618273379 ], [ -70.621754489432902, -33.4457655737043 ], [ -70.621732488365097, -33.445760906855199 ], [ -70.621677351219304, -33.445749209910197 ], [ -70.621599338519701, -33.446029703929398 ], [ -70.621594631890204, -33.4460466288158 ], [ -70.621442139106094, -33.446594909694298 ], [ -70.621425932547197, -33.446591548610797 ], [ -70.621400236614406, -33.446586219389602 ], [ -70.621234901112999, -33.4465519324064 ], [ -70.620917658510706, -33.446484533137799 ], [ -70.621070071354396, -33.445945315478902 ], [ -70.621043204121705, -33.445939812111199 ], [ -70.620905841064001, -33.445911671914601 ], [ -70.6209177761516, -33.445880019442797 ], [ -70.620759990097497, -33.445843904279499 ], [ -70.620825179313897, -33.445614941239299 ], [ -70.620708654000296, -33.445593558146101 ], [ -70.620726868244404, -33.445532236351603 ], [ -70.620614877853299, -33.445509838843201 ], [ -70.6206211747525, -33.445481123412698 ], [ -70.620445089964505, -33.445448537816802 ], [ -70.620461652371702, -33.445391399595799 ], [ -70.620466974664694, -33.4453730363972 ], [ -70.620250544866195, -33.445325622397398 ], [ -70.620238863424902, -33.445365833474099 ] ] ] ] } },
{ "type": "Feature", "properties": { "id": "ipt_13_prc_providencia_mono.58", "Name": null, "description": null, "timestamp": null, "begin": null, "end": null, "altitudeMode": null, "tessellate": -1, "extrude": 0, "visibility": -1, "drawOrder": null, "icon": null, "REG": "Metropolitana", "COM": "Providencia", "LOC": "Providencia", "ZONA": "UR", "NOM": "UR Zona de Uso Residencial", "UPERM": "Revisar ordenaza local", "UPROH": "Revisar ordenaza local", "P_DO": "23/01/2007", "N_DOC": "101", "T_DO": "Decreto", "OBS": null }, "geometry": { "type": "MultiPolygon", "coordinates": [ [ [ [ -70.617793879799194, -33.448249533440297 ], [ -70.618434783892397, -33.448367788547799 ], [ -70.618648411119906, -33.447654421969297 ], [ -70.618762854527105, -33.447246239079398 ], [ -70.618877297897498, -33.446841870820798 ], [ -70.6181295783026, -33.446735061147201 ], [ -70.616763846775299, -33.446548145234502 ], [ -70.616669249301196, -33.447051876370701 ], [ -70.616668315365303, -33.447056853128899 ], [ -70.616611255255705, -33.447360695367102 ], [ -70.616496813423595, -33.448013024561803 ], [ -70.6170919388138, -33.4481236498928 ], [ -70.617793879799194, -33.448249533440297 ] ] ] ] } },
{ "type": "Feature", "properties": { "id": "ipt_13_prc_providencia_mono.59", "Name": null, "description": null, "timestamp": null, "begin": null, "end": null, "altitudeMode": null, "tessellate": -1, "extrude": 0, "visibility": -1, "drawOrder": null, "icon": null, "REG": "Metropolitana", "COM": "Providencia", "LOC": "Providencia", "ZONA": "UR", "NOM": "UR Zona de Uso Residencial", "UPERM": "Revisar ordenaza local", "UPROH": "Revisar ordenaza local", "P_DO": "23/01/2007", "N_DOC": "101", "T_DO": "Decreto", "OBS": null }, "geometry": { "type": "MultiPolygon", "coordinates": [ [ [ [ -70.615393384039294, -33.446716477352197 ], [ -70.6153697001821, -33.446890725742001 ], [ -70.615196805123105, -33.446869924071201 ], [ -70.615173921950998, -33.446867171315098 ], [ -70.615134296689703, -33.4469274438082 ], [ -70.614837920000596, -33.4470615859925 ], [ -70.614836189579407, -33.447077109207797 ], [ -70.614822445462707, -33.447200440503202 ], [ -70.614703904508303, -33.4471820802287 ], [ -70.614637522398894, -33.447163018870803 ], [ -70.614596589635596, -33.447368819597301 ], [ -70.614349101922002, -33.447328352532601 ], [ -70.614345928834595, -33.447354908593702 ], [ -70.614296112312701, -33.447644296608601 ], [ -70.614299487281698, -33.447644832538202 ], [ -70.614444200484101, -33.447667785369902 ], [ -70.614530326704696, -33.447681446543001 ], [ -70.615947468086901, -33.4479062140678 ], [ -70.616153176743495, -33.447946210711102 ], [ -70.616167888434802, -33.447949071615 ], [ -70.616275805027001, -33.447340066937002 ], [ -70.616316681117894, -33.447109392160002 ], [ -70.616321517071995, -33.447082100127297 ], [ -70.615893383429906, -33.4470682983169 ], [ -70.615884060593302, -33.447067997777999 ], [ -70.615932960357796, -33.446789511656199 ], [ -70.615937350447297, -33.446764507079799 ], [ -70.615752061152193, -33.446748147827499 ], [ -70.615393384039294, -33.446716477352197 ] ] ] ] } },
{ "type": "Feature", "properties": { "id": "ipt_13_prc_providencia_mono.60", "Name": null, "description": null, "timestamp": null, "begin": null, "end": null, "altitudeMode": null, "tessellate": -1, "extrude": 0, "visibility": -1, "drawOrder": null, "icon": null, "REG": "Metropolitana", "COM": "Providencia", "LOC": "Providencia", "ZONA": "UR", "NOM": "UR Zona de Uso Residencial", "UPERM": "Revisar ordenaza local", "UPROH": "Revisar ordenaza local", "P_DO": "23/01/2007", "N_DOC": "101", "T_DO": "Decreto", "OBS": null }, "geometry": { "type": "MultiPolygon", "coordinates": [ [ [ [ -70.616837773295401, -33.439954401463901 ], [ -70.616821175849793, -33.440063942467098 ], [ -70.616424915642895, -33.440007267997103 ], [ -70.616424806850404, -33.440007723938798 ], [ -70.6164129110917, -33.440005591080599 ], [ -70.616208924113707, -33.439969019765698 ], [ -70.616230772560201, -33.439858019754297 ], [ -70.616107978225003, -33.439835759748497 ], [ -70.616101401617499, -33.439865986500998 ], [ -70.615970359123196, -33.440468259601801 ], [ -70.6159609739762, -33.440467287102003 ], [ -70.615635012458597, -33.440433498611299 ], [ -70.615629371078199, -33.440459002884197 ], [ -70.615578321724499, -33.440689799383797 ], [ -70.615629462502, -33.440695378158502 ], [ -70.615644585069802, -33.4406970280452 ], [ -70.615613428446594, -33.4408811732863 ], [ -70.615849644414894, -33.440911262494801 ], [ -70.615738516989396, -33.441478571465602 ], [ -70.6156479874615, -33.441465954102803 ], [ -70.615642805918498, -33.441495259915101 ], [ -70.615612793036703, -33.441664984373297 ], [ -70.615521875818104, -33.441655080174797 ], [ -70.615472921332895, -33.441963351831802 ], [ -70.615459608916694, -33.4419621635274 ], [ -70.615315411488396, -33.441949297386202 ], [ -70.615310761957005, -33.441981777014199 ], [ -70.615308482003698, -33.441997706915899 ], [ -70.615286461922196, -33.442036164742298 ], [ -70.615249674695207, -33.442252618310803 ], [ -70.615228249776806, -33.442250357882202 ], [ -70.615187235632604, -33.442479392941699 ], [ -70.615092422888097, -33.442471776637902 ], [ -70.615089051807004, -33.442501909268998 ], [ -70.6150696603288, -33.442675291939103 ], [ -70.615127547695707, -33.442679805426501 ], [ -70.6150952287732, -33.442884439039403 ], [ -70.615254233328898, -33.442902030183397 ], [ -70.6152521738357, -33.442916275294102 ], [ -70.615235134890696, -33.443034161971497 ], [ -70.615431296245305, -33.443057205541201 ], [ -70.615427306252499, -33.443075939875101 ], [ -70.615398239676196, -33.443212385162298 ], [ -70.615353731322301, -33.443421324265898 ], [ -70.615340973078901, -33.443420041254399 ], [ -70.615340213269803, -33.443419964578403 ], [ -70.615042195634203, -33.443389999641198 ], [ -70.615004853559299, -33.443622365946197 ], [ -70.615246666509194, -33.443646894712401 ], [ -70.615186676262198, -33.4439298557852 ], [ -70.615178343745995, -33.4439291076025 ], [ -70.614977130545995, -33.443911031831803 ], [ -70.614972669441102, -33.443940919828499 ], [ -70.614926387036604, -33.444251027712099 ], [ -70.614915918995607, -33.4442499808668 ], [ -70.614727233512198, -33.444231112938702 ], [ -70.6146947345391, -33.444415075183201 ], [ -70.614860742391002, -33.4444343882505 ], [ -70.6148309299343, -33.444576510224898 ], [ -70.614809977945498, -33.444573620408597 ], [ -70.614707657526694, -33.444559504741903 ], [ -70.614701072155697, -33.444592318882101 ], [ -70.614646562120797, -33.444863930012502 ], [ -70.614622713312301, -33.444865812509498 ], [ -70.614593454084599, -33.445045768974303 ], [ -70.6145243542787, -33.445470762366497 ], [ -70.614508286629302, -33.445468951514002 ], [ -70.614433632422603, -33.445980701214502 ], [ -70.614504708887196, -33.445984764532497 ], [ -70.614515416512702, -33.445985377213297 ], [ -70.614515253014801, -33.445986365044199 ], [ -70.614881059996407, -33.446041878048099 ], [ -70.614883512795501, -33.446020175090403 ], [ -70.615472208765794, -33.446067959763603 ], [ -70.615515511951997, -33.446071474459401 ], [ -70.615786521896197, -33.446093470701001 ], [ -70.615826545573299, -33.446069515867201 ], [ -70.615813930114598, -33.446052228958301 ], [ -70.615753575977195, -33.445969524948197 ], [ -70.615710927020004, -33.4459110820913 ], [ -70.615676481548704, -33.445873507097303 ], [ -70.615796979360098, -33.445751291474103 ], [ -70.615895078176806, -33.4456517926277 ], [ -70.615929611119896, -33.445616767205699 ], [ -70.615917106372606, -33.4455750536655 ], [ -70.616180695392501, -33.4454945192129 ], [ -70.616584622767306, -33.445538555861297 ], [ -70.616615882841003, -33.445541963880501 ], [ -70.616673088599796, -33.445247818873099 ], [ -70.617046132709902, -33.445289263583398 ], [ -70.617098524563005, -33.445065977631501 ], [ -70.617099076807804, -33.445063622059898 ], [ -70.617206354970307, -33.4446064156147 ], [ -70.617781250098702, -33.444688837471901 ], [ -70.617796797225694, -33.444691065928801 ], [ -70.617812052476097, -33.444623578538597 ], [ -70.617819680101704, -33.444589835293598 ], [ -70.617964710417795, -33.4446168877951 ], [ -70.617973910828198, -33.4446186038506 ], [ -70.617994988340598, -33.444544191949902 ], [ -70.617999553537999, -33.444528074366801 ], [ -70.618093669535099, -33.444538299276999 ], [ -70.618098511866606, -33.444523203455397 ], [ -70.619133012714698, -33.444656249059399 ], [ -70.619273491777605, -33.444674314998899 ], [ -70.619275369132694, -33.444674556518201 ], [ -70.619356708899403, -33.444685016778102 ], [ -70.619399672944297, -33.444453267655803 ], [ -70.619388565984394, -33.444451707375599 ], [ -70.619379101652996, -33.444450377248998 ], [ -70.619251600239096, -33.444432462973197 ], [ -70.619283501890607, -33.4442836770965 ], [ -70.619143916864601, -33.444261877624498 ], [ -70.619420790824293, -33.443309859897902 ], [ -70.619776668283393, -33.443360882655298 ], [ -70.619794765034797, -33.443363477064899 ], [ -70.619931203049603, -33.442873294368503 ], [ -70.619938515761007, -33.442847023177201 ], [ -70.620028620553398, -33.442856244818103 ], [ -70.620037751428697, -33.4428571797445 ], [ -70.620158917860905, -33.442275538765401 ], [ -70.620201751379597, -33.442280731789502 ], [ -70.620310563177696, -33.441916116289001 ], [ -70.620181962897405, -33.441887970662101 ], [ -70.620322239907907, -33.441219587832101 ], [ -70.620537890348601, -33.441257228130901 ], [ -70.620551782918, -33.441259652833999 ], [ -70.620613363743999, -33.441011644298896 ], [ -70.6204582316131, -33.440980028288898 ], [ -70.620491895239894, -33.440861834412502 ], [ -70.620349868041899, -33.440823246265303 ], [ -70.620378403168104, -33.440710622414301 ], [ -70.620365235850102, -33.440708205346198 ], [ -70.620235980346393, -33.440682039706402 ], [ -70.620253333483703, -33.440620370273002 ], [ -70.620086372298402, -33.440589016587701 ], [ -70.620108344975307, -33.4405142941267 ], [ -70.620007689231002, -33.440496520317801 ], [ -70.620007090561501, -33.440464316533898 ], [ -70.619644364586193, -33.440408976433901 ], [ -70.619650408812404, -33.4403833332643 ], [ -70.619654334219007, -33.440366676565603 ], [ -70.619169130235605, -33.440290220571399 ], [ -70.619165055538005, -33.440303073477899 ], [ -70.619138404623499, -33.440387154762902 ], [ -70.618936414434103, -33.440356610482297 ], [ -70.618930181486704, -33.440371411562403 ], [ -70.618914743404801, -33.4404080750924 ], [ -70.618899448052403, -33.440405288848098 ], [ -70.618581047903604, -33.440347291713401 ], [ -70.6186179728182, -33.440190042490897 ], [ -70.6178015300044, -33.440057532814699 ], [ -70.617777574182497, -33.440186557516299 ], [ -70.617684149007204, -33.440173597028199 ], [ -70.6176804742218, -33.440189809405602 ], [ -70.617657841989995, -33.440289666010003 ], [ -70.617641515415599, -33.440287012105799 ], [ -70.617203943857007, -33.440215891608503 ], [ -70.617243012916205, -33.440020676526501 ], [ -70.616837773295401, -33.439954401463901 ] ], [ [ -70.619487631029997, -33.441073909464798 ], [ -70.619243487791607, -33.442149681288697 ], [ -70.617816715294694, -33.441943691115398 ], [ -70.617023215951903, -33.441821622533801 ], [ -70.617107602196697, -33.441380921395897 ], [ -70.6169691446174, -33.441358269574103 ], [ -70.616970627249998, -33.441350808323101 ], [ -70.617028885450296, -33.441057677397197 ], [ -70.617096231600101, -33.441067297239201 ], [ -70.617124053579403, -33.440952183493401 ], [ -70.617426183003701, -33.440995227803498 ], [ -70.617442179464803, -33.440920685650099 ], [ -70.617483271747801, -33.440729186723097 ], [ -70.617508351397106, -33.440733119781498 ], [ -70.618076117090595, -33.440822142277398 ], [ -70.619487631029997, -33.441073909464798 ] ] ] ] } },
{ "type": "Feature", "properties": { "id": "ipt_13_prc_providencia_mono.61", "Name": null, "description": null, "timestamp": null, "begin": null, "end": null, "altitudeMode": null, "tessellate": -1, "extrude": 0, "visibility": -1, "drawOrder": null, "icon": null, "REG": "Metropolitana", "COM": "Providencia", "LOC": "Providencia", "ZONA": "UR", "NOM": "UR Zona de Uso Residencial", "UPERM": "Revisar ordenaza local", "UPROH": "Revisar ordenaza local", "P_DO": "23/01/2007", "N_DOC": "101", "T_DO": "Decreto", "OBS": null }, "geometry": { "type": "MultiPolygon", "coordinates": [ [ [ [ -70.617141640497806, -33.434654746769198 ], [ -70.617035136019894, -33.434930207170503 ], [ -70.617004310276599, -33.434922581063702 ], [ -70.616968921749105, -33.435043209034099 ], [ -70.616931579586094, -33.435170493644399 ], [ -70.616949344189294, -33.435174645789999 ], [ -70.617045197870496, -33.435197049012999 ], [ -70.617043394016704, -33.435207251520502 ], [ -70.617023948683197, -33.435317227457197 ], [ -70.617031626758404, -33.435318226658197 ], [ -70.617240762009502, -33.435345419156199 ], [ -70.617235088879099, -33.435372071052797 ], [ -70.617165254131393, -33.435700102638698 ], [ -70.616826663932798, -33.435651468870503 ], [ -70.616820700095303, -33.4356704589648 ], [ -70.616782690014404, -33.4358262997401 ], [ -70.616744678716898, -33.435982139616499 ], [ -70.616672195366206, -33.435965927360598 ], [ -70.616617625885894, -33.435958948033402 ], [ -70.616584657692599, -33.436124577334603 ], [ -70.616576636571807, -33.436164877484003 ], [ -70.616659686388999, -33.436177396096603 ], [ -70.616636103307002, -33.436281098663102 ], [ -70.616606229942903, -33.436412469387697 ], [ -70.6166989022731, -33.436427517503397 ], [ -70.616661088263299, -33.436599638258699 ], [ -70.616633495721302, -33.436725237279802 ], [ -70.6165882749319, -33.436931070380503 ], [ -70.6164879775516, -33.436915771691602 ], [ -70.616438192544805, -33.437142899688901 ], [ -70.616599291079197, -33.4371676405801 ], [ -70.616571805036003, -33.437296848227199 ], [ -70.616659308932299, -33.437319329906401 ], [ -70.616643065940806, -33.437456264865901 ], [ -70.6166299369238, -33.4374546630483 ], [ -70.6165291266107, -33.437442363371403 ], [ -70.616429752333602, -33.437986944303901 ], [ -70.616426641510898, -33.438003994316098 ], [ -70.616368539658694, -33.438322397800199 ], [ -70.616384132437602, -33.438324889196203 ], [ -70.616382623828898, -33.438331472397699 ], [ -70.616320612553295, -33.438602020594502 ], [ -70.616309043029801, -33.438600183779897 ], [ -70.616011618717394, -33.438552957488398 ], [ -70.615967576384406, -33.438721932439698 ], [ -70.615933581875495, -33.438910696988501 ], [ -70.616307486185093, -33.438968458181101 ], [ -70.616302289003997, -33.438992494824902 ], [ -70.616287826932407, -33.439059386459697 ], [ -70.616377256960305, -33.439073344329202 ], [ -70.616363753522705, -33.4391633852252 ], [ -70.616984129725907, -33.439263181224497 ], [ -70.617584218365593, -33.439348863579298 ], [ -70.617601007915098, -33.4393512607448 ], [ -70.617662992677197, -33.439093615750799 ], [ -70.617668384298696, -33.439071207933502 ], [ -70.617822532042396, -33.439096039652703 ], [ -70.617817932089906, -33.439116937399803 ], [ -70.617808976160305, -33.439157621358603 ], [ -70.617844433817297, -33.4391643544026 ], [ -70.617817093072404, -33.439301316123903 ], [ -70.617952002205399, -33.439324609473303 ], [ -70.617943405721206, -33.439398093779197 ], [ -70.618007365021697, -33.439409309397398 ], [ -70.617996153733998, -33.439480946607802 ], [ -70.618365541814399, -33.439536453570497 ], [ -70.618356075097594, -33.439578929856602 ], [ -70.618622406462904, -33.439623449545998 ], [ -70.618650085746694, -33.439628077119799 ], [ -70.618665798168905, -33.439558058503202 ], [ -70.618670063042302, -33.439539052637102 ], [ -70.618914296235104, -33.439580822829697 ], [ -70.618929309847104, -33.439583390001502 ], [ -70.618960811679102, -33.439432178906202 ], [ -70.618963802107103, -33.439417821478898 ], [ -70.619315735194903, -33.439487671696597 ], [ -70.619312249166299, -33.439501867863498 ], [ -70.619256467495006, -33.439728965102901 ], [ -70.619273303289106, -33.43973239764 ], [ -70.619780712350007, -33.439835858916801 ], [ -70.619787668221704, -33.439805561202 ], [ -70.619788809591697, -33.439800588021903 ], [ -70.6198307159883, -33.439618061788899 ], [ -70.619832694310205, -33.439609446900803 ], [ -70.620053637662096, -33.439658916832002 ], [ -70.620062340220997, -33.439661942393201 ], [ -70.620175448963096, -33.439545931811203 ], [ -70.620178949790301, -33.4394912855904 ], [ -70.6206828308719, -33.4394578155541 ], [ -70.620687985931994, -33.4394420472875 ], [ -70.620706434343703, -33.439385624755097 ], [ -70.620725194170205, -33.439328249422601 ], [ -70.620747421249504, -33.439223581824997 ], [ -70.620861562219602, -33.439229313372898 ], [ -70.620911449540301, -33.439228661182497 ], [ -70.621149244736699, -33.439214678767399 ], [ -70.621249404361095, -33.438912177334103 ], [ -70.621248749594002, -33.438912020860798 ], [ -70.621474431836404, -33.438280351682899 ], [ -70.621465089364705, -33.438278194032499 ], [ -70.6215348709718, -33.438064526813697 ], [ -70.621540032054696, -33.438065686707802 ], [ -70.621640614058407, -33.438088305824103 ], [ -70.621666010639004, -33.438021261593398 ], [ -70.621713074723203, -33.437897018484399 ], [ -70.621690736659602, -33.437891822112299 ], [ -70.621635709865004, -33.437879021569003 ], [ -70.621653362847098, -33.437825683644803 ], [ -70.621695004182001, -33.437699863819702 ], [ -70.621658689718004, -33.437690364535499 ], [ -70.621606214487002, -33.4376766377911 ], [ -70.621590759535593, -33.437672594100299 ], [ -70.621629356203599, -33.437544314237797 ], [ -70.621633999443006, -33.437545335706602 ], [ -70.621776813247607, -33.437576745339797 ], [ -70.621780261357102, -33.437566606040598 ], [ -70.621839477521107, -33.437392465230303 ], [ -70.621856167310497, -33.437396683926501 ], [ -70.621868436912393, -33.437399786256002 ], [ -70.6219204215449, -33.4372399979543 ], [ -70.621797221338298, -33.4372111735983 ], [ -70.621768141490307, -33.4372043699777 ], [ -70.621807202665906, -33.437091711818198 ], [ -70.621966238491197, -33.437119237701602 ], [ -70.622050105667, -33.4369004204476 ], [ -70.622032465108404, -33.436896202489997 ], [ -70.622108924977894, -33.436681311273603 ], [ -70.622101741965693, -33.436679006374803 ], [ -70.621921394042502, -33.436621129638098 ], [ -70.621954108512597, -33.436546041778598 ], [ -70.6219785238508, -33.436490000033402 ], [ -70.621986217387104, -33.436472343438403 ], [ -70.622076686753601, -33.436497281465599 ], [ -70.622116376045398, -33.436508221801198 ], [ -70.622119040472299, -33.436500423077199 ], [ -70.622255860482198, -33.436099919859899 ], [ -70.622194717568206, -33.436082204321004 ], [ -70.622211556444995, -33.436031279444997 ], [ -70.622121688445205, -33.4360071308584 ], [ -70.621142537750401, -33.435744016051899 ], [ -70.621080134318802, -33.435753000730998 ], [ -70.621036343977195, -33.435770276069 ], [ -70.621005445696795, -33.435792154438403 ], [ -70.620983104817697, -33.435815114951502 ], [ -70.620792342879, -33.435734094587097 ], [ -70.620807536752693, -33.435654997425402 ], [ -70.620808065187802, -33.435651022458302 ], [ -70.620582267043403, -33.4356028472288 ], [ -70.620394163474998, -33.435562713910002 ], [ -70.620396315162097, -33.435554636941802 ], [ -70.620443445778506, -33.435377759783101 ], [ -70.620445900155701, -33.435368549764803 ], [ -70.619743089435602, -33.435214440781301 ], [ -70.619708376878506, -33.435310873503703 ], [ -70.619701278491405, -33.435330593700002 ], [ -70.619695618008393, -33.435329638652298 ], [ -70.619321165839906, -33.435266487197502 ], [ -70.619329504014999, -33.435222018988803 ], [ -70.619336435878793, -33.435190957743998 ], [ -70.618749769789702, -33.435079355414302 ], [ -70.618740966846801, -33.435103331013003 ], [ -70.618701185824193, -33.435095329844103 ], [ -70.618685263063497, -33.435092127884801 ], [ -70.618790322099997, -33.434811912532098 ], [ -70.618666622288302, -33.434778998984498 ], [ -70.618658775604104, -33.4347769117702 ], [ -70.618644583638897, -33.434819065601999 ], [ -70.618585953127706, -33.434993208207601 ], [ -70.618551026537006, -33.434989150460403 ], [ -70.618426742398, -33.4349747111225 ], [ -70.618442076701797, -33.434869815464303 ], [ -70.618295738498801, -33.434843688424301 ], [ -70.618293406881705, -33.43485025263 ], [ -70.618261256046196, -33.434940776105599 ], [ -70.618250756349894, -33.434937849615302 ], [ -70.617393120534899, -33.434698766878398 ], [ -70.617382394906102, -33.434695776524897 ], [ -70.617150453913197, -33.434631951638003 ], [ -70.617141640497806, -33.434654746769198 ] ], [ [ -70.618379966735105, -33.435266269857898 ], [ -70.618305692054506, -33.435516681558397 ], [ -70.619232642358995, -33.435734860782198 ], [ -70.619164310199807, -33.435975353647898 ], [ -70.618359170187702, -33.435774529817103 ], [ -70.618317576012402, -33.436062128567997 ], [ -70.6180680119393, -33.436019981066998 ], [ -70.618171996566602, -33.435506763949498 ], [ -70.618206807969898, -33.4352283676577 ], [ -70.618379966735105, -33.435266269857898 ] ] ] ] } },
{ "type": "Feature", "properties": { "id": "ipt_13_prc_providencia_mono.62", "Name": null, "description": null, "timestamp": null, "begin": null, "end": null, "altitudeMode": null, "tessellate": -1, "extrude": 0, "visibility": -1, "drawOrder": null, "icon": null, "REG": "Metropolitana", "COM": "Providencia", "LOC": "Providencia", "ZONA": "UR", "NOM": "UR Zona de Uso Residencial", "UPERM": "Revisar ordenaza local", "UPROH": "Revisar ordenaza local", "P_DO": "23/01/2007", "N_DOC": "101", "T_DO": "Decreto", "OBS": null }, "geometry": { "type": "MultiPolygon", "coordinates": [ [ [ [ -70.628068297660903, -33.440501309854497 ], [ -70.628294935358397, -33.4405547249726 ], [ -70.628205805519599, -33.4409147001832 ], [ -70.628744149600806, -33.441036674622403 ], [ -70.628712063212305, -33.441176499149002 ], [ -70.628163023034404, -33.441060474639002 ], [ -70.628117998579498, -33.441198759967001 ], [ -70.627971894674303, -33.441786091313801 ], [ -70.627997831483199, -33.441791127444297 ], [ -70.628128431097295, -33.441816486277403 ], [ -70.628126175212898, -33.4418277635206 ], [ -70.628099474242305, -33.441961286431003 ], [ -70.628504033557306, -33.442041185158601 ], [ -70.6285013350724, -33.4420593987807 ], [ -70.628916949141001, -33.442142346118203 ], [ -70.628929210630105, -33.442144793108902 ], [ -70.628962726867002, -33.442015227007097 ], [ -70.628966371557496, -33.442001139439398 ], [ -70.629093712016001, -33.442026652794503 ], [ -70.629289244015993, -33.4411401787006 ], [ -70.629373113516095, -33.440759941984602 ], [ -70.629320868106404, -33.440749922967498 ], [ -70.629308082853996, -33.4407474711712 ], [ -70.629383805733895, -33.440426717948903 ], [ -70.629489066387094, -33.439980843517297 ], [ -70.629672462700796, -33.440017088153397 ], [ -70.629733239156806, -33.439769720957798 ], [ -70.629876051699597, -33.439797788887702 ], [ -70.629946438244403, -33.4395145142689 ], [ -70.629814163135507, -33.4394918352071 ], [ -70.630183967472803, -33.437834424747102 ], [ -70.630353103311407, -33.437863799138398 ], [ -70.630613330722397, -33.436777807086699 ], [ -70.630540000233395, -33.436768165034799 ], [ -70.630154040487199, -33.436709730505697 ], [ -70.630087557766402, -33.436698370349397 ], [ -70.629551286321401, -33.436606733209203 ], [ -70.629553766393897, -33.4365950931602 ], [ -70.629286490424093, -33.436548030970002 ], [ -70.628991830257405, -33.436496146062503 ], [ -70.628872235140193, -33.436583847453498 ], [ -70.628893042092798, -33.436497907457401 ], [ -70.628686244545506, -33.436486420231397 ], [ -70.628594973282105, -33.436481349584398 ], [ -70.628589243946294, -33.436545278024496 ], [ -70.628553608688605, -33.436545026424703 ], [ -70.628552129734004, -33.436559247872303 ], [ -70.628536621479995, -33.436708361768403 ], [ -70.628486134645001, -33.436711269533603 ], [ -70.628436922053893, -33.436940980755402 ], [ -70.628404966157404, -33.436936627967 ], [ -70.628336290901103, -33.437233893834602 ], [ -70.628404803401907, -33.4372477777424 ], [ -70.628340492679499, -33.437530751794199 ], [ -70.628287495283303, -33.437521307624699 ], [ -70.628241386348293, -33.437765538947403 ], [ -70.6282866820343, -33.4377734772171 ], [ -70.628432749133694, -33.437799076415402 ], [ -70.628387060144604, -33.438002728928801 ], [ -70.628315045342703, -33.438323717062097 ], [ -70.628276429828901, -33.438495841543499 ], [ -70.628090361072694, -33.438468696859402 ], [ -70.628013701294705, -33.438826772249499 ], [ -70.627834492755198, -33.438792039298598 ], [ -70.627755935178598, -33.439092518827202 ], [ -70.627879299829601, -33.4391147597686 ], [ -70.627822437108605, -33.439395295486499 ], [ -70.627934346247997, -33.439417189858197 ], [ -70.627881721726496, -33.4396100815162 ], [ -70.627906939916002, -33.439619295371799 ], [ -70.627872650667001, -33.439735508980903 ], [ -70.628029833018402, -33.4397690114833 ], [ -70.628081274635093, -33.439779976811501 ], [ -70.628052029040703, -33.439904057631097 ], [ -70.628213703548198, -33.439936912912302 ], [ -70.628068297660903, -33.440501309854497 ] ] ] ] } },
{ "type": "Feature", "properties": { "id": "ipt_13_prc_providencia_mono.63", "Name": null, "description": null, "timestamp": null, "begin": null, "end": null, "altitudeMode": null, "tessellate": -1, "extrude": 0, "visibility": -1, "drawOrder": null, "icon": null, "REG": "Metropolitana", "COM": "Providencia", "LOC": "Providencia", "ZONA": "UR", "NOM": "UR Zona de Uso Residencial", "UPERM": "Revisar ordenaza local", "UPROH": "Revisar ordenaza local", "P_DO": "23/01/2007", "N_DOC": "101", "T_DO": "Decreto", "OBS": null }, "geometry": { "type": "MultiPolygon", "coordinates": [ [ [ [ -70.631137314114696, -33.4385057068111 ], [ -70.631036201613099, -33.438945897875399 ], [ -70.630677026817693, -33.438818884891198 ], [ -70.630603479889899, -33.438978171052298 ], [ -70.630721034505598, -33.439022671473097 ], [ -70.630553399011802, -33.439336290552902 ], [ -70.630632041548097, -33.4393688313871 ], [ -70.630553887008702, -33.439630106485502 ], [ -70.6307298814327, -33.439681479502099 ], [ -70.630636937131001, -33.4400515050744 ], [ -70.630785065417697, -33.440084749773703 ], [ -70.630777935842701, -33.440108549938799 ], [ -70.630710196899599, -33.440337626275202 ], [ -70.630512429409194, -33.440304485103397 ], [ -70.630505983917999, -33.440327884863301 ], [ -70.630456413115894, -33.440507838476002 ], [ -70.630472132119294, -33.440510769222598 ], [ -70.630508402867306, -33.440517533012901 ], [ -70.630474236518594, -33.440636177890802 ], [ -70.630435396672397, -33.440629052875401 ], [ -70.630425669914004, -33.440656859733402 ], [ -70.630464546542896, -33.440665892538703 ], [ -70.630447384867594, -33.440729588073403 ], [ -70.631126526293002, -33.440868652399097 ], [ -70.631142351492102, -33.440796452077102 ], [ -70.631427823181198, -33.440846864352402 ], [ -70.631466399975594, -33.440696173320099 ], [ -70.631510344935407, -33.4405134544159 ], [ -70.6315127181131, -33.440503583328798 ], [ -70.631611359815807, -33.440093435575101 ], [ -70.631649507802805, -33.4399217699685 ], [ -70.631725804119398, -33.439708141593599 ], [ -70.632206472901998, -33.438804034675698 ], [ -70.632289147733502, -33.438643295439597 ], [ -70.632301632272998, -33.438619022476097 ], [ -70.631986962358695, -33.438491994617301 ], [ -70.632218317759694, -33.438008614997599 ], [ -70.631871959267301, -33.4378980177394 ], [ -70.631313993114802, -33.437808658867802 ], [ -70.631303988339695, -33.4378062392259 ], [ -70.631273586564404, -33.437802186887701 ], [ -70.631117572340102, -33.438502596392603 ], [ -70.631137314114696, -33.4385057068111 ] ], [ [ -70.631112218511902, -33.440160858702598 ], [ -70.6310808297482, -33.440392736949597 ], [ -70.630849239349104, -33.440370351896 ], [ -70.630899152456095, -33.440120450459297 ], [ -70.631112218511902, -33.440160858702598 ] ] ] ] } },
{ "type": "Feature", "properties": { "id": "ipt_13_prc_providencia_mono.64", "Name": null, "description": null, "timestamp": null, "begin": null, "end": null, "altitudeMode": null, "tessellate": -1, "extrude": 0, "visibility": -1, "drawOrder": null, "icon": null, "REG": "Metropolitana", "COM": "Providencia", "LOC": "Providencia", "ZONA": "UR", "NOM": "UR Zona de Uso Residencial", "UPERM": "Revisar ordenaza local", "UPROH": "Revisar ordenaza local", "P_DO": "23/01/2007", "N_DOC": "101", "T_DO": "Decreto", "OBS": null }, "geometry": { "type": "MultiPolygon", "coordinates": [ [ [ [ -70.631084116432604, -33.441344003551201 ], [ -70.631077051671895, -33.441367071493403 ], [ -70.631048795005597, -33.441362404713402 ], [ -70.631012618654793, -33.441485246218797 ], [ -70.630703162431303, -33.441428802320203 ], [ -70.630536177538303, -33.4413983451145 ], [ -70.630514207866099, -33.441393940026998 ], [ -70.630409923393302, -33.441791053962397 ], [ -70.630493927828198, -33.441808561173502 ], [ -70.630435227374406, -33.442087776504302 ], [ -70.630433250859795, -33.442097181520097 ], [ -70.631112588307005, -33.442204422999801 ], [ -70.631118688943502, -33.442176969521903 ], [ -70.631222052076893, -33.441711827788801 ], [ -70.631224461967307, -33.441700984053 ], [ -70.631280579366802, -33.441448446906598 ], [ -70.631290819094502, -33.441402370297901 ], [ -70.631153783913106, -33.441379741831803 ], [ -70.631158387891702, -33.4413585360724 ], [ -70.631084116432604, -33.441344003551201 ] ] ] ] } },
{ "type": "Feature", "properties": { "id": "ipt_13_prc_providencia_mono.65", "Name": null, "description": null, "timestamp": null, "begin": null, "end": null, "altitudeMode": null, "tessellate": -1, "extrude": 0, "visibility": -1, "drawOrder": null, "icon": null, "REG": "Metropolitana", "COM": "Providencia", "LOC": "Providencia", "ZONA": "UR", "NOM": "UR Zona de Uso Residencial", "UPERM": "Revisar ordenaza local", "UPROH": "Revisar ordenaza local", "P_DO": "23/01/2007", "N_DOC": "101", "T_DO": "Decreto", "OBS": null }, "geometry": { "type": "MultiPolygon", "coordinates": [ [ [ [ -70.629239428054206, -33.4460770474425 ], [ -70.630537354104703, -33.446271249258601 ], [ -70.630537798198404, -33.446269686861598 ], [ -70.630641372711906, -33.445884092377398 ], [ -70.630704441994595, -33.445659589462501 ], [ -70.630706488398204, -33.445652307333503 ], [ -70.630842944555994, -33.445166574878797 ], [ -70.630881143882903, -33.445040118471297 ], [ -70.630907780885707, -33.444939228590997 ], [ -70.630945878725399, -33.444796153696998 ], [ -70.6309477341524, -33.444789187912498 ], [ -70.630987687275294, -33.444639146320199 ], [ -70.631067760973295, -33.444348028675698 ], [ -70.630919113920697, -33.444284937147003 ], [ -70.630844735059995, -33.444230315145703 ], [ -70.630789095518296, -33.444165517464398 ], [ -70.630752531861106, -33.444108413046401 ], [ -70.630703448201501, -33.443976894759601 ], [ -70.630816077078094, -33.443496741442701 ], [ -70.630816888007303, -33.443493283985603 ], [ -70.630918628978904, -33.443059542115599 ], [ -70.630273953928295, -33.442952623079201 ], [ -70.630132944783398, -33.442929236841998 ], [ -70.630129019050102, -33.442946636043899 ], [ -70.630036708644894, -33.443355840833803 ], [ -70.6296943881663, -33.4433050238665 ], [ -70.629581434219105, -33.443804986521101 ], [ -70.629549615488898, -33.443800111016301 ], [ -70.629510840472605, -33.443968742349497 ], [ -70.629580548127294, -33.443982619710503 ], [ -70.629549404767403, -33.444082767749101 ], [ -70.629515124810894, -33.4440760596055 ], [ -70.629483568350196, -33.4442027295363 ], [ -70.629517245512304, -33.444210104847798 ], [ -70.629434448446602, -33.444661889349597 ], [ -70.629448187097793, -33.4446655911512 ], [ -70.629580842432304, -33.4447013365644 ], [ -70.629337672800901, -33.445681176402204 ], [ -70.629239428054206, -33.4460770474425 ] ] ] ] } },
{ "type": "Feature", "properties": { "id": "ipt_13_prc_providencia_mono.66", "Name": null, "description": null, "timestamp": null, "begin": null, "end": null, "altitudeMode": null, "tessellate": -1, "extrude": 0, "visibility": -1, "drawOrder": null, "icon": null, "REG": "Metropolitana", "COM": "Providencia", "LOC": "Providencia", "ZONA": "UR", "NOM": "UR Zona de Uso Residencial", "UPERM": "Revisar ordenaza local", "UPROH": "Revisar ordenaza local", "P_DO": "23/01/2007", "N_DOC": "101", "T_DO": "Decreto", "OBS": null }, "geometry": { "type": "MultiPolygon", "coordinates": [ [ [ [ -70.631987462574997, -33.444114084465603 ], [ -70.631811134159804, -33.444085607143997 ], [ -70.631809769755094, -33.444091330972498 ], [ -70.631765244404605, -33.4441803214795 ], [ -70.631712982282394, -33.444243807277999 ], [ -70.631621475027302, -33.4443048172947 ], [ -70.631533082812297, -33.444341862541101 ], [ -70.631458547634196, -33.444357795734199 ], [ -70.631373270607497, -33.444370881574102 ], [ -70.6312772484237, -33.444381115572803 ], [ -70.631203866553903, -33.444659652259503 ], [ -70.631168085343106, -33.444791928912899 ], [ -70.631167612480098, -33.444793677467402 ], [ -70.631088883320302, -33.445084730573697 ], [ -70.631077926944201, -33.445149553871403 ], [ -70.630999704332297, -33.445423218407697 ], [ -70.630921482339303, -33.445696882883603 ], [ -70.631005712354806, -33.445712210591402 ], [ -70.631213466048806, -33.445749393001101 ], [ -70.631428560205194, -33.445791251839701 ], [ -70.631501200309998, -33.445525951040999 ], [ -70.631256482238598, -33.445488141736597 ], [ -70.631293124071206, -33.445354022130502 ], [ -70.631194203716404, -33.445335981309903 ], [ -70.631258805178206, -33.445114635107998 ], [ -70.631270701233206, -33.445116728640002 ], [ -70.6313111912106, -33.445123854185802 ], [ -70.631418478758604, -33.444698667731402 ], [ -70.631408109918098, -33.444696783179999 ], [ -70.6314525329784, -33.444512156120197 ], [ -70.632265654052802, -33.444655733438999 ], [ -70.632325241487493, -33.444443053467197 ], [ -70.632325552007401, -33.444441942835098 ], [ -70.631948492482394, -33.444367164466598 ], [ -70.631925354620606, -33.444362576620598 ], [ -70.631987462574997, -33.444114084465603 ] ] ] ] } },
{ "type": "Feature", "properties": { "id": "ipt_13_prc_providencia_mono.67", "Name": null, "description": null, "timestamp": null, "begin": null, "end": null, "altitudeMode": null, "tessellate": -1, "extrude": 0, "visibility": -1, "drawOrder": null, "icon": null, "REG": "Metropolitana", "COM": "Providencia", "LOC": "Providencia", "ZONA": "UR", "NOM": "UR Zona de Uso Residencial", "UPERM": "Revisar ordenaza local", "UPROH": "Revisar ordenaza local", "P_DO": "23/01/2007", "N_DOC": "101", "T_DO": "Decreto", "OBS": null }, "geometry": { "type": "MultiPolygon", "coordinates": [ [ [ [ -70.626472863150397, -33.446864259457101 ], [ -70.626460474207903, -33.446929525948399 ], [ -70.626314997002197, -33.446909355904197 ], [ -70.626300856568406, -33.446944020140101 ], [ -70.626241019507603, -33.447090714749599 ], [ -70.6262327083966, -33.447111074349301 ], [ -70.626279851210995, -33.447128788307403 ], [ -70.626191599062196, -33.447470483008999 ], [ -70.626293753800098, -33.4475003471238 ], [ -70.626263114309495, -33.447587927083603 ], [ -70.626259862023602, -33.447597482241598 ], [ -70.626052786307596, -33.447541197269203 ], [ -70.626029564059294, -33.447534885142701 ], [ -70.625962807186497, -33.447732613810501 ], [ -70.626262642845603, -33.447815205027901 ], [ -70.626091627941605, -33.448381564982398 ], [ -70.6260875996538, -33.448394907174603 ], [ -70.6259099651394, -33.448351525169997 ], [ -70.625896592410996, -33.448348259180499 ], [ -70.625890487247005, -33.448365259369901 ], [ -70.625885227805298, -33.448379904613297 ], [ -70.625778400912793, -33.448352797922901 ], [ -70.625682129547201, -33.448639757195501 ], [ -70.626232433464494, -33.448779737731897 ], [ -70.626758890298206, -33.448924696592996 ], [ -70.627645528945493, -33.449086401669 ], [ -70.627688455081994, -33.448910778674701 ], [ -70.627533385701696, -33.448879837473797 ], [ -70.627565011588104, -33.448746521562803 ], [ -70.627432784223402, -33.448721481309001 ], [ -70.6277669354605, -33.447410707642497 ], [ -70.627934415313703, -33.447439098489603 ], [ -70.627966080395296, -33.447329352151698 ], [ -70.627794808491103, -33.447302968104196 ], [ -70.627829860396105, -33.447135309670003 ], [ -70.627837478697998, -33.4470997695623 ], [ -70.627604831597793, -33.447065162026902 ], [ -70.627627984064304, -33.446963688176702 ], [ -70.627355713521894, -33.4469201474096 ], [ -70.627350193552303, -33.446939545164199 ], [ -70.627342835314394, -33.446965405206697 ], [ -70.626984979565904, -33.446916770750498 ], [ -70.626972548802001, -33.446998729789499 ], [ -70.626609961950805, -33.446944453171703 ], [ -70.626623116543797, -33.446877678683101 ], [ -70.626628792186295, -33.4468488638189 ], [ -70.626479027749795, -33.446831783971902 ], [ -70.626472863150397, -33.446864259457101 ] ] ] ] } },
{ "type": "Feature", "properties": { "id": "ipt_13_prc_providencia_mono.68", "Name": null, "description": null, "timestamp": null, "begin": null, "end": null, "altitudeMode": null, "tessellate": -1, "extrude": 0, "visibility": -1, "drawOrder": null, "icon": null, "REG": "Metropolitana", "COM": "Providencia", "LOC": "Providencia", "ZONA": "UR", "NOM": "UR Zona de Uso Residencial", "UPERM": "Revisar ordenaza local", "UPROH": "Revisar ordenaza local", "P_DO": "23/01/2007", "N_DOC": "101", "T_DO": "Decreto", "OBS": null }, "geometry": { "type": "MultiPolygon", "coordinates": [ [ [ [ -70.629573956474403, -33.447286242356697 ], [ -70.629494593024702, -33.447544518635503 ], [ -70.629328564478101, -33.4475111634044 ], [ -70.629350769824299, -33.447406950240101 ], [ -70.629352276064296, -33.447399883554603 ], [ -70.629258803297006, -33.447386198508397 ], [ -70.629262081189196, -33.447371242790702 ], [ -70.629169352842695, -33.447359338022501 ], [ -70.629128011628595, -33.447528282477499 ], [ -70.628950873005394, -33.447497305666197 ], [ -70.628944844134196, -33.447517143049502 ], [ -70.628887665896002, -33.447705304270002 ], [ -70.628885005618301, -33.447714056300399 ], [ -70.628745731678606, -33.447691181512504 ], [ -70.628675155936193, -33.447679590456303 ], [ -70.628639485250602, -33.447793527170397 ], [ -70.628648281664994, -33.447794953734203 ], [ -70.628991519928306, -33.447850610339898 ], [ -70.628904086472801, -33.4482027563201 ], [ -70.628805803444394, -33.448183049515002 ], [ -70.628742552777297, -33.448392902769797 ], [ -70.628635075017897, -33.448368545061797 ], [ -70.6285978042457, -33.448506473383297 ], [ -70.628547987306703, -33.4484960326361 ], [ -70.628493731235494, -33.448661612275401 ], [ -70.628468069497103, -33.4486567277904 ], [ -70.628315815852602, -33.449204573927098 ], [ -70.628956273022297, -33.449313791559099 ], [ -70.629203975207602, -33.449365672401001 ], [ -70.6296492907464, -33.449456181259599 ], [ -70.629804919531196, -33.448915859213699 ], [ -70.630216366534597, -33.447411570777 ], [ -70.629908412625099, -33.447351492813297 ], [ -70.629573956474403, -33.447286242356697 ] ], [ [ -70.628959826445595, -33.448794910327599 ], [ -70.628920610216895, -33.448788961326898 ], [ -70.628888522460002, -33.448750289590599 ], [ -70.628927740553905, -33.448708643675999 ], [ -70.628970522877097, -33.448705669117402 ], [ -70.628999043567205, -33.448711617963802 ], [ -70.629013304949794, -33.448735416492603 ], [ -70.6290097392082, -33.448771112629103 ], [ -70.628984783720298, -33.448794910645098 ], [ -70.628959826445595, -33.448794910327599 ] ] ] ] } },
{ "type": "Feature", "properties": { "id": "ipt_13_prc_providencia_mono.69", "Name": null, "description": null, "timestamp": null, "begin": null, "end": null, "altitudeMode": null, "tessellate": -1, "extrude": 0, "visibility": -1, "drawOrder": null, "icon": null, "REG": "Metropolitana", "COM": "Providencia", "LOC": "Providencia", "ZONA": "UR", "NOM": "UR Zona de Uso Residencial", "UPERM": "Revisar ordenaza local", "UPROH": "Revisar ordenaza local", "P_DO": "23/01/2007", "N_DOC": "101", "T_DO": "Decreto", "OBS": null }, "geometry": { "type": "MultiPolygon", "coordinates": [ [ [ [ -70.630738244817707, -33.447374742749801 ], [ -70.630475744038804, -33.447333335849997 ], [ -70.630421857046997, -33.4475354787713 ], [ -70.630281235719806, -33.448017897141398 ], [ -70.630105958034804, -33.448702198023497 ], [ -70.630047156692399, -33.448907867510101 ], [ -70.630044955540995, -33.448915567404597 ], [ -70.629983952769607, -33.449128936757702 ], [ -70.629881378494105, -33.449506394704301 ], [ -70.630171827656298, -33.449560867048298 ], [ -70.630273878187893, -33.4491822181445 ], [ -70.630320018510801, -33.449190697265401 ], [ -70.630364467422197, -33.449029990391999 ], [ -70.630344640423303, -33.449026936929698 ], [ -70.630370822515204, -33.448935394312599 ], [ -70.630259496638701, -33.448913969083897 ], [ -70.630303043141694, -33.448739360687298 ], [ -70.630329382125097, -33.448744326967898 ], [ -70.630351906887995, -33.448748574146201 ], [ -70.630392792523594, -33.4485580329412 ], [ -70.630744215761595, -33.448624126551998 ], [ -70.630747622687693, -33.448609868922603 ], [ -70.630819433444501, -33.448309299948498 ], [ -70.630411720664796, -33.448238644103597 ], [ -70.630455970076994, -33.448052478490403 ], [ -70.630532579049799, -33.448066929128501 ], [ -70.6306130006014, -33.447784861627397 ], [ -70.630579086570805, -33.447777612407201 ], [ -70.6305683633489, -33.447775320318001 ], [ -70.630625360235499, -33.447573639657698 ], [ -70.630657283910196, -33.447579676837101 ], [ -70.630738244817707, -33.447374742749801 ] ] ] ] } },
{ "type": "Feature", "properties": { "id": "ipt_13_prc_providencia_mono.70", "Name": null, "description": null, "timestamp": null, "begin": null, "end": null, "altitudeMode": null, "tessellate": -1, "extrude": 0, "visibility": -1, "drawOrder": null, "icon": null, "REG": "Metropolitana", "COM": "Providencia", "LOC": "Providencia", "ZONA": "UR", "NOM": "UR Zona de Uso Residencial", "UPERM": "Revisar ordenaza local", "UPROH": "Revisar ordenaza local", "P_DO": "23/01/2007", "N_DOC": "101", "T_DO": "Decreto", "OBS": null }, "geometry": { "type": "MultiPolygon", "coordinates": [ [ [ [ -70.627453086487805, -33.442363538092799 ], [ -70.627382857178901, -33.442575017339998 ], [ -70.627397294494003, -33.442578654293001 ], [ -70.627461449603601, -33.442594812536299 ], [ -70.627387489092598, -33.442968921693101 ], [ -70.627322913263896, -33.443168769742201 ], [ -70.6273335754573, -33.443295237637301 ], [ -70.627140332136406, -33.443412327109499 ], [ -70.627186110939903, -33.4434504751841 ], [ -70.627299405474304, -33.443493745947997 ], [ -70.627343274518097, -33.443510500579002 ], [ -70.627212882215304, -33.443723668537899 ], [ -70.627434391266306, -33.443819068515303 ], [ -70.627348701719001, -33.444103878207798 ], [ -70.627002585501202, -33.444011809784897 ], [ -70.626972081123697, -33.444003695032997 ], [ -70.626855301612096, -33.4443282258582 ], [ -70.6272905713803, -33.444471077062403 ], [ -70.627173445496496, -33.4447166593459 ], [ -70.627217646450106, -33.444731857603699 ], [ -70.627137292024003, -33.444997995079198 ], [ -70.626719032146298, -33.444856555212098 ], [ -70.626644896000201, -33.445037065966503 ], [ -70.627027872322401, -33.445156796757601 ], [ -70.626982407365901, -33.4453309667159 ], [ -70.626772211895997, -33.445269972046901 ], [ -70.6266665129572, -33.445590088916802 ], [ -70.626531499186797, -33.445549783726797 ], [ -70.626468488821502, -33.445804122757302 ], [ -70.626541641660296, -33.445824200874704 ], [ -70.626443882315002, -33.446233626151098 ], [ -70.626748371237596, -33.4462780195907 ], [ -70.626740970953307, -33.446311947917899 ], [ -70.627459436030705, -33.446410033377802 ], [ -70.627493124040797, -33.446253075984004 ], [ -70.627863929735796, -33.446308462315599 ], [ -70.6278275373258, -33.446474485322398 ], [ -70.627914180270693, -33.446486459302101 ], [ -70.627950187170001, -33.446320769601002 ], [ -70.628392173451999, -33.446390726549197 ], [ -70.628464576176597, -33.446028406337298 ], [ -70.628401804464005, -33.446016939847702 ], [ -70.6284762716855, -33.445758355137599 ], [ -70.628179240260593, -33.445705060721899 ], [ -70.628281282858794, -33.4453016634791 ], [ -70.628601166842799, -33.4453606925101 ], [ -70.628669760843394, -33.445125548517503 ], [ -70.628552789262599, -33.445104462762501 ], [ -70.628610827431203, -33.444889659331402 ], [ -70.628696068322895, -33.444910383621199 ], [ -70.628838244341495, -33.444501621265601 ], [ -70.628759835976496, -33.444480617015799 ], [ -70.628837027825199, -33.444161889363201 ], [ -70.628837870864203, -33.4441580734699 ], [ -70.6289012508133, -33.443871334751101 ], [ -70.6291240815858, -33.443900608423 ], [ -70.629082513058606, -33.443824019404303 ], [ -70.628979280007201, -33.443623628573299 ], [ -70.628876048505404, -33.443423236720101 ], [ -70.628847142884993, -33.443371627843099 ], [ -70.628968168457604, -33.443329000874797 ], [ -70.629052577537493, -33.443299270417398 ], [ -70.629067734701195, -33.443293931727197 ], [ -70.629028389758503, -33.443198972056798 ], [ -70.629063874788301, -33.443183965594798 ], [ -70.629073148419096, -33.443180044332102 ], [ -70.629129647073398, -33.442929226478498 ], [ -70.629206178194195, -33.442940400000701 ], [ -70.629236217089698, -33.4427941821696 ], [ -70.629240470305206, -33.442774554778197 ], [ -70.629139010099905, -33.442755122542501 ], [ -70.629076156856101, -33.442743084759996 ], [ -70.628978387243905, -33.4427276666379 ], [ -70.628971760459194, -33.442757568185399 ], [ -70.628775695893395, -33.442730219661499 ], [ -70.628781371709294, -33.442707103355097 ], [ -70.628657774317603, -33.442688062555497 ], [ -70.628664755200404, -33.4426219073395 ], [ -70.628564707189994, -33.442598763986702 ], [ -70.628576597519697, -33.442549693471499 ], [ -70.628421147927398, -33.442516691166098 ], [ -70.628414499166595, -33.442542548271398 ], [ -70.628410054628105, -33.442559833394597 ], [ -70.627460965047405, -33.4423398112448 ], [ -70.627453086487805, -33.442363538092799 ] ] ] ] } },
{ "type": "Feature", "properties": { "id": "ipt_13_prc_providencia_mono.71", "Name": null, "description": null, "timestamp": null, "begin": null, "end": null, "altitudeMode": null, "tessellate": -1, "extrude": 0, "visibility": -1, "drawOrder": null, "icon": null, "REG": "Metropolitana", "COM": "Providencia", "LOC": "Providencia", "ZONA": "UR", "NOM": "UR Zona de Uso Residencial", "UPERM": "Revisar ordenaza local", "UPROH": "Revisar ordenaza local", "P_DO": "23/01/2007", "N_DOC": "101", "T_DO": "Decreto", "OBS": null }, "geometry": { "type": "MultiPolygon", "coordinates": [ [ [ [ -70.624876569036701, -33.441710256514703 ], [ -70.624781860930597, -33.442034545906999 ], [ -70.624676863969697, -33.442013354476103 ], [ -70.624671725632794, -33.442033103352102 ], [ -70.624627228373896, -33.442205468863598 ], [ -70.624599805267394, -33.442200101592498 ], [ -70.6244368603422, -33.442719334364597 ], [ -70.624120304918094, -33.442654118293298 ], [ -70.624064521853001, -33.442843962826998 ], [ -70.624058193483506, -33.4428394653306 ], [ -70.624000179696793, -33.443035227105 ], [ -70.624355508113894, -33.443110973859298 ], [ -70.624327801023995, -33.4432258801153 ], [ -70.624037868331001, -33.443172805406697 ], [ -70.623908304919198, -33.443618741357 ], [ -70.623973122031501, -33.443632085334301 ], [ -70.623867941429495, -33.443980650492797 ], [ -70.623718738261999, -33.4439468137736 ], [ -70.623670603466294, -33.4441180866691 ], [ -70.623822443516104, -33.4441525571591 ], [ -70.623713340472193, -33.444503765415803 ], [ -70.623707553720195, -33.444522391848402 ], [ -70.623642637089205, -33.444731361864797 ], [ -70.623849325535105, -33.444774465938302 ], [ -70.6246530330653, -33.444942071898502 ], [ -70.624413889075996, -33.4457732485441 ], [ -70.624408750768296, -33.4457911080695 ], [ -70.624405285503599, -33.445803153220602 ], [ -70.624782379174107, -33.445890300139801 ], [ -70.624796965521398, -33.4458394315565 ], [ -70.624819199004193, -33.4457618921397 ], [ -70.624860542444395, -33.4457699708638 ], [ -70.624884495902606, -33.445680775290498 ], [ -70.624831600955901, -33.445664037998498 ], [ -70.624851895854505, -33.445582229470098 ], [ -70.6248883445936, -33.4455844851949 ], [ -70.625029170973207, -33.445027247538398 ], [ -70.624961358096897, -33.445012535647102 ], [ -70.624969691387903, -33.444983264854699 ], [ -70.625017636777699, -33.444828138550101 ], [ -70.625284241335905, -33.444881601450902 ], [ -70.625311010728595, -33.444806088413301 ], [ -70.625111521129, -33.444766656664299 ], [ -70.625205052167502, -33.444440325478503 ], [ -70.6251229092492, -33.444423506363897 ], [ -70.6251691963637, -33.444274838094103 ], [ -70.625130576787001, -33.444262344468598 ], [ -70.625236291513602, -33.443890881988601 ], [ -70.625220360457604, -33.4438876801118 ], [ -70.625219740666907, -33.4438875556678 ], [ -70.6251463600194, -33.4438728086296 ], [ -70.625132306707897, -33.443869984343003 ], [ -70.624981104354106, -33.443839596897703 ], [ -70.624952148549099, -33.443833635658201 ], [ -70.625057726721195, -33.443490133623101 ], [ -70.624905827657997, -33.4434588632949 ], [ -70.624961767372895, -33.443249523316901 ], [ -70.625119643169995, -33.443282947268102 ], [ -70.625214540587606, -33.442965295368097 ], [ -70.625399574700594, -33.443005065351599 ], [ -70.625781653633595, -33.443084075423997 ], [ -70.625840527036402, -33.442886862291097 ], [ -70.625825515985298, -33.442883896427197 ], [ -70.625450230904207, -33.442805397117702 ], [ -70.625605542341404, -33.442281626 ], [ -70.625610174949799, -33.4422647055464 ], [ -70.625623852077695, -33.442214742491998 ], [ -70.625002491657099, -33.442104504124998 ], [ -70.625103060655704, -33.441759861008499 ], [ -70.624876569036701, -33.441710256514703 ] ] ] ] } },
{ "type": "Feature", "properties": { "id": "ipt_13_prc_providencia_mono.72", "Name": null, "description": null, "timestamp": null, "begin": null, "end": null, "altitudeMode": null, "tessellate": -1, "extrude": 0, "visibility": -1, "drawOrder": null, "icon": null, "REG": "Metropolitana", "COM": "Providencia", "LOC": "Providencia", "ZONA": "UR", "NOM": "UR Zona de Uso Residencial", "UPERM": "Revisar ordenaza local", "UPROH": "Revisar ordenaza local", "P_DO": "23/01/2007", "N_DOC": "101", "T_DO": "Decreto", "OBS": null }, "geometry": { "type": "MultiPolygon", "coordinates": [ [ [ [ -70.621596671695499, -33.440849386270699 ], [ -70.6213961767249, -33.441426847156301 ], [ -70.621140744675102, -33.441366694884302 ], [ -70.621132459145301, -33.441396447305898 ], [ -70.621063170905202, -33.441645255759198 ], [ -70.621053522249795, -33.441643080444202 ], [ -70.620986072380305, -33.441627871872399 ], [ -70.620930900364002, -33.4418058561807 ], [ -70.621241896695807, -33.441877668023899 ], [ -70.621236866198601, -33.441900595216197 ], [ -70.621174731724693, -33.442082466471199 ], [ -70.620896648879807, -33.442045391063097 ], [ -70.620887091470095, -33.442069809533997 ], [ -70.620842876144806, -33.442206556828502 ], [ -70.620723168547698, -33.442175076881902 ], [ -70.620710267508798, -33.442203356499299 ], [ -70.620651081519, -33.442359152204197 ], [ -70.6207389280667, -33.442378559274701 ], [ -70.620771179028097, -33.442388044275098 ], [ -70.620579640819201, -33.442941518914999 ], [ -70.620463978842807, -33.443239672634498 ], [ -70.620400582077806, -33.443228331950202 ], [ -70.620393951663104, -33.443252877162202 ], [ -70.620331879956794, -33.443482633493801 ], [ -70.620438185162698, -33.443505582687102 ], [ -70.620430968912103, -33.443527722258402 ], [ -70.620407742786398, -33.443598981871403 ], [ -70.620268664235098, -33.444025689902503 ], [ -70.620312297144494, -33.444034891884101 ], [ -70.620328165119602, -33.444038237708298 ], [ -70.621013761917297, -33.444182821838602 ], [ -70.620840263564403, -33.444736149275201 ], [ -70.620836826124403, -33.444747112677597 ], [ -70.620808412589298, -33.444826224773102 ], [ -70.6208016960572, -33.444844925461901 ], [ -70.620787093935803, -33.444885580595397 ], [ -70.621324068139103, -33.4450011071905 ], [ -70.621850363260293, -33.445113604811802 ], [ -70.621834446477195, -33.445183068188598 ], [ -70.622271998304299, -33.445268120653097 ], [ -70.6222660655027, -33.4452929616413 ], [ -70.6223704244169, -33.445315520652201 ], [ -70.622422221533597, -33.445326717199499 ], [ -70.622427508119401, -33.445304263689401 ], [ -70.622474181606904, -33.445314024818302 ], [ -70.622529657590903, -33.445123431975198 ], [ -70.622701256764003, -33.444533885383102 ], [ -70.622686573388293, -33.444530791302903 ], [ -70.622559887664394, -33.444504092256501 ], [ -70.6225537922695, -33.4445028075625 ], [ -70.621937905737099, -33.444373009209301 ], [ -70.621933345004706, -33.444372048004197 ], [ -70.621771334845704, -33.444337903028497 ], [ -70.621861256482504, -33.4440400849277 ], [ -70.621903205769698, -33.444045978813399 ], [ -70.622034566083201, -33.443612369155503 ], [ -70.622136059272407, -33.443633076563401 ], [ -70.622137779439399, -33.443633427414198 ], [ -70.622344038922293, -33.443675509785997 ], [ -70.622350729558903, -33.443676875081501 ], [ -70.622448958555594, -33.443696916106703 ], [ -70.622515119833196, -33.443710414606599 ], [ -70.622547186518801, -33.443716957066698 ], [ -70.622998889256905, -33.443809114093099 ], [ -70.623012761888305, -33.443811944595801 ], [ -70.623013485374102, -33.443812092042897 ], [ -70.623127783680104, -33.443835411335499 ], [ -70.623142268578803, -33.443838366376603 ], [ -70.623217000823303, -33.4436019119535 ], [ -70.623010088152697, -33.443556421653497 ], [ -70.623057769801306, -33.443426947533801 ], [ -70.623276677180897, -33.4434746669519 ], [ -70.623344115646304, -33.4432477537203 ], [ -70.623333015428798, -33.443245453301202 ], [ -70.623331767072699, -33.443245194588599 ], [ -70.623209573050801, -33.4432198775826 ], [ -70.623280180480194, -33.442986664185 ], [ -70.6234310886082, -33.443020480044403 ], [ -70.623557101595495, -33.442613912625497 ], [ -70.623613803115305, -33.442626066251897 ], [ -70.623653070303305, -33.442515299647702 ], [ -70.623237133824802, -33.442417666941601 ], [ -70.623307181966595, -33.442152040033697 ], [ -70.623610540441902, -33.442220668625801 ], [ -70.623683443074697, -33.441991630173199 ], [ -70.623447707002796, -33.441935099034502 ], [ -70.6234962896295, -33.441799614869197 ], [ -70.623421952204296, -33.441781499238502 ], [ -70.623641981705603, -33.4410224538588 ], [ -70.623649566332105, -33.440996526106602 ], [ -70.623571719440207, -33.440978865041302 ], [ -70.623500236336696, -33.4411972351486 ], [ -70.622953121410802, -33.441070811910897 ], [ -70.622964141062695, -33.441028314087902 ], [ -70.622736963806602, -33.440979390069799 ], [ -70.622722824558096, -33.441022524815402 ], [ -70.622503979617804, -33.440973765466801 ], [ -70.622497379566298, -33.440996666351801 ], [ -70.6224888991634, -33.441026094043004 ], [ -70.621602002110507, -33.4408305602742 ], [ -70.621596671695499, -33.440849386270699 ] ], [ [ -70.621929181135798, -33.442954584677999 ], [ -70.621837626070302, -33.4432540466142 ], [ -70.621697829258196, -33.443251558256101 ], [ -70.621380706729099, -33.443416767529698 ], [ -70.621140686200803, -33.443366219424902 ], [ -70.621251651145002, -33.443258545366298 ], [ -70.621700990848296, -33.443022212959903 ], [ -70.621707440251498, -33.443012874012702 ], [ -70.621731770972502, -33.442893581753502 ], [ -70.621758217963603, -33.4429167239797 ], [ -70.621790512061693, -33.442931399982797 ], [ -70.621816673792097, -33.442939445676899 ], [ -70.621929181135798, -33.442954584677999 ] ] ] ] } },
{ "type": "Feature", "properties": { "id": "ipt_13_prc_providencia_mono.73", "Name": null, "description": null, "timestamp": null, "begin": null, "end": null, "altitudeMode": null, "tessellate": -1, "extrude": 0, "visibility": -1, "drawOrder": null, "icon": null, "REG": "Metropolitana", "COM": "Providencia", "LOC": "Providencia", "ZONA": "UR", "NOM": "UR Zona de Uso Residencial", "UPERM": "Revisar ordenaza local", "UPROH": "Revisar ordenaza local", "P_DO": "23/01/2007", "N_DOC": "101", "T_DO": "Decreto", "OBS": null }, "geometry": { "type": "MultiPolygon", "coordinates": [ [ [ [ -70.614607501374607, -33.439571224750402 ], [ -70.614542668089896, -33.439812356828803 ], [ -70.614530834272202, -33.439810021873498 ], [ -70.6141941728213, -33.4397436053044 ], [ -70.614183424477304, -33.439774725885798 ], [ -70.614145706285797, -33.439883940043003 ], [ -70.614117188668601, -33.439966515128098 ], [ -70.61401157745, -33.439949994052498 ], [ -70.613986467447106, -33.440054116418203 ], [ -70.613942546350899, -33.440046810658899 ], [ -70.613653873618006, -33.4399987929907 ], [ -70.613644139017794, -33.440039883618297 ], [ -70.613593785986495, -33.440252441599696 ], [ -70.613770504189304, -33.440284321900599 ], [ -70.613599722339899, -33.440916954322702 ], [ -70.613660572644804, -33.440929285816502 ], [ -70.613653259159506, -33.440955494457803 ], [ -70.613538481422694, -33.441366760088201 ], [ -70.613340014094703, -33.441333685314497 ], [ -70.613178363994294, -33.441828638241397 ], [ -70.613152048021902, -33.441902036274001 ], [ -70.613250974400501, -33.441916963107801 ], [ -70.613441316085897, -33.441945682380798 ], [ -70.613438577829299, -33.441958200274399 ], [ -70.613406697549294, -33.442103939086998 ], [ -70.613375408955804, -33.442129245841201 ], [ -70.613032944857096, -33.442079298899998 ], [ -70.613027073192299, -33.442112166813402 ], [ -70.612978387057893, -33.442359876998097 ], [ -70.613035524061601, -33.442368442340801 ], [ -70.612927695290196, -33.442834452891603 ], [ -70.612921133356593, -33.4428628106972 ], [ -70.612905270416107, -33.442931366923901 ], [ -70.612780852885294, -33.4429138964001 ], [ -70.612734004063, -33.443140854868503 ], [ -70.612678140352898, -33.4433924531983 ], [ -70.612658737543597, -33.443389842268402 ], [ -70.612652107505099, -33.443413887482698 ], [ -70.612589087026706, -33.4436424342436 ], [ -70.612554581810201, -33.443637023850698 ], [ -70.612494798966594, -33.443930736319601 ], [ -70.612635046211693, -33.443955178880103 ], [ -70.612628140789596, -33.443983760281697 ], [ -70.612553619733802, -33.444292201101298 ], [ -70.612520575805306, -33.444290722622803 ], [ -70.612516020949002, -33.444313033668998 ], [ -70.612471711958307, -33.444530064080197 ], [ -70.612459425459406, -33.444528063093102 ], [ -70.6123640337605, -33.444512524262002 ], [ -70.612244912844204, -33.444958032691801 ], [ -70.6121961300246, -33.444953505900699 ], [ -70.612188880259097, -33.444988778839203 ], [ -70.612159362486693, -33.445097537640102 ], [ -70.611999593161897, -33.445068685943603 ], [ -70.611852668661101, -33.445559298112201 ], [ -70.6119956001356, -33.445591293562003 ], [ -70.611962000982402, -33.445744441242603 ], [ -70.611799597367295, -33.445720548466298 ], [ -70.611733970700698, -33.445919946284697 ], [ -70.611873044912301, -33.445943967511901 ], [ -70.613539220327695, -33.446231744773101 ], [ -70.613567650070806, -33.446236654971102 ], [ -70.613653800704896, -33.445899327231501 ], [ -70.613661358471902, -33.445869735358002 ], [ -70.613775079184606, -33.445885544102197 ], [ -70.613799473483894, -33.445888934886497 ], [ -70.613851601623395, -33.445668019117797 ], [ -70.613805002744002, -33.445660157522497 ], [ -70.613867085143795, -33.445410460072203 ], [ -70.613877644128294, -33.445376337092704 ], [ -70.613762340792704, -33.445363444812898 ], [ -70.613902489894997, -33.444763126158897 ], [ -70.613858635040799, -33.444755982784301 ], [ -70.613892593141301, -33.444593024340698 ], [ -70.613732605878795, -33.4445607471405 ], [ -70.613823046330594, -33.444161312863997 ], [ -70.613827323208199, -33.444142423335997 ], [ -70.613862112959794, -33.444149358270103 ], [ -70.614029582351407, -33.444182740049897 ], [ -70.614066111984101, -33.444040161939299 ], [ -70.614107036519002, -33.443880429671097 ], [ -70.614165821812307, -33.443889646680297 ], [ -70.614186913652404, -33.443892953238098 ], [ -70.6142437520095, -33.443636875753597 ], [ -70.614217484509993, -33.443632445273401 ], [ -70.614284718830305, -33.4433286003555 ], [ -70.614320066091395, -33.443147208289197 ], [ -70.614068777576307, -33.4431027578336 ], [ -70.614117853629807, -33.442877060442697 ], [ -70.614120184091803, -33.442866341589799 ], [ -70.614213728558497, -33.442878583505603 ], [ -70.614226319200398, -33.442880231353499 ], [ -70.6142582399589, -33.442725590757298 ], [ -70.614291854552405, -33.442562745775398 ], [ -70.614304981187004, -33.442564934049102 ], [ -70.614337566305593, -33.442570365355103 ], [ -70.614404822192597, -33.442299038319902 ], [ -70.614260752570104, -33.442275267949597 ], [ -70.614311113979198, -33.442058495399003 ], [ -70.614359617222604, -33.441850189971603 ], [ -70.614384658133403, -33.4417308428268 ], [ -70.614521015632505, -33.4417519692254 ], [ -70.614741154687394, -33.4417876114194 ], [ -70.614799207996896, -33.441567059926498 ], [ -70.614772929398796, -33.441562868682603 ], [ -70.614676434321794, -33.441547479419398 ], [ -70.614765649547905, -33.441189574392098 ], [ -70.614639783732798, -33.441164011676697 ], [ -70.614691701241995, -33.440956351550298 ], [ -70.614700304896004, -33.440921938316897 ], [ -70.614724501503602, -33.4408251587191 ], [ -70.614735823117798, -33.4407798736705 ], [ -70.614769012831701, -33.440647122799298 ], [ -70.614776437688406, -33.4406174234582 ], [ -70.614813523976096, -33.440469085962398 ], [ -70.615020470356995, -33.4405051673914 ], [ -70.615082591554199, -33.4402281414405 ], [ -70.614661150256197, -33.4401548899123 ], [ -70.614806960144904, -33.439576031147602 ], [ -70.614617221608, -33.439535075378799 ], [ -70.614607501374607, -33.439571224750402 ] ], [ [ -70.6142653343597, -33.441068807735903 ], [ -70.614265334562404, -33.4409815410459 ], [ -70.614398435570706, -33.440422241234202 ], [ -70.614412696048106, -33.4404103407457 ], [ -70.614588579194205, -33.4404381075652 ], [ -70.614599749202398, -33.440444321821502 ], [ -70.614512521032694, -33.440731641547202 ], [ -70.614512521536795, -33.4407871745587 ], [ -70.614436463470199, -33.441100540676402 ], [ -70.6142653343597, -33.441068807735903 ] ] ] ] } },
{ "type": "Feature", "properties": { "id": "ipt_13_prc_providencia_mono.74", "Name": null, "description": null, "timestamp": null, "begin": null, "end": null, "altitudeMode": null, "tessellate": -1, "extrude": 0, "visibility": -1, "drawOrder": null, "icon": null, "REG": "Metropolitana", "COM": "Providencia", "LOC": "Providencia", "ZONA": "UR", "NOM": "UR Zona de Uso Residencial", "UPERM": "Revisar ordenaza local", "UPROH": "Revisar ordenaza local", "P_DO": "23/01/2007", "N_DOC": "101", "T_DO": "Decreto", "OBS": null }, "geometry": { "type": "MultiPolygon", "coordinates": [ [ [ [ -70.609142100117097, -33.440592052949903 ], [ -70.608988845946996, -33.4412729860219 ], [ -70.607643179794593, -33.441088123225498 ], [ -70.607611525195296, -33.441083926212698 ], [ -70.607590393020502, -33.441217162010297 ], [ -70.607476355479704, -33.441206709354702 ], [ -70.607471682435602, -33.441231015730601 ], [ -70.607417194055401, -33.441514443307099 ], [ -70.607244832016207, -33.4414929425132 ], [ -70.607206219314804, -33.441708374288403 ], [ -70.607465883783902, -33.441744379228297 ], [ -70.607338937921099, -33.442500034276001 ], [ -70.607323282533997, -33.442498200901198 ], [ -70.606999509947997, -33.442460291418001 ], [ -70.606959100834004, -33.442690708701797 ], [ -70.606984400393102, -33.442693375765799 ], [ -70.607089276187594, -33.442704433688597 ], [ -70.607320812670196, -33.442728846081501 ], [ -70.607258127083298, -33.443101266293503 ], [ -70.607108808847798, -33.443988367331002 ], [ -70.607081479264707, -33.443985015067902 ], [ -70.607003259795405, -33.443975418919599 ], [ -70.606998058477103, -33.444003350273903 ], [ -70.606912619075203, -33.444462165913897 ], [ -70.6068970311659, -33.444460918710199 ], [ -70.606784348679398, -33.4444518980768 ], [ -70.606778983310903, -33.444486805422102 ], [ -70.606753780564304, -33.444650771452999 ], [ -70.606983469491695, -33.444678261934698 ], [ -70.606993734316504, -33.444679490647999 ], [ -70.6069518475731, -33.444924673795597 ], [ -70.606814484484005, -33.444912025783204 ], [ -70.606807517030205, -33.444953275740602 ], [ -70.606767949481494, -33.445187519296098 ], [ -70.608126910756198, -33.445342725361101 ], [ -70.608187946152299, -33.445060430179403 ], [ -70.608195990545298, -33.4450362983007 ], [ -70.608264242147001, -33.444831542831103 ], [ -70.608348166340406, -33.4443737678315 ], [ -70.608387343607703, -33.444167288197399 ], [ -70.608390113885307, -33.444153198998102 ], [ -70.608551999459394, -33.4433299420851 ], [ -70.608568916020999, -33.443243915912497 ], [ -70.608870820125503, -33.441708571693397 ], [ -70.608881835862604, -33.4416669408198 ], [ -70.610244670514703, -33.441926412770201 ], [ -70.610250127308305, -33.441927387121801 ], [ -70.6112421119809, -33.438615751094503 ], [ -70.6111861809337, -33.4386028611477 ], [ -70.610943659665296, -33.438549442260197 ], [ -70.610819678869305, -33.438527480956097 ], [ -70.610617080321902, -33.438506539914798 ], [ -70.610406271661901, -33.438497493941 ], [ -70.610361141428598, -33.438496878867603 ], [ -70.610304167811904, -33.438500323436401 ], [ -70.610241016314205, -33.438503750814803 ], [ -70.610177864793499, -33.438507177259503 ], [ -70.609594931545601, -33.438534729098599 ], [ -70.609469698719195, -33.4390178003027 ], [ -70.609393402769101, -33.439277206487297 ], [ -70.609328465616997, -33.439538129067401 ], [ -70.609246362639993, -33.439940794582498 ], [ -70.609170401111001, -33.440433459020099 ], [ -70.609142100117097, -33.440592052949903 ] ] ] ] } },
{ "type": "Feature", "properties": { "id": "ipt_13_prc_providencia_mono.75", "Name": null, "description": null, "timestamp": null, "begin": null, "end": null, "altitudeMode": null, "tessellate": -1, "extrude": 0, "visibility": -1, "drawOrder": null, "icon": null, "REG": "Metropolitana", "COM": "Providencia", "LOC": "Providencia", "ZONA": "UR", "NOM": "UR Zona de Uso Residencial", "UPERM": "Revisar ordenaza local", "UPROH": "Revisar ordenaza local", "P_DO": "23/01/2007", "N_DOC": "101", "T_DO": "Decreto", "OBS": null }, "geometry": { "type": "MultiPolygon", "coordinates": [ [ [ [ -70.609035732045498, -33.437481429439401 ], [ -70.608981380665597, -33.437652109637 ], [ -70.608905082359001, -33.437629221882602 ], [ -70.608546480631006, -33.437484262289601 ], [ -70.608436328813099, -33.4374550388561 ], [ -70.608252657130194, -33.437414622171701 ], [ -70.608158739142795, -33.437396817965698 ], [ -70.608083910656205, -33.437645075787501 ], [ -70.608337778559402, -33.437694264254503 ], [ -70.608238869879401, -33.438071597412197 ], [ -70.608614772573802, -33.438153159952101 ], [ -70.608624078076204, -33.4381198219886 ], [ -70.608636093586696, -33.438122929833 ], [ -70.608862198988504, -33.438173853584203 ], [ -70.608873474552198, -33.438176675205497 ], [ -70.608896669532896, -33.438048744046199 ], [ -70.609024324803002, -33.438070766929599 ], [ -70.609111705573198, -33.438070090159897 ], [ -70.609130979455003, -33.438070856387696 ], [ -70.609131095865806, -33.438047099682699 ], [ -70.609133025296899, -33.438031236643603 ], [ -70.609146725896196, -33.438033386465897 ], [ -70.609320297518195, -33.438066801189898 ], [ -70.609285556755395, -33.438221866032599 ], [ -70.609666637635897, -33.438273696844099 ], [ -70.609692341336199, -33.438213806972698 ], [ -70.6097038662557, -33.438266759095399 ], [ -70.609725524854696, -33.438297454974901 ], [ -70.609752293862996, -33.438319235712498 ], [ -70.609784169982802, -33.438332097740499 ], [ -70.609821154331797, -33.438336043746197 ], [ -70.609855380248106, -33.438333386260098 ], [ -70.609931903033896, -33.438336818856101 ], [ -70.610019297075098, -33.438357808714699 ], [ -70.610185433235202, -33.438351964563701 ], [ -70.610274727265093, -33.438344501980502 ], [ -70.610293122602499, -33.438342543274501 ], [ -70.610304726248401, -33.438342392570199 ], [ -70.610443043921805, -33.438343324108999 ], [ -70.610506860327703, -33.4383404354056 ], [ -70.6105966352889, -33.438346484822702 ], [ -70.610712311730296, -33.438358382462503 ], [ -70.610842916062296, -33.438380394002799 ], [ -70.610955136917696, -33.438404711262798 ], [ -70.611138938186201, -33.438445560485 ], [ -70.611564934549307, -33.4371460209194 ], [ -70.611601191202197, -33.4370669503976 ], [ -70.611260860627496, -33.436936361877997 ], [ -70.610988603539198, -33.436864094203699 ], [ -70.6106259331102, -33.436786104105501 ], [ -70.609872452601607, -33.436632832624397 ], [ -70.609870079426003, -33.436632350294197 ], [ -70.6093223119843, -33.436520921513598 ], [ -70.609310316682794, -33.436568180875597 ], [ -70.609035732045498, -33.437481429439401 ] ] ] ] } },
{ "type": "Feature", "properties": { "id": "ipt_13_prc_providencia_mono.76", "Name": null, "description": null, "timestamp": null, "begin": null, "end": null, "altitudeMode": null, "tessellate": -1, "extrude": 0, "visibility": -1, "drawOrder": null, "icon": null, "REG": "Metropolitana", "COM": "Providencia", "LOC": "Providencia", "ZONA": "UR", "NOM": "UR Zona de Uso Residencial", "UPERM": "Revisar ordenaza local", "UPROH": "Revisar ordenaza local", "P_DO": "23/01/2007", "N_DOC": "101", "T_DO": "Decreto", "OBS": null }, "geometry": { "type": "MultiPolygon", "coordinates": [ [ [ [ -70.604942245394795, -33.423630552552503 ], [ -70.604903822824198, -33.423707405553003 ], [ -70.604880301453605, -33.423702411661303 ], [ -70.604776698439906, -33.4236804173485 ], [ -70.604768754057403, -33.423703864178599 ], [ -70.604700600523302, -33.423905022237903 ], [ -70.604732003843793, -33.423911750309102 ], [ -70.604658643684402, -33.424146282326802 ], [ -70.604831151361395, -33.424184613739897 ], [ -70.604580166333704, -33.424965286480003 ], [ -70.604563867066105, -33.424962128115098 ], [ -70.604441660864794, -33.424938445224797 ], [ -70.604436039143295, -33.424957028141499 ], [ -70.604364232180501, -33.425194401407197 ], [ -70.604484351619007, -33.425221498662196 ], [ -70.604508591695705, -33.425226719603501 ], [ -70.604267095696898, -33.425994819068599 ], [ -70.6043266264398, -33.426007500711599 ], [ -70.604358040588707, -33.426014192649802 ], [ -70.604287687335997, -33.426246336237298 ], [ -70.6044561363355, -33.426279906599902 ], [ -70.604404273418695, -33.4264924648282 ], [ -70.6043733151065, -33.426485188029297 ], [ -70.604311416875504, -33.426470639580998 ], [ -70.604310334430593, -33.426474413338099 ], [ -70.604167687699402, -33.426972031198403 ], [ -70.604143134071606, -33.426967272388197 ], [ -70.6039703477188, -33.426933782074599 ], [ -70.603966746304295, -33.426943924708702 ], [ -70.603876950701803, -33.4271967984225 ], [ -70.604213456424304, -33.427272589137097 ], [ -70.604088577031803, -33.427657035636699 ], [ -70.604042557894303, -33.427646792647103 ], [ -70.603887987964697, -33.427612385725297 ], [ -70.603880106023098, -33.427635164328699 ], [ -70.603787472138507, -33.427902881918499 ], [ -70.603921277231606, -33.427936943384502 ], [ -70.603799959253394, -33.428269601609301 ], [ -70.603753217383797, -33.428259201025803 ], [ -70.603642202648302, -33.428234498815399 ], [ -70.603551959573394, -33.428558768284098 ], [ -70.603709769235493, -33.428598245300499 ], [ -70.603620241757397, -33.428876460528002 ], [ -70.603592684549497, -33.428870291210899 ], [ -70.603470663297003, -33.428842975184402 ], [ -70.603277401750205, -33.429435066233999 ], [ -70.603198919601397, -33.4297256432029 ], [ -70.603516793181299, -33.429794192181902 ], [ -70.604160190312101, -33.429932937361102 ], [ -70.604204379839899, -33.429942466250999 ], [ -70.604218672432594, -33.4299038000335 ], [ -70.604222813706102, -33.429892597067102 ], [ -70.604398843040897, -33.4299323154153 ], [ -70.604359159516804, -33.430064541902802 ], [ -70.604650192328506, -33.430133851849298 ], [ -70.604664783730797, -33.430090860122803 ], [ -70.605240419229304, -33.430227531085201 ], [ -70.605566488539296, -33.430304946414303 ], [ -70.605606510082396, -33.430314448501299 ], [ -70.605673596658605, -33.430130685871497 ], [ -70.605677623699194, -33.430119655687697 ], [ -70.606099755391099, -33.430210229793303 ], [ -70.605987976239604, -33.430514713932197 ], [ -70.606494408900502, -33.4306166590668 ], [ -70.606597008772795, -33.430360160123698 ], [ -70.606611292485496, -33.430324451782802 ], [ -70.608967580788303, -33.430929632423201 ], [ -70.609113116134196, -33.430967009813799 ], [ -70.609158985000093, -33.430820633052697 ], [ -70.609226945622297, -33.430837094284897 ], [ -70.609262521160403, -33.430845711362402 ], [ -70.609361609799294, -33.4305857675444 ], [ -70.609324636065494, -33.4305765066932 ], [ -70.609201950836606, -33.430545779839001 ], [ -70.609370948890401, -33.430078182305898 ], [ -70.609374522234504, -33.430068295111298 ], [ -70.609385751955898, -33.430071428434701 ], [ -70.609397406536999, -33.430074678892403 ], [ -70.609480717654606, -33.4298593605007 ], [ -70.609472031042998, -33.429857009435899 ], [ -70.609399303948194, -33.429837326607398 ], [ -70.609484119803597, -33.429621147268598 ], [ -70.609392570915105, -33.429594895366698 ], [ -70.609481114422096, -33.429323309435297 ], [ -70.609605035920495, -33.428991625909198 ], [ -70.609610258843105, -33.428977647316202 ], [ -70.609680339852801, -33.428993917571603 ], [ -70.609713431195104, -33.429001600916202 ], [ -70.609851058313595, -33.428605620602902 ], [ -70.610043297817498, -33.428655578168701 ], [ -70.610065272360202, -33.428661289152799 ], [ -70.610143729538706, -33.428448163476901 ], [ -70.609853229705394, -33.428373671222097 ], [ -70.609922749358802, -33.428193333364398 ], [ -70.609900986614804, -33.428185980067397 ], [ -70.610031085610103, -33.427881756140401 ], [ -70.610035199316002, -33.427872134264597 ], [ -70.610090920592398, -33.427887911661898 ], [ -70.610131890127803, -33.4278995120888 ], [ -70.610211741391495, -33.427672461969003 ], [ -70.610385292260702, -33.427717098293698 ], [ -70.610423939126505, -33.42772703875 ], [ -70.610508907409198, -33.427512361902103 ], [ -70.610200034351607, -33.427429041071498 ], [ -70.610266404202306, -33.427256954222699 ], [ -70.610276615632401, -33.427230477229699 ], [ -70.610347864940593, -33.427253471373099 ], [ -70.610400285698304, -33.427270389031399 ], [ -70.610671037065998, -33.426681136476901 ], [ -70.610646460929999, -33.4266401227923 ], [ -70.610645484181902, -33.426638715990698 ], [ -70.6104611239778, -33.426590688782497 ], [ -70.610429207067398, -33.426582374415702 ], [ -70.610150856951606, -33.4265098604995 ], [ -70.609628677189207, -33.4263738249076 ], [ -70.609476453947394, -33.426646045415602 ], [ -70.609430376983596, -33.426631040783903 ], [ -70.609371633869202, -33.426611912290802 ], [ -70.609126250407101, -33.426532006051303 ], [ -70.609122489666802, -33.426541407780803 ], [ -70.608887701985594, -33.4264740559967 ], [ -70.608682792591594, -33.426415275003201 ], [ -70.608690149346899, -33.426395524975398 ], [ -70.608840592005393, -33.425991602850097 ], [ -70.608903239967802, -33.4260094012403 ], [ -70.609010406552201, -33.425756820884203 ], [ -70.608961484625496, -33.425742356203799 ], [ -70.608964645252797, -33.425733655775701 ], [ -70.609014094078404, -33.425597513468901 ], [ -70.609111087568706, -33.425330469717899 ], [ -70.608741489125194, -33.425223033331498 ], [ -70.608732531596601, -33.425220428696598 ], [ -70.608546374601701, -33.425166315543002 ], [ -70.608683708625705, -33.424834429038903 ], [ -70.608791003994099, -33.4245554630782 ], [ -70.6074669788742, -33.4242690330505 ], [ -70.607407012490995, -33.424412022580299 ], [ -70.607160753191195, -33.4243593789149 ], [ -70.6071642852758, -33.424347717497703 ], [ -70.607226202222293, -33.424143304025797 ], [ -70.607220509254603, -33.424141998900701 ], [ -70.606997590701098, -33.424090908371703 ], [ -70.6070012250741, -33.424079602759903 ], [ -70.6070401129152, -33.423958644249701 ], [ -70.607031975489704, -33.423956878390101 ], [ -70.606691539640295, -33.423883002915602 ], [ -70.606682894293002, -33.4239093547355 ], [ -70.606665088388993, -33.423963632438699 ], [ -70.606262624410206, -33.423875531182802 ], [ -70.606235506937594, -33.4239524771342 ], [ -70.605767843976807, -33.423848657394302 ], [ -70.605773249562404, -33.423831088176797 ], [ -70.6057794263631, -33.423811012691203 ], [ -70.604942245394795, -33.423630552552503 ] ], [ [ -70.608695792100903, -33.427569847444801 ], [ -70.608887350500495, -33.427404704630902 ], [ -70.608817009221397, -33.427585716364298 ], [ -70.608695792100903, -33.427569847444801 ] ], [ [ -70.604539342525598, -33.427835765500099 ], [ -70.604518496632195, -33.427921509400903 ], [ -70.604500937559195, -33.427964473683502 ], [ -70.604470551699194, -33.427975124316902 ], [ -70.604444055659798, -33.427975467136797 ], [ -70.604337657284603, -33.427954620685597 ], [ -70.604268071206903, -33.427940134722803 ], [ -70.6042290629658, -33.4279252540504 ], [ -70.604210371665204, -33.4279066916774 ], [ -70.6042056967203, -33.427874272544003 ], [ -70.604232564763095, -33.427783322044498 ], [ -70.604256648958199, -33.427762497318703 ], [ -70.604293209559302, -33.4277551857137 ], [ -70.604395440162605, -33.427770957391402 ], [ -70.604450723543394, -33.427783918460101 ], [ -70.604501964145399, -33.427798640791302 ], [ -70.604524665741494, -33.427813732371803 ], [ -70.604539342525598, -33.427835765500099 ] ] ] ] } },
{ "type": "Feature", "properties": { "id": "ipt_13_prc_providencia_mono.77", "Name": null, "description": null, "timestamp": null, "begin": null, "end": null, "altitudeMode": null, "tessellate": -1, "extrude": 0, "visibility": -1, "drawOrder": null, "icon": null, "REG": "Metropolitana", "COM": "Providencia", "LOC": "Providencia", "ZONA": "UR", "NOM": "UR Zona de Uso Residencial", "UPERM": "Revisar ordenaza local", "UPROH": "Revisar ordenaza local", "P_DO": "23/01/2007", "N_DOC": "101", "T_DO": "Decreto", "OBS": null }, "geometry": { "type": "MultiPolygon", "coordinates": [ [ [ [ -70.614508029695401, -33.428871037914497 ], [ -70.614146969758295, -33.428919562929202 ], [ -70.614087550552696, -33.428713764123799 ], [ -70.613597336005697, -33.428460853195801 ], [ -70.613380452972706, -33.428386468261202 ], [ -70.613804826093798, -33.427493837366697 ], [ -70.613516901634497, -33.427410525488803 ], [ -70.613183818109803, -33.428097981156 ], [ -70.613063790031404, -33.428302423637398 ], [ -70.612993877021395, -33.428421503069302 ], [ -70.612879705400005, -33.428635184243099 ], [ -70.612847297884102, -33.4287412736441 ], [ -70.612837847247803, -33.428772214034403 ], [ -70.612765974830893, -33.428763604698602 ], [ -70.612748676898903, -33.428874545127499 ], [ -70.612740106662599, -33.4290644241078 ], [ -70.612697014915398, -33.4290726320855 ], [ -70.612429972303701, -33.429087892620601 ], [ -70.612422341964901, -33.429015412233603 ], [ -70.612460488099003, -33.428733117416002 ], [ -70.612506266115602, -33.4286034146742 ], [ -70.612574932338404, -33.428389786297501 ], [ -70.612590191632705, -33.428336378748298 ], [ -70.612353462983194, -33.428271426232399 ], [ -70.612449926973298, -33.428040544219499 ], [ -70.612458024405996, -33.4280211631242 ], [ -70.611891958319404, -33.427860839883998 ], [ -70.611539747909504, -33.427761083469498 ], [ -70.611511369411204, -33.427753607205602 ], [ -70.611243988889896, -33.4276831600706 ], [ -70.611194019639896, -33.427808525811699 ], [ -70.611218049935104, -33.427815372348903 ], [ -70.611134192874999, -33.428020200707103 ], [ -70.6112015658274, -33.428038834735098 ], [ -70.611114721850498, -33.428273060203303 ], [ -70.611275035230804, -33.428324664360098 ], [ -70.611050037157696, -33.428918512848298 ], [ -70.611097658461603, -33.428930984272398 ], [ -70.611117032514002, -33.428936057888997 ], [ -70.610975510952798, -33.429332630293601 ], [ -70.610999979815006, -33.429347822152401 ], [ -70.610988278480306, -33.429380338297001 ], [ -70.610947847397895, -33.429492681980697 ], [ -70.610871733884693, -33.429704175110203 ], [ -70.610842894436999, -33.429696581141798 ], [ -70.610577677144704, -33.429626739471303 ], [ -70.610408650400203, -33.430053494855898 ], [ -70.610643928107095, -33.4301152863844 ], [ -70.610510365672496, -33.430464438341303 ], [ -70.610493431574497, -33.4304600526104 ], [ -70.610312238372401, -33.4304131331482 ], [ -70.610186797157198, -33.430803526601103 ], [ -70.610311044532196, -33.430834238493297 ], [ -70.610215378606895, -33.431109485083901 ], [ -70.610256939308002, -33.431120106485999 ], [ -70.610585603977, -33.431204100535602 ], [ -70.610574966698096, -33.431232927844498 ], [ -70.610545863007104, -33.431316840040701 ], [ -70.610731789772004, -33.431366324675601 ], [ -70.610745615507, -33.431370004930798 ], [ -70.610758132464099, -33.431343543051703 ], [ -70.610768895858996, -33.431320787040598 ], [ -70.611723786105003, -33.431568218316997 ], [ -70.611728055461896, -33.431557010747298 ], [ -70.613686370202998, -33.4319273560371 ], [ -70.614382667663094, -33.432065931765699 ], [ -70.614952127561907, -33.432179261973801 ], [ -70.614958359800198, -33.4321528608032 ], [ -70.615154274266402, -33.432181792040701 ], [ -70.615122999379594, -33.432314265662797 ], [ -70.615446313406807, -33.4323767318688 ], [ -70.615573245886395, -33.432401099612299 ], [ -70.615477141836095, -33.432138706230603 ], [ -70.615704896026003, -33.432085758292402 ], [ -70.615720420533407, -33.432088167714397 ], [ -70.615719511123999, -33.431901918567199 ], [ -70.615688934136003, -33.431897668036903 ], [ -70.615748457713806, -33.431743463570598 ], [ -70.615790697503002, -33.4316290044273 ], [ -70.615831729897906, -33.431449470295199 ], [ -70.616012647572802, -33.431493907846502 ], [ -70.616095677073901, -33.4312314411413 ], [ -70.616069396053305, -33.431226372662103 ], [ -70.616123979963405, -33.430998278472302 ], [ -70.616068099280199, -33.430985031960098 ], [ -70.616073881456501, -33.430954333955398 ], [ -70.615934221018705, -33.430915546303801 ], [ -70.6159719569321, -33.430768021455201 ], [ -70.615878028113102, -33.430753846695801 ], [ -70.615787858244104, -33.430737224007302 ], [ -70.614571339529903, -33.430509687563699 ], [ -70.613234880747399, -33.430252730543202 ], [ -70.613577255931602, -33.429564596586197 ], [ -70.613727044622095, -33.4292585066461 ], [ -70.614389058478594, -33.429124654773403 ], [ -70.614552557613905, -33.428903109952898 ], [ -70.614580964808695, -33.428867441410503 ], [ -70.614508029695401, -33.428871037914497 ] ] ] ] } },
{ "type": "Feature", "properties": { "id": "ipt_13_prc_providencia_mono.78", "Name": null, "description": null, "timestamp": null, "begin": null, "end": null, "altitudeMode": null, "tessellate": -1, "extrude": 0, "visibility": -1, "drawOrder": null, "icon": null, "REG": "Metropolitana", "COM": "Providencia", "LOC": "Providencia", "ZONA": "UR", "NOM": "UR Zona de Uso Residencial", "UPERM": "Revisar ordenaza local", "UPROH": "Revisar ordenaza local", "P_DO": "23/01/2007", "N_DOC": "101", "T_DO": "Decreto", "OBS": null }, "geometry": { "type": "MultiPolygon", "coordinates": [ [ [ [ -70.606900764586001, -33.437689513705401 ], [ -70.606960911413694, -33.437520350075197 ], [ -70.607117780712599, -33.437431096901904 ], [ -70.607053607126801, -33.437210937905498 ], [ -70.607310300440503, -33.436342198124301 ], [ -70.607502821069204, -33.436377900377302 ], [ -70.607574124879307, -33.436104186487803 ], [ -70.607488560506496, -33.435985179651603 ], [ -70.607531343347802, -33.435866172697899 ], [ -70.607481430564604, -33.435848322282403 ], [ -70.607467169497198, -33.435782868081503 ], [ -70.607499256320907, -33.435690638175799 ], [ -70.607595515991605, -33.435720389816403 ], [ -70.6077167327051, -33.435467499551102 ], [ -70.607845080498294, -33.435506177032302 ], [ -70.607862906334105, -33.435437748289601 ], [ -70.608026905339798, -33.435018246447399 ], [ -70.6080197749056, -33.434905188509099 ], [ -70.608034184207298, -33.434814073320503 ], [ -70.608126285498599, -33.434541345637101 ], [ -70.607921286327297, -33.434464485862598 ], [ -70.608054980817201, -33.434112418381098 ], [ -70.607980705711299, -33.434090104372103 ], [ -70.608262208304495, -33.4331307942468 ], [ -70.608297860632504, -33.432959716508599 ], [ -70.6085444532483, -33.433036578170501 ], [ -70.6086335826881, -33.432709297917597 ], [ -70.608687703918406, -33.432545079710501 ], [ -70.6086164002282, -33.432521277358198 ], [ -70.608573618469606, -33.432521276827103 ], [ -70.608448836049504, -33.4324796228046 ], [ -70.6085272706122, -33.432211847282701 ], [ -70.607536146427293, -33.431938119909198 ], [ -70.607425625228402, -33.432199945666703 ], [ -70.607386408114806, -33.432191019952597 ], [ -70.607272321973994, -33.432711694837501 ], [ -70.606905106117097, -33.432592683725602 ], [ -70.6069086719789, -33.432503425335803 ], [ -70.607015627547597, -33.432143415701297 ], [ -70.606919366676905, -33.432110687485597 ], [ -70.607003149559105, -33.431910846370002 ], [ -70.607003149087006, -33.431878613904999 ], [ -70.607133872791906, -33.4315810827527 ], [ -70.607160612363899, -33.431424878413999 ], [ -70.6071883516273, -33.431330719961103 ], [ -70.607196048988996, -33.4312542645579 ], [ -70.606341560116405, -33.431049807359003 ], [ -70.606354607793307, -33.431013610032203 ], [ -70.605922427861103, -33.430919980827397 ], [ -70.605913803945796, -33.430942578867203 ], [ -70.605873562458697, -33.431048032124799 ], [ -70.605851519531598, -33.431042423197802 ], [ -70.605386354751005, -33.430924058982299 ], [ -70.605374674650093, -33.430954290004998 ], [ -70.605314643857398, -33.431109672366397 ], [ -70.605293988085194, -33.431104920161701 ], [ -70.604949402114698, -33.431025637148402 ], [ -70.605047841706806, -33.430715122839203 ], [ -70.604192142985696, -33.430515740912803 ], [ -70.604185028483897, -33.4305372136633 ], [ -70.604122584091499, -33.430725664545797 ], [ -70.6040959061054, -33.430719847418501 ], [ -70.603961435238503, -33.4306905258683 ], [ -70.6040175223727, -33.430490798678797 ], [ -70.603261547981106, -33.430328774697003 ], [ -70.603255099199401, -33.430351542845003 ], [ -70.603208636420405, -33.430515575996303 ], [ -70.603182376996102, -33.4305097027557 ], [ -70.6030377871448, -33.430477363610699 ], [ -70.602957882947905, -33.430774161619198 ], [ -70.602943894668996, -33.430774839355898 ], [ -70.602870238299204, -33.430778406802503 ], [ -70.602731393740299, -33.431289320062199 ], [ -70.602898934442706, -33.4312779007114 ], [ -70.602779254715998, -33.431679858119402 ], [ -70.602756711316303, -33.431674815150402 ], [ -70.602638238175103, -33.432005445995202 ], [ -70.602815414338195, -33.4320438683867 ], [ -70.602632863214396, -33.432609607153701 ], [ -70.602618382300506, -33.432606263629197 ], [ -70.602498712242294, -33.432578631375499 ], [ -70.6024053012694, -33.432878342428403 ], [ -70.602588183024494, -33.432918928832002 ], [ -70.602534480516695, -33.433093808764603 ], [ -70.602497045286995, -33.433086906541099 ], [ -70.602431680971804, -33.433074855028302 ], [ -70.6024254823447, -33.4330939331956 ], [ -70.602281747717996, -33.433536325410003 ], [ -70.602253332424496, -33.433530011795099 ], [ -70.602175788642697, -33.433799959980099 ], [ -70.602351506170706, -33.433837776842402 ], [ -70.602304867876896, -33.433994430376998 ], [ -70.602280742653207, -33.433989791955298 ], [ -70.602207192548903, -33.4339756492435 ], [ -70.602204234750303, -33.433987535773298 ], [ -70.602168235241393, -33.434132204380298 ], [ -70.602240276890797, -33.434149885565603 ], [ -70.602041278424693, -33.434719372948301 ], [ -70.602014261277901, -33.434712427071702 ], [ -70.601861265732893, -33.434673090628898 ], [ -70.601792659970698, -33.434880091340801 ], [ -70.6019504542014, -33.434918139368598 ], [ -70.601698835070195, -33.435874151644001 ], [ -70.601823895780399, -33.435903923538 ], [ -70.601858349658102, -33.4359121252241 ], [ -70.601703237690003, -33.436439107910303 ], [ -70.601682698933303, -33.436436509901 ], [ -70.601642419867801, -33.436570407989898 ], [ -70.602102017764295, -33.436674476111499 ], [ -70.602031633897099, -33.436895854391103 ], [ -70.602026146915193, -33.436913112454398 ], [ -70.602064212182199, -33.436921607405203 ], [ -70.602421374502399, -33.437001312665103 ], [ -70.602421568763205, -33.437000704121601 ], [ -70.602450653208905, -33.436909609973902 ], [ -70.602779587888307, -33.436995594142502 ], [ -70.6028192906127, -33.437005972367203 ], [ -70.602864876942107, -33.436858595040803 ], [ -70.602870867166303, -33.436839231868198 ], [ -70.603429074058994, -33.4369704469391 ], [ -70.604051412773202, -33.4371167327552 ], [ -70.604044015787295, -33.4371380215591 ], [ -70.603994387465207, -33.437275903850697 ], [ -70.604423090374894, -33.437389032246301 ], [ -70.604448685136603, -33.437395785856303 ], [ -70.604508516527204, -33.437224720936499 ], [ -70.604513573733698, -33.437210261314597 ], [ -70.604691308987299, -33.437250093053599 ], [ -70.605959050824495, -33.437534192860198 ], [ -70.605902909717997, -33.437752848210401 ], [ -70.606070098105704, -33.437776008865598 ], [ -70.606138568429898, -33.437565199316403 ], [ -70.606148373664993, -33.437533247479202 ], [ -70.606881564797604, -33.437685526621699 ], [ -70.606900764586001, -33.437689513705401 ] ] ] ] } },
{ "type": "Feature", "properties": { "id": "ipt_13_prc_providencia_mono.79", "Name": null, "description": null, "timestamp": null, "begin": null, "end": null, "altitudeMode": null, "tessellate": -1, "extrude": 0, "visibility": -1, "drawOrder": null, "icon": null, "REG": "Metropolitana", "COM": "Providencia", "LOC": "Providencia", "ZONA": "UR", "NOM": "UR Zona de Uso Residencial", "UPERM": "Revisar ordenaza local", "UPROH": "Revisar ordenaza local", "P_DO": "23/01/2007", "N_DOC": "101", "T_DO": "Decreto", "OBS": null }, "geometry": { "type": "MultiPolygon", "coordinates": [ [ [ [ -70.611338943877897, -33.4328149458143 ], [ -70.611281763959795, -33.433023548001898 ], [ -70.610871420144505, -33.432948908549598 ], [ -70.610857079372494, -33.432996064161301 ], [ -70.6106691198096, -33.432960108448 ], [ -70.610684319603493, -33.432892960667097 ], [ -70.610695471954401, -33.432892815800699 ], [ -70.610706392985406, -33.432848369546903 ], [ -70.610772959593902, -33.432860303661698 ], [ -70.610830710188694, -33.4326570863361 ], [ -70.610590862843097, -33.432608747794099 ], [ -70.61057958248, -33.432644866663701 ], [ -70.610529080699905, -33.432826653244 ], [ -70.610430999092202, -33.432807322033099 ], [ -70.609816521329194, -33.432686243281204 ], [ -70.609718321580203, -33.433038687794898 ], [ -70.609700182065694, -33.433035160828503 ], [ -70.609394916772899, -33.432975430416498 ], [ -70.609327149020203, -33.433200275054602 ], [ -70.609456955773496, -33.433226598505797 ], [ -70.6094707277244, -33.4332293912898 ], [ -70.609351114382903, -33.43362001845 ], [ -70.609388449482495, -33.433628099487301 ], [ -70.6094048416508, -33.433631648275103 ], [ -70.609330282498107, -33.434022143332598 ], [ -70.609315892012503, -33.434019936638798 ], [ -70.609223701739197, -33.434005803759099 ], [ -70.609194913251002, -33.434001390442504 ], [ -70.609145306882795, -33.434285127109803 ], [ -70.609087535470096, -33.434567304924698 ], [ -70.609066911559694, -33.434564450413802 ], [ -70.608968242474603, -33.434550793727297 ], [ -70.608870575223605, -33.434537275470603 ], [ -70.608824356158195, -33.4347458579185 ], [ -70.608905041408093, -33.434762622215104 ], [ -70.608807582665406, -33.435131744820701 ], [ -70.6088225161472, -33.435133873279902 ], [ -70.610217386945493, -33.435332711896201 ], [ -70.610395610820007, -33.435315351987903 ], [ -70.610410502980201, -33.435313901413799 ], [ -70.610599284817297, -33.4353173635999 ], [ -70.611182243937904, -33.4353546597007 ], [ -70.612859539972305, -33.435466853888997 ], [ -70.612898561855104, -33.435469712838199 ], [ -70.613233834694498, -33.435490820696103 ], [ -70.614447794030298, -33.435579471356299 ], [ -70.614532417923598, -33.435176290910903 ], [ -70.614693699511307, -33.4351966211103 ], [ -70.6147299553148, -33.435201191110401 ], [ -70.614763781408101, -33.434980146051103 ], [ -70.614628257310102, -33.434961628691703 ], [ -70.614746680751097, -33.434386678633302 ], [ -70.614720204070693, -33.434381547501097 ], [ -70.614575621435193, -33.434353529983198 ], [ -70.614701368870399, -33.433914302411203 ], [ -70.614859348091201, -33.433947865651199 ], [ -70.614923747977201, -33.4337372885227 ], [ -70.615135043962894, -33.4337750999482 ], [ -70.615192348581502, -33.433551995760602 ], [ -70.615153255809801, -33.433544338888098 ], [ -70.615147206167194, -33.433543154222001 ], [ -70.614891531034402, -33.433493078696898 ], [ -70.614870994209696, -33.433489056142697 ], [ -70.6141454013068, -33.433346939078099 ], [ -70.614228884614803, -33.433050333276803 ], [ -70.614258151429993, -33.432946354178497 ], [ -70.614258167333105, -33.432946283628503 ], [ -70.614235806481602, -33.432942030395203 ], [ -70.613847157919395, -33.4328668216925 ], [ -70.613746935059197, -33.432847427198197 ], [ -70.613748800249397, -33.432840286557202 ], [ -70.613785202612505, -33.432700899802498 ], [ -70.613486343264299, -33.432643087372703 ], [ -70.613482378488001, -33.432657665695601 ], [ -70.613480126771094, -33.432665948574602 ], [ -70.6134129092205, -33.432913136448597 ], [ -70.613404423748605, -33.4329443384661 ], [ -70.613125829443604, -33.432890728275801 ], [ -70.613134883448097, -33.432855485880197 ], [ -70.613166180302599, -33.432733674806798 ], [ -70.611741180999303, -33.432457903752798 ], [ -70.611450741914695, -33.432401694918497 ], [ -70.611445758260899, -33.432420115609702 ], [ -70.611338943877897, -33.4328149458143 ] ], [ [ -70.612149539010602, -33.433894953482501 ], [ -70.612027728567099, -33.4342817336831 ], [ -70.612033670116503, -33.434336279586098 ], [ -70.612019799166504, -33.434387645278903 ], [ -70.611831642870598, -33.434361073021201 ], [ -70.611950482133096, -33.433862722518903 ], [ -70.612149539010602, -33.433894953482501 ] ], [ [ -70.612513949944997, -33.4349245158812 ], [ -70.6127580954861, -33.434001336250603 ], [ -70.613101436124794, -33.434062371109 ], [ -70.613467666897506, -33.434138664677697 ], [ -70.613231151169998, -33.435012251893397 ], [ -70.612984012494096, -33.434982019901398 ], [ -70.612922991915198, -33.434974554695401 ], [ -70.612513949944997, -33.4349245158812 ] ] ] ] } },
{ "type": "Feature", "properties": { "id": "ipt_13_prc_providencia_mono.80", "Name": null, "description": null, "timestamp": null, "begin": null, "end": null, "altitudeMode": null, "tessellate": -1, "extrude": 0, "visibility": -1, "drawOrder": null, "icon": null, "REG": "Metropolitana", "COM": "Providencia", "LOC": "Providencia", "ZONA": "UR", "NOM": "UR Zona de Uso Residencial", "UPERM": "Revisar ordenaza local", "UPROH": "Revisar ordenaza local", "P_DO": "23/01/2007", "N_DOC": "101", "T_DO": "Decreto", "OBS": null }, "geometry": { "type": "MultiPolygon", "coordinates": [ [ [ [ -70.607795277546799, -33.412933356896403 ], [ -70.607984815987194, -33.413737737281501 ], [ -70.607995807248599, -33.413737561419403 ], [ -70.608060730974103, -33.414038036026703 ], [ -70.608100339328701, -33.414221345702003 ], [ -70.608247038922897, -33.414814421380797 ], [ -70.608321826392498, -33.415012691690102 ], [ -70.608405823157099, -33.415170278808297 ], [ -70.608524677105095, -33.415328010821398 ], [ -70.608716414441901, -33.415549818908303 ], [ -70.609028245629503, -33.415885135860002 ], [ -70.609306363798396, -33.416176576784501 ], [ -70.609274223115193, -33.416183372506602 ], [ -70.609299415186598, -33.416281115824198 ], [ -70.609341177774198, -33.416431882223002 ], [ -70.609399137089895, -33.416494642867001 ], [ -70.609422141217294, -33.416473796019403 ], [ -70.609518842081897, -33.416463200836397 ], [ -70.609556649224402, -33.416459908196202 ], [ -70.609592397260798, -33.416586468807097 ], [ -70.609754218520905, -33.416483496438801 ], [ -70.6098526520353, -33.416642759192598 ], [ -70.610024536822493, -33.416860050272298 ], [ -70.610274505919307, -33.417145525197697 ], [ -70.610425534043202, -33.417311785520099 ], [ -70.610391860560895, -33.417337276658898 ], [ -70.610620631937707, -33.417543099049603 ], [ -70.610681747795596, -33.417496881697602 ], [ -70.610938040537107, -33.417715540821902 ], [ -70.610889140005, -33.417763898421001 ], [ -70.611591201360994, -33.418367826687501 ], [ -70.611505270996403, -33.418436849678002 ], [ -70.611861655475707, -33.418690975825498 ], [ -70.611822918026903, -33.418730681159502 ], [ -70.611812722570704, -33.418741131561603 ], [ -70.612057530474104, -33.418910483526098 ], [ -70.612081143067002, -33.418926920983999 ], [ -70.612103139572696, -33.418942034807202 ], [ -70.612272914120695, -33.4190621844009 ], [ -70.612340369077302, -33.418992428895002 ], [ -70.6123837935436, -33.4190233086468 ], [ -70.612440662116299, -33.418960429232499 ], [ -70.613145255398706, -33.419431282905698 ], [ -70.613073886658199, -33.419508098807803 ], [ -70.613319348466007, -33.419673017979299 ], [ -70.613555300794602, -33.419826177787897 ], [ -70.613634949650006, -33.4197416595294 ], [ -70.613925126149397, -33.41990120693 ], [ -70.614411185509397, -33.420144079339302 ], [ -70.6145701970609, -33.420221061469498 ], [ -70.614609854916196, -33.420159191543 ], [ -70.615011986440607, -33.420326258313601 ], [ -70.614948720518001, -33.420449273556898 ], [ -70.615632752208398, -33.420704185291299 ], [ -70.616273595687005, -33.420900549799804 ], [ -70.616387602497497, -33.420689144846499 ], [ -70.616416816607298, -33.420702643316801 ], [ -70.616541597969501, -33.420514518435802 ], [ -70.615731672034102, -33.419949166647598 ], [ -70.615783895777994, -33.419908503427401 ], [ -70.615709504371495, -33.419848758385498 ], [ -70.615756459178996, -33.419809644631997 ], [ -70.615679295209901, -33.4197432711319 ], [ -70.615749796459198, -33.419688302095501 ], [ -70.615713283494898, -33.419651333604598 ], [ -70.6153921674277, -33.419551979659403 ], [ -70.615457300614096, -33.419413023390099 ], [ -70.615024555096497, -33.419269244315601 ], [ -70.614993906163093, -33.4193062236534 ], [ -70.614978800985099, -33.419286842416099 ], [ -70.614791751979396, -33.419037859018303 ], [ -70.614855778216096, -33.418980281911402 ], [ -70.614875852112405, -33.418963554830597 ], [ -70.614853497568902, -33.418945392556601 ], [ -70.614683789861601, -33.418796208398398 ], [ -70.614585794148596, -33.418876843872901 ], [ -70.614461485270297, -33.4187681722062 ], [ -70.614440983231106, -33.418787973738901 ], [ -70.614183229759206, -33.418579353282503 ], [ -70.614168840001298, -33.4185930906403 ], [ -70.614158904453703, -33.418602576491502 ], [ -70.614151694279599, -33.418596387246303 ], [ -70.613863140289496, -33.4183486719865 ], [ -70.613795309499395, -33.418290441123602 ], [ -70.613759212653605, -33.4183150015362 ], [ -70.613750914837894, -33.418307683793302 ], [ -70.613387538426096, -33.417984368782101 ], [ -70.613453931673504, -33.417925910263598 ], [ -70.613112296186401, -33.4176393373058 ], [ -70.613126305279806, -33.417628159017703 ], [ -70.612806400187395, -33.417341096910498 ], [ -70.612795447956202, -33.4173335782381 ], [ -70.6127181606861, -33.417398310547597 ], [ -70.612097720151596, -33.416856858417297 ], [ -70.612260955001105, -33.4167241480584 ], [ -70.611803946624804, -33.416322851418698 ], [ -70.611792326829104, -33.416331688005201 ], [ -70.611664774139498, -33.416428693949896 ], [ -70.611644469243799, -33.416411620906402 ], [ -70.611415595796004, -33.416223751830699 ], [ -70.611449510246004, -33.416190620544299 ], [ -70.611322897744898, -33.4157625063918 ], [ -70.611306479110198, -33.415765960893403 ], [ -70.611046236300197, -33.415820964451001 ], [ -70.610979899343505, -33.415554602151303 ], [ -70.610825346073398, -33.415472835246497 ], [ -70.610813528481103, -33.415466476568099 ], [ -70.610784168240997, -33.415480794854098 ], [ -70.6106534905351, -33.4153077467275 ], [ -70.610222296075193, -33.414890932594503 ], [ -70.609901198707405, -33.4145971034214 ], [ -70.609721233989703, -33.414370588284697 ], [ -70.609602477015102, -33.414278820986098 ], [ -70.609583932650494, -33.414294168306299 ], [ -70.609568717356893, -33.414314455068897 ], [ -70.609369291058698, -33.414340557379496 ], [ -70.609364086865298, -33.414325842903501 ], [ -70.609246216715803, -33.4139925879768 ], [ -70.609207510914004, -33.4139980574747 ], [ -70.608918813653503, -33.414038847492201 ], [ -70.608912508172295, -33.414011877792603 ], [ -70.608903045779797, -33.413971400750498 ], [ -70.608843837704796, -33.413718139399002 ], [ -70.608766188620294, -33.4137201566325 ], [ -70.608753615208798, -33.413539028882198 ], [ -70.608540067799595, -33.413438002491397 ], [ -70.608404985343498, -33.413287281602599 ], [ -70.608167436807094, -33.413290308592103 ], [ -70.608157152288797, -33.413226036351702 ], [ -70.608187670506396, -33.413126851641898 ], [ -70.608217383552201, -33.413082282688897 ], [ -70.607795277546799, -33.412933356896403 ] ] ] ] } },
{ "type": "Feature", "properties": { "id": "ipt_13_prc_providencia_mono.81", "Name": null, "description": null, "timestamp": null, "begin": null, "end": null, "altitudeMode": null, "tessellate": -1, "extrude": 0, "visibility": -1, "drawOrder": null, "icon": null, "REG": "Metropolitana", "COM": "Providencia", "LOC": "Providencia", "ZONA": "UR", "NOM": "UR Zona de Uso Residencial", "UPERM": "Revisar ordenaza local", "UPROH": "Revisar ordenaza local", "P_DO": "23/01/2007", "N_DOC": "101", "T_DO": "Decreto", "OBS": null }, "geometry": { "type": "MultiPolygon", "coordinates": [ [ [ [ -70.602008025654897, -33.437515406980097 ], [ -70.601989222516394, -33.437624627635699 ], [ -70.6018281528861, -33.437588253489999 ], [ -70.601824776697399, -33.437616362205198 ], [ -70.601817045902706, -33.437680738548501 ], [ -70.601788773720997, -33.437768435669398 ], [ -70.601315612637805, -33.437667172315599 ], [ -70.601303452113797, -33.4377024053328 ], [ -70.601367736071495, -33.437715891720003 ], [ -70.601320265588001, -33.437873988621803 ], [ -70.601277480743093, -33.437868814534603 ], [ -70.601233187743006, -33.438013984049498 ], [ -70.601217774866996, -33.4380107804744 ], [ -70.601009489378896, -33.437967481095797 ], [ -70.601003228662293, -33.437988599941399 ], [ -70.600943820080303, -33.4381889981086 ], [ -70.600965876421498, -33.438193087210998 ], [ -70.600886726225895, -33.4384695124185 ], [ -70.601089887690705, -33.438513418348698 ], [ -70.601057242820204, -33.438641974386499 ], [ -70.601156629897702, -33.438660734224399 ], [ -70.601121865121002, -33.438829582768598 ], [ -70.601111538203099, -33.4388286212995 ], [ -70.601057719486406, -33.438823610373603 ], [ -70.601044905275799, -33.438869940764803 ], [ -70.601016886187594, -33.4389712413276 ], [ -70.601011048291198, -33.438970351748402 ], [ -70.600967083929802, -33.4389636524607 ], [ -70.600960757176296, -33.438987211617999 ], [ -70.600929789908193, -33.439102527766003 ], [ -70.600916738914094, -33.439100664448702 ], [ -70.600764283523006, -33.4390788947792 ], [ -70.600755037955594, -33.439118827445597 ], [ -70.600707096780894, -33.439325888089598 ], [ -70.600746384599802, -33.439332489121398 ], [ -70.600761199400296, -33.439334978102899 ], [ -70.600679807806301, -33.4396860571144 ], [ -70.600812378381704, -33.439713933811497 ], [ -70.600735461008497, -33.439988851955299 ], [ -70.600715689875202, -33.439985572924897 ], [ -70.600537909430699, -33.439956088305202 ], [ -70.600531282904996, -33.439991565447798 ], [ -70.600465393955005, -33.440344349758497 ], [ -70.600494831103504, -33.440349197695298 ], [ -70.600338379184507, -33.440877196027898 ], [ -70.600399885447302, -33.4409718468631 ], [ -70.600374434014896, -33.440981491345603 ], [ -70.600298840267101, -33.441010135377098 ], [ -70.600315759593499, -33.441040340379097 ], [ -70.600297874651403, -33.441065509660902 ], [ -70.599930450092302, -33.441620321136 ], [ -70.600082289051102, -33.441695633506399 ], [ -70.600115883862202, -33.441715456938702 ], [ -70.599949262775795, -33.441885352088498 ], [ -70.599915482097899, -33.441919796196899 ], [ -70.599918296033493, -33.4419295150282 ], [ -70.600142180064793, -33.442702616337201 ], [ -70.600100668916994, -33.442703897912203 ], [ -70.600097824933002, -33.4427312087941 ], [ -70.600085894088593, -33.442845792930299 ], [ -70.600047710870101, -33.442843016571501 ], [ -70.599885254450697, -33.442831202298898 ], [ -70.599877928076097, -33.442877742214797 ], [ -70.599861591254196, -33.442981514280802 ], [ -70.599842937628395, -33.442980722391397 ], [ -70.599723728555801, -33.4429756582986 ], [ -70.599716491773194, -33.443027727999898 ], [ -70.599686514487303, -33.443243415132201 ], [ -70.599668586528395, -33.443241664222597 ], [ -70.599647661603797, -33.4432396210061 ], [ -70.599573809598994, -33.443871372728601 ], [ -70.599938911853897, -33.443906326955798 ], [ -70.599912611794593, -33.444086101610097 ], [ -70.599693653030599, -33.444066020476903 ], [ -70.599683685918194, -33.444125471741501 ], [ -70.599679992911504, -33.444147503406199 ], [ -70.600046173160493, -33.444184682640604 ], [ -70.600805927669796, -33.444261819808901 ], [ -70.600791060206802, -33.444395925115302 ], [ -70.600774919151306, -33.444541513681997 ], [ -70.600782849608294, -33.444542220228897 ], [ -70.600915326941703, -33.444554017273099 ], [ -70.600912010615005, -33.444580901381997 ], [ -70.600884559897494, -33.444803453313803 ], [ -70.600887009361401, -33.444803686823199 ], [ -70.601099868792303, -33.444823955505598 ], [ -70.601396452575202, -33.444854461292898 ], [ -70.601443197006304, -33.444531966820897 ], [ -70.601469627424507, -33.444349619091902 ], [ -70.601472825605498, -33.4443275540931 ], [ -70.602425746970496, -33.4444291416917 ], [ -70.602542832264106, -33.444441622930597 ], [ -70.602514343057294, -33.444685214833598 ], [ -70.602643488927399, -33.444704423771 ], [ -70.6025987875704, -33.444976335410701 ], [ -70.602900500048193, -33.445007055358502 ], [ -70.603283630132793, -33.445047383150801 ], [ -70.603306385433399, -33.445049778137097 ], [ -70.603335619659603, -33.4448120645364 ], [ -70.603338400655304, -33.444789451168198 ], [ -70.603588400711203, -33.444811065952202 ], [ -70.603612075780305, -33.444813113504303 ], [ -70.603625878450202, -33.444711867390197 ], [ -70.603629378541498, -33.4446861874994 ], [ -70.604077310923003, -33.4447598495953 ], [ -70.604066832805202, -33.444892413991397 ], [ -70.604378163534307, -33.444932122522303 ], [ -70.604387417037898, -33.444856930557101 ], [ -70.604390881196693, -33.444828785501699 ], [ -70.605524108086797, -33.4449896089981 ], [ -70.605537893275098, -33.444991565112602 ], [ -70.605576633184199, -33.4447792489566 ], [ -70.6055820705689, -33.444749448706702 ], [ -70.605624601610899, -33.4447528542293 ], [ -70.605633378656194, -33.444753556715 ], [ -70.605660440689903, -33.444633044174203 ], [ -70.605665863862995, -33.444608895893097 ], [ -70.605952760414695, -33.444645021912301 ], [ -70.605968267760105, -33.444646974609697 ], [ -70.606014483733802, -33.444440539733499 ], [ -70.606002856997094, -33.444438840688903 ], [ -70.605919689024503, -33.444426688140403 ], [ -70.605958322726295, -33.444230966070798 ], [ -70.605646598486999, -33.444185445240201 ], [ -70.605684940022996, -33.444002618730202 ], [ -70.6056963133029, -33.444004402253498 ], [ -70.605714370557493, -33.443906506156097 ], [ -70.605717598317199, -33.443887156101397 ], [ -70.606066108351698, -33.443939266998598 ], [ -70.606079354296796, -33.443941156992899 ], [ -70.606123014994793, -33.443727202315003 ], [ -70.606103086134695, -33.443724118297901 ], [ -70.606071973248802, -33.443719303349297 ], [ -70.606193163541306, -33.4430733085537 ], [ -70.606170562433405, -33.443069158026297 ], [ -70.606043063063296, -33.443045745094501 ], [ -70.606023651096507, -33.443040756006603 ], [ -70.606077801206794, -33.4427219968617 ], [ -70.605949901194094, -33.4427007471011 ], [ -70.604811424930602, -33.442557148681999 ], [ -70.604877975511897, -33.442093056789197 ], [ -70.605890491640096, -33.4422437874953 ], [ -70.605976056130103, -33.442243787516396 ], [ -70.606058468877706, -33.442259259578002 ], [ -70.606133937076706, -33.442266107133797 ], [ -70.606160520505199, -33.442268519652501 ], [ -70.606226890812806, -33.441855915145403 ], [ -70.606360583588994, -33.441871280879397 ], [ -70.606378414691605, -33.441873330585103 ], [ -70.606454735549704, -33.441430525392398 ], [ -70.606129473199502, -33.441387017141899 ], [ -70.606177704175295, -33.441085794977198 ], [ -70.606181540561096, -33.441061832259102 ], [ -70.606493302834593, -33.441099160102198 ], [ -70.6065124215054, -33.441101449228498 ], [ -70.606586173432603, -33.440655723709099 ], [ -70.606477642158197, -33.4406351775934 ], [ -70.606551905453102, -33.440238260791197 ], [ -70.606680531264402, -33.440255017576398 ], [ -70.606701136119696, -33.4402577022611 ], [ -70.606739570784896, -33.440033156258302 ], [ -70.606383950358506, -33.439986157798103 ], [ -70.606415117966193, -33.439804068763898 ], [ -70.605956827942094, -33.4397616873486 ], [ -70.605899453937994, -33.439754785649903 ], [ -70.605902398964901, -33.439730024633903 ], [ -70.605875592313396, -33.439726080015902 ], [ -70.605242105751003, -33.439659661216702 ], [ -70.604229522041507, -33.439483869846001 ], [ -70.604170347762505, -33.439640889961296 ], [ -70.604164019881793, -33.439657681015902 ], [ -70.603973776158398, -33.439599322627799 ], [ -70.603978607194506, -33.4395873496061 ], [ -70.604026036784305, -33.439469796979203 ], [ -70.604000560373805, -33.439462375307102 ], [ -70.603771943361906, -33.439395774255999 ], [ -70.603778156432895, -33.439379346340402 ], [ -70.604189863984203, -33.438290880294701 ], [ -70.604199646532905, -33.438265016276503 ], [ -70.604181604533593, -33.438260582718002 ], [ -70.604261826457503, -33.4380545298743 ], [ -70.603745058022398, -33.437923449183799 ], [ -70.603658761400396, -33.438146025235497 ], [ -70.602931164822706, -33.437983093289098 ], [ -70.602224750611896, -33.437824899298597 ], [ -70.602263391885302, -33.437598835772903 ], [ -70.602265906333201, -33.437584125919997 ], [ -70.602270390438406, -33.437557896730702 ], [ -70.602010925749298, -33.437498560211402 ], [ -70.602008025654897, -33.437515406980097 ] ], [ [ -70.602494581206301, -33.439620949823698 ], [ -70.602826419390595, -33.439673687888003 ], [ -70.603098427370199, -33.439736134939899 ], [ -70.603109123101703, -33.440747639959298 ], [ -70.602341382614298, -33.440763458932601 ], [ -70.602333945277906, -33.440508215109702 ], [ -70.602481996118598, -33.440511074148802 ], [ -70.602485581708805, -33.4403964948539 ], [ -70.601814957456298, -33.440405514378803 ], [ -70.601961130387593, -33.439524907200301 ], [ -70.602494581206301, -33.439620949823698 ] ], [ [ -70.604522242361298, -33.443821365374902 ], [ -70.604522581372507, -33.443815415199403 ], [ -70.604280148393698, -33.4434614021296 ], [ -70.604565363843705, -33.443514950465001 ], [ -70.604554668761807, -33.443681545700301 ], [ -70.604536842236101, -33.443821365806102 ], [ -70.604522242361298, -33.443821365374902 ] ] ] ] } },
{ "type": "Feature", "properties": { "id": "ipt_13_prc_providencia_mono.82", "Name": null, "description": null, "timestamp": null, "begin": null, "end": null, "altitudeMode": null, "tessellate": -1, "extrude": 0, "visibility": -1, "drawOrder": null, "icon": null, "REG": "Metropolitana", "COM": "Providencia", "LOC": "Providencia", "ZONA": "UR", "NOM": "UR Zona de Uso Residencial", "UPERM": "Revisar ordenaza local", "UPROH": "Revisar ordenaza local", "P_DO": "23/01/2007", "N_DOC": "101", "T_DO": "Decreto", "OBS": null }, "geometry": { "type": "MultiPolygon", "coordinates": [ [ [ [ -70.612475414003796, -33.442054331606499 ], [ -70.6127223136872, -33.4421683890534 ], [ -70.612773668820097, -33.442001034462201 ], [ -70.612818516942596, -33.441868442652698 ], [ -70.612825330922604, -33.441848299065697 ], [ -70.613017570646207, -33.441279947974202 ], [ -70.613368532114606, -33.440211805465097 ], [ -70.613642997640099, -33.439349729735802 ], [ -70.613659823628495, -33.439296878001102 ], [ -70.613662198323297, -33.439289420504203 ], [ -70.613656696020499, -33.439275408198903 ], [ -70.613625600944701, -33.439238839567601 ], [ -70.613588248421905, -33.439204115447303 ], [ -70.613520077890698, -33.439147781352801 ], [ -70.613451038210002, -33.439101145112403 ], [ -70.613391501555, -33.439057903220501 ], [ -70.613077118277005, -33.439016153663097 ], [ -70.612889325470505, -33.438983161034699 ], [ -70.612647803107706, -33.438936690166699 ], [ -70.612397683939705, -33.438882064423602 ], [ -70.612340761947195, -33.438868946200103 ], [ -70.612116360668097, -33.439086422807698 ], [ -70.612395143290101, -33.439294684125997 ], [ -70.612077970926606, -33.4395958784811 ], [ -70.612276547471396, -33.439760800070303 ], [ -70.611866771466794, -33.440133349837701 ], [ -70.612491920278202, -33.440602679913098 ], [ -70.612509059011799, -33.440606036382199 ], [ -70.612464745068905, -33.440749063472502 ], [ -70.612442616419401, -33.440752929738203 ], [ -70.6124232083762, -33.440765351473999 ], [ -70.612406811154102, -33.440802071803901 ], [ -70.612129550572604, -33.441645586354497 ], [ -70.612313873208294, -33.4418782205003 ], [ -70.612324009500298, -33.441887632773202 ], [ -70.612302583351806, -33.441962679626101 ], [ -70.6122924804029, -33.441997859821903 ], [ -70.612336196831905, -33.442006033668598 ], [ -70.612475414003796, -33.442054331606499 ] ] ] ] } },
{ "type": "Feature", "properties": { "id": "ipt_13_prc_providencia_mono.83", "Name": null, "description": null, "timestamp": null, "begin": null, "end": null, "altitudeMode": null, "tessellate": -1, "extrude": 0, "visibility": -1, "drawOrder": null, "icon": null, "REG": "Metropolitana", "COM": "Providencia", "LOC": "Providencia", "ZONA": "UR", "NOM": "UR Zona de Uso Residencial", "UPERM": "Revisar ordenaza local", "UPROH": "Revisar ordenaza local", "P_DO": "23/01/2007", "N_DOC": "101", "T_DO": "Decreto", "OBS": null }, "geometry": { "type": "MultiPolygon", "coordinates": [ [ [ [ -70.612496512383402, -33.438758003642 ], [ -70.6137559662494, -33.439003798194399 ], [ -70.613886306922595, -33.438610049818699 ], [ -70.613896611929206, -33.438578921501602 ], [ -70.614123861308599, -33.437892410268198 ], [ -70.613970170915493, -33.437858361125699 ], [ -70.613688130120494, -33.437793419854103 ], [ -70.613420855845106, -33.437733564207498 ], [ -70.613203999864396, -33.437680088095803 ], [ -70.6130438130714, -33.437631152792299 ], [ -70.612867411390198, -33.437572476481201 ], [ -70.612849457146098, -33.437650280282099 ], [ -70.612496512383402, -33.438758003642 ] ] ] ] } },
{ "type": "Feature", "properties": { "id": "ipt_13_prc_providencia_mono.84", "Name": null, "description": null, "timestamp": null, "begin": null, "end": null, "altitudeMode": null, "tessellate": -1, "extrude": 0, "visibility": -1, "drawOrder": null, "icon": null, "REG": "Metropolitana", "COM": "Providencia", "LOC": "Providencia", "ZONA": "UR", "NOM": "UR Zona de Uso Residencial", "UPERM": "Revisar ordenaza local", "UPROH": "Revisar ordenaza local", "P_DO": "23/01/2007", "N_DOC": "101", "T_DO": "Decreto", "OBS": null }, "geometry": { "type": "MultiPolygon", "coordinates": [ [ [ [ -70.593955987509801, -33.442462398873097 ], [ -70.593982451183194, -33.442180239557899 ], [ -70.594459339236593, -33.442246049540003 ], [ -70.594843893758593, -33.442279064303001 ], [ -70.594841873615295, -33.4422915275007 ], [ -70.594807984305007, -33.442500657151797 ], [ -70.595207430960997, -33.442532304107601 ], [ -70.595199140628694, -33.442585143788499 ], [ -70.595654314245706, -33.442626060989802 ], [ -70.595704739667795, -33.442318772701 ], [ -70.595706881320098, -33.442305726243802 ], [ -70.597624546478798, -33.442475470792203 ], [ -70.597621862646207, -33.442495600060198 ], [ -70.597577148070997, -33.4428309698012 ], [ -70.5978794318805, -33.4428624189541 ], [ -70.597906594100607, -33.442865245138201 ], [ -70.597909808318093, -33.442829518111203 ], [ -70.597912268437796, -33.442802178847899 ], [ -70.5985166328323, -33.442854984965301 ], [ -70.598539789712902, -33.442574800206003 ], [ -70.598989741495103, -33.442621731777201 ], [ -70.599096258202295, -33.441905528681303 ], [ -70.598643774689407, -33.441863290757702 ], [ -70.598713051121393, -33.441432252050397 ], [ -70.598688825465999, -33.441428810093697 ], [ -70.598166502782803, -33.4413563936738 ], [ -70.598310840233793, -33.440657611245001 ], [ -70.598316908387602, -33.440628236007498 ], [ -70.598334016832695, -33.440629733450002 ], [ -70.598345414934897, -33.440630731840798 ], [ -70.598376396142996, -33.440473326578903 ], [ -70.597971616816807, -33.440421711532203 ], [ -70.597992022735198, -33.440320813655397 ], [ -70.5983207469787, -33.440375718722301 ], [ -70.598347364805903, -33.440380165224298 ], [ -70.598440453701599, -33.439993369336797 ], [ -70.598068401149106, -33.439943161560599 ], [ -70.598108947256804, -33.439742678654 ], [ -70.598124206014205, -33.439647309510399 ], [ -70.598127240668205, -33.439633122405198 ], [ -70.598488256247407, -33.439685663783798 ], [ -70.598516853291599, -33.439689825909298 ], [ -70.598584270420503, -33.439331039998997 ], [ -70.598203411933198, -33.439277021328003 ], [ -70.598276795616698, -33.438933944360002 ], [ -70.598655925957303, -33.438994812006896 ], [ -70.598722777108804, -33.439005544915503 ], [ -70.598664166463706, -33.4392569152132 ], [ -70.599525504049197, -33.4394028129351 ], [ -70.599517173554403, -33.439443932250597 ], [ -70.599491578540906, -33.439570277641202 ], [ -70.599513434209499, -33.439588853053898 ], [ -70.5995233813276, -33.439597307489699 ], [ -70.599617994059599, -33.439540165882804 ], [ -70.599620518660402, -33.439538640774401 ], [ -70.6000124657686, -33.439301920032598 ], [ -70.600098172752993, -33.439226347662398 ], [ -70.600046962594305, -33.439218127275602 ], [ -70.599822241896106, -33.439182051614097 ], [ -70.599881657524406, -33.4389203985357 ], [ -70.599731963603503, -33.438889879324897 ], [ -70.599831527490494, -33.438444395851803 ], [ -70.599834008543596, -33.438433292911903 ], [ -70.599960013007902, -33.438454478898898 ], [ -70.599992168275193, -33.4384598852998 ], [ -70.600108241851302, -33.438034145263998 ], [ -70.600089869445696, -33.438030684841699 ], [ -70.600161413643093, -33.4377820265493 ], [ -70.600056643896906, -33.437749018721803 ], [ -70.600103419359698, -33.4375995212121 ], [ -70.600029614931202, -33.437578999157601 ], [ -70.600072871943098, -33.4374238213097 ], [ -70.600114028679101, -33.437433311368103 ], [ -70.600125243816805, -33.4373930800636 ], [ -70.599223053600696, -33.437184333899303 ], [ -70.599302450669398, -33.436942699253798 ], [ -70.598723646510606, -33.436859380438399 ], [ -70.5977844680679, -33.4367164655932 ], [ -70.597793696420197, -33.436673477016797 ], [ -70.597799185653201, -33.436647905976997 ], [ -70.597518727435997, -33.436609209255103 ], [ -70.597512881183107, -33.436631151387999 ], [ -70.597481980122893, -33.436747122460503 ], [ -70.597463238738399, -33.436744461814698 ], [ -70.597343304874499, -33.4367274336525 ], [ -70.597337834236697, -33.436750564067196 ], [ -70.597314777892095, -33.436848061842802 ], [ -70.597287823923907, -33.436843347975298 ], [ -70.5969259074744, -33.436780055569201 ], [ -70.596962708137994, -33.436645005155597 ], [ -70.5966205466693, -33.436568718967102 ], [ -70.5966256690227, -33.436551169116001 ], [ -70.596311170773006, -33.436500206517501 ], [ -70.596305159165993, -33.436524236674003 ], [ -70.596288895495704, -33.436589256491899 ], [ -70.596261375815899, -33.436585009618099 ], [ -70.595603922258405, -33.436483539960598 ], [ -70.595628063161897, -33.436403056076003 ], [ -70.595278090871901, -33.4363389683961 ], [ -70.594921978311703, -33.436263246555903 ], [ -70.594916233798003, -33.4362838471407 ], [ -70.594894736733494, -33.436360951078903 ], [ -70.594874517424699, -33.4363574009001 ], [ -70.593119694918698, -33.436049321937602 ], [ -70.593126701513498, -33.436031895909899 ], [ -70.592693714369403, -33.435959264714199 ], [ -70.592689058086407, -33.4359847617268 ], [ -70.592659386790302, -33.436142768553204 ], [ -70.592638884135297, -33.4361390097149 ], [ -70.591845879644794, -33.435973731760697 ], [ -70.591855097068304, -33.435933049710897 ], [ -70.591525523049896, -33.435840907481897 ], [ -70.591509269137106, -33.435877846119602 ], [ -70.591497235337698, -33.435902317706599 ], [ -70.590278915667795, -33.435641920571101 ], [ -70.590265752545093, -33.435672251334601 ], [ -70.589955367971697, -33.435618596275503 ], [ -70.589951815238607, -33.435639593311201 ], [ -70.589927063888894, -33.435789375760301 ], [ -70.589897783078101, -33.435779539717103 ], [ -70.589753539848601, -33.435709470395103 ], [ -70.589591009633693, -33.435692464961598 ], [ -70.589585573245401, -33.435722656016601 ], [ -70.589567606112993, -33.435835502364 ], [ -70.589535090585599, -33.435823703821299 ], [ -70.588736525850507, -33.4354982106818 ], [ -70.588699290159795, -33.435519667223097 ], [ -70.588451897281104, -33.435666099051602 ], [ -70.5882111708802, -33.435487889063999 ], [ -70.5881145667677, -33.435412840890898 ], [ -70.587952406430503, -33.435325169589497 ], [ -70.587891809714606, -33.435292408090099 ], [ -70.587808414705705, -33.435251894117201 ], [ -70.588044589889606, -33.435016083633002 ], [ -70.587734886623906, -33.434793845445299 ], [ -70.587654373793399, -33.434870906698102 ], [ -70.587495102344107, -33.434753965611698 ], [ -70.587333253741207, -33.434898778706298 ], [ -70.586881749669701, -33.434641556763502 ], [ -70.586366557363405, -33.4341055457393 ], [ -70.585999330259398, -33.4337244082475 ], [ -70.585692087708495, -33.433401451164201 ], [ -70.585700659738606, -33.433395092707102 ], [ -70.585756689289596, -33.433353999079898 ], [ -70.584969294864806, -33.432591764453001 ], [ -70.584875568765199, -33.432680536356798 ], [ -70.584594403075997, -33.432946838867998 ], [ -70.584580792785005, -33.432936032914 ], [ -70.584497381767903, -33.432869813543299 ], [ -70.584462786573894, -33.432900316589802 ], [ -70.584161263490103, -33.433166169426201 ], [ -70.584149655433706, -33.433158055083901 ], [ -70.584099577995303, -33.433123052387998 ], [ -70.584067942814698, -33.433148771136402 ], [ -70.583776218037798, -33.433385938466003 ], [ -70.583932741934603, -33.433528008723499 ], [ -70.583949065738395, -33.433542824830198 ], [ -70.583568055579406, -33.433848541012502 ], [ -70.583556302730798, -33.433838379488201 ], [ -70.583389372211599, -33.433694054483396 ], [ -70.583346174029202, -33.433724761775999 ], [ -70.583122137584496, -33.433884012881101 ], [ -70.583113566451104, -33.433875094909503 ], [ -70.582857694457104, -33.4340485798919 ], [ -70.582818760388193, -33.434007001618497 ], [ -70.582784938459596, -33.434031987711599 ], [ -70.582542778504603, -33.434171766667703 ], [ -70.582545761841104, -33.4341751790259 ], [ -70.582599843942404, -33.434237024958897 ], [ -70.583101106798594, -33.434810250319401 ], [ -70.583459711153907, -33.435218429169403 ], [ -70.583833574263593, -33.435657128599601 ], [ -70.584215066995895, -33.436092011952503 ], [ -70.584604188975405, -33.436511636642798 ], [ -70.584970242379697, -33.436919334106399 ], [ -70.585063077390103, -33.4370232367108 ], [ -70.585374805643298, -33.437377589237698 ], [ -70.586046234551006, -33.438125282297101 ], [ -70.586166605332195, -33.438261296116501 ], [ -70.586178630130505, -33.43827488358 ], [ -70.586427727389506, -33.438556350754098 ], [ -70.586999967545097, -33.439197232055399 ], [ -70.5871517569106, -33.439415418498697 ], [ -70.587671397709002, -33.440162368334597 ], [ -70.588190082123504, -33.440974682310198 ], [ -70.588594615132294, -33.441604353840802 ], [ -70.589490076927802, -33.4430207497848 ], [ -70.589837567590095, -33.443558479900197 ], [ -70.590210815960205, -33.444137650680602 ], [ -70.590341269731695, -33.444073038200301 ], [ -70.590476985883299, -33.444023574752002 ], [ -70.590590025212904, -33.443979174611101 ], [ -70.590782826798801, -33.443938522559499 ], [ -70.591011490639602, -33.4438916562804 ], [ -70.591028538394198, -33.444076319249 ], [ -70.5903876392196, -33.444412024256302 ], [ -70.590692834710296, -33.444877426817897 ], [ -70.5909904007911, -33.445346643816897 ], [ -70.591135369767102, -33.445583160101201 ], [ -70.591246258432193, -33.445756125697301 ], [ -70.591376119146204, -33.445958685778699 ], [ -70.591388424682705, -33.445977879404197 ], [ -70.591607291928199, -33.446309178987001 ], [ -70.591722796846398, -33.446489348223103 ], [ -70.592019527084105, -33.446836374513197 ], [ -70.592260528720701, -33.447118223228998 ], [ -70.592532657957307, -33.447439879892201 ], [ -70.592607873781404, -33.447532942572899 ], [ -70.592620825431595, -33.447548965929201 ], [ -70.5926356835012, -33.447567350146201 ], [ -70.592796678591398, -33.447472782345798 ], [ -70.592879623498604, -33.447424061864197 ], [ -70.592930200355198, -33.447394353074102 ], [ -70.592759626734207, -33.447184048012303 ], [ -70.592751113716005, -33.447173552707298 ], [ -70.592836132189305, -33.447127817745397 ], [ -70.592841523677606, -33.447124917613003 ], [ -70.592884699238496, -33.447101692537203 ], [ -70.592254161623998, -33.446356907197703 ], [ -70.592061772542195, -33.446108836442498 ], [ -70.591837020423199, -33.445725172409198 ], [ -70.591685370037496, -33.445504855862502 ], [ -70.591674744645303, -33.445489420286698 ], [ -70.593915257068701, -33.444295220191698 ], [ -70.593970230406796, -33.444265918018999 ], [ -70.593892970090906, -33.444159272786401 ], [ -70.593881171415106, -33.444142985820903 ], [ -70.594117889095401, -33.444024207066299 ], [ -70.594161795713106, -33.444002176116001 ], [ -70.594131132970801, -33.443960494364703 ], [ -70.594120931933404, -33.443946628147103 ], [ -70.594441038115903, -33.443792541067602 ], [ -70.594454378871504, -33.443811030269103 ], [ -70.594455235356804, -33.443812216891097 ], [ -70.594736617658498, -33.4442021847603 ], [ -70.595293599673795, -33.444942250528399 ], [ -70.595000492842203, -33.4451072392566 ], [ -70.595012559944095, -33.445123831983302 ], [ -70.595558280066697, -33.445874194970997 ], [ -70.595562855381004, -33.445880485904297 ], [ -70.595617749163594, -33.445851105564103 ], [ -70.595877919889503, -33.445711854753803 ], [ -70.595900176182298, -33.445741449644302 ], [ -70.595910422782694, -33.445755074327003 ], [ -70.596071339611399, -33.445674993145602 ], [ -70.5962104567258, -33.445605761040497 ], [ -70.596242760894995, -33.445589684749898 ], [ -70.596183364509898, -33.4455157252834 ], [ -70.596169360344206, -33.4454982873456 ], [ -70.596551033375704, -33.445337248909802 ], [ -70.596651774513205, -33.445294743989898 ], [ -70.596652768307294, -33.445287864622102 ], [ -70.596670030570706, -33.445168443212197 ], [ -70.596856902069405, -33.445188771607199 ], [ -70.597049809891303, -33.445209756052101 ], [ -70.597242812982302, -33.4452494294882 ], [ -70.597361257566504, -33.444538008133598 ], [ -70.597368897941905, -33.444457760042603 ], [ -70.597573208835698, -33.444475610802201 ], [ -70.597580630447894, -33.444476259179503 ], [ -70.598154767071307, -33.4445264208005 ], [ -70.598192912155497, -33.444293719320598 ], [ -70.598221292799096, -33.4440730524258 ], [ -70.598221797467701, -33.444069131056303 ], [ -70.598224015632994, -33.444051888243997 ], [ -70.598684937185496, -33.444094975537602 ], [ -70.598715061148596, -33.444097792203898 ], [ -70.598725335250506, -33.444012881868503 ], [ -70.598728339351098, -33.443988058013701 ], [ -70.598763546145605, -33.443697089758999 ], [ -70.598738244571507, -33.443694434570503 ], [ -70.5986623107366, -33.443686464840098 ], [ -70.598692430486395, -33.443466554600299 ], [ -70.598304316953403, -33.443427530241699 ], [ -70.598320349061495, -33.4433028775981 ], [ -70.598322442861502, -33.443286597741697 ], [ -70.597525495890196, -33.443211228453201 ], [ -70.597521461165897, -33.443240407901399 ], [ -70.597516224784997, -33.443278267661498 ], [ -70.597005181222499, -33.443223968764201 ], [ -70.596989990275105, -33.443222762991297 ], [ -70.596979887807905, -33.443293414803598 ], [ -70.5969740962136, -33.4433339213669 ], [ -70.596965385257306, -33.443333233645603 ], [ -70.596758610203096, -33.443316892579503 ], [ -70.596754229287498, -33.443347623112203 ], [ -70.596733390151996, -33.4434937894463 ], [ -70.596723619458601, -33.443671553300497 ], [ -70.596390868343804, -33.443641804051197 ], [ -70.596381955352101, -33.443904586342498 ], [ -70.596248260974505, -33.443897149641501 ], [ -70.596233405594901, -33.444050852142702 ], [ -70.595963044534003, -33.444028540334003 ], [ -70.596019493546393, -33.443592221965901 ], [ -70.595538192606, -33.443559994343502 ], [ -70.595576815475795, -33.443260024007301 ], [ -70.595930499926595, -33.443287613958397 ], [ -70.595951425911693, -33.443145941360903 ], [ -70.595088620251403, -33.443052927304997 ], [ -70.595094722023703, -33.4430079274875 ], [ -70.595099263753298, -33.442974432612203 ], [ -70.594897777995698, -33.4429602605261 ], [ -70.594892713376197, -33.442990992585898 ], [ -70.594869599351497, -33.443131229504601 ], [ -70.594852769030794, -33.4431297884366 ], [ -70.594384986391802, -33.443089740229702 ], [ -70.594388773726806, -33.443063444509001 ], [ -70.594283292709306, -33.443054063716403 ], [ -70.594278126139898, -33.443082763426801 ], [ -70.594176868941801, -33.443070941972103 ], [ -70.594183968844902, -33.443007857478499 ], [ -70.594074456341204, -33.442995903102499 ], [ -70.594071085211993, -33.443015671390597 ], [ -70.594031956790104, -33.443245125230803 ], [ -70.593973629629005, -33.443168382238703 ], [ -70.593863054723897, -33.4432263849855 ], [ -70.593649286737701, -33.442911232392198 ], [ -70.593643410831206, -33.4429025700382 ], [ -70.593539467635907, -33.442749329685803 ], [ -70.593378503831801, -33.442832684533698 ], [ -70.593287880620807, -33.4427123809579 ], [ -70.593202658711903, -33.4425992469344 ], [ -70.593529484581097, -33.442419491711 ], [ -70.593528631262501, -33.442401182791301 ], [ -70.593945861001004, -33.442432600752603 ], [ -70.593941668131507, -33.442460902850698 ], [ -70.593955987509801, -33.442462398873097 ] ], [ [ -70.588625106064796, -33.438407560704 ], [ -70.588775696838795, -33.438333926975403 ], [ -70.588801490274506, -33.4383726901847 ], [ -70.5893019900589, -33.439091019667501 ], [ -70.589456590415097, -33.439314579086599 ], [ -70.5892965361585, -33.439391771857203 ], [ -70.589140333205293, -33.439462982780498 ], [ -70.589044816581307, -33.439334895329097 ], [ -70.588851738228598, -33.439053702383298 ], [ -70.588844461685397, -33.439043105256303 ], [ -70.588496258049105, -33.438535986365302 ], [ -70.588463134716505, -33.438488292316599 ], [ -70.588625106064796, -33.438407560704 ] ], [ [ -70.591153699632102, -33.438427406158397 ], [ -70.591262716278095, -33.438333063811598 ], [ -70.591349377390102, -33.438252287843 ], [ -70.591433817787205, -33.438173435077701 ], [ -70.591516162928897, -33.438105024460697 ], [ -70.591748674973701, -33.438290561397899 ], [ -70.591640217573101, -33.438391403734002 ], [ -70.591534654040501, -33.4384912754306 ], [ -70.591460895874604, -33.438555103635501 ], [ -70.591315611686497, -33.438668056586003 ], [ -70.591189919435195, -33.438759798357303 ], [ -70.591106059607796, -33.438817466588603 ], [ -70.590994775940104, -33.438877585243397 ], [ -70.590781883065105, -33.438980924876503 ], [ -70.590658077179796, -33.439039108931603 ], [ -70.590607968855807, -33.439061622213302 ], [ -70.590471998281203, -33.438818047109898 ], [ -70.590684374541794, -33.438716047549597 ], [ -70.590856862470204, -33.438632271507799 ], [ -70.590939632752693, -33.438585687467501 ], [ -70.591040025291406, -33.438514217422998 ], [ -70.591153699632102, -33.438427406158397 ] ], [ [ -70.592391083106307, -33.436556076769001 ], [ -70.592408906335706, -33.436502606143698 ], [ -70.592890143642293, -33.436656548472001 ], [ -70.593311230864401, -33.436781523805799 ], [ -70.593243958587607, -33.436915915948802 ], [ -70.593209278431402, -33.436974872717698 ], [ -70.593106994438699, -33.437150224252598 ], [ -70.593056636251404, -33.437231886845197 ], [ -70.593001245419003, -33.437309630665702 ], [ -70.592795304799694, -33.437585334403899 ], [ -70.592763924641304, -33.437629246611699 ], [ -70.592363695184304, -33.437427138101 ], [ -70.592206129380102, -33.437350524146503 ], [ -70.5921962130125, -33.437345702208297 ], [ -70.591930814779005, -33.4372166563749 ], [ -70.591993059084601, -33.4371507842746 ], [ -70.5921402493762, -33.436975365629898 ], [ -70.592241066202305, -33.436834068109 ], [ -70.592341342361394, -33.436663194508299 ], [ -70.592366284808307, -33.436613579799399 ], [ -70.592391083106307, -33.436556076769001 ] ] ] ] } },
{ "type": "Feature", "properties": { "id": "ipt_13_prc_providencia_mono.85", "Name": null, "description": null, "timestamp": null, "begin": null, "end": null, "altitudeMode": null, "tessellate": -1, "extrude": 0, "visibility": -1, "drawOrder": null, "icon": null, "REG": "Metropolitana", "COM": "Providencia", "LOC": "Providencia", "ZONA": "UR", "NOM": "UR Zona de Uso Residencial", "UPERM": "Revisar ordenaza local", "UPROH": "Revisar ordenaza local", "P_DO": "23/01/2007", "N_DOC": "101", "T_DO": "Decreto", "OBS": null }, "geometry": { "type": "MultiPolygon", "coordinates": [ [ [ [ -70.617920383685501, -33.4204417650529 ], [ -70.617863635659205, -33.420386163262798 ], [ -70.617863634985696, -33.420335575780499 ], [ -70.617335986539501, -33.419820778318901 ], [ -70.617360942947798, -33.4197910214966 ], [ -70.617357377447206, -33.419749360857601 ], [ -70.617408217671098, -33.419692075261999 ], [ -70.617366364857105, -33.419650081544702 ], [ -70.617122042568496, -33.419414024364499 ], [ -70.617065914820301, -33.419359794801402 ], [ -70.616801755340603, -33.419104570080897 ], [ -70.616717827296497, -33.419005386474801 ], [ -70.616699137138497, -33.418974735963502 ], [ -70.617027757682195, -33.418709352615501 ], [ -70.617331512795104, -33.418464047368502 ], [ -70.617449833804798, -33.418368493492999 ], [ -70.617618086733799, -33.418232615657899 ], [ -70.617647839399993, -33.418246775088797 ], [ -70.617751521326795, -33.418296115736297 ], [ -70.617861493145, -33.418358888234799 ], [ -70.618020756347903, -33.418471716010302 ], [ -70.618151698423503, -33.418578148426903 ], [ -70.618737790946994, -33.419127069920201 ], [ -70.618749721549506, -33.419138243043001 ], [ -70.618824313964197, -33.4192081040011 ], [ -70.619159364238598, -33.419516552141701 ], [ -70.618304272029505, -33.420160876267097 ], [ -70.618289739536905, -33.420171825681003 ], [ -70.618058104997701, -33.420344158338899 ], [ -70.618771493667793, -33.4210107933187 ], [ -70.619064086123203, -33.421304555611599 ], [ -70.6191545669692, -33.421363971267802 ], [ -70.619232009881003, -33.421386879501497 ], [ -70.619018647046701, -33.421856664431502 ], [ -70.619048106694706, -33.421862433951297 ], [ -70.619146095377403, -33.421881621781701 ], [ -70.619327394928106, -33.421914029336797 ], [ -70.619464079634298, -33.421937083730398 ], [ -70.619601819045201, -33.421985190666597 ], [ -70.619649406769597, -33.422009143249603 ], [ -70.619708848299197, -33.422039061743902 ], [ -70.619752668148095, -33.422025983701602 ], [ -70.619791265110393, -33.4220204094796 ], [ -70.619809999057097, -33.422010765881403 ], [ -70.619851373339699, -33.4219894697721 ], [ -70.619966745299394, -33.421908806130702 ], [ -70.620123068625901, -33.421775592352503 ], [ -70.620523525206707, -33.421487831105203 ], [ -70.620745829702898, -33.421319517162999 ], [ -70.621100158263104, -33.421052988171297 ], [ -70.621533462329396, -33.420740135538097 ], [ -70.621649495694598, -33.420691627419203 ], [ -70.621522088869597, -33.420164357973498 ], [ -70.621499309202306, -33.4200687602291 ], [ -70.621470487052505, -33.4199363925553 ], [ -70.621423797352506, -33.419693635938501 ], [ -70.621383447607101, -33.419508321676098 ], [ -70.621344167107907, -33.419380513274703 ], [ -70.621327285551203, -33.419323213205601 ], [ -70.621291688977706, -33.419266698890297 ], [ -70.621237490247594, -33.419139980085397 ], [ -70.621185663679199, -33.419044713263297 ], [ -70.621100802592196, -33.418903404011701 ], [ -70.621052062004907, -33.418809831014897 ], [ -70.621046545054597, -33.4187992407427 ], [ -70.620973091535404, -33.418703938147502 ], [ -70.620826917330902, -33.418497881133597 ], [ -70.620692048688397, -33.418360061365703 ], [ -70.620502331804602, -33.418155659638899 ], [ -70.619925963691699, -33.417620366136603 ], [ -70.619924715009006, -33.417619258760503 ], [ -70.619810442366102, -33.417517932230702 ], [ -70.619371567448297, -33.417125541317802 ], [ -70.619259176366299, -33.417025687630201 ], [ -70.619214322594601, -33.4169858385754 ], [ -70.619057079304199, -33.416846134699703 ], [ -70.618238109999098, -33.416126932058603 ], [ -70.617684972588407, -33.415651397433599 ], [ -70.617587018793202, -33.4155747194797 ], [ -70.617478675414304, -33.415516166741703 ], [ -70.617339893675606, -33.415455013128003 ], [ -70.617210771003997, -33.415432710721198 ], [ -70.616317255169406, -33.415448854614702 ], [ -70.616092012108197, -33.415448792033601 ], [ -70.615079527484696, -33.415455829143802 ], [ -70.615021839661097, -33.415457279253403 ], [ -70.614703532680593, -33.415465276274901 ], [ -70.614451749182194, -33.415465277567598 ], [ -70.6140244811249, -33.415480539522697 ], [ -70.613810846627899, -33.415491985170398 ], [ -70.613734549043897, -33.415484356351399 ], [ -70.613292021134399, -33.415537766281901 ], [ -70.613024978727296, -33.415575915111503 ], [ -70.612918162121304, -33.415602619676399 ], [ -70.612834234401006, -33.415606434623001 ], [ -70.612282219132595, -33.415702194485299 ], [ -70.612341878460498, -33.415916295760297 ], [ -70.612344118717303, -33.415924336264297 ], [ -70.612554030092099, -33.415981976158598 ], [ -70.613046826481295, -33.416473788076502 ], [ -70.613409184788594, -33.416808760228598 ], [ -70.613438746504002, -33.416836088171799 ], [ -70.613346801632503, -33.416910776615502 ], [ -70.613448850396907, -33.416998023785403 ], [ -70.613677215988304, -33.417193263578397 ], [ -70.613706334620005, -33.417170706780297 ], [ -70.614016863596305, -33.416930158844401 ], [ -70.614312002317803, -33.416693582846797 ], [ -70.614339927967706, -33.416671198350897 ], [ -70.614724999780094, -33.4170293267359 ], [ -70.614081453866703, -33.417538862477898 ], [ -70.614231512885397, -33.417667152542897 ], [ -70.614283913148199, -33.417626355986997 ], [ -70.614308836861994, -33.417606951453401 ], [ -70.614641701293095, -33.417890186620099 ], [ -70.614792475903499, -33.418018481088097 ], [ -70.6152057416719, -33.418326802089602 ], [ -70.615447263458293, -33.4184951944465 ], [ -70.615392283753096, -33.418625489816897 ], [ -70.615737573408495, -33.418856818160002 ], [ -70.615872616066895, -33.418951813930398 ], [ -70.615876296819806, -33.4189544029391 ], [ -70.616005104853301, -33.418995674523103 ], [ -70.616168488027199, -33.419062137283703 ], [ -70.616160815369696, -33.419108766529398 ], [ -70.6165248435709, -33.419405865406397 ], [ -70.6168811302949, -33.419743755761402 ], [ -70.617476408834804, -33.420312238687103 ], [ -70.617740233309505, -33.420569443018202 ], [ -70.617920383685501, -33.4204417650529 ] ], [ [ -70.617885173699406, -33.417651129781198 ], [ -70.617957488492806, -33.417564230761499 ], [ -70.618040385357105, -33.417472995606602 ], [ -70.618151532536999, -33.4173843471319 ], [ -70.618196713976999, -33.417349766594299 ], [ -70.618296101435902, -33.417292308063701 ], [ -70.618383241299099, -33.417239444494903 ], [ -70.618411183707494, -33.417225777816199 ], [ -70.618458649106202, -33.4172192469035 ], [ -70.618488655272103, -33.417221811550498 ], [ -70.618558530279103, -33.417256504113702 ], [ -70.618589953732595, -33.417283749684501 ], [ -70.6180301395095, -33.417715980707499 ], [ -70.617885173699406, -33.417651129781198 ] ], [ [ -70.617741804831994, -33.416753834651999 ], [ -70.617769627163199, -33.4167489454383 ], [ -70.617789340717707, -33.416763754348999 ], [ -70.617791717368803, -33.416791527815498 ], [ -70.617775080159305, -33.416821286230501 ], [ -70.617741804283298, -33.416841125049402 ], [ -70.617694268453803, -33.416841125516498 ], [ -70.617684761693695, -33.416811367219601 ], [ -70.617706152802, -33.416777640963502 ], [ -70.617741804831994, -33.416753834651999 ] ] ] ] } },
{ "type": "Feature", "properties": { "id": "ipt_13_prc_providencia_mono.86", "Name": null, "description": null, "timestamp": null, "begin": null, "end": null, "altitudeMode": null, "tessellate": -1, "extrude": 0, "visibility": -1, "drawOrder": null, "icon": null, "REG": "Metropolitana", "COM": "Providencia", "LOC": "Providencia", "ZONA": "UR", "NOM": "UR Zona de Uso Residencial", "UPERM": "Revisar ordenaza local", "UPROH": "Revisar ordenaza local", "P_DO": "23/01/2007", "N_DOC": "101", "T_DO": "Decreto", "OBS": null }, "geometry": { "type": "MultiPolygon", "coordinates": [ [ [ [ -70.627755814682303, -33.4295465312006 ], [ -70.627652170502003, -33.429757919164899 ], [ -70.627649960497294, -33.429762426667601 ], [ -70.627630927330799, -33.429811963378498 ], [ -70.627775737840693, -33.429844092230603 ], [ -70.628140543122996, -33.429949659959902 ], [ -70.628158845980295, -33.429954790046502 ], [ -70.628217060406499, -33.429825438974703 ], [ -70.628397754474094, -33.429884145440397 ], [ -70.628678409080507, -33.429975327666597 ], [ -70.628712468478497, -33.429934609047898 ], [ -70.628968651832295, -33.430019714436902 ], [ -70.629242220341396, -33.429743934231098 ], [ -70.629276554976897, -33.4297668224945 ], [ -70.629859237949105, -33.430022756808597 ], [ -70.629208724755799, -33.430836184950898 ], [ -70.628926515237893, -33.431118312968898 ], [ -70.628914627437993, -33.4311301974438 ], [ -70.629220045033193, -33.431311606778699 ], [ -70.629141463520099, -33.431417387783597 ], [ -70.629624608646495, -33.431650273141301 ], [ -70.6295066542434, -33.431806954389003 ], [ -70.629497328206398, -33.431819342744703 ], [ -70.629680051304803, -33.431920439078503 ], [ -70.629656469444797, -33.4319529605946 ], [ -70.629968132457094, -33.4321041927222 ], [ -70.629910520913, -33.432186106655898 ], [ -70.629898683657601, -33.432202938001502 ], [ -70.630184896298402, -33.432346402044502 ], [ -70.630173556865401, -33.432363969978901 ], [ -70.630366840217505, -33.432461749274999 ], [ -70.630282843437001, -33.4325775890523 ], [ -70.630686988355507, -33.432811227350903 ], [ -70.631048948267903, -33.433008298061701 ], [ -70.63102229543, -33.433045167365798 ], [ -70.631252479247493, -33.4331431578549 ], [ -70.631270459420307, -33.433115481324201 ], [ -70.631406876301199, -33.433181689970098 ], [ -70.631526204098407, -33.433019058465803 ], [ -70.631694493030594, -33.4330914704611 ], [ -70.631726678254196, -33.433016379898 ], [ -70.631793348659002, -33.432855078674599 ], [ -70.631773253869099, -33.432845798151199 ], [ -70.632052310601196, -33.432285304004097 ], [ -70.632137748235394, -33.4323074529728 ], [ -70.632557387722798, -33.432429524091702 ], [ -70.632767207199194, -33.432484837452797 ], [ -70.632977028003296, -33.432540150435997 ], [ -70.633261962558393, -33.432620877470697 ], [ -70.633434816512207, -33.432669849731099 ], [ -70.6337705198507, -33.431853483399898 ], [ -70.633877336716196, -33.431868742673899 ], [ -70.634303838284794, -33.4319363542578 ], [ -70.634305525504303, -33.431936621507397 ], [ -70.634335572975502, -33.431941384842197 ], [ -70.634502980367202, -33.431967923157799 ], [ -70.634450550683397, -33.431878065140303 ], [ -70.634236987232995, -33.4315494079312 ], [ -70.634174060200095, -33.431455059940298 ], [ -70.6341663754759, -33.431446008545301 ], [ -70.634159048992601, -33.431439772450702 ], [ -70.634148580848901, -33.431433483968597 ], [ -70.634137448792004, -33.431429073728502 ], [ -70.634130811599107, -33.431427821078501 ], [ -70.634122106370995, -33.431426928457199 ], [ -70.634092473246596, -33.431421824125898 ], [ -70.634054759045398, -33.431415327438899 ], [ -70.634058999613998, -33.431451167092597 ], [ -70.633880263596694, -33.431428951999798 ], [ -70.633631175990303, -33.431386107078602 ], [ -70.633513286905895, -33.431335327868602 ], [ -70.633494272325606, -33.431302005029799 ], [ -70.633391594442003, -33.431303591185099 ], [ -70.633017011655298, -33.431046523369297 ], [ -70.6330466791227, -33.431009145898201 ], [ -70.632974074238106, -33.430968170573301 ], [ -70.632748236864202, -33.4308096726675 ], [ -70.632604553341693, -33.4307352101549 ], [ -70.632234099646098, -33.430556357165102 ], [ -70.632325952167307, -33.4303672778615 ], [ -70.632322100864798, -33.4303664889553 ], [ -70.631841467219104, -33.430178522843399 ], [ -70.631092056618101, -33.429921729477101 ], [ -70.630041172995902, -33.429056986306797 ], [ -70.629321168403195, -33.428395829142502 ], [ -70.629185018744195, -33.428252029948602 ], [ -70.6288510857011, -33.427868203627 ], [ -70.628734020900197, -33.427741048120502 ], [ -70.628654006102707, -33.427793002007697 ], [ -70.628580651808093, -33.427936783925297 ], [ -70.628050436511202, -33.428958191965499 ], [ -70.627987116739803, -33.429080170789597 ], [ -70.627964906414206, -33.429120071710898 ], [ -70.627760902930405, -33.429536151967199 ], [ -70.627755814682303, -33.4295465312006 ] ], [ [ -70.631227680436098, -33.432464073158201 ], [ -70.631332602249401, -33.432265286687198 ], [ -70.631427332235702, -33.432282580189799 ], [ -70.631434462595294, -33.432356963125798 ], [ -70.631402375849802, -33.432419443835997 ], [ -70.631348897668701, -33.432508702648597 ], [ -70.631227680436098, -33.432464073158201 ] ] ] ] } },
{ "type": "Feature", "properties": { "id": "ipt_13_prc_providencia_mono.87", "Name": null, "description": null, "timestamp": null, "begin": null, "end": null, "altitudeMode": null, "tessellate": -1, "extrude": 0, "visibility": -1, "drawOrder": null, "icon": null, "REG": "Metropolitana", "COM": "Providencia", "LOC": "Providencia", "ZONA": "UR", "NOM": "UR Zona de Uso Residencial", "UPERM": "Revisar ordenaza local", "UPROH": "Revisar ordenaza local", "P_DO": "23/01/2007", "N_DOC": "101", "T_DO": "Decreto", "OBS": null }, "geometry": { "type": "MultiPolygon", "coordinates": [ [ [ [ -70.627102056262004, -33.428786436113 ], [ -70.627014107080697, -33.428952773164198 ], [ -70.627155023953705, -33.429005842983699 ], [ -70.627682515573397, -33.429218043560397 ], [ -70.627629037495296, -33.429316230773999 ], [ -70.627646863618693, -33.429325157594 ], [ -70.627500690389198, -33.429646499412002 ], [ -70.627677389230101, -33.429706484969699 ], [ -70.627755814682303, -33.4295465312006 ], [ -70.627760902930405, -33.429536151967199 ], [ -70.627964906414206, -33.429120071710898 ], [ -70.627987116739803, -33.429080170789597 ], [ -70.628050436511202, -33.428958191965499 ], [ -70.628580651808093, -33.427936783925297 ], [ -70.628654006102707, -33.427793002007697 ], [ -70.628734020900197, -33.427741048120502 ], [ -70.628727462679706, -33.427694606073203 ], [ -70.628702767449099, -33.4276674895005 ], [ -70.628675317303603, -33.4276451824988 ], [ -70.628296398326498, -33.4274843244146 ], [ -70.628357356436695, -33.427380921704597 ], [ -70.628328216583398, -33.427344320235299 ], [ -70.628204813751495, -33.427288674277598 ], [ -70.627577862550794, -33.4284081909938 ], [ -70.627355695445104, -33.428320176907 ], [ -70.6272546502192, -33.428504140937001 ], [ -70.627102056262004, -33.428786436113 ] ] ] ] } },
{ "type": "Feature", "properties": { "id": "ipt_13_prc_providencia_mono.88", "Name": null, "description": null, "timestamp": null, "begin": null, "end": null, "altitudeMode": null, "tessellate": -1, "extrude": 0, "visibility": -1, "drawOrder": null, "icon": null, "REG": "Metropolitana", "COM": "Providencia", "LOC": "Providencia", "ZONA": "UR", "NOM": "UR Zona de Uso Residencial", "UPERM": "Revisar ordenaza local", "UPROH": "Revisar ordenaza local", "P_DO": "23/01/2007", "N_DOC": "101", "T_DO": "Decreto", "OBS": null }, "geometry": { "type": "MultiPolygon", "coordinates": [ [ [ [ -70.608847719802796, -33.4127879589184 ], [ -70.609216545143894, -33.413092058829797 ], [ -70.610400323693895, -33.414142962174999 ], [ -70.610412764174995, -33.414154005966701 ], [ -70.6104300686833, -33.414169367723602 ], [ -70.610928172709293, -33.413764629440898 ], [ -70.610961412331704, -33.413737620602397 ], [ -70.6110963363504, -33.413865804677997 ], [ -70.611130631461904, -33.413807036544199 ], [ -70.610986191527005, -33.413612058039199 ], [ -70.611186082898797, -33.4134973137405 ], [ -70.611082581144899, -33.413285101528402 ], [ -70.610929967688804, -33.413340770979502 ], [ -70.610827579387106, -33.413294686699402 ], [ -70.610789430469595, -33.4131916873854 ], [ -70.610697871522802, -33.413077243834401 ], [ -70.610613943472103, -33.4130238375201 ], [ -70.6105071255854, -33.412970431656802 ], [ -70.610392678216002, -33.4129093951153 ], [ -70.610255341590701, -33.412859804128701 ], [ -70.610156154095307, -33.4128331014781 ], [ -70.610027877126697, -33.412810464859902 ], [ -70.610026447636599, -33.4128102128645 ], [ -70.609896741560803, -33.412814029296598 ], [ -70.609759405173193, -33.412829288826401 ], [ -70.608859005903895, -33.412788033475501 ], [ -70.608847719802796, -33.4127879589184 ] ] ] ] } },
{ "type": "Feature", "properties": { "id": "ipt_13_prc_providencia_mono.89", "Name": null, "description": null, "timestamp": null, "begin": null, "end": null, "altitudeMode": null, "tessellate": -1, "extrude": 0, "visibility": -1, "drawOrder": null, "icon": null, "REG": "Metropolitana", "COM": "Providencia", "LOC": "Providencia", "ZONA": "UpR y Er", "NOM": "UpR y Er Zona de Uso preferente Residencial y Equipamiento restringido", "UPERM": "Revisar ordenaza local", "UPROH": "Revisar ordenaza local", "P_DO": "23/01/2007", "N_DOC": "101", "T_DO": "Decreto", "OBS": null }, "geometry": { "type": "MultiPolygon", "coordinates": [ [ [ [ -70.599039185856697, -33.420390903687199 ], [ -70.5987724479441, -33.421071559426103 ], [ -70.598349306083804, -33.422184273432599 ], [ -70.598343940736498, -33.422198658349302 ], [ -70.598304534060603, -33.422304315054099 ], [ -70.598355616670702, -33.422314169419401 ], [ -70.599933648773899, -33.422658815572703 ], [ -70.599923438959905, -33.4226842375069 ], [ -70.599899142963693, -33.422744735044198 ], [ -70.600375822512603, -33.4228452367459 ], [ -70.600403844923207, -33.422851144694903 ], [ -70.600415189020893, -33.422811881121198 ], [ -70.600423911958003, -33.422781688680899 ], [ -70.600542612119497, -33.422808932612803 ], [ -70.600556789612696, -33.422812186538501 ], [ -70.600587631959201, -33.4226944630988 ], [ -70.600603990276895, -33.422632021613602 ], [ -70.600909173064693, -33.422696168402197 ], [ -70.601015397798307, -33.422718494680801 ], [ -70.600985232418694, -33.422810731683597 ], [ -70.600937856449505, -33.422955592086602 ], [ -70.602166298672202, -33.423208162206002 ], [ -70.602208230874894, -33.423216783131203 ], [ -70.602227428965605, -33.423131658746399 ], [ -70.602234542378, -33.423100119800303 ], [ -70.602610560202393, -33.423182355169303 ], [ -70.602724823704307, -33.422785924609499 ], [ -70.602998028849996, -33.422842270961802 ], [ -70.603007315301198, -33.422844186371996 ], [ -70.604534947621403, -33.423159233208601 ], [ -70.604615543396406, -33.423175037617398 ], [ -70.605039905516904, -33.423268381944702 ], [ -70.605050019415003, -33.423270606642802 ], [ -70.604947388423099, -33.423613376359 ], [ -70.604942245394795, -33.423630552552503 ], [ -70.6057794263631, -33.423811012691203 ], [ -70.605773249562404, -33.423831088176797 ], [ -70.605767843976807, -33.423848657394302 ], [ -70.606235506937594, -33.4239524771342 ], [ -70.606262624410206, -33.423875531182802 ], [ -70.606665088388993, -33.423963632438699 ], [ -70.606682894293002, -33.4239093547355 ], [ -70.606691539640295, -33.423883002915602 ], [ -70.607031975489704, -33.423956878390101 ], [ -70.6070401129152, -33.423958644249701 ], [ -70.6070012250741, -33.424079602759903 ], [ -70.606997590701098, -33.424090908371703 ], [ -70.607220509254603, -33.424141998900701 ], [ -70.607226202222293, -33.424143304025797 ], [ -70.6071642852758, -33.424347717497703 ], [ -70.607160753191195, -33.4243593789149 ], [ -70.607407012490995, -33.424412022580299 ], [ -70.6074669788742, -33.4242690330505 ], [ -70.608791003994099, -33.4245554630782 ], [ -70.608683708625705, -33.424834429038903 ], [ -70.608546374601701, -33.425166315543002 ], [ -70.608732531596601, -33.425220428696598 ], [ -70.608741489125194, -33.425223033331498 ], [ -70.609111087568706, -33.425330469717899 ], [ -70.609014094078404, -33.425597513468901 ], [ -70.608964645252797, -33.425733655775701 ], [ -70.608961484625496, -33.425742356203799 ], [ -70.609010406552201, -33.425756820884203 ], [ -70.608903239967802, -33.4260094012403 ], [ -70.608840592005393, -33.425991602850097 ], [ -70.608690149346899, -33.426395524975398 ], [ -70.608682792591594, -33.426415275003201 ], [ -70.608887701985594, -33.4264740559967 ], [ -70.609122489666802, -33.426541407780803 ], [ -70.609126250407101, -33.426532006051303 ], [ -70.609371633869202, -33.426611912290802 ], [ -70.609430376983596, -33.426631040783903 ], [ -70.609476453947394, -33.426646045415602 ], [ -70.609628677189207, -33.4263738249076 ], [ -70.610150856951606, -33.4265098604995 ], [ -70.610429207067398, -33.426582374415702 ], [ -70.6104611239778, -33.426590688782497 ], [ -70.610645484181902, -33.426638715990698 ], [ -70.6105429724999, -33.426491141853802 ], [ -70.610589937190099, -33.426353092285602 ], [ -70.610557371938597, -33.426346356464897 ], [ -70.610819835781697, -33.425655908102101 ], [ -70.610801694859703, -33.425650884240397 ], [ -70.609857770065602, -33.425390891997097 ], [ -70.609599860246902, -33.425319852851899 ], [ -70.6097251661011, -33.425079941720497 ], [ -70.609728280358993, -33.425073978043201 ], [ -70.609734680346506, -33.425061726507501 ], [ -70.609785859095297, -33.4249637370309 ], [ -70.609843437690699, -33.424853495994299 ], [ -70.6100760682139, -33.424382702179201 ], [ -70.6100845498637, -33.424365536554902 ], [ -70.608973944641804, -33.424080137494698 ], [ -70.608950744574798, -33.424140136386598 ], [ -70.608882076898595, -33.424124877198402 ], [ -70.608547725444893, -33.424049444408098 ], [ -70.608165839112004, -33.423963285648398 ], [ -70.608250574357001, -33.4237024338303 ], [ -70.608255234391393, -33.423688086519398 ], [ -70.608181629786699, -33.423585245170401 ], [ -70.608157544966502, -33.4235937939577 ], [ -70.608083248603705, -33.423620165691702 ], [ -70.608078429942196, -33.423613840473799 ], [ -70.607945022819095, -33.423438704090501 ], [ -70.607677687896896, -33.423378782692502 ], [ -70.607696674685798, -33.423296895175703 ], [ -70.607443197547795, -33.4232605245152 ], [ -70.607387659400899, -33.423443066173697 ], [ -70.607374613994395, -33.423440392672497 ], [ -70.606877669563104, -33.423327887748101 ], [ -70.606243703248794, -33.423194799082701 ], [ -70.606231287020805, -33.423189028522501 ], [ -70.606280873174796, -33.423038925008299 ], [ -70.605939465318897, -33.422969505125501 ], [ -70.605218402878094, -33.422808107537598 ], [ -70.605260955947799, -33.422682133873799 ], [ -70.604824152633796, -33.422584313102703 ], [ -70.604948286474595, -33.422261496968297 ], [ -70.605130948525101, -33.421807983925198 ], [ -70.604712725196194, -33.421684099913001 ], [ -70.604632056337493, -33.421875245393103 ], [ -70.6042983369599, -33.421778209073203 ], [ -70.604211442999201, -33.4219906135489 ], [ -70.604037327371302, -33.421939919765101 ], [ -70.603564063280501, -33.421790275744399 ], [ -70.603621260689195, -33.421651141221297 ], [ -70.603505464235994, -33.4216190026821 ], [ -70.603257149930201, -33.421550082347601 ], [ -70.603269637763304, -33.421522566399297 ], [ -70.603278102811998, -33.421503911596098 ], [ -70.602932368056102, -33.421403540373198 ], [ -70.602926683870294, -33.421416098868796 ], [ -70.602892718323005, -33.421491145918097 ], [ -70.602688348939395, -33.421441292139498 ], [ -70.602724669081098, -33.421353385183899 ], [ -70.602494788598605, -33.421282019176097 ], [ -70.6025373046445, -33.421196281392298 ], [ -70.6017641999765, -33.420954714943399 ], [ -70.601775048375401, -33.4209291439292 ], [ -70.601789150055893, -33.420895904962101 ], [ -70.601097810065198, -33.420692594690301 ], [ -70.601021761557206, -33.420868676256497 ], [ -70.600995301306995, -33.420860249278498 ], [ -70.600645361356001, -33.420748810719502 ], [ -70.600640861980807, -33.420762480219402 ], [ -70.600622007781496, -33.420816948324003 ], [ -70.6005208355798, -33.420793614036299 ], [ -70.600104393587102, -33.420682803083501 ], [ -70.599594230339406, -33.4205342212367 ], [ -70.599360478878594, -33.420473310967203 ], [ -70.599095621313396, -33.420404295199702 ], [ -70.599039185856697, -33.420390903687199 ] ] ] ] } },
{ "type": "Feature", "properties": { "id": "ipt_13_prc_providencia_mono.90", "Name": null, "description": null, "timestamp": null, "begin": null, "end": null, "altitudeMode": null, "tessellate": -1, "extrude": 0, "visibility": -1, "drawOrder": null, "icon": null, "REG": "Metropolitana", "COM": "Providencia", "LOC": "Providencia", "ZONA": "UpR y ECr", "NOM": "UpR y ECr Zona de Uso preferentemente Residencial y Equipamiento Comercial restringido", "UPERM": "Revisar ordenaza local", "UPROH": "Revisar ordenaza local", "P_DO": "23/01/2007", "N_DOC": "101", "T_DO": "Decreto", "OBS": null }, "geometry": { "type": "MultiPolygon", "coordinates": [ [ [ [ -70.608935453277695, -33.4204664965525 ], [ -70.609017263571801, -33.420651282796399 ], [ -70.608993721794207, -33.420686186251103 ], [ -70.609049877391101, -33.4207224428771 ], [ -70.609061531126898, -33.420761272627502 ], [ -70.609068068418694, -33.4207830528184 ], [ -70.609142999366298, -33.420825899009799 ], [ -70.6093568908029, -33.420948201888102 ], [ -70.609517008745101, -33.420726156340997 ], [ -70.609686635694104, -33.420490923182101 ], [ -70.609858646938505, -33.420583918912499 ], [ -70.610583233141298, -33.4209756539016 ], [ -70.610545349520507, -33.4210196323818 ], [ -70.610507259519395, -33.421063851615401 ], [ -70.610897257997394, -33.421275124156402 ], [ -70.610864072297701, -33.421327095099002 ], [ -70.611072116366103, -33.421450128334797 ], [ -70.611086745375005, -33.421458778985198 ], [ -70.611109264226201, -33.4214317605567 ], [ -70.611130172248394, -33.421406674941601 ], [ -70.611411451730504, -33.421569486650696 ], [ -70.611396075488202, -33.421588030670002 ], [ -70.611129227998305, -33.421909859885503 ], [ -70.611870957486204, -33.422360807825001 ], [ -70.611744208528805, -33.4224967528204 ], [ -70.612010730798303, -33.422676028464302 ], [ -70.612274295138306, -33.422850047293601 ], [ -70.612264023770393, -33.422860194802197 ], [ -70.612313441533004, -33.422895895379597 ], [ -70.612513504523307, -33.4230398432763 ], [ -70.612514199245595, -33.423039259774299 ], [ -70.612515430730497, -33.423040135676501 ], [ -70.612515409576204, -33.423040154890103 ], [ -70.612789292567001, -33.423242231567301 ], [ -70.612801311506203, -33.423230801425902 ], [ -70.612824531667499, -33.423208096969397 ], [ -70.613296270607805, -33.423580303233102 ], [ -70.613454708186595, -33.4234222994804 ], [ -70.613483583751801, -33.4234440954028 ], [ -70.6138284337203, -33.423704392288997 ], [ -70.613884780181095, -33.423653530549998 ], [ -70.614411292490701, -33.424066772730299 ], [ -70.614463657534898, -33.424020101982698 ], [ -70.614489009982705, -33.423997504736697 ], [ -70.615133489645899, -33.424433636780101 ], [ -70.615585076105702, -33.424832011551203 ], [ -70.615946745165502, -33.424526157083697 ], [ -70.616335793438395, -33.424887808709499 ], [ -70.616487593069493, -33.425024174117702 ], [ -70.616799130920299, -33.425301193676297 ], [ -70.616841166595805, -33.425338468533603 ], [ -70.616682250224599, -33.4254749587014 ], [ -70.6171136391511, -33.425843923314702 ], [ -70.617067291157795, -33.425882604915998 ], [ -70.618108328506494, -33.426694914681597 ], [ -70.618182046144199, -33.426610445696397 ], [ -70.618406177828803, -33.426796034623301 ], [ -70.618376575793107, -33.426823358712397 ], [ -70.618540637644003, -33.426949932550301 ], [ -70.618613288696594, -33.427016354840497 ], [ -70.6188033181962, -33.427153963287303 ], [ -70.618867332443997, -33.427098589259302 ], [ -70.6190755035054, -33.427252940157999 ], [ -70.619014054237297, -33.427311316374301 ], [ -70.619005368760796, -33.427319567010599 ], [ -70.619246116718401, -33.427496992248102 ], [ -70.619329599714206, -33.427422079868698 ], [ -70.619785677406796, -33.427743422903397 ], [ -70.6198439256477, -33.427685219793197 ], [ -70.620648171263497, -33.426881791330999 ], [ -70.620715905576802, -33.4269954325583 ], [ -70.6208067114312, -33.426968209820998 ], [ -70.621100538016194, -33.426880122569003 ], [ -70.621100672251302, -33.426880227230498 ], [ -70.622175953580907, -33.4265586237671 ], [ -70.622131227548905, -33.426459446294899 ], [ -70.621997703698995, -33.426146634470498 ], [ -70.621661986297397, -33.425356975687698 ], [ -70.621532277027399, -33.425093756570803 ], [ -70.621408483507295, -33.424884484255998 ], [ -70.621360654319702, -33.4248263145941 ], [ -70.621279222910502, -33.424742142474301 ], [ -70.621262356566902, -33.424724708693297 ], [ -70.621143519202604, -33.424618471555902 ], [ -70.621015638273803, -33.424530166421 ], [ -70.620995541775301, -33.424516290169898 ], [ -70.620847564675799, -33.4244141076937 ], [ -70.620526655072197, -33.424198125316799 ], [ -70.620205747046199, -33.4239821420542 ], [ -70.619979044299399, -33.424220535401403 ], [ -70.619846082145003, -33.424056144586899 ], [ -70.620044458407307, -33.423884477524801 ], [ -70.619678226691406, -33.423689926294102 ], [ -70.619304364290599, -33.4235144490656 ], [ -70.619245771198393, -33.423486947056603 ], [ -70.618930503361796, -33.4233389706596 ], [ -70.618770553051604, -33.423284176354699 ], [ -70.618634678035505, -33.423237175096197 ], [ -70.618610602918395, -33.423229380935297 ], [ -70.618595093785302, -33.423224067741401 ], [ -70.618312488951503, -33.423127254627602 ], [ -70.618284505790101, -33.423119006372701 ], [ -70.618197394372004, -33.423087824955502 ], [ -70.6176944784917, -33.422915534502003 ], [ -70.617015821730206, -33.422720274081598 ], [ -70.616995776609102, -33.422714505782501 ], [ -70.616947791198399, -33.4227006993885 ], [ -70.616885714023994, -33.422682838983498 ], [ -70.616598099072107, -33.422617476450903 ], [ -70.6165618827591, -33.422609245841898 ], [ -70.616508038388403, -33.422597009986902 ], [ -70.616469376919298, -33.422588223226498 ], [ -70.616299870106502, -33.4225497011888 ], [ -70.616130363434294, -33.422511178914597 ], [ -70.615699748682204, -33.422379342119498 ], [ -70.6155495130633, -33.4223333451801 ], [ -70.615451309097196, -33.422303279379499 ], [ -70.615239795699907, -33.422238520369199 ], [ -70.615194726555501, -33.422224722198898 ], [ -70.614772257844606, -33.422095375119497 ], [ -70.614365100284999, -33.421951833498298 ], [ -70.614363506803699, -33.4219512716559 ], [ -70.614177131478201, -33.421885565811301 ], [ -70.613738790324405, -33.421699924494099 ], [ -70.613735320578598, -33.421698454560598 ], [ -70.613528597713497, -33.421610904905101 ], [ -70.612872432428702, -33.421286651369698 ], [ -70.612025521669594, -33.420828882425198 ], [ -70.612010428556999, -33.420818162794198 ], [ -70.611512211804296, -33.420464305745497 ], [ -70.611498447228996, -33.420454530142997 ], [ -70.611209128941098, -33.420249039909301 ], [ -70.610795966306398, -33.419974303929699 ], [ -70.610585525861694, -33.419842477697699 ], [ -70.610301179250897, -33.419638679269902 ], [ -70.609835759032805, -33.4192610182766 ], [ -70.609423745538805, -33.418860468223102 ], [ -70.609354537184601, -33.418789574756701 ], [ -70.609352491792805, -33.4187874801801 ], [ -70.609110922256704, -33.4185400286526 ], [ -70.608744687453594, -33.418139478348003 ], [ -70.608342434482907, -33.418339689539003 ], [ -70.606913548582995, -33.419047406245902 ], [ -70.607027995540193, -33.419215258447402 ], [ -70.607180592265095, -33.419367848591101 ], [ -70.607539194489505, -33.419642511390698 ], [ -70.607802083212206, -33.419847251884804 ], [ -70.607814325407901, -33.419856787013103 ], [ -70.607935946491907, -33.419951506501903 ], [ -70.608202991093506, -33.420111725395998 ], [ -70.608462404217903, -33.4202261680799 ], [ -70.608935453277695, -33.4204664965525 ] ] ] ] } },
{ "type": "Feature", "properties": { "id": "ipt_13_prc_providencia_mono.91", "Name": null, "description": null, "timestamp": null, "begin": null, "end": null, "altitudeMode": null, "tessellate": -1, "extrude": 0, "visibility": -1, "drawOrder": null, "icon": null, "REG": "Metropolitana", "COM": "Providencia", "LOC": "Providencia", "ZONA": "UpR y Er", "NOM": "UpR y Er Zona de Uso preferente Residencial y Equipamiento restringido", "UPERM": "Revisar ordenaza local", "UPROH": "Revisar ordenaza local", "P_DO": "23/01/2007", "N_DOC": "101", "T_DO": "Decreto", "OBS": null }, "geometry": { "type": "MultiPolygon", "coordinates": [ [ [ [ -70.607304335627504, -33.412670453775398 ], [ -70.607387845736696, -33.413051354603198 ], [ -70.607496871266505, -33.413496075028803 ], [ -70.607523063424395, -33.413644744290401 ], [ -70.607539143825306, -33.4137448508124 ], [ -70.607625239926705, -33.414102099661797 ], [ -70.607677486429594, -33.414249536543302 ], [ -70.607789065534007, -33.414685714652698 ], [ -70.607869353115802, -33.414997263115701 ], [ -70.607930010899196, -33.415142351553797 ], [ -70.607985822316905, -33.415249297377699 ], [ -70.608115903577598, -33.415427555231602 ], [ -70.608151532138393, -33.4154763795528 ], [ -70.608214596926601, -33.415546080054298 ], [ -70.608231758125001, -33.415565047713997 ], [ -70.608455931105794, -33.415812807117902 ], [ -70.608743256578194, -33.416121669756997 ], [ -70.608882797926498, -33.416267346035198 ], [ -70.608984327624896, -33.416393426865199 ], [ -70.609007891032107, -33.416437639428203 ], [ -70.6094333104284, -33.416883753897103 ], [ -70.6099630253496, -33.417446002392197 ], [ -70.609973850628293, -33.417457491947097 ], [ -70.610089047060697, -33.417579762696597 ], [ -70.610139091130094, -33.417634225114803 ], [ -70.610219448201903, -33.417721093733903 ], [ -70.610244894396004, -33.4177435103703 ], [ -70.610301163167094, -33.417784693532397 ], [ -70.610560577895896, -33.4180250236912 ], [ -70.610964959855195, -33.418372166813803 ], [ -70.611116233559798, -33.4184898203847 ], [ -70.611119360643102, -33.418492252596003 ], [ -70.611651645587997, -33.418906232509201 ], [ -70.611720560096003, -33.418955475405802 ], [ -70.612004745300993, -33.419148628312797 ], [ -70.6122889317556, -33.419341780524903 ], [ -70.612978706778506, -33.419779196480597 ], [ -70.613131833571302, -33.419875179334099 ], [ -70.6133912471618, -33.420046842956801 ], [ -70.613986373463902, -33.420359652207303 ], [ -70.614111029908798, -33.420415129549802 ], [ -70.614182444706003, -33.420446911423497 ], [ -70.614378516331001, -33.420534170316699 ], [ -70.614387488135705, -33.420536111516199 ], [ -70.614680687391299, -33.420668645637697 ], [ -70.614810394643001, -33.420718236959701 ], [ -70.615313962425702, -33.420889898810699 ], [ -70.615521729567703, -33.420953009309798 ], [ -70.615520437595706, -33.420951132287001 ], [ -70.615816888430501, -33.421042663585297 ], [ -70.615829188763897, -33.421046400152498 ], [ -70.616733107114996, -33.421320961175901 ], [ -70.616904776354502, -33.421191257864599 ], [ -70.617052032375398, -33.421079999513204 ], [ -70.617076445081295, -33.421061554328404 ], [ -70.616416816607298, -33.420702643316801 ], [ -70.616387602497497, -33.420689144846499 ], [ -70.616273595687005, -33.420900549799804 ], [ -70.615632752208398, -33.420704185291299 ], [ -70.614948720518001, -33.420449273556898 ], [ -70.615011986440607, -33.420326258313601 ], [ -70.614609854916196, -33.420159191543 ], [ -70.6145701970609, -33.420221061469498 ], [ -70.614411185509397, -33.420144079339302 ], [ -70.613925126149397, -33.41990120693 ], [ -70.613634949650006, -33.4197416595294 ], [ -70.613555300794602, -33.419826177787897 ], [ -70.613319348466007, -33.419673017979299 ], [ -70.613073886658199, -33.419508098807803 ], [ -70.613145255398706, -33.419431282905698 ], [ -70.612440662116299, -33.418960429232499 ], [ -70.6123837935436, -33.4190233086468 ], [ -70.612340369077302, -33.418992428895002 ], [ -70.612272914120695, -33.4190621844009 ], [ -70.612103139572696, -33.418942034807202 ], [ -70.612081143067002, -33.418926920983999 ], [ -70.612057530474104, -33.418910483526098 ], [ -70.611812722570704, -33.418741131561603 ], [ -70.611822918026903, -33.418730681159502 ], [ -70.611861655475707, -33.418690975825498 ], [ -70.611505270996403, -33.418436849678002 ], [ -70.611591201360994, -33.418367826687501 ], [ -70.610889140005, -33.417763898421001 ], [ -70.610938040537107, -33.417715540821902 ], [ -70.610681747795596, -33.417496881697602 ], [ -70.610620631937707, -33.417543099049603 ], [ -70.610391860560895, -33.417337276658898 ], [ -70.610425534043202, -33.417311785520099 ], [ -70.610274505919307, -33.417145525197697 ], [ -70.610024536822493, -33.416860050272298 ], [ -70.6098526520353, -33.416642759192598 ], [ -70.609754218520905, -33.416483496438801 ], [ -70.609592397260798, -33.416586468807097 ], [ -70.609556649224402, -33.416459908196202 ], [ -70.609518842081897, -33.416463200836397 ], [ -70.609422141217294, -33.416473796019403 ], [ -70.609399137089895, -33.416494642867001 ], [ -70.609341177774198, -33.416431882223002 ], [ -70.609299415186598, -33.416281115824198 ], [ -70.609274223115193, -33.416183372506602 ], [ -70.609306363798396, -33.416176576784501 ], [ -70.609028245629503, -33.415885135860002 ], [ -70.608716414441901, -33.415549818908303 ], [ -70.608524677105095, -33.415328010821398 ], [ -70.608405823157099, -33.415170278808297 ], [ -70.608321826392498, -33.415012691690102 ], [ -70.608247038922897, -33.414814421380797 ], [ -70.608100339328701, -33.414221345702003 ], [ -70.608060730974103, -33.414038036026703 ], [ -70.607995807248599, -33.413737561419403 ], [ -70.607984815987194, -33.413737737281501 ], [ -70.607795277546799, -33.412933356896403 ], [ -70.608217383552201, -33.413082282688897 ], [ -70.608187670506396, -33.413126851641898 ], [ -70.608157152288797, -33.413226036351702 ], [ -70.608167436807094, -33.413290308592103 ], [ -70.608404985343498, -33.413287281602599 ], [ -70.608540067799595, -33.413438002491397 ], [ -70.608753615208798, -33.413539028882198 ], [ -70.608766188620294, -33.4137201566325 ], [ -70.608843837704796, -33.413718139399002 ], [ -70.608903045779797, -33.413971400750498 ], [ -70.608912508172295, -33.414011877792603 ], [ -70.608918813653503, -33.414038847492201 ], [ -70.609207510914004, -33.4139980574747 ], [ -70.609246216715803, -33.4139925879768 ], [ -70.609364086865298, -33.414325842903501 ], [ -70.609369291058698, -33.414340557379496 ], [ -70.609568717356893, -33.414314455068897 ], [ -70.609583932650494, -33.414294168306299 ], [ -70.609602477015102, -33.414278820986098 ], [ -70.609721233989703, -33.414370588284697 ], [ -70.609901198707405, -33.4145971034214 ], [ -70.610222296075193, -33.414890932594503 ], [ -70.6106534905351, -33.4153077467275 ], [ -70.610784168240997, -33.415480794854098 ], [ -70.610813528481103, -33.415466476568099 ], [ -70.610825346073398, -33.415472835246497 ], [ -70.610979899343505, -33.415554602151303 ], [ -70.611046236300197, -33.415820964451001 ], [ -70.611306479110198, -33.415765960893403 ], [ -70.611322897744898, -33.4157625063918 ], [ -70.611605839672194, -33.415701811627201 ], [ -70.610972561477695, -33.415141042355799 ], [ -70.610100048450704, -33.414375274059203 ], [ -70.610400323693895, -33.414142962174999 ], [ -70.609216545143894, -33.413092058829797 ], [ -70.608847719802796, -33.4127879589184 ], [ -70.608672557303095, -33.412922620488501 ], [ -70.608568370133398, -33.413002716505503 ], [ -70.608553578620004, -33.412989476374598 ], [ -70.608545995898098, -33.4129826891878 ], [ -70.60844708159, -33.412894148074301 ], [ -70.608340575831093, -33.4128058577259 ], [ -70.607911316015603, -33.412450011976901 ], [ -70.607557943788194, -33.412055205683203 ], [ -70.607399362943298, -33.411978155314102 ], [ -70.607328768432595, -33.411920752837197 ], [ -70.607268707573695, -33.411869045101803 ], [ -70.607212877647299, -33.411858105078899 ], [ -70.607164479313198, -33.411873310398697 ], [ -70.607140684029602, -33.411902778725299 ], [ -70.607127478138494, -33.411940856760999 ], [ -70.607138928947407, -33.411996108255899 ], [ -70.607221202322407, -33.412309961961903 ], [ -70.607304335627504, -33.412670453775398 ] ] ] ] } },
{ "type": "Feature", "properties": { "id": "ipt_13_prc_providencia_mono.92", "Name": null, "description": null, "timestamp": null, "begin": null, "end": null, "altitudeMode": null, "tessellate": -1, "extrude": 0, "visibility": -1, "drawOrder": null, "icon": null, "REG": "Metropolitana", "COM": "Providencia", "LOC": "Providencia", "ZONA": "UpR y Er", "NOM": "UpR y Er Zona de Uso preferente Residencial y Equipamiento restringido", "UPERM": "Revisar ordenaza local", "UPROH": "Revisar ordenaza local", "P_DO": "23/01/2007", "N_DOC": "101", "T_DO": "Decreto", "OBS": null }, "geometry": { "type": "MultiPolygon", "coordinates": [ [ [ [ -70.612460488099003, -33.428733117416002 ], [ -70.612422341964901, -33.429015412233603 ], [ -70.612429972303701, -33.429087892620601 ], [ -70.612697014915398, -33.4290726320855 ], [ -70.612740106662599, -33.4290644241078 ], [ -70.612748676898903, -33.428874545127499 ], [ -70.612765974830893, -33.428763604698602 ], [ -70.612837847247803, -33.428772214034403 ], [ -70.612847297884102, -33.4287412736441 ], [ -70.612879705400005, -33.428635184243099 ], [ -70.612993877021395, -33.428421503069302 ], [ -70.613063790031404, -33.428302423637398 ], [ -70.613183818109803, -33.428097981156 ], [ -70.613516901634497, -33.427410525488803 ], [ -70.6134928022379, -33.427403551335097 ], [ -70.613324580302802, -33.427354875665202 ], [ -70.612844337048401, -33.427215912040502 ], [ -70.612756463540507, -33.427197904447198 ], [ -70.611672269919396, -33.426908985447 ], [ -70.611534297203505, -33.427273063482701 ], [ -70.611717498784301, -33.427324283079599 ], [ -70.611539747909504, -33.427761083469498 ], [ -70.611891958319404, -33.427860839883998 ], [ -70.612458024405996, -33.4280211631242 ], [ -70.612449926973298, -33.428040544219499 ], [ -70.612353462983194, -33.428271426232399 ], [ -70.612590191632705, -33.428336378748298 ], [ -70.612574932338404, -33.428389786297501 ], [ -70.612506266115602, -33.4286034146742 ], [ -70.612460488099003, -33.428733117416002 ] ] ] ] } },
{ "type": "Feature", "properties": { "id": "ipt_13_prc_providencia_mono.93", "Name": null, "description": null, "timestamp": null, "begin": null, "end": null, "altitudeMode": null, "tessellate": -1, "extrude": 0, "visibility": -1, "drawOrder": null, "icon": null, "REG": "Metropolitana", "COM": "Providencia", "LOC": "Providencia", "ZONA": "UpR y Er", "NOM": "UpR y Er Zona de Uso preferente Residencial y Equipamiento restringido", "UPERM": "Revisar ordenaza local", "UPROH": "Revisar ordenaza local", "P_DO": "23/01/2007", "N_DOC": "101", "T_DO": "Decreto", "OBS": null }, "geometry": { "type": "MultiPolygon", "coordinates": [ [ [ [ -70.603195740001894, -33.4297355729381 ], [ -70.603107727704298, -33.430061177700999 ], [ -70.603057952669403, -33.430255076425198 ], [ -70.603054998865801, -33.430266583253399 ], [ -70.603002894129503, -33.4304695592851 ], [ -70.603028587596199, -33.430475305507201 ], [ -70.6030377871448, -33.430477363610699 ], [ -70.603182376996102, -33.4305097027557 ], [ -70.603208636420405, -33.430515575996303 ], [ -70.603255099199401, -33.430351542845003 ], [ -70.603261547981106, -33.430328774697003 ], [ -70.6040175223727, -33.430490798678797 ], [ -70.603961435238503, -33.4306905258683 ], [ -70.6040959061054, -33.430719847418501 ], [ -70.604122584091499, -33.430725664545797 ], [ -70.604185028483897, -33.4305372136633 ], [ -70.604192142985696, -33.430515740912803 ], [ -70.605047841706806, -33.430715122839203 ], [ -70.604949402114698, -33.431025637148402 ], [ -70.605293988085194, -33.431104920161701 ], [ -70.605314643857398, -33.431109672366397 ], [ -70.605374674650093, -33.430954290004998 ], [ -70.605386354751005, -33.430924058982299 ], [ -70.605851519531598, -33.431042423197802 ], [ -70.605873562458697, -33.431048032124799 ], [ -70.605913803945796, -33.430942578867203 ], [ -70.605922427861103, -33.430919980827397 ], [ -70.606354607793307, -33.431013610032203 ], [ -70.606341560116405, -33.431049807359003 ], [ -70.607196048988996, -33.4312542645579 ], [ -70.6071883516273, -33.431330719961103 ], [ -70.608782375996896, -33.431726607415797 ], [ -70.608910379699196, -33.431328665271501 ], [ -70.608844841596095, -33.431313929214603 ], [ -70.608963628444798, -33.430942008175698 ], [ -70.608967580788303, -33.430929632423201 ], [ -70.606611292485496, -33.430324451782802 ], [ -70.606597008772795, -33.430360160123698 ], [ -70.606494408900502, -33.4306166590668 ], [ -70.605987976239604, -33.430514713932197 ], [ -70.606099755391099, -33.430210229793303 ], [ -70.605677623699194, -33.430119655687697 ], [ -70.605673596658605, -33.430130685871497 ], [ -70.605606510082396, -33.430314448501299 ], [ -70.605566488539296, -33.430304946414303 ], [ -70.605240419229304, -33.430227531085201 ], [ -70.604664783730797, -33.430090860122803 ], [ -70.604650192328506, -33.430133851849298 ], [ -70.604359159516804, -33.430064541902802 ], [ -70.604398843040897, -33.4299323154153 ], [ -70.604222813706102, -33.429892597067102 ], [ -70.604218672432594, -33.4299038000335 ], [ -70.604204379839899, -33.429942466250999 ], [ -70.604160190312101, -33.429932937361102 ], [ -70.603516793181299, -33.429794192181902 ], [ -70.603198919601397, -33.4297256432029 ], [ -70.603195740001894, -33.4297355729381 ] ] ] ] } },
{ "type": "Feature", "properties": { "id": "ipt_13_prc_providencia_mono.94", "Name": null, "description": null, "timestamp": null, "begin": null, "end": null, "altitudeMode": null, "tessellate": -1, "extrude": 0, "visibility": -1, "drawOrder": null, "icon": null, "REG": "Metropolitana", "COM": "Providencia", "LOC": "Providencia", "ZONA": "UpR y Er", "NOM": "UpR y Er Zona de Uso preferente Residencial y Equipamiento restringido", "UPERM": "Revisar ordenaza local", "UPROH": "Revisar ordenaza local", "P_DO": "23/01/2007", "N_DOC": "101", "T_DO": "Decreto", "OBS": null }, "geometry": { "type": "MultiPolygon", "coordinates": [ [ [ [ -70.614416425460902, -33.432474820849301 ], [ -70.615346144717194, -33.432656558056003 ], [ -70.615355305394004, -33.432658348799201 ], [ -70.615687923624407, -33.432723365268401 ], [ -70.615573245886395, -33.432401099612299 ], [ -70.615446313406807, -33.4323767318688 ], [ -70.615122999379594, -33.432314265662797 ], [ -70.615154274266402, -33.432181792040701 ], [ -70.614958359800198, -33.4321528608032 ], [ -70.614952127561907, -33.432179261973801 ], [ -70.614382667663094, -33.432065931765699 ], [ -70.613686370202998, -33.4319273560371 ], [ -70.611728055461896, -33.431557010747298 ], [ -70.611723786105003, -33.431568218316997 ], [ -70.610768895858996, -33.431320787040598 ], [ -70.610758132464099, -33.431343543051703 ], [ -70.610745615507, -33.431370004930798 ], [ -70.610731789772004, -33.431366324675601 ], [ -70.610545863007104, -33.431316840040701 ], [ -70.610574966698096, -33.431232927844498 ], [ -70.610585603977, -33.431204100535602 ], [ -70.610256939308002, -33.431120106485999 ], [ -70.610097751265002, -33.431598061550503 ], [ -70.610139102341194, -33.431607512423398 ], [ -70.610016143852604, -33.432035023590799 ], [ -70.610272102103593, -33.432089618408902 ], [ -70.610297377987393, -33.432095009598903 ], [ -70.610425187955101, -33.431672900284497 ], [ -70.610514914455294, -33.431693408715702 ], [ -70.610618695815702, -33.4317171281253 ], [ -70.6106295167029, -33.4317196010876 ], [ -70.610491831872693, -33.432136484661399 ], [ -70.610667653226699, -33.432173986271103 ], [ -70.610695268102702, -33.432179876373297 ], [ -70.610820081366597, -33.431763156194201 ], [ -70.611059085406893, -33.431817782056598 ], [ -70.610926026779097, -33.4322290948611 ], [ -70.611466263659594, -33.432344319644002 ], [ -70.611450741914695, -33.432401694918497 ], [ -70.611741180999303, -33.432457903752798 ], [ -70.613166180302599, -33.432733674806798 ], [ -70.613134883448097, -33.432855485880197 ], [ -70.613125829443604, -33.432890728275801 ], [ -70.613404423748605, -33.4329443384661 ], [ -70.6134129092205, -33.432913136448597 ], [ -70.613480126771094, -33.432665948574602 ], [ -70.613482378488001, -33.432657665695601 ], [ -70.613486343264299, -33.432643087372703 ], [ -70.613785202612505, -33.432700899802498 ], [ -70.613748800249397, -33.432840286557202 ], [ -70.613746935059197, -33.432847427198197 ], [ -70.613847157919395, -33.4328668216925 ], [ -70.614235806481602, -33.432942030395203 ], [ -70.614258167333105, -33.432946283628503 ], [ -70.614284207858404, -33.432951236572599 ], [ -70.614416425460902, -33.432474820849301 ] ] ] ] } },
{ "type": "Feature", "properties": { "id": "ipt_13_prc_providencia_mono.95", "Name": null, "description": null, "timestamp": null, "begin": null, "end": null, "altitudeMode": null, "tessellate": -1, "extrude": 0, "visibility": -1, "drawOrder": null, "icon": null, "REG": "Metropolitana", "COM": "Providencia", "LOC": "Providencia", "ZONA": "UpR y Er", "NOM": "UpR y Er Zona de Uso preferente Residencial y Equipamiento restringido", "UPERM": "Revisar ordenaza local", "UPROH": "Revisar ordenaza local", "P_DO": "23/01/2007", "N_DOC": "101", "T_DO": "Decreto", "OBS": null }, "geometry": { "type": "MultiPolygon", "coordinates": [ [ [ [ -70.617591816582603, -33.429286680834103 ], [ -70.617041633538705, -33.430783509060198 ], [ -70.616860867215493, -33.430742538565198 ], [ -70.616837971857194, -33.430795386008803 ], [ -70.616759802890499, -33.430764374822303 ], [ -70.616689898747893, -33.430957992630198 ], [ -70.616572631168907, -33.431329953918898 ], [ -70.616693027722704, -33.431355510493198 ], [ -70.616546721178096, -33.431667849598902 ], [ -70.616440276783294, -33.431913298502302 ], [ -70.616471490375005, -33.431921077536401 ], [ -70.616242510477804, -33.432492564329998 ], [ -70.616238201623204, -33.432503468641798 ], [ -70.616450612021694, -33.432558067197803 ], [ -70.616305937821295, -33.432883582154801 ], [ -70.617093624196102, -33.433157304624899 ], [ -70.617095327096195, -33.433157896564602 ], [ -70.617175667472196, -33.4331858147426 ], [ -70.617186218292701, -33.433189481066798 ], [ -70.617266169707094, -33.4330192653103 ], [ -70.617182883853204, -33.432984588490697 ], [ -70.617229271451606, -33.432894047320097 ], [ -70.617330315321695, -33.432932317159697 ], [ -70.617367975451501, -33.432841433447201 ], [ -70.6173361439362, -33.4328315028175 ], [ -70.617390634691205, -33.432721476413199 ], [ -70.6174470547749, -33.432609818654903 ], [ -70.617432049389393, -33.432605076853697 ], [ -70.617511652316097, -33.432452303324197 ], [ -70.617572316664393, -33.432336082784801 ], [ -70.617643462790994, -33.432360956984603 ], [ -70.617673226720896, -33.432372038195602 ], [ -70.617986845209998, -33.431783974501798 ], [ -70.617995719057603, -33.431766489413697 ], [ -70.618353996889695, -33.431088000592602 ], [ -70.618863739571694, -33.430233284927297 ], [ -70.618959839790406, -33.430076486677002 ], [ -70.619051068626206, -33.429943499920903 ], [ -70.619069040944794, -33.429917133754799 ], [ -70.618697206832294, -33.429739400378601 ], [ -70.618655646027804, -33.4298214171829 ], [ -70.618256859263298, -33.4296646934718 ], [ -70.618260076629895, -33.429650807446897 ], [ -70.617943790703094, -33.429536971280903 ], [ -70.6180213773182, -33.429377507774603 ], [ -70.617609591678104, -33.429244972754198 ], [ -70.617591816582603, -33.429286680834103 ] ] ] ] } },
{ "type": "Feature", "properties": { "id": "ipt_13_prc_providencia_mono.96", "Name": null, "description": null, "timestamp": null, "begin": null, "end": null, "altitudeMode": null, "tessellate": -1, "extrude": 0, "visibility": -1, "drawOrder": null, "icon": null, "REG": "Metropolitana", "COM": "Providencia", "LOC": "Providencia", "ZONA": "UpR y ECr", "NOM": "UpR y ECr Zona de Uso preferentemente Residencial y Equipamiento Comercial restringido", "UPERM": "Revisar ordenaza local", "UPROH": "Revisar ordenaza local", "P_DO": "23/01/2007", "N_DOC": "101", "T_DO": "Decreto", "OBS": null }, "geometry": { "type": "MultiPolygon", "coordinates": [ [ [ [ -70.622649406857704, -33.429297740826598 ], [ -70.622680845075706, -33.4292995244951 ], [ -70.622700475556996, -33.4292992676125 ], [ -70.6227330837377, -33.429293353249001 ], [ -70.622768146899205, -33.429278629217102 ], [ -70.622804373551702, -33.429256207240599 ], [ -70.6228673643745, -33.429195025952197 ], [ -70.622932532081094, -33.429132807893701 ], [ -70.623053827693397, -33.429017004195003 ], [ -70.623119306790798, -33.428954310307198 ], [ -70.622837000000203, -33.428336317184602 ], [ -70.622516541443403, -33.427516140146501 ], [ -70.621860381546597, -33.427703068316603 ], [ -70.621624735128407, -33.427769532687499 ], [ -70.621583926230798, -33.4277803481327 ], [ -70.621265258781506, -33.427870922128797 ], [ -70.621478896206497, -33.428214252171898 ], [ -70.621631493829796, -33.4284469532288 ], [ -70.621784090497599, -33.428618617165696 ], [ -70.622051135243495, -33.428862762110597 ], [ -70.622165300227607, -33.428962479546399 ], [ -70.622180804552201, -33.428976022452701 ], [ -70.622310475256995, -33.429089281731301 ], [ -70.6224792850835, -33.429228637330297 ], [ -70.622512444537605, -33.429252344608898 ], [ -70.6225349587978, -33.429266317006103 ], [ -70.622569219515498, -33.429279037266497 ], [ -70.622609969638205, -33.429288380012302 ], [ -70.622649406857704, -33.429297740826598 ] ] ] ] } },
{ "type": "Feature", "properties": { "id": "ipt_13_prc_providencia_mono.97", "Name": null, "description": null, "timestamp": null, "begin": null, "end": null, "altitudeMode": null, "tessellate": -1, "extrude": 0, "visibility": -1, "drawOrder": null, "icon": null, "REG": "Metropolitana", "COM": "Providencia", "LOC": "Providencia", "ZONA": "UpR y Er", "NOM": "UpR y Er Zona de Uso preferente Residencial y Equipamiento restringido", "UPERM": "Revisar ordenaza local", "UPROH": "Revisar ordenaza local", "P_DO": "23/01/2007", "N_DOC": "101", "T_DO": "Decreto", "OBS": null }, "geometry": { "type": "MultiPolygon", "coordinates": [ [ [ [ -70.620018760003305, -33.430389488276198 ], [ -70.619423032523798, -33.431374251144902 ], [ -70.619399003357003, -33.431364946016501 ], [ -70.6192132097745, -33.431292999967198 ], [ -70.619122416501696, -33.4314324121165 ], [ -70.619134735770103, -33.431438065371204 ], [ -70.619350213599105, -33.431536943992 ], [ -70.618510165559996, -33.432955481086402 ], [ -70.618413294727802, -33.433152197838297 ], [ -70.618591742116195, -33.4332240271712 ], [ -70.618635739563999, -33.433029286516103 ], [ -70.6186380245545, -33.433019172397799 ], [ -70.6187983109577, -33.4330686196489 ], [ -70.618759501633903, -33.4332697975412 ], [ -70.618955943310795, -33.433332362277902 ], [ -70.619717372923901, -33.433574864569799 ], [ -70.619724277720096, -33.4335423598205 ], [ -70.619743446323199, -33.433452132726103 ], [ -70.619744939828806, -33.4334451014713 ], [ -70.620240554089506, -33.433542205323498 ], [ -70.620273420560295, -33.433548645109298 ], [ -70.620306604386599, -33.433482641980099 ], [ -70.620309647686895, -33.4334765887955 ], [ -70.620419509813004, -33.4335243814294 ], [ -70.620442771803795, -33.433534501706902 ], [ -70.620516930118896, -33.433412120696701 ], [ -70.620926843428194, -33.433572813507297 ], [ -70.620929924170596, -33.433561372274703 ], [ -70.6209548820447, -33.4334686875956 ], [ -70.620956868123201, -33.433461311701699 ], [ -70.621014471268197, -33.433471565517401 ], [ -70.621409178909701, -33.4335418250012 ], [ -70.621425203090197, -33.433482893581299 ], [ -70.621426758431596, -33.433477170058097 ], [ -70.621426910591396, -33.433477196926901 ], [ -70.621442963555495, -33.4334800081458 ], [ -70.621640463998204, -33.4335146015585 ], [ -70.621639789458797, -33.4335097955001 ], [ -70.621639166994498, -33.433505360315401 ], [ -70.621639166216397, -33.433448138193498 ], [ -70.621646795765898, -33.433390916383303 ], [ -70.621905155913595, -33.433445690028798 ], [ -70.621922762002598, -33.433449423284102 ], [ -70.621959166379895, -33.433392864877298 ], [ -70.621969229244897, -33.433377232561703 ], [ -70.622040782537297, -33.433410524684703 ], [ -70.622154506507002, -33.433463439957698 ], [ -70.622171158524694, -33.4334387355728 ], [ -70.622254230031203, -33.433315491141798 ], [ -70.622471003777306, -33.433423861537499 ], [ -70.622557229901403, -33.433299652156997 ], [ -70.622712526416905, -33.433075946074602 ], [ -70.623061100090396, -33.433193867932701 ], [ -70.623163569087396, -33.4328991571712 ], [ -70.622919473875001, -33.432812177186499 ], [ -70.622971968845903, -33.432696957472501 ], [ -70.623008355578506, -33.432706573605799 ], [ -70.623093683825005, -33.432729121669098 ], [ -70.623139158501701, -33.432627958645398 ], [ -70.623154255122301, -33.432631518959802 ], [ -70.623204329840704, -33.432643330378099 ], [ -70.623219051550706, -33.4326181506095 ], [ -70.623300101652305, -33.432479526873799 ], [ -70.623206075900697, -33.432431422165699 ], [ -70.623332754658705, -33.432207616491297 ], [ -70.623155951824003, -33.432131367933501 ], [ -70.623167689833394, -33.432111677898803 ], [ -70.6231764489998, -33.432096984226199 ], [ -70.623099590446898, -33.432067442561603 ], [ -70.623022304002504, -33.432037735101098 ], [ -70.623060695954706, -33.431959923048701 ], [ -70.622793440399604, -33.431848479803101 ], [ -70.622857344899799, -33.4317531413962 ], [ -70.622630724777807, -33.431650491793597 ], [ -70.622617612612601, -33.431644552564102 ], [ -70.622577488848606, -33.431690532642001 ], [ -70.6224496603798, -33.4316044831752 ], [ -70.622430841817703, -33.431591815169902 ], [ -70.621988388818906, -33.431293971125903 ], [ -70.622018292078906, -33.431262587608103 ], [ -70.621744467743895, -33.431075842002102 ], [ -70.621709696261505, -33.431108085441302 ], [ -70.6216925727351, -33.4311239642917 ], [ -70.621686161707302, -33.431119884377203 ], [ -70.621333313631396, -33.430895348319403 ], [ -70.620613119524705, -33.430457243058299 ], [ -70.620308645153102, -33.430236883022602 ], [ -70.620216865419593, -33.430170458350197 ], [ -70.620018760003305, -33.430389488276198 ] ], [ [ -70.621298102374794, -33.432409818041002 ], [ -70.621252115442701, -33.432443008828798 ], [ -70.621165918879797, -33.432402417961498 ], [ -70.621135997689805, -33.432380648434098 ], [ -70.621117045011104, -33.432363948990798 ], [ -70.621108964978404, -33.432347107398698 ], [ -70.621102292266798, -33.432322424013897 ], [ -70.621101734810097, -33.432292448090401 ], [ -70.621107050233107, -33.432244146814099 ], [ -70.6211204456025, -33.432212683523602 ], [ -70.621141608039807, -33.432181118685499 ], [ -70.621188929467195, -33.432136175852101 ], [ -70.621251155501795, -33.4320850589801 ], [ -70.621341399773002, -33.432148522341798 ], [ -70.621371563405106, -33.432183328240399 ], [ -70.621382992497303, -33.432213162005503 ], [ -70.621388282169605, -33.432246987293802 ], [ -70.621381244468594, -33.432286187265099 ], [ -70.621357291688497, -33.432334735856102 ], [ -70.621328485496605, -33.432372915510598 ], [ -70.621298102374794, -33.432409818041002 ] ] ] ] } },
{ "type": "Feature", "properties": { "id": "ipt_13_prc_providencia_mono.98", "Name": null, "description": null, "timestamp": null, "begin": null, "end": null, "altitudeMode": null, "tessellate": -1, "extrude": 0, "visibility": -1, "drawOrder": null, "icon": null, "REG": "Metropolitana", "COM": "Providencia", "LOC": "Providencia", "ZONA": "UpR y Er", "NOM": "UpR y Er Zona de Uso preferente Residencial y Equipamiento restringido", "UPERM": "Revisar ordenaza local", "UPROH": "Revisar ordenaza local", "P_DO": "23/01/2007", "N_DOC": "101", "T_DO": "Decreto", "OBS": null }, "geometry": { "type": "MultiPolygon", "coordinates": [ [ [ [ -70.617880266927003, -33.433723920138704 ], [ -70.617630704029906, -33.434178054534797 ], [ -70.617603967439095, -33.434170109184898 ], [ -70.6175391582385, -33.434150848301201 ], [ -70.617465926224298, -33.434335579032499 ], [ -70.617546100780004, -33.434361973207601 ], [ -70.617540341525498, -33.434373717149001 ], [ -70.617382394906102, -33.434695776524897 ], [ -70.617393120534899, -33.434698766878398 ], [ -70.618250756349894, -33.434937849615302 ], [ -70.618261256046196, -33.434940776105599 ], [ -70.618293406881705, -33.43485025263 ], [ -70.618295738498801, -33.434843688424301 ], [ -70.618442076701797, -33.434869815464303 ], [ -70.618426742398, -33.4349747111225 ], [ -70.618551026537006, -33.434989150460403 ], [ -70.618585953127706, -33.434993208207601 ], [ -70.618644583638897, -33.434819065601999 ], [ -70.618658775604104, -33.4347769117702 ], [ -70.618666622288302, -33.434778998984498 ], [ -70.618790322099997, -33.434811912532098 ], [ -70.618685263063497, -33.435092127884801 ], [ -70.618701185824193, -33.435095329844103 ], [ -70.618740966846801, -33.435103331013003 ], [ -70.618749769789702, -33.435079355414302 ], [ -70.619336435878793, -33.435190957743998 ], [ -70.619329504014999, -33.435222018988803 ], [ -70.619321165839906, -33.435266487197502 ], [ -70.619695618008393, -33.435329638652298 ], [ -70.619701278491405, -33.435330593700002 ], [ -70.619708376878506, -33.435310873503703 ], [ -70.619743089435602, -33.435214440781301 ], [ -70.620445900155701, -33.435368549764803 ], [ -70.620443445778506, -33.435377759783101 ], [ -70.620396315162097, -33.435554636941802 ], [ -70.620394163474998, -33.435562713910002 ], [ -70.620582267043403, -33.4356028472288 ], [ -70.620808065187802, -33.435651022458302 ], [ -70.620825360886997, -33.435521085915298 ], [ -70.620892174072793, -33.435081066454003 ], [ -70.620956076398997, -33.4348444841348 ], [ -70.621007891077596, -33.434699771591198 ], [ -70.621077278389507, -33.434505981564598 ], [ -70.621169257492198, -33.434242787848603 ], [ -70.621209859693096, -33.434126605170498 ], [ -70.620799383250301, -33.434057040918802 ], [ -70.620795885429999, -33.434070001775503 ], [ -70.620793030631205, -33.434080580605197 ], [ -70.620577572987798, -33.434020764548002 ], [ -70.620355200357594, -33.433959029193801 ], [ -70.620350737426705, -33.433969605581801 ], [ -70.620323308741902, -33.434034608234498 ], [ -70.6203062028288, -33.434029490217704 ], [ -70.619657441012606, -33.433835396735802 ], [ -70.6196500007362, -33.433864787234398 ], [ -70.619618871697696, -33.433987748323801 ], [ -70.619615417569705, -33.434001391266499 ], [ -70.618909715575299, -33.433834503647901 ], [ -70.618880073151004, -33.434014804397201 ], [ -70.618862160423404, -33.434010429001098 ], [ -70.618423800692199, -33.433903364658299 ], [ -70.617883070969796, -33.433718817056899 ], [ -70.617880266927003, -33.433723920138704 ] ] ] ] } },
{ "type": "Feature", "properties": { "id": "ipt_13_prc_providencia_mono.99", "Name": null, "description": null, "timestamp": null, "begin": null, "end": null, "altitudeMode": null, "tessellate": -1, "extrude": 0, "visibility": -1, "drawOrder": null, "icon": null, "REG": "Metropolitana", "COM": "Providencia", "LOC": "Providencia", "ZONA": "UpR y Er", "NOM": "UpR y Er Zona de Uso preferente Residencial y Equipamiento restringido", "UPERM": "Revisar ordenaza local", "UPROH": "Revisar ordenaza local", "P_DO": "23/01/2007", "N_DOC": "101", "T_DO": "Decreto", "OBS": null }, "geometry": { "type": "MultiPolygon", "coordinates": [ [ [ [ -70.617442179464803, -33.440920685650099 ], [ -70.617426183003701, -33.440995227803498 ], [ -70.617124053579403, -33.440952183493401 ], [ -70.617096231600101, -33.441067297239201 ], [ -70.617028885450296, -33.441057677397197 ], [ -70.616970627249998, -33.441350808323101 ], [ -70.6169691446174, -33.441358269574103 ], [ -70.617107602196697, -33.441380921395897 ], [ -70.617023215951903, -33.441821622533801 ], [ -70.617816715294694, -33.441943691115398 ], [ -70.618076117090595, -33.440822142277398 ], [ -70.617508351397106, -33.440733119781498 ], [ -70.617483271747801, -33.440729186723097 ], [ -70.617442179464803, -33.440920685650099 ] ] ] ] } },
{ "type": "Feature", "properties": { "id": "ipt_13_prc_providencia_mono.100", "Name": null, "description": null, "timestamp": null, "begin": null, "end": null, "altitudeMode": null, "tessellate": -1, "extrude": 0, "visibility": -1, "drawOrder": null, "icon": null, "REG": "Metropolitana", "COM": "Providencia", "LOC": "Providencia", "ZONA": "UpR y Er", "NOM": "UpR y Er Zona de Uso preferente Residencial y Equipamiento restringido", "UPERM": "Revisar ordenaza local", "UPROH": "Revisar ordenaza local", "P_DO": "23/01/2007", "N_DOC": "101", "T_DO": "Decreto", "OBS": null }, "geometry": { "type": "MultiPolygon", "coordinates": [ [ [ [ -70.622282302911501, -33.435949209741601 ], [ -70.622268697944094, -33.4360126440044 ], [ -70.6222514485153, -33.436008742009001 ], [ -70.622240911202596, -33.4360389451301 ], [ -70.622211556444995, -33.436031279444997 ], [ -70.622194717568206, -33.436082204321004 ], [ -70.622255860482198, -33.436099919859899 ], [ -70.622119040472299, -33.436500423077199 ], [ -70.622116376045398, -33.436508221801198 ], [ -70.622076686753601, -33.436497281465599 ], [ -70.621986217387104, -33.436472343438403 ], [ -70.6219785238508, -33.436490000033402 ], [ -70.621954108512597, -33.436546041778598 ], [ -70.621921394042502, -33.436621129638098 ], [ -70.622101741965693, -33.436679006374803 ], [ -70.622108924977894, -33.436681311273603 ], [ -70.622032465108404, -33.436896202489997 ], [ -70.622050105667, -33.4369004204476 ], [ -70.621966238491197, -33.437119237701602 ], [ -70.621807202665906, -33.437091711818198 ], [ -70.621768141490307, -33.4372043699777 ], [ -70.621797221338298, -33.4372111735983 ], [ -70.6219204215449, -33.4372399979543 ], [ -70.621868436912393, -33.437399786256002 ], [ -70.621856167310497, -33.437396683926501 ], [ -70.621839477521107, -33.437392465230303 ], [ -70.621780261357102, -33.437566606040598 ], [ -70.621776813247607, -33.437576745339797 ], [ -70.621633999443006, -33.437545335706602 ], [ -70.621629356203599, -33.437544314237797 ], [ -70.621590759535593, -33.437672594100299 ], [ -70.621606214487002, -33.4376766377911 ], [ -70.621658689718004, -33.437690364535499 ], [ -70.621695004182001, -33.437699863819702 ], [ -70.621653362847098, -33.437825683644803 ], [ -70.621635709865004, -33.437879021569003 ], [ -70.621690736659602, -33.437891822112299 ], [ -70.621713074723203, -33.437897018484399 ], [ -70.621666010639004, -33.438021261593398 ], [ -70.621640614058407, -33.438088305824103 ], [ -70.621540032054696, -33.438065686707802 ], [ -70.6215348709718, -33.438064526813697 ], [ -70.621465089364705, -33.438278194032499 ], [ -70.621474431836404, -33.438280351682899 ], [ -70.621248749594002, -33.438912020860798 ], [ -70.621249404361095, -33.438912177334103 ], [ -70.621149244736699, -33.439214678767399 ], [ -70.621509510108993, -33.439185576710599 ], [ -70.621572189526503, -33.438989480761798 ], [ -70.6217765448378, -33.438350138557297 ], [ -70.621906248246901, -33.437941955061397 ], [ -70.622066469908006, -33.437449847272802 ], [ -70.622241949998198, -33.436946293799103 ], [ -70.622440319362397, -33.436332112324997 ], [ -70.622522667016696, -33.436080017225599 ], [ -70.622525687373397, -33.436070770905502 ], [ -70.622524919359293, -33.436070596981999 ], [ -70.622542561940605, -33.435996812748201 ], [ -70.622282302911501, -33.435949209741601 ] ] ] ] } },
{ "type": "Feature", "properties": { "id": "ipt_13_prc_providencia_mono.101", "Name": null, "description": null, "timestamp": null, "begin": null, "end": null, "altitudeMode": null, "tessellate": -1, "extrude": 0, "visibility": -1, "drawOrder": null, "icon": null, "REG": "Metropolitana", "COM": "Providencia", "LOC": "Providencia", "ZONA": "UpR y Er", "NOM": "UpR y Er Zona de Uso preferente Residencial y Equipamiento restringido", "UPERM": "Revisar ordenaza local", "UPROH": "Revisar ordenaza local", "P_DO": "23/01/2007", "N_DOC": "101", "T_DO": "Decreto", "OBS": null }, "geometry": { "type": "MultiPolygon", "coordinates": [ [ [ [ -70.626189185321195, -33.436241063866497 ], [ -70.626156779621994, -33.436366570086101 ], [ -70.626113519767699, -33.436358102902503 ], [ -70.625815427983497, -33.437369024044401 ], [ -70.625779086419897, -33.4374922685749 ], [ -70.625719147816895, -33.437695533499202 ], [ -70.625703683182493, -33.437692479759903 ], [ -70.625595432276299, -33.438092454074699 ], [ -70.625450731951204, -33.438062321749598 ], [ -70.625446161393796, -33.438077427809901 ], [ -70.625376059742095, -33.438309118935997 ], [ -70.625358358256406, -33.438305637251098 ], [ -70.625336012229099, -33.438301241570201 ], [ -70.625289251570294, -33.438459597333399 ], [ -70.625256436914697, -33.438570721770901 ], [ -70.625334221888906, -33.438590699429 ], [ -70.6252473223321, -33.438888511943098 ], [ -70.625315576012497, -33.438902141207699 ], [ -70.625330321353005, -33.438905086280897 ], [ -70.625233086984494, -33.439279698861803 ], [ -70.625388224213594, -33.439311666882098 ], [ -70.625368544425697, -33.439391528541996 ], [ -70.625295752575695, -33.4396869006424 ], [ -70.625284369249599, -33.439684682560497 ], [ -70.625096086780204, -33.439647999420799 ], [ -70.625093368112502, -33.439657378920003 ], [ -70.625032187080294, -33.439868411918198 ], [ -70.625069141032995, -33.439876430019602 ], [ -70.624976631878198, -33.440165356165899 ], [ -70.6250416788221, -33.440179619192101 ], [ -70.625022822543798, -33.440239695568003 ], [ -70.624990418193505, -33.440342933449898 ], [ -70.624933748994394, -33.4403308268991 ], [ -70.624925190078997, -33.440328998334302 ], [ -70.6248389395559, -33.440632294178798 ], [ -70.624672633853706, -33.440596773460499 ], [ -70.624631069919701, -33.440723923368097 ], [ -70.624592130415706, -33.440843045048297 ], [ -70.624570438039996, -33.440909403695002 ], [ -70.625147115745904, -33.4410255833767 ], [ -70.625287347539597, -33.441053834702899 ], [ -70.625317178621998, -33.441012880220001 ], [ -70.625408940662894, -33.441035363812603 ], [ -70.625400642071995, -33.441062490537597 ], [ -70.6254094771664, -33.441064126964697 ], [ -70.625586877599304, -33.441096989605299 ], [ -70.625774696794295, -33.441131782362298 ], [ -70.626078416480695, -33.441188043337 ], [ -70.626102999130893, -33.441113839396799 ], [ -70.625974494717397, -33.441081808941398 ], [ -70.625988567667704, -33.441032324936401 ], [ -70.625988782670504, -33.441031568186801 ], [ -70.626093348459193, -33.440663877018601 ], [ -70.626129748027594, -33.440667296420003 ], [ -70.626179334176896, -33.440518230966298 ], [ -70.626197891719599, -33.440522714051298 ], [ -70.626447479810594, -33.440583013713898 ], [ -70.626563070926196, -33.440199809446298 ], [ -70.626459478095398, -33.440177444021003 ], [ -70.626598021410402, -33.439679490054999 ], [ -70.626916778244606, -33.439744538520301 ], [ -70.627038478582094, -33.439246175619999 ], [ -70.627199176595894, -33.439278263183702 ], [ -70.627274698470998, -33.438971961026098 ], [ -70.627152229625807, -33.438949113413699 ], [ -70.627224911544204, -33.438672761348897 ], [ -70.627376894442804, -33.438702652592397 ], [ -70.6274290750858, -33.438460264581003 ], [ -70.627303994807207, -33.438437567718701 ], [ -70.627325629264206, -33.438357130002501 ], [ -70.627291705218298, -33.438347288978001 ], [ -70.627372993511301, -33.438018218301004 ], [ -70.627304771156304, -33.438004574419601 ], [ -70.627628928336094, -33.436525941523698 ], [ -70.6277718456099, -33.436554523762098 ], [ -70.627834694436203, -33.4363003294104 ], [ -70.626248181644499, -33.435989823752998 ], [ -70.626216571229605, -33.435984074335501 ], [ -70.626148395598804, -33.4362329069927 ], [ -70.626189185321195, -33.436241063866497 ] ], [ [ -70.627031768603999, -33.4376607361244 ], [ -70.626972428934096, -33.437938109764303 ], [ -70.626194189193697, -33.4377893376004 ], [ -70.626263657515196, -33.437513696421703 ], [ -70.626647712222095, -33.437587216885298 ], [ -70.626794359340906, -33.4376152895519 ], [ -70.627031768603999, -33.4376607361244 ] ] ] ] } },
{ "type": "Feature", "properties": { "id": "ipt_13_prc_providencia_mono.102", "Name": null, "description": null, "timestamp": null, "begin": null, "end": null, "altitudeMode": null, "tessellate": -1, "extrude": 0, "visibility": -1, "drawOrder": null, "icon": null, "REG": "Metropolitana", "COM": "Providencia", "LOC": "Providencia", "ZONA": "UpR y Er", "NOM": "UpR y Er Zona de Uso preferente Residencial y Equipamiento restringido", "UPERM": "Revisar ordenaza local", "UPROH": "Revisar ordenaza local", "P_DO": "23/01/2007", "N_DOC": "101", "T_DO": "Decreto", "OBS": null }, "geometry": { "type": "MultiPolygon", "coordinates": [ [ [ [ -70.632218317759694, -33.438008614997599 ], [ -70.632110425785598, -33.438234038884502 ], [ -70.631986962358695, -33.438491994617301 ], [ -70.632301632272998, -33.438619022476097 ], [ -70.632636904367999, -33.437967167722597 ], [ -70.632644094619195, -33.437953187576703 ], [ -70.632905010802105, -33.437445891447403 ], [ -70.632947663310205, -33.437369352394498 ], [ -70.632956249793693, -33.437353944282897 ], [ -70.632597294325507, -33.437238655861698 ], [ -70.632590264415398, -33.437252235285698 ], [ -70.632538166752695, -33.437340910952898 ], [ -70.632521910337104, -33.437368582096603 ], [ -70.632449166840999, -33.4375138406944 ], [ -70.632472577305805, -33.437524005408903 ], [ -70.632248570971996, -33.4379480998792 ], [ -70.632218317759694, -33.438008614997599 ] ] ] ] } },
{ "type": "Feature", "properties": { "id": "ipt_13_prc_providencia_mono.103", "Name": null, "description": null, "timestamp": null, "begin": null, "end": null, "altitudeMode": null, "tessellate": -1, "extrude": 0, "visibility": -1, "drawOrder": null, "icon": null, "REG": "Metropolitana", "COM": "Providencia", "LOC": "Providencia", "ZONA": "UpR y Er", "NOM": "UpR y Er Zona de Uso preferente Residencial y Equipamiento restringido", "UPERM": "Revisar ordenaza local", "UPROH": "Revisar ordenaza local", "P_DO": "23/01/2007", "N_DOC": "101", "T_DO": "Decreto", "OBS": null }, "geometry": { "type": "MultiPolygon", "coordinates": [ [ [ [ -70.630613330722397, -33.436777807086699 ], [ -70.630353103311407, -33.437863799138398 ], [ -70.630183967472803, -33.437834424747102 ], [ -70.629814163135507, -33.4394918352071 ], [ -70.629946438244403, -33.4395145142689 ], [ -70.629876051699597, -33.439797788887702 ], [ -70.629733239156806, -33.439769720957798 ], [ -70.629672462700796, -33.440017088153397 ], [ -70.629489066387094, -33.439980843517297 ], [ -70.629383805733895, -33.440426717948903 ], [ -70.629404887994397, -33.440430680383102 ], [ -70.630028889987997, -33.440547946845903 ], [ -70.630013776961107, -33.440614792537403 ], [ -70.630286870966103, -33.440663098488002 ], [ -70.630282411569297, -33.440697159700001 ], [ -70.630447384867594, -33.440729588073403 ], [ -70.630464546542896, -33.440665892538703 ], [ -70.630425669914004, -33.440656859733402 ], [ -70.630435396672397, -33.440629052875401 ], [ -70.630474236518594, -33.440636177890802 ], [ -70.630508402867306, -33.440517533012901 ], [ -70.630472132119294, -33.440510769222598 ], [ -70.630456413115894, -33.440507838476002 ], [ -70.630505983917999, -33.440327884863301 ], [ -70.630512429409194, -33.440304485103397 ], [ -70.630710196899599, -33.440337626275202 ], [ -70.630777935842701, -33.440108549938799 ], [ -70.630785065417697, -33.440084749773703 ], [ -70.630636937131001, -33.4400515050744 ], [ -70.6307298814327, -33.439681479502099 ], [ -70.630553887008702, -33.439630106485502 ], [ -70.630632041548097, -33.4393688313871 ], [ -70.630553399011802, -33.439336290552902 ], [ -70.630721034505598, -33.439022671473097 ], [ -70.630603479889899, -33.438978171052298 ], [ -70.630677026817693, -33.438818884891198 ], [ -70.631036201613099, -33.438945897875399 ], [ -70.631137314114696, -33.4385057068111 ], [ -70.631117572340102, -33.438502596392603 ], [ -70.631273586564404, -33.437802186887701 ], [ -70.630670540270501, -33.437721817839297 ], [ -70.630878870574193, -33.436812723540797 ], [ -70.630631533422303, -33.436780201039497 ], [ -70.630613330722397, -33.436777807086699 ] ] ] ] } },
{ "type": "Feature", "properties": { "id": "ipt_13_prc_providencia_mono.104", "Name": null, "description": null, "timestamp": null, "begin": null, "end": null, "altitudeMode": null, "tessellate": -1, "extrude": 0, "visibility": -1, "drawOrder": null, "icon": null, "REG": "Metropolitana", "COM": "Providencia", "LOC": "Providencia", "ZONA": "UpR y Er", "NOM": "UpR y Er Zona de Uso preferente Residencial y Equipamiento restringido", "UPERM": "Revisar ordenaza local", "UPROH": "Revisar ordenaza local", "P_DO": "23/01/2007", "N_DOC": "101", "T_DO": "Decreto", "OBS": null }, "geometry": { "type": "MultiPolygon", "coordinates": [ [ [ [ -70.629414675782698, -33.441006609768301 ], [ -70.629375617919095, -33.441155299067802 ], [ -70.629307271720805, -33.441143694301502 ], [ -70.629289244015993, -33.4411401787006 ], [ -70.629093712016001, -33.442026652794503 ], [ -70.629089423077602, -33.4420460957774 ], [ -70.629052083955401, -33.442180207760899 ], [ -70.629630640423898, -33.442295096189703 ], [ -70.629701137698504, -33.441981604521999 ], [ -70.630433250859795, -33.442097181520097 ], [ -70.630435227374406, -33.442087776504302 ], [ -70.630493927828198, -33.441808561173502 ], [ -70.630409923393302, -33.441791053962397 ], [ -70.630514207866099, -33.441393940026998 ], [ -70.630111161498107, -33.441313134231699 ], [ -70.630150416866101, -33.441169144265203 ], [ -70.629414675782698, -33.441006609768301 ] ] ] ] } },
{ "type": "Feature", "properties": { "id": "ipt_13_prc_providencia_mono.105", "Name": null, "description": null, "timestamp": null, "begin": null, "end": null, "altitudeMode": null, "tessellate": -1, "extrude": 0, "visibility": -1, "drawOrder": null, "icon": null, "REG": "Metropolitana", "COM": "Providencia", "LOC": "Providencia", "ZONA": "UpR y Er", "NOM": "UpR y Er Zona de Uso preferente Residencial y Equipamiento restringido", "UPERM": "Revisar ordenaza local", "UPROH": "Revisar ordenaza local", "P_DO": "23/01/2007", "N_DOC": "101", "T_DO": "Decreto", "OBS": null }, "geometry": { "type": "MultiPolygon", "coordinates": [ [ [ [ -70.629236217089698, -33.4427941821696 ], [ -70.629206178194195, -33.442940400000701 ], [ -70.629129647073398, -33.442929226478498 ], [ -70.629073148419096, -33.443180044332102 ], [ -70.629063874788301, -33.443183965594798 ], [ -70.629028389758503, -33.443198972056798 ], [ -70.629067734701195, -33.443293931727197 ], [ -70.629052577537493, -33.443299270417398 ], [ -70.628968168457604, -33.443329000874797 ], [ -70.628847142884993, -33.443371627843099 ], [ -70.628876048505404, -33.443423236720101 ], [ -70.628979280007201, -33.443623628573299 ], [ -70.629082513058606, -33.443824019404303 ], [ -70.6291240815858, -33.443900608423 ], [ -70.6289012508133, -33.443871334751101 ], [ -70.628837870864203, -33.4441580734699 ], [ -70.628837027825199, -33.444161889363201 ], [ -70.628759835976496, -33.444480617015799 ], [ -70.628838244341495, -33.444501621265601 ], [ -70.628696068322895, -33.444910383621199 ], [ -70.628610827431203, -33.444889659331402 ], [ -70.628552789262599, -33.445104462762501 ], [ -70.628669760843394, -33.445125548517503 ], [ -70.628601166842799, -33.4453606925101 ], [ -70.628281282858794, -33.4453016634791 ], [ -70.628179240260593, -33.445705060721899 ], [ -70.6284762716855, -33.445758355137599 ], [ -70.628401804464005, -33.446016939847702 ], [ -70.628464576176597, -33.446028406337298 ], [ -70.628392173451999, -33.446390726549197 ], [ -70.628449036977898, -33.446399813162998 ], [ -70.628396705792198, -33.446633219309199 ], [ -70.628483313277101, -33.446647024966701 ], [ -70.628604981620299, -33.4466685739105 ], [ -70.628609025376207, -33.446651134429302 ], [ -70.628617119872601, -33.446616226516298 ], [ -70.628964085070194, -33.446670319253997 ], [ -70.629029637589795, -33.446388734815102 ], [ -70.629110538190005, -33.446400651746202 ], [ -70.629189100325505, -33.4460695373688 ], [ -70.629222819289097, -33.446074565638398 ], [ -70.629239429028601, -33.4460770420187 ], [ -70.629337672800901, -33.445681176402204 ], [ -70.629580842432304, -33.4447013365644 ], [ -70.629448187097793, -33.4446655911512 ], [ -70.629434448446602, -33.444661889349597 ], [ -70.629517245512304, -33.444210104847798 ], [ -70.629483568350196, -33.4442027295363 ], [ -70.629515124810894, -33.4440760596055 ], [ -70.629549404767403, -33.444082767749101 ], [ -70.629580548127294, -33.443982619710503 ], [ -70.629510840472605, -33.443968742349497 ], [ -70.629549615488898, -33.443800111016301 ], [ -70.629581434219105, -33.443804986521101 ], [ -70.6296943881663, -33.4433050238665 ], [ -70.630036708644894, -33.443355840833803 ], [ -70.630129019050102, -33.442946636043899 ], [ -70.630132944783398, -33.442929236841998 ], [ -70.629499960985598, -33.442824252262 ], [ -70.629240470305206, -33.442774554778197 ], [ -70.629236217089698, -33.4427941821696 ] ] ] ] } },
{ "type": "Feature", "properties": { "id": "ipt_13_prc_providencia_mono.106", "Name": null, "description": null, "timestamp": null, "begin": null, "end": null, "altitudeMode": null, "tessellate": -1, "extrude": 0, "visibility": -1, "drawOrder": null, "icon": null, "REG": "Metropolitana", "COM": "Providencia", "LOC": "Providencia", "ZONA": "UpR y Er", "NOM": "UpR y Er Zona de Uso preferente Residencial y Equipamiento restringido", "UPERM": "Revisar ordenaza local", "UPROH": "Revisar ordenaza local", "P_DO": "23/01/2007", "N_DOC": "101", "T_DO": "Decreto", "OBS": null }, "geometry": { "type": "MultiPolygon", "coordinates": [ [ [ [ -70.6306130006014, -33.447784861627397 ], [ -70.630532579049799, -33.448066929128501 ], [ -70.630455970076994, -33.448052478490403 ], [ -70.630411720664796, -33.448238644103597 ], [ -70.630819433444501, -33.448309299948498 ], [ -70.630747622687693, -33.448609868922603 ], [ -70.630744215761595, -33.448624126551998 ], [ -70.630392792523594, -33.4485580329412 ], [ -70.630351906887995, -33.448748574146201 ], [ -70.630329382125097, -33.448744326967898 ], [ -70.630303043141694, -33.448739360687298 ], [ -70.630259496638701, -33.448913969083897 ], [ -70.630370822515204, -33.448935394312599 ], [ -70.630344640423303, -33.449026936929698 ], [ -70.630364467422197, -33.449029990391999 ], [ -70.630320018510801, -33.449190697265401 ], [ -70.630273878187893, -33.4491822181445 ], [ -70.630171827656298, -33.449560867048298 ], [ -70.631107057733402, -33.449736259802897 ], [ -70.631139547947299, -33.449595377098603 ], [ -70.631143066290704, -33.449580119671197 ], [ -70.631112827827096, -33.449574380607302 ], [ -70.631169071333701, -33.449346727999398 ], [ -70.631314570101097, -33.449373465386799 ], [ -70.631331242096294, -33.449376529547997 ], [ -70.6313466643673, -33.449311422036203 ], [ -70.631361899309098, -33.449247112399703 ], [ -70.631365666900606, -33.449231207780798 ], [ -70.631287507097696, -33.449213167168601 ], [ -70.631272757652098, -33.449209762062203 ], [ -70.631358660772406, -33.448894362597301 ], [ -70.631346285827902, -33.448892345728297 ], [ -70.631386080368301, -33.448748782192702 ], [ -70.6313883578146, -33.448740567230203 ], [ -70.631230467114705, -33.448712629406103 ], [ -70.631083356118793, -33.448686598499997 ], [ -70.6311749553075, -33.448379734845098 ], [ -70.631196288501201, -33.448383202137201 ], [ -70.631594647519904, -33.448447942549997 ], [ -70.631599051912801, -33.448434795448897 ], [ -70.631605968738199, -33.448414149045497 ], [ -70.631625382606401, -33.448417665873997 ], [ -70.631642811366703, -33.448420822844703 ], [ -70.631649186263999, -33.448396400403098 ], [ -70.631634329536695, -33.4483927171825 ], [ -70.631673954132197, -33.448282217711998 ], [ -70.631608057655498, -33.448269788476097 ], [ -70.631594692247106, -33.448267267918901 ], [ -70.631644041338802, -33.448097058488003 ], [ -70.631674889037598, -33.447990665123598 ], [ -70.631666593311294, -33.447988806523 ], [ -70.631631579889103, -33.447982028389198 ], [ -70.6306130006014, -33.447784861627397 ] ] ] ] } },
{ "type": "Feature", "properties": { "id": "ipt_13_prc_providencia_mono.107", "Name": null, "description": null, "timestamp": null, "begin": null, "end": null, "altitudeMode": null, "tessellate": -1, "extrude": 0, "visibility": -1, "drawOrder": null, "icon": null, "REG": "Metropolitana", "COM": "Providencia", "LOC": "Providencia", "ZONA": "UpR y Er", "NOM": "UpR y Er Zona de Uso preferente Residencial y Equipamiento restringido", "UPERM": "Revisar ordenaza local", "UPROH": "Revisar ordenaza local", "P_DO": "23/01/2007", "N_DOC": "101", "T_DO": "Decreto", "OBS": null }, "geometry": { "type": "MultiPolygon", "coordinates": [ [ [ [ -70.624385885972899, -33.432975088611201 ], [ -70.624080696432699, -33.4331238663327 ], [ -70.623798396190296, -33.433242126803599 ], [ -70.623394017954297, -33.4333794615861 ], [ -70.623310093243603, -33.433699904289 ], [ -70.623255867610595, -33.433863760917603 ], [ -70.623253597802602, -33.4338706193005 ], [ -70.623134612508295, -33.434230160736597 ], [ -70.623111723178795, -33.434295011659202 ], [ -70.623064105809505, -33.434437862815201 ], [ -70.623061158706605, -33.434446705071203 ], [ -70.622966760949495, -33.434729898296503 ], [ -70.622960398150795, -33.434748760416198 ], [ -70.622869619208103, -33.435017855665002 ], [ -70.623401974255302, -33.4350378813322 ], [ -70.624180026329299, -33.435060621506899 ], [ -70.624479446989199, -33.435065803007198 ], [ -70.624817103304693, -33.435071646104099 ], [ -70.624895466713198, -33.435066744022798 ], [ -70.625057170815793, -33.434774211771803 ], [ -70.625277048342298, -33.434356148476098 ], [ -70.625488761565606, -33.434410785577498 ], [ -70.625611405974098, -33.434221542749903 ], [ -70.625744908600694, -33.434015543004698 ], [ -70.625288044698706, -33.433829673155103 ], [ -70.625337769238698, -33.433749394187799 ], [ -70.625484581291403, -33.433471003412798 ], [ -70.625568962673697, -33.433371648113599 ], [ -70.625616879191199, -33.433330157051202 ], [ -70.625626196029302, -33.433322485675703 ], [ -70.6254249623004, -33.433151995618402 ], [ -70.6251855476619, -33.4333399839593 ], [ -70.625026617457394, -33.433210831539199 ], [ -70.625107637264506, -33.433137058658801 ], [ -70.624950166541495, -33.433009835857803 ], [ -70.6248843881299, -33.433062558569198 ], [ -70.624593530179993, -33.432836079868899 ], [ -70.624585757555906, -33.432842003928698 ], [ -70.624559440592094, -33.4328595277142 ], [ -70.624385885972899, -33.432975088611201 ] ] ] ] } },
{ "type": "Feature", "properties": { "id": "ipt_13_prc_providencia_mono.108", "Name": null, "description": null, "timestamp": null, "begin": null, "end": null, "altitudeMode": null, "tessellate": -1, "extrude": 0, "visibility": -1, "drawOrder": null, "icon": null, "REG": "Metropolitana", "COM": "Providencia", "LOC": "Providencia", "ZONA": "UpR y Er", "NOM": "UpR y Er Zona de Uso preferente Residencial y Equipamiento restringido", "UPERM": "Revisar ordenaza local", "UPROH": "Revisar ordenaza local", "P_DO": "23/01/2007", "N_DOC": "101", "T_DO": "Decreto", "OBS": null }, "geometry": { "type": "MultiPolygon", "coordinates": [ [ [ [ -70.608679781896697, -33.438890478895303 ], [ -70.608534043522695, -33.439683779900299 ], [ -70.608502396243097, -33.439683974939598 ], [ -70.608100270528794, -33.439639082664797 ], [ -70.608059752798397, -33.439871329758098 ], [ -70.607797143979397, -33.439850821569301 ], [ -70.607748362423095, -33.440137786252997 ], [ -70.607460140014297, -33.440096187350903 ], [ -70.607451964674695, -33.440134553628297 ], [ -70.607407812349905, -33.440392689683499 ], [ -70.607715566409794, -33.440427956161102 ], [ -70.607611525195296, -33.441083926212698 ], [ -70.607643179794593, -33.441088123225498 ], [ -70.608988845946996, -33.4412729860219 ], [ -70.609142100117097, -33.440592052949903 ], [ -70.609170401111001, -33.440433459020099 ], [ -70.609246362639993, -33.439940794582498 ], [ -70.609328465616997, -33.439538129067401 ], [ -70.609393402769101, -33.439277206487297 ], [ -70.609469698719195, -33.4390178003027 ], [ -70.609452437935403, -33.439009384803001 ], [ -70.609444342081602, -33.4390056390667 ], [ -70.609429352318898, -33.439001024169599 ], [ -70.6094276421762, -33.4390006261143 ], [ -70.6094097769342, -33.438996466089399 ], [ -70.609355708584999, -33.438986584904598 ], [ -70.608679781896697, -33.438890478895303 ] ] ] ] } },
{ "type": "Feature", "properties": { "id": "ipt_13_prc_providencia_mono.109", "Name": null, "description": null, "timestamp": null, "begin": null, "end": null, "altitudeMode": null, "tessellate": -1, "extrude": 0, "visibility": -1, "drawOrder": null, "icon": null, "REG": "Metropolitana", "COM": "Providencia", "LOC": "Providencia", "ZONA": "UpR y Er", "NOM": "UpR y Er Zona de Uso preferente Residencial y Equipamiento restringido", "UPERM": "Revisar ordenaza local", "UPROH": "Revisar ordenaza local", "P_DO": "23/01/2007", "N_DOC": "101", "T_DO": "Decreto", "OBS": null }, "geometry": { "type": "MultiPolygon", "coordinates": [ [ [ [ -70.604449674351002, -33.438158562524102 ], [ -70.604389165904607, -33.43831158415 ], [ -70.604359081129303, -33.438304192416702 ], [ -70.604199646532905, -33.438265016276503 ], [ -70.604189863984203, -33.438290880294701 ], [ -70.603778156432895, -33.439379346340402 ], [ -70.603771943361906, -33.439395774255999 ], [ -70.604000560373805, -33.439462375307102 ], [ -70.604026036784305, -33.439469796979203 ], [ -70.603978607194506, -33.4395873496061 ], [ -70.603973776158398, -33.439599322627799 ], [ -70.604164019881793, -33.439657681015902 ], [ -70.604170347762505, -33.439640889961296 ], [ -70.604229522041507, -33.439483869846001 ], [ -70.605242105751003, -33.439659661216702 ], [ -70.605875592313396, -33.439726080015902 ], [ -70.605902398964901, -33.439730024633903 ], [ -70.605899453937994, -33.439754785649903 ], [ -70.605956827942094, -33.4397616873486 ], [ -70.6059778876037, -33.439611086091098 ], [ -70.605985626056395, -33.4395557503398 ], [ -70.605996134869997, -33.439556827184198 ], [ -70.606027032993794, -33.439559992802401 ], [ -70.606061445798204, -33.439389769612603 ], [ -70.605721949430304, -33.439344458690698 ], [ -70.605676849338494, -33.439338439542603 ], [ -70.605679859432499, -33.439316448120501 ], [ -70.605739201358801, -33.439324269561702 ], [ -70.605807968111606, -33.439015375624798 ], [ -70.605886149024599, -33.438695933608997 ], [ -70.605240690154503, -33.438558262513801 ], [ -70.605255106550899, -33.438506536050397 ], [ -70.605041556094093, -33.438454897561201 ], [ -70.605087038351201, -33.438328321649998 ], [ -70.604703165928697, -33.438229628284297 ], [ -70.604710252794106, -33.4382106043576 ], [ -70.604456879279198, -33.438140339715602 ], [ -70.604449674351002, -33.438158562524102 ] ] ] ] } },
{ "type": "Feature", "properties": { "id": "ipt_13_prc_providencia_mono.110", "Name": null, "description": null, "timestamp": null, "begin": null, "end": null, "altitudeMode": null, "tessellate": -1, "extrude": 0, "visibility": -1, "drawOrder": null, "icon": null, "REG": "Metropolitana", "COM": "Providencia", "LOC": "Providencia", "ZONA": "UpR y Er", "NOM": "UpR y Er Zona de Uso preferente Residencial y Equipamiento restringido", "UPERM": "Revisar ordenaza local", "UPROH": "Revisar ordenaza local", "P_DO": "23/01/2007", "N_DOC": "101", "T_DO": "Decreto", "OBS": null }, "geometry": { "type": "MultiPolygon", "coordinates": [ [ [ [ -70.596634460743502, -33.428153978138099 ], [ -70.596574506545707, -33.428364052884 ], [ -70.596526723210204, -33.428353828005797 ], [ -70.596083969007694, -33.428259082705303 ], [ -70.596080876762102, -33.428267363492303 ], [ -70.595990750713895, -33.428508738582202 ], [ -70.595836266529204, -33.4289199875899 ], [ -70.596268106597293, -33.429017530118401 ], [ -70.596251909773201, -33.429065461115599 ], [ -70.596395423895601, -33.429100925337401 ], [ -70.596426288917698, -33.4291085525306 ], [ -70.596434400328903, -33.429079454951903 ], [ -70.596442310908998, -33.429051078722097 ], [ -70.597119753312299, -33.429193551060102 ], [ -70.597147927406198, -33.429199476694201 ], [ -70.597185841942107, -33.429076136554102 ], [ -70.597193583761197, -33.429050949545001 ], [ -70.597529325610907, -33.429119641894999 ], [ -70.597586350329806, -33.429130143223297 ], [ -70.597653490368899, -33.429142507260003 ], [ -70.597642027689602, -33.429178634616903 ], [ -70.597945510177496, -33.429241695529903 ], [ -70.5979052821191, -33.429375836328397 ], [ -70.598223653957604, -33.429451075170199 ], [ -70.598235611110297, -33.429453900727303 ], [ -70.598238316509295, -33.429445472466398 ], [ -70.5982450337644, -33.429424548958103 ], [ -70.598571924226704, -33.429492265810602 ], [ -70.598579774063396, -33.429475512206103 ], [ -70.598850110266696, -33.429531284763399 ], [ -70.598787426698493, -33.429729461654297 ], [ -70.599272582427901, -33.429841861932097 ], [ -70.599281971950703, -33.429810721275103 ], [ -70.599714187066496, -33.429896378639903 ], [ -70.599771805292207, -33.4297154565662 ], [ -70.599785175318004, -33.4296734749528 ], [ -70.600095996076007, -33.429740567177497 ], [ -70.600053254270804, -33.429892637083903 ], [ -70.600656569377193, -33.430018906033801 ], [ -70.600710973304103, -33.429833841431801 ], [ -70.600718335994102, -33.429808795292601 ], [ -70.601113292148099, -33.429892078010198 ], [ -70.601086791265899, -33.4299986023453 ], [ -70.601370995656495, -33.430055778413397 ], [ -70.601364474046207, -33.430088075308298 ], [ -70.601637444706199, -33.430134425897698 ], [ -70.601656834499806, -33.430066897601598 ], [ -70.601661919236804, -33.430049188409797 ], [ -70.601949667686796, -33.430109150030503 ], [ -70.601912488029299, -33.430253989890502 ], [ -70.602049145755302, -33.430275903910903 ], [ -70.602084426148807, -33.430281560741598 ], [ -70.602103198390907, -33.430207134103398 ], [ -70.602211155895205, -33.430222155363801 ], [ -70.602238645655405, -33.430230488454797 ], [ -70.602266867008495, -33.430133962867103 ], [ -70.602271396299997, -33.430118927557601 ], [ -70.602339483776305, -33.429892921614801 ], [ -70.602365581908799, -33.429898576173201 ], [ -70.602478450905494, -33.429528736679401 ], [ -70.6024579463474, -33.4295242832507 ], [ -70.602310450372897, -33.429492252227597 ], [ -70.602271329586102, -33.429485431206999 ], [ -70.602172547889097, -33.429468207284998 ], [ -70.6021677723636, -33.429484884409099 ], [ -70.602132435894006, -33.429608312585998 ], [ -70.602094212906707, -33.429600716957502 ], [ -70.601800553010307, -33.429542356104498 ], [ -70.601834576969907, -33.4294169537146 ], [ -70.601116045986601, -33.429272374732598 ], [ -70.601113313654807, -33.429271824720402 ], [ -70.600887964204503, -33.429226480543697 ], [ -70.600857124621399, -33.429333133000803 ], [ -70.600511449951298, -33.429265257915702 ], [ -70.600588329592995, -33.429035199239003 ], [ -70.600354048767102, -33.428984534891498 ], [ -70.600348006108504, -33.4290026288568 ], [ -70.600317632630805, -33.429093573308201 ], [ -70.600288169684006, -33.429087872453003 ], [ -70.599980693667007, -33.429028383278897 ], [ -70.599986709019305, -33.429008797143602 ], [ -70.5990756688593, -33.428821447510899 ], [ -70.599052767670798, -33.428893134000198 ], [ -70.5986202807171, -33.428814341602703 ], [ -70.5986744425106, -33.428677282073203 ], [ -70.5984839436708, -33.428634937305901 ], [ -70.598431912799995, -33.4286233718788 ], [ -70.597801373561495, -33.428483209850903 ], [ -70.597793288455094, -33.428507318213697 ], [ -70.597756042511506, -33.4286183705089 ], [ -70.597694716861596, -33.428608331394599 ], [ -70.597273840851201, -33.428511576082002 ], [ -70.597352109157896, -33.428248095529703 ], [ -70.597011459281205, -33.428169446432399 ], [ -70.597007428088304, -33.428184709630401 ], [ -70.596998685788904, -33.428217810508002 ], [ -70.596961348909304, -33.428211266934397 ], [ -70.596634460743502, -33.428153978138099 ] ] ] ] } },
{ "type": "Feature", "properties": { "id": "ipt_13_prc_providencia_mono.111", "Name": null, "description": null, "timestamp": null, "begin": null, "end": null, "altitudeMode": null, "tessellate": -1, "extrude": 0, "visibility": -1, "drawOrder": null, "icon": null, "REG": "Metropolitana", "COM": "Providencia", "LOC": "Providencia", "ZONA": "UpR y Er", "NOM": "UpR y Er Zona de Uso preferente Residencial y Equipamiento restringido", "UPERM": "Revisar ordenaza local", "UPROH": "Revisar ordenaza local", "P_DO": "23/01/2007", "N_DOC": "101", "T_DO": "Decreto", "OBS": null }, "geometry": { "type": "MultiPolygon", "coordinates": [ [ [ [ -70.627677389230101, -33.429706484969699 ], [ -70.627500690389198, -33.429646499412002 ], [ -70.627646863618693, -33.429325157594 ], [ -70.627629037495296, -33.429316230773999 ], [ -70.627682515573397, -33.429218043560397 ], [ -70.627155023953705, -33.429005842983699 ], [ -70.627014107080697, -33.428952773164198 ], [ -70.626926574193106, -33.429118323706902 ], [ -70.626856149789702, -33.429227160815003 ], [ -70.626971475236999, -33.429379409110403 ], [ -70.627159838355098, -33.429515331701502 ], [ -70.627338230348997, -33.429620126473303 ], [ -70.627649960497294, -33.429762426667601 ], [ -70.627652170502003, -33.429757919164899 ], [ -70.627677389230101, -33.429706484969699 ] ] ] ] } },
{ "type": "Feature", "properties": { "id": "ipt_13_prc_providencia_mono.112", "Name": null, "description": null, "timestamp": null, "begin": null, "end": null, "altitudeMode": null, "tessellate": -1, "extrude": 0, "visibility": -1, "drawOrder": null, "icon": null, "REG": "Metropolitana", "COM": "Providencia", "LOC": "Providencia", "ZONA": "UpR y Er", "NOM": "UpR y Er Zona de Uso preferente Residencial y Equipamiento restringido", "UPERM": "Revisar ordenaza local", "UPROH": "Revisar ordenaza local", "P_DO": "23/01/2007", "N_DOC": "101", "T_DO": "Decreto", "OBS": null }, "geometry": { "type": "MultiPolygon", "coordinates": [ [ [ [ -70.627355695445104, -33.428320176907 ], [ -70.627577862550794, -33.4284081909938 ], [ -70.628204813751495, -33.427288674277598 ], [ -70.627971166925505, -33.427196297401203 ], [ -70.627956579407595, -33.427226182612799 ], [ -70.627364367516606, -33.428304389268199 ], [ -70.627355695445104, -33.428320176907 ] ] ] ] } },
{ "type": "Feature", "properties": { "id": "ipt_13_prc_providencia_mono.113", "Name": null, "description": null, "timestamp": null, "begin": null, "end": null, "altitudeMode": null, "tessellate": -1, "extrude": 0, "visibility": -1, "drawOrder": null, "icon": null, "REG": "Metropolitana", "COM": "Providencia", "LOC": "Providencia", "ZONA": "UpR y E", "NOM": "UpR y E Zona de Uso preferentemente Residencial y Eqipamiento", "UPERM": "Revisar ordenaza local", "UPROH": "Revisar ordenaza local", "P_DO": "23/01/2007", "N_DOC": "101", "T_DO": "Decreto", "OBS": null }, "geometry": { "type": "MultiPolygon", "coordinates": [ [ [ [ -70.629700812073906, -33.432501965989701 ], [ -70.629428895782993, -33.432307545308497 ], [ -70.629068811041904, -33.4320219168834 ], [ -70.628856966822894, -33.431785998812003 ], [ -70.628601691595705, -33.431898945970701 ], [ -70.628553151582395, -33.431915465633601 ], [ -70.628532409626601, -33.431922524327803 ], [ -70.6281914503313, -33.432063223419703 ], [ -70.628143531635899, -33.432025542846702 ], [ -70.628124775372697, -33.432003416502504 ], [ -70.627868846101293, -33.432200421403699 ], [ -70.6275460181933, -33.432468101104 ], [ -70.627605055692598, -33.432524123492598 ], [ -70.627608026401802, -33.4325269424006 ], [ -70.627750621850097, -33.432662255290197 ], [ -70.627939297358495, -33.432819863221702 ], [ -70.627962915838793, -33.4328395918144 ], [ -70.627963387857605, -33.432839986030103 ], [ -70.628018926758998, -33.432886379302403 ], [ -70.628376269606903, -33.433184877093296 ], [ -70.628536495649001, -33.433310764228601 ], [ -70.628834059386094, -33.433467168723801 ], [ -70.629216833467396, -33.433647915180202 ], [ -70.629462250385203, -33.433365960664098 ], [ -70.629645764253098, -33.433155125071501 ], [ -70.629609973757994, -33.433131306452601 ], [ -70.629486822800203, -33.433049346856897 ], [ -70.629477552000097, -33.433043177518798 ], [ -70.629433283671702, -33.433013715676601 ], [ -70.629187812578095, -33.432850348720201 ], [ -70.629448809916497, -33.432668995242402 ], [ -70.629510568439201, -33.432626083496601 ], [ -70.629700812073906, -33.432501965989701 ] ] ] ] } },
{ "type": "Feature", "properties": { "id": "ipt_13_prc_providencia_mono.114", "Name": null, "description": null, "timestamp": null, "begin": null, "end": null, "altitudeMode": null, "tessellate": -1, "extrude": 0, "visibility": -1, "drawOrder": null, "icon": null, "REG": "Metropolitana", "COM": "Providencia", "LOC": "Providencia", "ZONA": "UpR y Er", "NOM": "UpR y Er Zona de Uso preferente Residencial y Equipamiento restringido", "UPERM": "Revisar ordenaza local", "UPROH": "Revisar ordenaza local", "P_DO": "23/01/2007", "N_DOC": "101", "T_DO": "Decreto", "OBS": null }, "geometry": { "type": "MultiPolygon", "coordinates": [ [ [ [ -70.628857678347998, -33.4317856837447 ], [ -70.628328675937198, -33.431245360988498 ], [ -70.628171807432395, -33.431069816058901 ], [ -70.628064935396793, -33.430970932075297 ], [ -70.627953948499893, -33.431043684394403 ], [ -70.627709231623797, -33.431197221389802 ], [ -70.627714719224798, -33.431203789537399 ], [ -70.627694220937698, -33.431205344623997 ], [ -70.627500956041501, -33.431337308585697 ], [ -70.627426819197595, -33.431260243466902 ], [ -70.627409698304703, -33.431242445975798 ], [ -70.627220717424805, -33.431045996559099 ], [ -70.627169244334397, -33.430978260908802 ], [ -70.627219224295899, -33.430948257652702 ], [ -70.626993047819795, -33.430588640643599 ], [ -70.626540323949001, -33.430783440567303 ], [ -70.6265021613643, -33.430735171914399 ], [ -70.626497037749203, -33.430728275178801 ], [ -70.6264875209595, -33.4307536891639 ], [ -70.626032657883101, -33.4310235657302 ], [ -70.626056645527697, -33.431055350959298 ], [ -70.626113628790904, -33.431117825687799 ], [ -70.626282436803706, -33.431302900566898 ], [ -70.626401116601997, -33.431434329836101 ], [ -70.626488108102706, -33.4314956045434 ], [ -70.626557278194994, -33.431560784316403 ], [ -70.6267944562574, -33.431414108584299 ], [ -70.627022175425694, -33.431638353420801 ], [ -70.627020399381493, -33.431666519267097 ], [ -70.626818590167801, -33.431800442154803 ], [ -70.626899689368102, -33.431863857253298 ], [ -70.627002895576396, -33.431952709664898 ], [ -70.6275460181933, -33.432468101104 ], [ -70.627868846101293, -33.432200421403699 ], [ -70.628124775372697, -33.432003416502504 ], [ -70.628143531635899, -33.432025542846702 ], [ -70.6281914503313, -33.432063223419703 ], [ -70.628532409626601, -33.431922524327803 ], [ -70.628553151582395, -33.431915465633601 ], [ -70.628601691595705, -33.431898945970701 ], [ -70.628857678347998, -33.4317856837447 ] ] ] ] } },
{ "type": "Feature", "properties": { "id": "ipt_13_prc_providencia_mono.115", "Name": null, "description": null, "timestamp": null, "begin": null, "end": null, "altitudeMode": null, "tessellate": -1, "extrude": 0, "visibility": -1, "drawOrder": null, "icon": null, "REG": "Metropolitana", "COM": "Providencia", "LOC": "Providencia", "ZONA": "UpR y Er", "NOM": "UpR y Er Zona de Uso preferente Residencial y Equipamiento restringido", "UPERM": "Revisar ordenaza local", "UPROH": "Revisar ordenaza local", "P_DO": "23/01/2007", "N_DOC": "101", "T_DO": "Decreto", "OBS": null }, "geometry": { "type": "MultiPolygon", "coordinates": [ [ [ [ -70.6314621686479, -33.433633513452001 ], [ -70.631048731497899, -33.433436341996099 ], [ -70.630606647496606, -33.433171544236401 ], [ -70.630403431539094, -33.433070385133803 ], [ -70.630046912413803, -33.432763932831797 ], [ -70.629770878548499, -33.432456253862597 ], [ -70.629510568439201, -33.432626083496601 ], [ -70.629448809916497, -33.432668995242402 ], [ -70.629187812578095, -33.432850348720201 ], [ -70.629433283671702, -33.433013715676601 ], [ -70.629477552000097, -33.433043177518798 ], [ -70.629486822800203, -33.433049346856897 ], [ -70.629609973757994, -33.433131306452601 ], [ -70.629645764253098, -33.433155125071501 ], [ -70.629462250385203, -33.433365960664098 ], [ -70.629216833467396, -33.433647915180202 ], [ -70.6295975809157, -33.433827704061798 ], [ -70.629602494628998, -33.433830023922702 ], [ -70.629658080033195, -33.433856271631498 ], [ -70.630340287088401, -33.434175589543202 ], [ -70.630733885376301, -33.434359816925301 ], [ -70.631753976715203, -33.434842639425703 ], [ -70.631762152876405, -33.434846509797701 ], [ -70.631878357605501, -33.4349015098678 ], [ -70.632053854745493, -33.434983500347101 ], [ -70.632282370946797, -33.434619051527903 ], [ -70.632294255241206, -33.434571944015197 ], [ -70.632312080855499, -33.434549629850899 ], [ -70.632748817804199, -33.434661200463303 ], [ -70.632805266486002, -33.434666159397302 ], [ -70.632840918733194, -33.434678556307503 ], [ -70.632566844970995, -33.4352231656691 ], [ -70.632809196579601, -33.435336389831498 ], [ -70.633198317278797, -33.435511867182598 ], [ -70.633284357977402, -33.435547358031201 ], [ -70.633503509301306, -33.435637753577701 ], [ -70.6337171440139, -33.435702604049297 ], [ -70.633938409074005, -33.4357483800067 ], [ -70.634117836085494, -33.4357696261957 ], [ -70.634251218332906, -33.435410855644598 ], [ -70.634114553191097, -33.4353811036613 ], [ -70.634096726891201, -33.435415814632798 ], [ -70.634001655094096, -33.4353860626656 ], [ -70.634025423513705, -33.435296806510301 ], [ -70.633734265156605, -33.4352224275395 ], [ -70.633823395428493, -33.4349943293712 ], [ -70.633758033016704, -33.434979452797798 ], [ -70.633686729825499, -33.435133171225303 ], [ -70.633300500031496, -33.4350290398217 ], [ -70.633592129503597, -33.434368465825301 ], [ -70.633312753275106, -33.434283505414797 ], [ -70.632839705550595, -33.43413854672 ], [ -70.632381916666205, -33.434001216797498 ], [ -70.6320233153251, -33.433875331554702 ], [ -70.631802050877994, -33.433783777872101 ], [ -70.631512117736193, -33.433657891940101 ], [ -70.6314621686479, -33.433633513452001 ] ] ] ] } },
{ "type": "Feature", "properties": { "id": "ipt_13_prc_providencia_mono.116", "Name": null, "description": null, "timestamp": null, "begin": null, "end": null, "altitudeMode": null, "tessellate": -1, "extrude": 0, "visibility": -1, "drawOrder": null, "icon": null, "REG": "Metropolitana", "COM": "Providencia", "LOC": "Providencia", "ZONA": "UpR y Er", "NOM": "UpR y Er Zona de Uso preferente Residencial y Equipamiento restringido", "UPERM": "Revisar ordenaza local", "UPROH": "Revisar ordenaza local", "P_DO": "23/01/2007", "N_DOC": "101", "T_DO": "Decreto", "OBS": null }, "geometry": { "type": "MultiPolygon", "coordinates": [ [ [ [ -70.611873044912301, -33.445943967511901 ], [ -70.611789571702104, -33.446265381666898 ], [ -70.611647368587796, -33.446240192576603 ], [ -70.611601848649599, -33.446475488781402 ], [ -70.613153013720193, -33.446699026201799 ], [ -70.613184516654599, -33.446703565523698 ], [ -70.613390246917405, -33.4467332117217 ], [ -70.613426456500306, -33.446575337509501 ], [ -70.613433611439206, -33.446544143829399 ], [ -70.613436789753493, -33.446530287307802 ], [ -70.613591528003298, -33.4465557323269 ], [ -70.613603521672403, -33.446557704541299 ], [ -70.613680396687897, -33.446256127085903 ], [ -70.613636724108204, -33.4462485844683 ], [ -70.613567650070806, -33.446236654971102 ], [ -70.613539220327695, -33.446231744773101 ], [ -70.611873044912301, -33.445943967511901 ] ] ] ] } },
{ "type": "Feature", "properties": { "id": "ipt_13_prc_providencia_mono.117", "Name": null, "description": null, "timestamp": null, "begin": null, "end": null, "altitudeMode": null, "tessellate": -1, "extrude": 0, "visibility": -1, "drawOrder": null, "icon": null, "REG": "Metropolitana", "COM": "Providencia", "LOC": "Providencia", "ZONA": "UpR y Er", "NOM": "UpR y Er Zona de Uso preferente Residencial y Equipamiento restringido", "UPERM": "Revisar ordenaza local", "UPROH": "Revisar ordenaza local", "P_DO": "23/01/2007", "N_DOC": "101", "T_DO": "Decreto", "OBS": null }, "geometry": { "type": "MultiPolygon", "coordinates": [ [ [ [ -70.610975016277294, -33.445837558890403 ], [ -70.610323723358107, -33.4456482811105 ], [ -70.610218717183898, -33.445626654610301 ], [ -70.608195990545298, -33.4450362983007 ], [ -70.608187946152299, -33.445060430179403 ], [ -70.608126910756198, -33.445342725361101 ], [ -70.606767949481494, -33.445187519296098 ], [ -70.606764264014103, -33.445209339110697 ], [ -70.606719206711603, -33.445476076490102 ], [ -70.606968518184203, -33.4455065240736 ], [ -70.607018243989899, -33.445512596360501 ], [ -70.607157929145004, -33.445529655553202 ], [ -70.6080658749854, -33.445625019610702 ], [ -70.608409215392697, -33.445674610673699 ], [ -70.608752556135101, -33.445724199871897 ], [ -70.609079418885301, -33.445796278146403 ], [ -70.609446869262996, -33.445907305444997 ], [ -70.609999709794906, -33.446066954339699 ], [ -70.610331926618798, -33.446162890751403 ], [ -70.610710725167706, -33.446276774444598 ], [ -70.610782598388894, -33.446298382803697 ], [ -70.610975016277294, -33.445837558890403 ] ] ] ] } },
{ "type": "Feature", "properties": { "id": "ipt_13_prc_providencia_mono.118", "Name": null, "description": null, "timestamp": null, "begin": null, "end": null, "altitudeMode": null, "tessellate": -1, "extrude": 0, "visibility": -1, "drawOrder": null, "icon": null, "REG": "Metropolitana", "COM": "Providencia", "LOC": "Providencia", "ZONA": "UpR y Er", "NOM": "UpR y Er Zona de Uso preferente Residencial y Equipamiento restringido", "UPERM": "Revisar ordenaza local", "UPROH": "Revisar ordenaza local", "P_DO": "23/01/2007", "N_DOC": "101", "T_DO": "Decreto", "OBS": null }, "geometry": { "type": "MultiPolygon", "coordinates": [ [ [ [ -70.603625878450202, -33.444711867390197 ], [ -70.603612075780305, -33.444813113504303 ], [ -70.603588400711203, -33.444811065952202 ], [ -70.603338400655304, -33.444789451168198 ], [ -70.603335619659603, -33.4448120645364 ], [ -70.603306385433399, -33.445049778137097 ], [ -70.604350162186194, -33.445159637763197 ], [ -70.605396447551101, -33.445303108866902 ], [ -70.6054357882402, -33.445308502820602 ], [ -70.605474914328497, -33.445313867976502 ], [ -70.605599779398901, -33.445330989189898 ], [ -70.605641498165298, -33.445144365546497 ], [ -70.605671419077296, -33.445010513943998 ], [ -70.605537893275098, -33.444991565112602 ], [ -70.605524108086797, -33.4449896089981 ], [ -70.604390881196693, -33.444828785501699 ], [ -70.604387417037898, -33.444856930557101 ], [ -70.604378163534307, -33.444932122522303 ], [ -70.604066832805202, -33.444892413991397 ], [ -70.604077310923003, -33.4447598495953 ], [ -70.603629378541498, -33.4446861874994 ], [ -70.603625878450202, -33.444711867390197 ] ] ] ] } },
{ "type": "Feature", "properties": { "id": "ipt_13_prc_providencia_mono.119", "Name": null, "description": null, "timestamp": null, "begin": null, "end": null, "altitudeMode": null, "tessellate": -1, "extrude": 0, "visibility": -1, "drawOrder": null, "icon": null, "REG": "Metropolitana", "COM": "Providencia", "LOC": "Providencia", "ZONA": "UpR y Er", "NOM": "UpR y Er Zona de Uso preferente Residencial y Equipamiento restringido", "UPERM": "Revisar ordenaza local", "UPROH": "Revisar ordenaza local", "P_DO": "23/01/2007", "N_DOC": "101", "T_DO": "Decreto", "OBS": null }, "geometry": { "type": "MultiPolygon", "coordinates": [ [ [ [ -70.602545292576394, -33.444970888136197 ], [ -70.6025987875704, -33.444976335410701 ], [ -70.602643488927399, -33.444704423771 ], [ -70.602514343057294, -33.444685214833598 ], [ -70.602542832264106, -33.444441622930597 ], [ -70.602425746970496, -33.4444291416917 ], [ -70.601472825605498, -33.4443275540931 ], [ -70.601469627424507, -33.444349619091902 ], [ -70.601443197006304, -33.444531966820897 ], [ -70.601396452575202, -33.444854461292898 ], [ -70.601424134418494, -33.444857308839097 ], [ -70.601748401316499, -33.4448906604012 ], [ -70.601912666583303, -33.444906436694303 ], [ -70.602190085357094, -33.444934719886902 ], [ -70.602545292576394, -33.444970888136197 ] ] ] ] } },
{ "type": "Feature", "properties": { "id": "ipt_13_prc_providencia_mono.120", "Name": null, "description": null, "timestamp": null, "begin": null, "end": null, "altitudeMode": null, "tessellate": -1, "extrude": 0, "visibility": -1, "drawOrder": null, "icon": null, "REG": "Metropolitana", "COM": "Providencia", "LOC": "Providencia", "ZONA": "UpR y Er", "NOM": "UpR y Er Zona de Uso preferente Residencial y Equipamiento restringido", "UPERM": "Revisar ordenaza local", "UPROH": "Revisar ordenaza local", "P_DO": "23/01/2007", "N_DOC": "101", "T_DO": "Decreto", "OBS": null }, "geometry": { "type": "MultiPolygon", "coordinates": [ [ [ [ -70.600046173160493, -33.444184682640604 ], [ -70.600028224460004, -33.444375833482397 ], [ -70.600007461673798, -33.444374023617797 ], [ -70.599818405066998, -33.444357543813801 ], [ -70.599813407170799, -33.444396622557001 ], [ -70.599774892533603, -33.4446977838534 ], [ -70.600884559897494, -33.444803453313803 ], [ -70.600912010615005, -33.444580901381997 ], [ -70.600915326941703, -33.444554017273099 ], [ -70.600782849608294, -33.444542220228897 ], [ -70.600774919151306, -33.444541513681997 ], [ -70.600791060206802, -33.444395925115302 ], [ -70.600805927669796, -33.444261819808901 ], [ -70.600046173160493, -33.444184682640604 ] ] ] ] } },
{ "type": "Feature", "properties": { "id": "ipt_13_prc_providencia_mono.121", "Name": null, "description": null, "timestamp": null, "begin": null, "end": null, "altitudeMode": null, "tessellate": -1, "extrude": 0, "visibility": -1, "drawOrder": null, "icon": null, "REG": "Metropolitana", "COM": "Providencia", "LOC": "Providencia", "ZONA": "UpR y E-CC", "NOM": "UpR y E-CC Zona de Subzona de Uso preferentemente Residencial y de Equipamiento Culto y Cultura", "UPERM": "Revisar ordenaza local", "UPROH": "Revisar ordenaza local", "P_DO": "23/01/2007", "N_DOC": "101", "T_DO": "Decreto", "OBS": null }, "geometry": { "type": "MultiPolygon", "coordinates": [ [ [ [ -70.623965886495, -33.426472588428702 ], [ -70.624023843197904, -33.4266272990183 ], [ -70.624081721871903, -33.426777808958903 ], [ -70.624196071238202, -33.427003213214597 ], [ -70.624331462191194, -33.427282966608502 ], [ -70.624383788631903, -33.4274041349463 ], [ -70.624432672038694, -33.4276093873912 ], [ -70.624897570401501, -33.428100288931297 ], [ -70.625026365776094, -33.428011768305801 ], [ -70.625056075523602, -33.427991931866202 ], [ -70.6251095530246, -33.427922505137403 ], [ -70.625198683038604, -33.427778692477197 ], [ -70.625424479316095, -33.428006809412601 ], [ -70.625495782348096, -33.427947300790898 ], [ -70.625537376681805, -33.427917546120703 ], [ -70.625495782964407, -33.427867955808203 ], [ -70.625228392946696, -33.427634879349696 ], [ -70.625376942702303, -33.4273174967825 ], [ -70.625157089195298, -33.427029868383002 ], [ -70.625448247299502, -33.426638097684297 ], [ -70.625513609143695, -33.426578588475003 ], [ -70.626161286179396, -33.427515860673502 ], [ -70.6259414326978, -33.4276695929574 ], [ -70.626129133215002, -33.428043899009097 ], [ -70.626190995648201, -33.4281555813577 ], [ -70.626072156345003, -33.4282101304834 ], [ -70.626196938074699, -33.428378738346801 ], [ -70.626220706433799, -33.428418410256498 ], [ -70.626321720004299, -33.428398574504101 ], [ -70.626470269965907, -33.428314270909802 ], [ -70.626711518014602, -33.428172034055102 ], [ -70.626735818433204, -33.428191331016798 ], [ -70.626905253348298, -33.4282934771702 ], [ -70.6272546502192, -33.428504140937001 ], [ -70.627355695445104, -33.428320176907 ], [ -70.627364367516606, -33.428304389268199 ], [ -70.627956579407595, -33.427226182612799 ], [ -70.627971166925505, -33.427196297401203 ], [ -70.627886280751397, -33.4271337740212 ], [ -70.627212480862099, -33.426556595445703 ], [ -70.626893220000497, -33.426374668782401 ], [ -70.626472027897506, -33.426159713914799 ], [ -70.625947017964194, -33.425947646530503 ], [ -70.625607717921199, -33.425724368660497 ], [ -70.625008257691405, -33.425806671639101 ], [ -70.624041888211906, -33.425990176047897 ], [ -70.623904075493002, -33.426108148531 ], [ -70.623915906356899, -33.4262085244712 ], [ -70.623933583532093, -33.426351158567002 ], [ -70.623965886495, -33.426472588428702 ] ] ] ] } },
{ "type": "Feature", "properties": { "id": "ipt_13_prc_providencia_mono.122", "Name": null, "description": null, "timestamp": null, "begin": null, "end": null, "altitudeMode": null, "tessellate": -1, "extrude": 0, "visibility": -1, "drawOrder": null, "icon": null, "REG": "Metropolitana", "COM": "Providencia", "LOC": "Providencia", "ZONA": "UpAp e Ir", "NOM": "UpAp e Ir Zona de Uso preferentemente de Actividades Productivas e Industria restringida", "UPERM": "Revisar ordenaza local", "UPROH": "Revisar ordenaza local", "P_DO": "23/01/2007", "N_DOC": "101", "T_DO": "Decreto", "OBS": null }, "geometry": { "type": "MultiPolygon", "coordinates": [ [ [ [ -70.627966080395296, -33.447329352151698 ], [ -70.627934415313703, -33.447439098489603 ], [ -70.6277669354605, -33.447410707642497 ], [ -70.627432784223402, -33.448721481309001 ], [ -70.627565011588104, -33.448746521562803 ], [ -70.627533385701696, -33.448879837473797 ], [ -70.627688455081994, -33.448910778674701 ], [ -70.627645528945493, -33.449086401669 ], [ -70.627972028674506, -33.449145946717998 ], [ -70.628315815852602, -33.449204573927098 ], [ -70.628468069497103, -33.4486567277904 ], [ -70.628493731235494, -33.448661612275401 ], [ -70.628547987306703, -33.4484960326361 ], [ -70.6285978042457, -33.448506473383297 ], [ -70.628635075017897, -33.448368545061797 ], [ -70.628742552777297, -33.448392902769797 ], [ -70.628805803444394, -33.448183049515002 ], [ -70.628904086472801, -33.4482027563201 ], [ -70.628991519928306, -33.447850610339898 ], [ -70.628648281664994, -33.447794953734203 ], [ -70.628639485250602, -33.447793527170397 ], [ -70.628675155936193, -33.447679590456303 ], [ -70.628745731678606, -33.447691181512504 ], [ -70.628885005618301, -33.447714056300399 ], [ -70.628887665896002, -33.447705304270002 ], [ -70.628944844134196, -33.447517143049502 ], [ -70.628950873005394, -33.447497305666197 ], [ -70.628863077054305, -33.447481952197698 ], [ -70.628856726433, -33.447480841618798 ], [ -70.628883256184693, -33.447344366504403 ], [ -70.628898531303705, -33.447265782454203 ], [ -70.628485424872096, -33.447209190105397 ], [ -70.628488688636196, -33.447196637063101 ], [ -70.627837478697998, -33.4470997695623 ], [ -70.627829860396105, -33.447135309670003 ], [ -70.627794808491103, -33.447302968104196 ], [ -70.627966080395296, -33.447329352151698 ] ] ] ] } },
{ "type": "Feature", "properties": { "id": "ipt_13_prc_providencia_mono.123", "Name": null, "description": null, "timestamp": null, "begin": null, "end": null, "altitudeMode": null, "tessellate": -1, "extrude": 0, "visibility": -1, "drawOrder": null, "icon": null, "REG": "Metropolitana", "COM": "Providencia", "LOC": "Providencia", "ZONA": "UpAp e Ir", "NOM": "UpAp e Ir Zona de Uso preferentemente de Actividades Productivas e Industria restringida", "UPERM": "Revisar ordenaza local", "UPROH": "Revisar ordenaza local", "P_DO": "23/01/2007", "N_DOC": "101", "T_DO": "Decreto", "OBS": null }, "geometry": { "type": "MultiPolygon", "coordinates": [ [ [ [ -70.624688844736497, -33.446382112253602 ], [ -70.624661602623902, -33.446491573510897 ], [ -70.6246075289245, -33.446480991236498 ], [ -70.624597184380406, -33.4465153746781 ], [ -70.624388422550396, -33.447209235448298 ], [ -70.624403849475598, -33.447212254642203 ], [ -70.624373717284996, -33.447336487792903 ], [ -70.624339863352901, -33.447352679122602 ], [ -70.624331073505601, -33.447385006741101 ], [ -70.624356803679206, -33.447391112275 ], [ -70.624337096480104, -33.447451864314701 ], [ -70.624329753618696, -33.447474502655801 ], [ -70.624206542841904, -33.447454591214203 ], [ -70.6241861085621, -33.447582813211604 ], [ -70.624183499467804, -33.447599183134201 ], [ -70.624301395875904, -33.447625198367298 ], [ -70.624257017259097, -33.447763934692297 ], [ -70.624241137641903, -33.447759489307998 ], [ -70.624223303221797, -33.447810547376399 ], [ -70.624237462638803, -33.447814298346501 ], [ -70.624209545057894, -33.447896984915502 ], [ -70.624198122829497, -33.447894987310399 ], [ -70.624186403926899, -33.447934837576 ], [ -70.624184738730094, -33.447940498532297 ], [ -70.624112415493599, -33.447923788238498 ], [ -70.624003885238594, -33.448291162519901 ], [ -70.624476181545404, -33.448384082791897 ], [ -70.624821748617904, -33.448452070988701 ], [ -70.624866810890097, -33.448460936939298 ], [ -70.625167315132202, -33.448520059120703 ], [ -70.625183509233807, -33.448523244913602 ], [ -70.625362634600805, -33.448558485637001 ], [ -70.625682129547201, -33.448639757195501 ], [ -70.625778400912793, -33.448352797922901 ], [ -70.625885227805298, -33.448379904613297 ], [ -70.625890487247005, -33.448365259369901 ], [ -70.625896592410996, -33.448348259180499 ], [ -70.6259099651394, -33.448351525169997 ], [ -70.6260875996538, -33.448394907174603 ], [ -70.626091627941605, -33.448381564982398 ], [ -70.626262642845603, -33.447815205027901 ], [ -70.625962807186497, -33.447732613810501 ], [ -70.626029564059294, -33.447534885142701 ], [ -70.626052786307596, -33.447541197269203 ], [ -70.626259862023602, -33.447597482241598 ], [ -70.626263114309495, -33.447587927083603 ], [ -70.626293753800098, -33.4475003471238 ], [ -70.626191599062196, -33.447470483008999 ], [ -70.626279851210995, -33.447128788307403 ], [ -70.6262327083966, -33.447111074349301 ], [ -70.626241019507603, -33.447090714749599 ], [ -70.626300856568406, -33.446944020140101 ], [ -70.626314997002197, -33.446909355904197 ], [ -70.626283429715599, -33.4469049785991 ], [ -70.626301429731299, -33.4467897330887 ], [ -70.625900424953102, -33.446757515674697 ], [ -70.625949806402801, -33.446591419314302 ], [ -70.625956520481594, -33.446568836024603 ], [ -70.625713911137893, -33.446520532317699 ], [ -70.625700516897496, -33.446565447719301 ], [ -70.625593363902098, -33.446543110366001 ], [ -70.625587169264506, -33.446564018441997 ], [ -70.625569800739598, -33.446622637837002 ], [ -70.625531076370095, -33.446614504274898 ], [ -70.625041143937494, -33.446511600405898 ], [ -70.625054498057196, -33.446467342127299 ], [ -70.625063722552298, -33.446436765525497 ], [ -70.624694988540199, -33.4463554097279 ], [ -70.624688844736497, -33.446382112253602 ] ] ] ] } },
{ "type": "Feature", "properties": { "id": "ipt_13_prc_providencia_mono.124", "Name": null, "description": null, "timestamp": null, "begin": null, "end": null, "altitudeMode": null, "tessellate": -1, "extrude": 0, "visibility": -1, "drawOrder": null, "icon": null, "REG": "Metropolitana", "COM": "Providencia", "LOC": "Providencia", "ZONA": "PqI(p)", "NOM": "PqI(p) Zona de Parques Intercomunales", "UPERM": "Según art. 2.3.02 de la Ordenanza Local", "UPROH": "Según art. 2.3.02 de la Ordenanza Local", "P_DO": "23/01/2007", "N_DOC": "101", "T_DO": "Decreto", "OBS": null }, "geometry": { "type": "MultiPolygon", "coordinates": [ [ [ [ -70.613970170915493, -33.437858361125699 ], [ -70.614123861308599, -33.437892410268198 ], [ -70.614360378620304, -33.437182858764203 ], [ -70.614520601017006, -33.436728897570397 ], [ -70.614888465731497, -33.435621961872997 ], [ -70.614891811541696, -33.435611892621999 ], [ -70.614447794030298, -33.435579471356299 ], [ -70.613233834694498, -33.435490820696103 ], [ -70.612898561855104, -33.435469712838199 ], [ -70.612859539972305, -33.435466853888997 ], [ -70.611182243937904, -33.4353546597007 ], [ -70.610599284817297, -33.4353173635999 ], [ -70.610410502980201, -33.435313901413799 ], [ -70.610395610820007, -33.435315351987903 ], [ -70.610217386945493, -33.435332711896201 ], [ -70.609872452601607, -33.436632832624397 ], [ -70.6106259331102, -33.436786104105501 ], [ -70.610988603539198, -33.436864094203699 ], [ -70.611260860627496, -33.436936361877997 ], [ -70.611601191202197, -33.4370669503976 ], [ -70.611854279490601, -33.4371682001048 ], [ -70.612197707380304, -33.437315351234602 ], [ -70.612507920996705, -33.437442254327401 ], [ -70.612867411390198, -33.437572476481201 ], [ -70.6130438130714, -33.437631152792299 ], [ -70.613203999864396, -33.437680088095803 ], [ -70.613420855845106, -33.437733564207498 ], [ -70.613688130120494, -33.437793419854103 ], [ -70.613970170915493, -33.437858361125699 ] ] ] ] } },
{ "type": "Feature", "properties": { "id": "ipt_13_prc_providencia_mono.125", "Name": null, "description": null, "timestamp": null, "begin": null, "end": null, "altitudeMode": null, "tessellate": -1, "extrude": 0, "visibility": -1, "drawOrder": null, "icon": null, "REG": "Metropolitana", "COM": "Providencia", "LOC": "Providencia", "ZONA": "UpR y E", "NOM": "UpR y E Zona de Uso preferentemente Residencial y Eqipamiento", "UPERM": "Revisar ordenaza local", "UPROH": "Revisar ordenaza local", "P_DO": "23/01/2007", "N_DOC": "101", "T_DO": "Decreto", "OBS": null }, "geometry": { "type": "MultiPolygon", "coordinates": [ [ [ [ -70.602266867008495, -33.430133962867103 ], [ -70.602238645655405, -33.430230488454797 ], [ -70.602211155895205, -33.430222155363801 ], [ -70.602103198390907, -33.430207134103398 ], [ -70.602084426148807, -33.430281560741598 ], [ -70.601910576982206, -33.430970802596597 ], [ -70.601894320619806, -33.430968865333703 ], [ -70.601646328931693, -33.431905922235401 ], [ -70.601635664813202, -33.431946216912699 ], [ -70.601710667226598, -33.431963575220998 ], [ -70.601752842939106, -33.431973336600798 ], [ -70.601635137513099, -33.4323804016135 ], [ -70.601599243122493, -33.432372398810301 ], [ -70.601460983483506, -33.4328040850096 ], [ -70.601427002529505, -33.432796790639401 ], [ -70.601400698265905, -33.432791143070602 ], [ -70.601397374108103, -33.432803642152997 ], [ -70.601107651611002, -33.433892817335099 ], [ -70.601243947688701, -33.433922553917903 ], [ -70.601086867962493, -33.434381799300802 ], [ -70.601292471659207, -33.434436326026898 ], [ -70.601380549050305, -33.434457244728499 ], [ -70.601406809618894, -33.434454456187197 ], [ -70.601472293650204, -33.4344389015003 ], [ -70.601432616881596, -33.434586470808497 ], [ -70.601286667058801, -33.434569262967798 ], [ -70.600863709026697, -33.434457680618799 ], [ -70.600768160558005, -33.434785191901298 ], [ -70.600793899735606, -33.434792017470897 ], [ -70.600777695727203, -33.434839472016598 ], [ -70.600879056637396, -33.434873000385302 ], [ -70.600834913068397, -33.435010692566102 ], [ -70.600802974097206, -33.435003232794699 ], [ -70.600714869175803, -33.4349826540385 ], [ -70.600705536383998, -33.435014656203201 ], [ -70.600657037983694, -33.435180971077401 ], [ -70.600846734999394, -33.435220516946401 ], [ -70.600794173155506, -33.435395740350899 ], [ -70.600932015386903, -33.4354243831852 ], [ -70.600850983398402, -33.4356733204542 ], [ -70.601139857437204, -33.435740747086903 ], [ -70.601236260866401, -33.435764029376998 ], [ -70.6016579184828, -33.435864410993702 ], [ -70.601698835070195, -33.435874151644001 ], [ -70.6019504542014, -33.434918139368598 ], [ -70.601792659970698, -33.434880091340801 ], [ -70.601861265732893, -33.434673090628898 ], [ -70.602014261277901, -33.434712427071702 ], [ -70.602041278424693, -33.434719372948301 ], [ -70.602240276890797, -33.434149885565603 ], [ -70.602168235241393, -33.434132204380298 ], [ -70.602204234750303, -33.433987535773298 ], [ -70.602207192548903, -33.4339756492435 ], [ -70.602280742653207, -33.433989791955298 ], [ -70.602304867876896, -33.433994430376998 ], [ -70.602351506170706, -33.433837776842402 ], [ -70.602175788642697, -33.433799959980099 ], [ -70.602253332424496, -33.433530011795099 ], [ -70.602281747717996, -33.433536325410003 ], [ -70.6024254823447, -33.4330939331956 ], [ -70.602431680971804, -33.433074855028302 ], [ -70.602497045286995, -33.433086906541099 ], [ -70.602534480516695, -33.433093808764603 ], [ -70.602588183024494, -33.432918928832002 ], [ -70.6024053012694, -33.432878342428403 ], [ -70.602498712242294, -33.432578631375499 ], [ -70.602618382300506, -33.432606263629197 ], [ -70.602632863214396, -33.432609607153701 ], [ -70.602815414338195, -33.4320438683867 ], [ -70.602638238175103, -33.432005445995202 ], [ -70.602756711316303, -33.431674815150402 ], [ -70.602779254715998, -33.431679858119402 ], [ -70.602898934442706, -33.4312779007114 ], [ -70.602731393740299, -33.431289320062199 ], [ -70.602870238299204, -33.430778406802503 ], [ -70.602943894668996, -33.430774839355898 ], [ -70.602957882947905, -33.430774161619198 ], [ -70.6030377871448, -33.430477363610699 ], [ -70.603028587596199, -33.430475305507201 ], [ -70.603002894129503, -33.4304695592851 ], [ -70.603054998865801, -33.430266583253399 ], [ -70.602692437973801, -33.430196314622997 ], [ -70.602651200110103, -33.430188322551999 ], [ -70.602271396299997, -33.430118927557601 ], [ -70.602266867008495, -33.430133962867103 ] ] ] ] } },
{ "type": "Feature", "properties": { "id": "ipt_13_prc_providencia_mono.126", "Name": null, "description": null, "timestamp": null, "begin": null, "end": null, "altitudeMode": null, "tessellate": -1, "extrude": 0, "visibility": -1, "drawOrder": null, "icon": null, "REG": "Metropolitana", "COM": "Providencia", "LOC": "Providencia", "ZONA": "UpR y E", "NOM": "UpR y E Zona de Uso preferentemente Residencial y Eqipamiento", "UPERM": "Revisar ordenaza local", "UPROH": "Revisar ordenaza local", "P_DO": "23/01/2007", "N_DOC": "101", "T_DO": "Decreto", "OBS": null }, "geometry": { "type": "MultiPolygon", "coordinates": [ [ [ [ -70.599230411669495, -33.441503279104097 ], [ -70.599236633960203, -33.441506642047798 ], [ -70.599614795064596, -33.441579811947399 ], [ -70.599579142848597, -33.441758310312999 ], [ -70.599244014477705, -33.4417166607967 ], [ -70.599201232601004, -33.441835658698402 ], [ -70.599101407165705, -33.441829709060698 ], [ -70.599096258202295, -33.441905528681303 ], [ -70.599095847195699, -33.441905817158499 ], [ -70.598941951488698, -33.4429405811943 ], [ -70.598908986710796, -33.443162223638602 ], [ -70.598984534885105, -33.443169952900803 ], [ -70.598957795154305, -33.443329501317201 ], [ -70.598933163334394, -33.443476480728101 ], [ -70.598915743276294, -33.443475502344803 ], [ -70.598794978770698, -33.443468718692202 ], [ -70.598790758073704, -33.443499054920103 ], [ -70.598763545838196, -33.44369461062 ], [ -70.598728339044399, -33.443985578874802 ], [ -70.598725334943893, -33.444010402729603 ], [ -70.598907346291497, -33.444025981258903 ], [ -70.598939260849505, -33.4440287125514 ], [ -70.598928876265902, -33.4441103461577 ], [ -70.598925580316006, -33.444136263196 ], [ -70.599199687620001, -33.4441600172416 ], [ -70.599249141645899, -33.444164302427701 ], [ -70.599247215709596, -33.4441843272513 ], [ -70.599246154221504, -33.444195360457698 ], [ -70.5996647696427, -33.444246033133297 ], [ -70.599679992577606, -33.444145024268202 ], [ -70.599683685584097, -33.444122992603397 ], [ -70.599693652696303, -33.444063541338899 ], [ -70.599912611454101, -33.444083622472299 ], [ -70.599938911512893, -33.4439038478179 ], [ -70.599573809268406, -33.443868893590299 ], [ -70.599647661271803, -33.443237141867598 ], [ -70.599668586195904, -33.443239185084202 ], [ -70.5996865141543, -33.443240935993799 ], [ -70.599716491439594, -33.443025248861403 ], [ -70.599723728222003, -33.442973179160099 ], [ -70.5998429372912, -33.442978243253101 ], [ -70.599861590916404, -33.4429790351425 ], [ -70.599877927738106, -33.442875263076402 ], [ -70.599885254112493, -33.442828723160503 ], [ -70.600047710527306, -33.442840537433199 ], [ -70.600085893744705, -33.442843313792103 ], [ -70.6000978245889, -33.442728729655897 ], [ -70.600100668572793, -33.4427014187739 ], [ -70.600142179719398, -33.442700137198997 ], [ -70.599918295695403, -33.441927035889499 ], [ -70.599915481759993, -33.441917317058198 ], [ -70.599949262436894, -33.441882872949797 ], [ -70.600115883518797, -33.441712977800101 ], [ -70.600082288708606, -33.441693154367798 ], [ -70.599930449754297, -33.4416178419972 ], [ -70.600297874303493, -33.441063030522201 ], [ -70.600315759245206, -33.441037861240403 ], [ -70.600298839919304, -33.441007656238398 ], [ -70.600374433664996, -33.440979012207002 ], [ -70.600399885096706, -33.440969367724399 ], [ -70.600338378835701, -33.440874716889198 ], [ -70.600494830750904, -33.440346718556498 ], [ -70.600465393603301, -33.440341870619697 ], [ -70.600531282551799, -33.439989086308799 ], [ -70.600537909077403, -33.439953609166302 ], [ -70.600715689516804, -33.439983093786203 ], [ -70.600735460649503, -33.439986372816499 ], [ -70.600812378020905, -33.439711454672697 ], [ -70.600679807449296, -33.439683577975501 ], [ -70.600761199041401, -33.4393324989639 ], [ -70.600746384241305, -33.439330009982399 ], [ -70.600707096423506, -33.4393234089506 ], [ -70.600755037597196, -33.439116348306499 ], [ -70.600764283164295, -33.439076415640201 ], [ -70.600916738551007, -33.439098185309803 ], [ -70.600929789544693, -33.439100048627097 ], [ -70.6009607568121, -33.438984732479 ], [ -70.600967083565493, -33.4389611733218 ], [ -70.601011047925596, -33.438967872609503 ], [ -70.601016885821906, -33.438968762188701 ], [ -70.601044904909301, -33.438867461625897 ], [ -70.601057719119595, -33.438821131234697 ], [ -70.601111537834797, -33.4388261421606 ], [ -70.6011218647525, -33.438827103629698 ], [ -70.601156629528404, -33.4386582550854 ], [ -70.601057242453706, -33.4386394952475 ], [ -70.601089887323496, -33.438510939209699 ], [ -70.600886725864498, -33.438467033279302 ], [ -70.600965876058098, -33.4381906080718 ], [ -70.6009438197176, -33.438186518969303 ], [ -70.600604921749095, -33.438123681550501 ], [ -70.600504966452405, -33.438106390465599 ], [ -70.6004400967837, -33.438094171959698 ], [ -70.600434599407393, -33.438093136368501 ], [ -70.600108241512501, -33.438031666123898 ], [ -70.599992167939305, -33.438457406159799 ], [ -70.599960012672895, -33.438451999758897 ], [ -70.599834008212099, -33.438430813771802 ], [ -70.599831527159097, -33.438441916711703 ], [ -70.599731963274394, -33.438887400184903 ], [ -70.599881657191006, -33.438917919395799 ], [ -70.599822241563999, -33.439179572474302 ], [ -70.600046962255803, -33.4392156481359 ], [ -70.600098172413098, -33.439223868522802 ], [ -70.600196421904698, -33.439239640692797 ], [ -70.600176417710301, -33.439311650653501 ], [ -70.599489989600301, -33.439709697464203 ], [ -70.599487599861305, -33.439723376662599 ], [ -70.599471102055404, -33.439817793362003 ], [ -70.599387543971702, -33.440103295567603 ], [ -70.5996137770872, -33.440148098456802 ], [ -70.599893967438007, -33.440329968947999 ], [ -70.599893394049204, -33.440332075818297 ], [ -70.599613777414504, -33.440150577596398 ], [ -70.599387544292497, -33.440105774707497 ], [ -70.599307694016105, -33.440522358512801 ], [ -70.599251542762303, -33.440672296795803 ], [ -70.599343867978703, -33.440691129299999 ], [ -70.599255860717307, -33.441033603584899 ], [ -70.599342677346499, -33.441049664555003 ], [ -70.599236633642093, -33.441504162908402 ], [ -70.599230411669495, -33.441503279104097 ] ] ] ] } },
{ "type": "Feature", "properties": { "id": "ipt_13_prc_providencia_mono.127", "Name": null, "description": null, "timestamp": null, "begin": null, "end": null, "altitudeMode": null, "tessellate": -1, "extrude": 0, "visibility": -1, "drawOrder": null, "icon": null, "REG": "Metropolitana", "COM": "Providencia", "LOC": "Providencia", "ZONA": "UpR y E", "NOM": "UpR y E Zona de Uso preferentemente Residencial y Eqipamiento", "UPERM": "Revisar ordenaza local", "UPROH": "Revisar ordenaza local", "P_DO": "23/01/2007", "N_DOC": "101", "T_DO": "Decreto", "OBS": null }, "geometry": { "type": "MultiPolygon", "coordinates": [ [ [ [ -70.606586173432603, -33.440655723709099 ], [ -70.6065124215054, -33.441101449228498 ], [ -70.606493302834593, -33.441099160102198 ], [ -70.606181540561096, -33.441061832259102 ], [ -70.606177704175295, -33.441085794977198 ], [ -70.606129473199502, -33.441387017141899 ], [ -70.606454735549704, -33.441430525392398 ], [ -70.606378414691605, -33.441873330585103 ], [ -70.606360583588994, -33.441871280879397 ], [ -70.606226890812806, -33.441855915145403 ], [ -70.606160520505199, -33.442268519652501 ], [ -70.606133937076706, -33.442266107133797 ], [ -70.606058468877706, -33.442259259578002 ], [ -70.605976056130103, -33.442243787516396 ], [ -70.605890491640096, -33.4422437874953 ], [ -70.604877975511897, -33.442093056789197 ], [ -70.604811424930602, -33.442557148681999 ], [ -70.605949901194094, -33.4427007471011 ], [ -70.606077801206794, -33.4427219968617 ], [ -70.606023651096507, -33.443040756006603 ], [ -70.606043063063296, -33.443045745094501 ], [ -70.606170562433405, -33.443069158026297 ], [ -70.606193163541306, -33.4430733085537 ], [ -70.606071973248802, -33.443719303349297 ], [ -70.606103086134695, -33.443724118297901 ], [ -70.606123014994793, -33.443727202315003 ], [ -70.606079354296796, -33.443941156992899 ], [ -70.606066108351698, -33.443939266998598 ], [ -70.605717598317199, -33.443887156101397 ], [ -70.605714370557493, -33.443906506156097 ], [ -70.6056963133029, -33.444004402253498 ], [ -70.605684940022996, -33.444002618730202 ], [ -70.605646598486999, -33.444185445240201 ], [ -70.605958322726295, -33.444230966070798 ], [ -70.605919689024503, -33.444426688140403 ], [ -70.606002856997094, -33.444438840688903 ], [ -70.606014483733802, -33.444440539733499 ], [ -70.605968267760105, -33.444646974609697 ], [ -70.605952760414695, -33.444645021912301 ], [ -70.605665863862995, -33.444608895893097 ], [ -70.605660440689903, -33.444633044174203 ], [ -70.605633378656194, -33.444753556715 ], [ -70.605624601610899, -33.4447528542293 ], [ -70.6055820705689, -33.444749448706702 ], [ -70.605576633184199, -33.4447792489566 ], [ -70.605537893275098, -33.444991565112602 ], [ -70.605671419077296, -33.445010513943998 ], [ -70.605641498165298, -33.445144365546497 ], [ -70.605599779398901, -33.445330989189898 ], [ -70.605622266742699, -33.4453340726118 ], [ -70.606158424925397, -33.445407588162702 ], [ -70.606719206711603, -33.445476076490102 ], [ -70.606764264014103, -33.445209339110697 ], [ -70.606767949481494, -33.445187519296098 ], [ -70.606807517030205, -33.444953275740602 ], [ -70.606814484484005, -33.444912025783204 ], [ -70.6069518475731, -33.444924673795597 ], [ -70.606993734316504, -33.444679490647999 ], [ -70.606983469491695, -33.444678261934698 ], [ -70.606753780564304, -33.444650771452999 ], [ -70.606778983310903, -33.444486805422102 ], [ -70.606784348679398, -33.4444518980768 ], [ -70.6068970311659, -33.444460918710199 ], [ -70.606912619075203, -33.444462165913897 ], [ -70.606998058477103, -33.444003350273903 ], [ -70.607003259795405, -33.443975418919599 ], [ -70.607081479264707, -33.443985015067902 ], [ -70.607108808847798, -33.443988367331002 ], [ -70.607258127083298, -33.443101266293503 ], [ -70.607320812670196, -33.442728846081501 ], [ -70.607089276187594, -33.442704433688597 ], [ -70.606984400393102, -33.442693375765799 ], [ -70.606959100834004, -33.442690708701797 ], [ -70.606999509947997, -33.442460291418001 ], [ -70.607323282533997, -33.442498200901198 ], [ -70.607338937921099, -33.442500034276001 ], [ -70.607465883783902, -33.441744379228297 ], [ -70.607206219314804, -33.441708374288403 ], [ -70.607244832016207, -33.4414929425132 ], [ -70.607417194055401, -33.441514443307099 ], [ -70.607471682435602, -33.441231015730601 ], [ -70.607476355479704, -33.441206709354702 ], [ -70.607590393020502, -33.441217162010297 ], [ -70.607611525195296, -33.441083926212698 ], [ -70.607715566409794, -33.440427956161102 ], [ -70.607407812349905, -33.440392689683499 ], [ -70.607205815907705, -33.440369541161601 ], [ -70.607065542077606, -33.440350266481197 ], [ -70.606954597378206, -33.440291577448498 ], [ -70.606756331104194, -33.440264892450202 ], [ -70.606701136119696, -33.4402577022611 ], [ -70.606680531264402, -33.440255017576398 ], [ -70.606551905453102, -33.440238260791197 ], [ -70.606477642158197, -33.4406351775934 ], [ -70.606586173432603, -33.440655723709099 ] ] ] ] } },
{ "type": "Feature", "properties": { "id": "ipt_13_prc_providencia_mono.128", "Name": null, "description": null, "timestamp": null, "begin": null, "end": null, "altitudeMode": null, "tessellate": -1, "extrude": 0, "visibility": -1, "drawOrder": null, "icon": null, "REG": "Metropolitana", "COM": "Providencia", "LOC": "Providencia", "ZONA": "UpR y E", "NOM": "UpR y E Zona de Uso preferentemente Residencial y Eqipamiento", "UPERM": "Revisar ordenaza local", "UPROH": "Revisar ordenaza local", "P_DO": "23/01/2007", "N_DOC": "101", "T_DO": "Decreto", "OBS": null }, "geometry": { "type": "MultiPolygon", "coordinates": [ [ [ [ -70.604534947621403, -33.423159233208601 ], [ -70.604133974930406, -33.424620469248801 ], [ -70.604132852117104, -33.424624561875497 ], [ -70.603997748051, -33.425116900125801 ], [ -70.603846059608202, -33.425080561936902 ], [ -70.603408252059793, -33.424989127158803 ], [ -70.603277051207002, -33.4254934239598 ], [ -70.603640332495701, -33.425565082486202 ], [ -70.603540767534994, -33.425969146180798 ], [ -70.603509686025902, -33.425963227115503 ], [ -70.603383537136594, -33.425939205493499 ], [ -70.603379086130104, -33.425952804110899 ], [ -70.603316803281999, -33.426143136536801 ], [ -70.603366584592607, -33.426153720763701 ], [ -70.603296839938807, -33.426377700658399 ], [ -70.603234154616302, -33.426365196385603 ], [ -70.603044072589597, -33.426327280291602 ], [ -70.603041847669004, -33.426334668936803 ], [ -70.602995797285701, -33.426487535623203 ], [ -70.603018947627007, -33.426492963027997 ], [ -70.602989813971206, -33.4265799555657 ], [ -70.603121856579193, -33.426611177394598 ], [ -70.603016459509206, -33.427009660647101 ], [ -70.603094908791405, -33.427026759905303 ], [ -70.603141961302498, -33.427037015147398 ], [ -70.603002062121206, -33.427571227002801 ], [ -70.6027389898737, -33.427513077982098 ], [ -70.602695802065497, -33.427665741614099 ], [ -70.602693686337503, -33.427673222632301 ], [ -70.602756983384396, -33.427687595975698 ], [ -70.602812992304806, -33.427700313925499 ], [ -70.602708764801605, -33.428031440793298 ], [ -70.602742478448405, -33.428038859147499 ], [ -70.602819067688898, -33.428055711150897 ], [ -70.602682659173894, -33.428551752397802 ], [ -70.602656366206901, -33.428545599897802 ], [ -70.602631928995393, -33.428539880639299 ], [ -70.602629966646703, -33.428546403727701 ], [ -70.602530500855806, -33.428876927790803 ], [ -70.602563173526207, -33.428883050174697 ], [ -70.602469422453197, -33.429223335749803 ], [ -70.602424833272806, -33.429216669312702 ], [ -70.602385447943703, -33.429210780635302 ], [ -70.602348813243395, -33.429349926608602 ], [ -70.602851722732495, -33.429445981148298 ], [ -70.602896825144995, -33.429452298999003 ], [ -70.602923586825298, -33.429360087578402 ], [ -70.602965946740198, -33.4293653054443 ], [ -70.603249523578, -33.429428822533801 ], [ -70.603277401750205, -33.429435066233999 ], [ -70.603470663297003, -33.428842975184402 ], [ -70.603592684549497, -33.428870291210899 ], [ -70.603620241757397, -33.428876460528002 ], [ -70.603709769235493, -33.428598245300499 ], [ -70.603551959573394, -33.428558768284098 ], [ -70.603642202648302, -33.428234498815399 ], [ -70.603753217383797, -33.428259201025803 ], [ -70.603799959253394, -33.428269601609301 ], [ -70.603921277231606, -33.427936943384502 ], [ -70.603787472138507, -33.427902881918499 ], [ -70.603880106023098, -33.427635164328699 ], [ -70.603887987964697, -33.427612385725297 ], [ -70.604042557894303, -33.427646792647103 ], [ -70.604088577031803, -33.427657035636699 ], [ -70.604213456424304, -33.427272589137097 ], [ -70.603876950701803, -33.4271967984225 ], [ -70.603966746304295, -33.426943924708702 ], [ -70.6039703477188, -33.426933782074599 ], [ -70.604143134071606, -33.426967272388197 ], [ -70.604167687699402, -33.426972031198403 ], [ -70.604310334430593, -33.426474413338099 ], [ -70.604311416875504, -33.426470639580998 ], [ -70.6043733151065, -33.426485188029297 ], [ -70.604404273418695, -33.4264924648282 ], [ -70.6044561363355, -33.426279906599902 ], [ -70.604287687335997, -33.426246336237298 ], [ -70.604358040588707, -33.426014192649802 ], [ -70.6043266264398, -33.426007500711599 ], [ -70.604267095696898, -33.425994819068599 ], [ -70.604508591695705, -33.425226719603501 ], [ -70.604484351619007, -33.425221498662196 ], [ -70.604364232180501, -33.425194401407197 ], [ -70.604436039143295, -33.424957028141499 ], [ -70.604441660864794, -33.424938445224797 ], [ -70.604563867066105, -33.424962128115098 ], [ -70.604580166333704, -33.424965286480003 ], [ -70.604831151361395, -33.424184613739897 ], [ -70.604658643684402, -33.424146282326802 ], [ -70.604732003843793, -33.423911750309102 ], [ -70.604700600523302, -33.423905022237903 ], [ -70.604768754057403, -33.423703864178599 ], [ -70.604776698439906, -33.4236804173485 ], [ -70.604880301453605, -33.423702411661303 ], [ -70.604903822824198, -33.423707405553003 ], [ -70.604942245394795, -33.423630552552503 ], [ -70.604947388423099, -33.423613376359 ], [ -70.605050019415003, -33.423270606642802 ], [ -70.605039905516904, -33.423268381944702 ], [ -70.604615543396406, -33.423175037617398 ], [ -70.604534947621403, -33.423159233208601 ] ] ] ] } },
{ "type": "Feature", "properties": { "id": "ipt_13_prc_providencia_mono.129", "Name": null, "description": null, "timestamp": null, "begin": null, "end": null, "altitudeMode": null, "tessellate": -1, "extrude": 0, "visibility": -1, "drawOrder": null, "icon": null, "REG": "Metropolitana", "COM": "Providencia", "LOC": "Providencia", "ZONA": "UpR y E", "NOM": "UpR y E Zona de Uso preferentemente Residencial y Eqipamiento", "UPERM": "Revisar ordenaza local", "UPROH": "Revisar ordenaza local", "P_DO": "23/01/2007", "N_DOC": "101", "T_DO": "Decreto", "OBS": null }, "geometry": { "type": "MultiPolygon", "coordinates": [ [ [ [ -70.629551286321401, -33.436606733209203 ], [ -70.630087557766402, -33.436698370349397 ], [ -70.630118735340005, -33.436544421203799 ], [ -70.630024506536998, -33.436527764104298 ], [ -70.630041461608499, -33.436445220362003 ], [ -70.629998603736794, -33.436436239723697 ], [ -70.630065665052101, -33.436170911792203 ], [ -70.629970924626505, -33.436103178110997 ], [ -70.629841214720102, -33.436099364908003 ], [ -70.629734397060304, -33.436114624689097 ], [ -70.629650469863705, -33.436141328957198 ], [ -70.629553766393897, -33.4365950931602 ], [ -70.629551286321401, -33.436606733209203 ] ] ] ] } },
{ "type": "Feature", "properties": { "id": "ipt_13_prc_providencia_mono.130", "Name": null, "description": null, "timestamp": null, "begin": null, "end": null, "altitudeMode": null, "tessellate": -1, "extrude": 0, "visibility": -1, "drawOrder": null, "icon": null, "REG": "Metropolitana", "COM": "Providencia", "LOC": "Providencia", "ZONA": "UpR y Er", "NOM": "UpR y Er Zona de Uso preferente Residencial y Equipamiento restringido", "UPERM": "Revisar ordenaza local", "UPROH": "Revisar ordenaza local", "P_DO": "23/01/2007", "N_DOC": "101", "T_DO": "Decreto", "OBS": null }, "geometry": { "type": "MultiPolygon", "coordinates": [ [ [ [ -70.624886667189699, -33.429378607171301 ], [ -70.6251488394131, -33.429835514199802 ], [ -70.625366756897904, -33.430155566953403 ], [ -70.625376646453503, -33.430170092087899 ], [ -70.625515072811993, -33.430373396441198 ], [ -70.625603901132905, -33.430484123109402 ], [ -70.625747287977703, -33.430662857580401 ], [ -70.626073958320603, -33.430499792374498 ], [ -70.626194140698701, -33.430320577161297 ], [ -70.626523339006795, -33.429802766596602 ], [ -70.626354344197495, -33.429606619922303 ], [ -70.626300935261995, -33.429557027957799 ], [ -70.626043910747001, -33.429286835187597 ], [ -70.625707511843004, -33.429737465003001 ], [ -70.625422980377294, -33.429281870448897 ], [ -70.625341786480703, -33.429167783418301 ], [ -70.625322771705996, -33.429161833457101 ], [ -70.625199153626895, -33.429222768050401 ], [ -70.625180892871896, -33.429231245610197 ], [ -70.624886667189699, -33.429378607171301 ] ] ] ] } },
{ "type": "Feature", "properties": { "id": "ipt_13_prc_providencia_mono.131", "Name": null, "description": null, "timestamp": null, "begin": null, "end": null, "altitudeMode": null, "tessellate": -1, "extrude": 0, "visibility": -1, "drawOrder": null, "icon": null, "REG": "Metropolitana", "COM": "Providencia", "LOC": "Providencia", "ZONA": "UpR y E", "NOM": "UpR y E Zona de Uso preferentemente Residencial y Eqipamiento", "UPERM": "Revisar ordenaza local", "UPROH": "Revisar ordenaza local", "P_DO": "23/01/2007", "N_DOC": "101", "T_DO": "Decreto", "OBS": null }, "geometry": { "type": "MultiPolygon", "coordinates": [ [ [ [ -70.622622318067599, -33.448018936586003 ], [ -70.622636836138796, -33.447970093747003 ], [ -70.622675775771498, -33.4478519566023 ], [ -70.622805534377306, -33.447876739402297 ], [ -70.622855100863802, -33.4476981099439 ], [ -70.622721567888107, -33.447669530292401 ], [ -70.622789466926605, -33.447442801681703 ], [ -70.622856844897598, -33.447453775124998 ], [ -70.622922445463104, -33.447236221987303 ], [ -70.622928209435898, -33.4472141031045 ], [ -70.622734574167097, -33.447171566239 ], [ -70.622709200118095, -33.447166782295099 ], [ -70.622797759230707, -33.446874745975599 ], [ -70.622818588990796, -33.446878943679202 ], [ -70.622835569081602, -33.446882995174398 ], [ -70.622902990860496, -33.446664300827202 ], [ -70.623166372554707, -33.446719146900399 ], [ -70.623204230552503, -33.446571485217802 ], [ -70.623252127730098, -33.446581176808401 ], [ -70.623276087127095, -33.4464958962905 ], [ -70.623333751985797, -33.4463241118981 ], [ -70.623260205855601, -33.446307853575803 ], [ -70.623290825246997, -33.446213048198999 ], [ -70.623210283482194, -33.446196208680703 ], [ -70.623232808618795, -33.4461409986232 ], [ -70.622897367733401, -33.446076557208201 ], [ -70.622801326295701, -33.446057388885997 ], [ -70.622808435339806, -33.446032808439497 ], [ -70.622820331947295, -33.445991676263702 ], [ -70.622208221215203, -33.4458618273379 ], [ -70.622201232205597, -33.4458860454505 ], [ -70.622035287711796, -33.446461071835699 ], [ -70.622241033503997, -33.446504670632699 ], [ -70.622173924559107, -33.446746663843797 ], [ -70.622267846652704, -33.446766139940699 ], [ -70.622117222726203, -33.447307213108097 ], [ -70.622147011882703, -33.447313679031303 ], [ -70.622164011129101, -33.447317369634803 ], [ -70.622113535758601, -33.447497980336202 ], [ -70.622106624515496, -33.447496684655498 ], [ -70.621927877093697, -33.447463186469001 ], [ -70.621895509595007, -33.447574562973301 ], [ -70.621899474690593, -33.447575706924198 ], [ -70.621912321785899, -33.447579414007301 ], [ -70.621831833751102, -33.447863353021198 ], [ -70.622251836293202, -33.447946459669303 ], [ -70.622622318067599, -33.448018936586003 ] ] ] ] } },
{ "type": "Feature", "properties": { "id": "ipt_13_prc_providencia_mono.132", "Name": null, "description": null, "timestamp": null, "begin": null, "end": null, "altitudeMode": null, "tessellate": -1, "extrude": 0, "visibility": -1, "drawOrder": null, "icon": null, "REG": "Metropolitana", "COM": "Providencia", "LOC": "Providencia", "ZONA": "UpR y E", "NOM": "UpR y E Zona de Uso preferentemente Residencial y Eqipamiento", "UPERM": "Revisar ordenaza local", "UPROH": "Revisar ordenaza local", "P_DO": "23/01/2007", "N_DOC": "101", "T_DO": "Decreto", "OBS": null }, "geometry": { "type": "MultiPolygon", "coordinates": [ [ [ [ -70.621426590271696, -33.445687684318102 ], [ -70.621423037295003, -33.445702090629901 ], [ -70.621162865388698, -33.445650709622299 ], [ -70.621151073741103, -33.445648380177502 ], [ -70.621126414790496, -33.445738775637302 ], [ -70.621070071354396, -33.445945315478902 ], [ -70.620917658510706, -33.446484533137799 ], [ -70.621234901112999, -33.4465519324064 ], [ -70.621400236614406, -33.446586219389602 ], [ -70.621425932547197, -33.446591548610797 ], [ -70.621442139106094, -33.446594909694298 ], [ -70.621594631890204, -33.4460466288158 ], [ -70.621599338519701, -33.446029703929398 ], [ -70.621677351219304, -33.445749209910197 ], [ -70.621732488365097, -33.445760906855199 ], [ -70.621805216500505, -33.4455027291338 ], [ -70.621758832428597, -33.445493145235503 ], [ -70.621491874255597, -33.4454372083568 ], [ -70.621481311053898, -33.445465741543899 ], [ -70.621426590271696, -33.445687684318102 ] ] ] ] } },
{ "type": "Feature", "properties": { "id": "ipt_13_prc_providencia_mono.133", "Name": null, "description": null, "timestamp": null, "begin": null, "end": null, "altitudeMode": null, "tessellate": -1, "extrude": 0, "visibility": -1, "drawOrder": null, "icon": null, "REG": "Metropolitana", "COM": "Providencia", "LOC": "Providencia", "ZONA": "UpR y E", "NOM": "UpR y E Zona de Uso preferentemente Residencial y Eqipamiento", "UPERM": "Revisar ordenaza local", "UPROH": "Revisar ordenaza local", "P_DO": "23/01/2007", "N_DOC": "101", "T_DO": "Decreto", "OBS": null }, "geometry": { "type": "MultiPolygon", "coordinates": [ [ [ [ -70.620149233306904, -33.4448007553586 ], [ -70.620115214441398, -33.444915386106999 ], [ -70.620051751083906, -33.445129229623802 ], [ -70.620461773135901, -33.4452143659922 ], [ -70.620596739625995, -33.444802511496803 ], [ -70.6208016960572, -33.444844925461901 ], [ -70.620808412589298, -33.444826224773102 ], [ -70.620836826124403, -33.444747112677597 ], [ -70.620840263564403, -33.444736149275201 ], [ -70.621013761917297, -33.444182821838602 ], [ -70.620328165119602, -33.444038237708298 ], [ -70.620093345582106, -33.444746391975997 ], [ -70.620086263119106, -33.444767752399997 ], [ -70.620081433767297, -33.444782313338003 ], [ -70.620149233306904, -33.4448007553586 ] ] ] ] } },
{ "type": "Feature", "properties": { "id": "ipt_13_prc_providencia_mono.134", "Name": null, "description": null, "timestamp": null, "begin": null, "end": null, "altitudeMode": null, "tessellate": -1, "extrude": 0, "visibility": -1, "drawOrder": null, "icon": null, "REG": "Metropolitana", "COM": "Providencia", "LOC": "Providencia", "ZONA": "UpR y E", "NOM": "UpR y E Zona de Uso preferentemente Residencial y Eqipamiento", "UPERM": "Revisar ordenaza local", "UPROH": "Revisar ordenaza local", "P_DO": "23/01/2007", "N_DOC": "101", "T_DO": "Decreto", "OBS": null }, "geometry": { "type": "MultiPolygon", "coordinates": [ [ [ [ -70.626626510786906, -33.441078936865203 ], [ -70.627485435385495, -33.441306548726097 ], [ -70.627750689765605, -33.440440605175397 ], [ -70.627254751976096, -33.440345238279697 ], [ -70.626865632758694, -33.440265129992603 ], [ -70.626626510786906, -33.441078936865203 ] ] ] ] } },
{ "type": "Feature", "properties": { "id": "ipt_13_prc_providencia_mono.135", "Name": null, "description": null, "timestamp": null, "begin": null, "end": null, "altitudeMode": null, "tessellate": -1, "extrude": 0, "visibility": -1, "drawOrder": null, "icon": null, "REG": "Metropolitana", "COM": "Providencia", "LOC": "Providencia", "ZONA": "UpR y E", "NOM": "UpR y E Zona de Uso preferentemente Residencial y Eqipamiento", "UPERM": "Revisar ordenaza local", "UPROH": "Revisar ordenaza local", "P_DO": "23/01/2007", "N_DOC": "101", "T_DO": "Decreto", "OBS": null }, "geometry": { "type": "MultiPolygon", "coordinates": [ [ [ [ -70.623683443074697, -33.441991630173199 ], [ -70.623610540441902, -33.442220668625801 ], [ -70.623307181966595, -33.442152040033697 ], [ -70.623237133824802, -33.442417666941601 ], [ -70.623653070303305, -33.442515299647702 ], [ -70.623613803115305, -33.442626066251897 ], [ -70.623557101595495, -33.442613912625497 ], [ -70.6234310886082, -33.443020480044403 ], [ -70.623280180480194, -33.442986664185 ], [ -70.623209573050801, -33.4432198775826 ], [ -70.623331767072699, -33.443245194588599 ], [ -70.623333015428798, -33.443245453301202 ], [ -70.623344115646304, -33.4432477537203 ], [ -70.623276677180897, -33.4434746669519 ], [ -70.623057769801306, -33.443426947533801 ], [ -70.623010088152697, -33.443556421653497 ], [ -70.623217000823303, -33.4436019119535 ], [ -70.623142268578803, -33.443838366376603 ], [ -70.623127783680104, -33.443835411335499 ], [ -70.623013485374102, -33.443812092042897 ], [ -70.623012761888305, -33.443811944595801 ], [ -70.622998889256905, -33.443809114093099 ], [ -70.622547186518801, -33.443716957066698 ], [ -70.622515119833196, -33.443710414606599 ], [ -70.622448958555594, -33.443696916106703 ], [ -70.622350729558903, -33.443676875081501 ], [ -70.622344038922293, -33.443675509785997 ], [ -70.622137779439399, -33.443633427414198 ], [ -70.622136059272407, -33.443633076563401 ], [ -70.622034566083201, -33.443612369155503 ], [ -70.621903205769698, -33.444045978813399 ], [ -70.621861256482504, -33.4440400849277 ], [ -70.621771334845704, -33.444337903028497 ], [ -70.621933345004706, -33.444372048004197 ], [ -70.621937905737099, -33.444373009209301 ], [ -70.6225537922695, -33.4445028075625 ], [ -70.622559887664394, -33.444504092256501 ], [ -70.622686573388293, -33.444530791302903 ], [ -70.622701256764003, -33.444533885383102 ], [ -70.622529657590903, -33.445123431975198 ], [ -70.622474181606904, -33.445314024818302 ], [ -70.622569233890999, -33.445333905275803 ], [ -70.622562203554594, -33.445357514312001 ], [ -70.622542645477694, -33.445423200764203 ], [ -70.622967659845202, -33.4455082921748 ], [ -70.622972192476396, -33.445494169699899 ], [ -70.622975481615299, -33.4454839206307 ], [ -70.623299403668497, -33.445549077250902 ], [ -70.624413889075996, -33.4457732485441 ], [ -70.6246530330653, -33.444942071898502 ], [ -70.623849325535105, -33.444774465938302 ], [ -70.623642637089205, -33.444731361864797 ], [ -70.623707553720195, -33.444522391848402 ], [ -70.623713340472193, -33.444503765415803 ], [ -70.623822443516104, -33.4441525571591 ], [ -70.623670603466294, -33.4441180866691 ], [ -70.623718738261999, -33.4439468137736 ], [ -70.623867941429495, -33.443980650492797 ], [ -70.623973122031501, -33.443632085334301 ], [ -70.623908304919198, -33.443618741357 ], [ -70.624037868331001, -33.443172805406697 ], [ -70.624327801023995, -33.4432258801153 ], [ -70.624355508113894, -33.443110973859298 ], [ -70.624000179696793, -33.443035227105 ], [ -70.624058193483506, -33.4428394653306 ], [ -70.624064521853001, -33.442843962826998 ], [ -70.624120304918094, -33.442654118293298 ], [ -70.6244368603422, -33.442719334364597 ], [ -70.624599805267394, -33.442200101592498 ], [ -70.624627228373896, -33.442205468863598 ], [ -70.624671725632794, -33.442033103352102 ], [ -70.624676863969697, -33.442013354476103 ], [ -70.624652185671707, -33.442009809016398 ], [ -70.624713627456998, -33.441798796262098 ], [ -70.624101273602307, -33.441688382963299 ], [ -70.624190329328101, -33.441391526010896 ], [ -70.6242653424775, -33.441136228037699 ], [ -70.624082448258306, -33.441094734603602 ], [ -70.623649566332105, -33.440996526106602 ], [ -70.623641981705603, -33.4410224538588 ], [ -70.623421952204296, -33.441781499238502 ], [ -70.6234962896295, -33.441799614869197 ], [ -70.623447707002796, -33.441935099034502 ], [ -70.623683443074697, -33.441991630173199 ] ] ] ] } },
{ "type": "Feature", "properties": { "id": "ipt_13_prc_providencia_mono.136", "Name": null, "description": null, "timestamp": null, "begin": null, "end": null, "altitudeMode": null, "tessellate": -1, "extrude": 0, "visibility": -1, "drawOrder": null, "icon": null, "REG": "Metropolitana", "COM": "Providencia", "LOC": "Providencia", "ZONA": "UpR y E", "NOM": "UpR y E Zona de Uso preferentemente Residencial y Eqipamiento", "UPERM": "Revisar ordenaza local", "UPROH": "Revisar ordenaza local", "P_DO": "23/01/2007", "N_DOC": "101", "T_DO": "Decreto", "OBS": null }, "geometry": { "type": "MultiPolygon", "coordinates": [ [ [ [ -70.625214540587606, -33.442965295368097 ], [ -70.625119643169995, -33.443282947268102 ], [ -70.624961767372895, -33.443249523316901 ], [ -70.624905827657997, -33.4434588632949 ], [ -70.625057726721195, -33.443490133623101 ], [ -70.624952148549099, -33.443833635658201 ], [ -70.624981104354106, -33.443839596897703 ], [ -70.625132306707897, -33.443869984343003 ], [ -70.6251463600194, -33.4438728086296 ], [ -70.625219740666907, -33.4438875556678 ], [ -70.625220360457604, -33.4438876801118 ], [ -70.625236291513602, -33.443890881988601 ], [ -70.625759344370493, -33.443995997922599 ], [ -70.626006787873493, -33.4431571056829 ], [ -70.626010870147596, -33.443143265870603 ], [ -70.626014081384099, -33.443132381956502 ], [ -70.625781653633595, -33.443084075423997 ], [ -70.625399574700594, -33.443005065351599 ], [ -70.625214540587606, -33.442965295368097 ] ] ] ] } },
{ "type": "Feature", "properties": { "id": "ipt_13_prc_providencia_mono.137", "Name": null, "description": null, "timestamp": null, "begin": null, "end": null, "altitudeMode": null, "tessellate": -1, "extrude": 0, "visibility": -1, "drawOrder": null, "icon": null, "REG": "Metropolitana", "COM": "Providencia", "LOC": "Providencia", "ZONA": "UpR y E", "NOM": "UpR y E Zona de Uso preferentemente Residencial y Eqipamiento", "UPERM": "Revisar ordenaza local", "UPROH": "Revisar ordenaza local", "P_DO": "23/01/2007", "N_DOC": "101", "T_DO": "Decreto", "OBS": null }, "geometry": { "type": "MultiPolygon", "coordinates": [ [ [ [ -70.632905871116805, -33.444310686129597 ], [ -70.633105790459993, -33.443622332220102 ], [ -70.633206804863903, -33.443300050715798 ], [ -70.633251654236105, -33.443199007014798 ], [ -70.632774799135404, -33.443013585502399 ], [ -70.632962843648201, -33.442309177743098 ], [ -70.632287801929806, -33.442079794915102 ], [ -70.632283403717594, -33.442097902924701 ], [ -70.632122579062795, -33.442759968591098 ], [ -70.632122579189797, -33.442779042267297 ], [ -70.632003609351997, -33.443278146411402 ], [ -70.631884638269099, -33.4437772504441 ], [ -70.6318784386104, -33.443803256917597 ], [ -70.631853104496798, -33.4439095372135 ], [ -70.631851095801395, -33.443917964187001 ], [ -70.631811134159804, -33.444085607143997 ], [ -70.631987462574997, -33.444114084465603 ], [ -70.632561387399207, -33.444243733188202 ], [ -70.632657410837396, -33.444262632652297 ], [ -70.632905871116805, -33.444310686129597 ] ] ] ] } },
{ "type": "Feature", "properties": { "id": "ipt_13_prc_providencia_mono.138", "Name": null, "description": null, "timestamp": null, "begin": null, "end": null, "altitudeMode": null, "tessellate": -1, "extrude": 0, "visibility": -1, "drawOrder": null, "icon": null, "REG": "Metropolitana", "COM": "Providencia", "LOC": "Providencia", "ZONA": "UpR y E", "NOM": "UpR y E Zona de Uso preferentemente Residencial y Eqipamiento", "UPERM": "Revisar ordenaza local", "UPROH": "Revisar ordenaza local", "P_DO": "23/01/2007", "N_DOC": "101", "T_DO": "Decreto", "OBS": null }, "geometry": { "type": "MultiPolygon", "coordinates": [ [ [ [ -70.630610583278198, -33.446835055286201 ], [ -70.630967247342198, -33.446919600312903 ], [ -70.631171705344002, -33.446944874164302 ], [ -70.631243826060597, -33.446701849214101 ], [ -70.631244401223597, -33.446699933377097 ], [ -70.631512222954299, -33.445807988106203 ], [ -70.631452099901693, -33.445796196116497 ], [ -70.631428560205194, -33.445791251839701 ], [ -70.631213466048806, -33.445749393001101 ], [ -70.631005712354806, -33.445712210591402 ], [ -70.630921482339303, -33.445696882883603 ], [ -70.630610583278198, -33.446835055286201 ] ] ] ] } },
{ "type": "Feature", "properties": { "id": "ipt_13_prc_providencia_mono.139", "Name": null, "description": null, "timestamp": null, "begin": null, "end": null, "altitudeMode": null, "tessellate": -1, "extrude": 0, "visibility": -1, "drawOrder": null, "icon": null, "REG": "Metropolitana", "COM": "Providencia", "LOC": "Providencia", "ZONA": "UpR y E", "NOM": "UpR y E Zona de Uso preferentemente Residencial y Eqipamiento", "UPERM": "Revisar ordenaza local", "UPROH": "Revisar ordenaza local", "P_DO": "23/01/2007", "N_DOC": "101", "T_DO": "Decreto", "OBS": null }, "geometry": { "type": "MultiPolygon", "coordinates": [ [ [ [ -70.611500114942103, -33.4458145122004 ], [ -70.611456586010803, -33.4459775123821 ], [ -70.610975016277294, -33.445837558890403 ], [ -70.610782598388894, -33.446298382803697 ], [ -70.611168457753806, -33.446414387330101 ], [ -70.611285652696694, -33.446429919627803 ], [ -70.611601848649599, -33.446475488781402 ], [ -70.611647368587796, -33.446240192576603 ], [ -70.611789571702104, -33.446265381666898 ], [ -70.611873044912301, -33.445943967511901 ], [ -70.611733970700698, -33.445919946284697 ], [ -70.611799597367295, -33.445720548466298 ], [ -70.611962000982402, -33.445744441242603 ], [ -70.6119956001356, -33.445591293562003 ], [ -70.611852668661101, -33.445559298112201 ], [ -70.611999593161897, -33.445068685943603 ], [ -70.612159362486693, -33.445097537640102 ], [ -70.612188880259097, -33.444988778839203 ], [ -70.6121961300246, -33.444953505900699 ], [ -70.612244912844204, -33.444958032691801 ], [ -70.6123640337605, -33.444512524262002 ], [ -70.612459425459406, -33.444528063093102 ], [ -70.612471711958307, -33.444530064080197 ], [ -70.612516020949002, -33.444313033668998 ], [ -70.612520575805306, -33.444290722622803 ], [ -70.612553619733802, -33.444292201101298 ], [ -70.612628140789596, -33.443983760281697 ], [ -70.612635046211693, -33.443955178880103 ], [ -70.612494798966594, -33.443930736319601 ], [ -70.612554581810201, -33.443637023850698 ], [ -70.612589087026706, -33.4436424342436 ], [ -70.612652107505099, -33.443413887482698 ], [ -70.612658737543597, -33.443389842268402 ], [ -70.612678140352898, -33.4433924531983 ], [ -70.612734004063, -33.443140854868503 ], [ -70.612780852885294, -33.4429138964001 ], [ -70.612905270416107, -33.442931366923901 ], [ -70.612921133356593, -33.4428628106972 ], [ -70.612927695290196, -33.442834452891603 ], [ -70.613035524061601, -33.442368442340801 ], [ -70.612978387057893, -33.442359876998097 ], [ -70.613027073192299, -33.442112166813402 ], [ -70.613032944857096, -33.442079298899998 ], [ -70.613375408955804, -33.442129245841201 ], [ -70.613406697549294, -33.442103939086998 ], [ -70.613438577829299, -33.441958200274399 ], [ -70.613441316085897, -33.441945682380798 ], [ -70.613250974400501, -33.441916963107801 ], [ -70.613152048021902, -33.441902036274001 ], [ -70.613178363994294, -33.441828638241397 ], [ -70.613340014094703, -33.441333685314497 ], [ -70.613538481422694, -33.441366760088201 ], [ -70.613653259159506, -33.440955494457803 ], [ -70.613660572644804, -33.440929285816502 ], [ -70.613599722339899, -33.440916954322702 ], [ -70.613770504189304, -33.440284321900599 ], [ -70.613593785986495, -33.440252441599696 ], [ -70.613644139017794, -33.440039883618297 ], [ -70.613653873618006, -33.4399987929907 ], [ -70.613942546350899, -33.440046810658899 ], [ -70.613986467447106, -33.440054116418203 ], [ -70.61401157745, -33.439949994052498 ], [ -70.614117188668601, -33.439966515128098 ], [ -70.614145706285797, -33.439883940043003 ], [ -70.614183424477304, -33.439774725885798 ], [ -70.6141941728213, -33.4397436053044 ], [ -70.614042748815905, -33.439712170982602 ], [ -70.614082513004007, -33.4395541708477 ], [ -70.613965108012394, -33.439530883498797 ], [ -70.613984136806096, -33.439451894100003 ], [ -70.613887331383594, -33.439431810570198 ], [ -70.613876997431106, -33.439429666154503 ], [ -70.613881576474597, -33.4394122922698 ], [ -70.613899334729098, -33.4393449079666 ], [ -70.613659823628495, -33.439296878001102 ], [ -70.613642997640099, -33.439349729735802 ], [ -70.613368532114606, -33.440211805465097 ], [ -70.613017570646207, -33.441279947974202 ], [ -70.612825330922604, -33.441848299065697 ], [ -70.612818516942596, -33.441868442652698 ], [ -70.612773668820097, -33.442001034462201 ], [ -70.6127223136872, -33.4421683890534 ], [ -70.612681465815598, -33.442301501456903 ], [ -70.612654787166605, -33.442378000997699 ], [ -70.612567664063107, -33.442633421142901 ], [ -70.6125662784235, -33.442637483882997 ], [ -70.612410676003705, -33.443093664056697 ], [ -70.612237785230903, -33.443587351498302 ], [ -70.611957058051701, -33.444446227288303 ], [ -70.611917227133304, -33.444566797057099 ], [ -70.6119123944367, -33.444581425380903 ], [ -70.6118444167343, -33.444787194621803 ], [ -70.611841231273303, -33.444796837842901 ], [ -70.6116747626033, -33.445300740811902 ], [ -70.611516206636296, -33.445752249772703 ], [ -70.611500114942103, -33.4458145122004 ] ] ] ] } },
{ "type": "Feature", "properties": { "id": "ipt_13_prc_providencia_mono.140", "Name": null, "description": null, "timestamp": null, "begin": null, "end": null, "altitudeMode": null, "tessellate": -1, "extrude": 0, "visibility": -1, "drawOrder": null, "icon": null, "REG": "Metropolitana", "COM": "Providencia", "LOC": "Providencia", "ZONA": "UpR y E", "NOM": "UpR y E Zona de Uso preferentemente Residencial y Eqipamiento", "UPERM": "Revisar ordenaza local", "UPROH": "Revisar ordenaza local", "P_DO": "23/01/2007", "N_DOC": "101", "T_DO": "Decreto", "OBS": null }, "geometry": { "type": "MultiPolygon", "coordinates": [ [ [ [ -70.631297442037095, -33.436664358338803 ], [ -70.631229395877796, -33.436790101089898 ], [ -70.630905142763396, -33.436686989362002 ], [ -70.630894281856399, -33.436738772798002 ], [ -70.630878870574193, -33.436812723540797 ], [ -70.630670540270501, -33.437721817839297 ], [ -70.631273586564404, -33.437802186887701 ], [ -70.631303988339695, -33.4378062392259 ], [ -70.631313993114802, -33.437808658867802 ], [ -70.631871959267301, -33.4378980177394 ], [ -70.632218317759694, -33.438008614997599 ], [ -70.632248570971996, -33.4379480998792 ], [ -70.632472577305805, -33.437524005408903 ], [ -70.632449166840999, -33.4375138406944 ], [ -70.632521910337104, -33.437368582096603 ], [ -70.632538166752695, -33.437340910952898 ], [ -70.631584360773701, -33.437010618328998 ], [ -70.631681687076906, -33.436797451790298 ], [ -70.631321481410595, -33.436672685191397 ], [ -70.631297442037095, -33.436664358338803 ] ] ] ] } },
{ "type": "Feature", "properties": { "id": "ipt_13_prc_providencia_mono.141", "Name": null, "description": null, "timestamp": null, "begin": null, "end": null, "altitudeMode": null, "tessellate": -1, "extrude": 0, "visibility": -1, "drawOrder": null, "icon": null, "REG": "Metropolitana", "COM": "Providencia", "LOC": "Providencia", "ZONA": "UpR y ECr", "NOM": "UpR y ECr Zona de Uso preferentemente Residencial y Equipamiento Comercial restringido", "UPERM": "Revisar ordenaza local", "UPROH": "Revisar ordenaza local", "P_DO": "23/01/2007", "N_DOC": "101", "T_DO": "Decreto", "OBS": null }, "geometry": { "type": "MultiPolygon", "coordinates": [ [ [ [ -70.627263985027, -33.435461014575203 ], [ -70.627483924653305, -33.435514349810902 ], [ -70.627496412224801, -33.435517378381199 ], [ -70.627500960119207, -33.435502005603503 ], [ -70.627503640268102, -33.435492944903999 ], [ -70.627608255009406, -33.435518251446602 ], [ -70.627627142285306, -33.435522820192503 ], [ -70.627684915456001, -33.435324287657401 ], [ -70.627343020825506, -33.435175891631403 ], [ -70.627338696617102, -33.435191493238797 ], [ -70.627263985027, -33.435461014575203 ] ] ] ] } },
{ "type": "Feature", "properties": { "id": "ipt_13_prc_providencia_mono.142", "Name": null, "description": null, "timestamp": null, "begin": null, "end": null, "altitudeMode": null, "tessellate": -1, "extrude": 0, "visibility": -1, "drawOrder": null, "icon": null, "REG": "Metropolitana", "COM": "Providencia", "LOC": "Providencia", "ZONA": "UpR y ECr", "NOM": "UpR y ECr Zona de Uso preferentemente Residencial y Equipamiento Comercial restringido", "UPERM": "Revisar ordenaza local", "UPROH": "Revisar ordenaza local", "P_DO": "23/01/2007", "N_DOC": "101", "T_DO": "Decreto", "OBS": null }, "geometry": { "type": "MultiPolygon", "coordinates": [ [ [ [ -70.617067819807104, -33.429104799324797 ], [ -70.617591816582603, -33.429286680834103 ], [ -70.617609591678104, -33.429244972754198 ], [ -70.6180213773182, -33.429377507774603 ], [ -70.617941645702203, -33.429536199342202 ], [ -70.618260076629895, -33.429650807446897 ], [ -70.618256859263298, -33.4296646934718 ], [ -70.618655646027804, -33.4298214171829 ], [ -70.618697206832294, -33.429739400378601 ], [ -70.619068985444301, -33.429917214742602 ], [ -70.619051068626206, -33.429943499920903 ], [ -70.618967952545702, -33.430064660538399 ], [ -70.618959839790406, -33.430076486677002 ], [ -70.618863739571694, -33.430233284927297 ], [ -70.618353996889695, -33.431088000592602 ], [ -70.617995719057603, -33.431766489413697 ], [ -70.617986845209998, -33.431783974501798 ], [ -70.617673528421406, -33.4323717772373 ], [ -70.617643462790994, -33.432360956984603 ], [ -70.617572316664393, -33.432336082784801 ], [ -70.617511652316097, -33.432452303324197 ], [ -70.617432049389393, -33.432605076853697 ], [ -70.6174470547749, -33.432609818654903 ], [ -70.617390634691205, -33.432721476413199 ], [ -70.6173361439362, -33.4328315028175 ], [ -70.617367975451501, -33.432841433447201 ], [ -70.617330315321695, -33.432932317159697 ], [ -70.617229271451606, -33.432894047320097 ], [ -70.617182883853204, -33.432984588490697 ], [ -70.617266169707094, -33.4330192653103 ], [ -70.617186218292701, -33.433189481066798 ], [ -70.617175667472196, -33.4331858147426 ], [ -70.617095327096195, -33.433157896564602 ], [ -70.617093624196102, -33.433157304624899 ], [ -70.616305937821295, -33.432883582154801 ], [ -70.616450612021694, -33.432558067197803 ], [ -70.616238201623204, -33.432503468641798 ], [ -70.615951976842695, -33.432429895778398 ], [ -70.615848149052795, -33.432730993765603 ], [ -70.615733603952293, -33.433078722608201 ], [ -70.616087484470796, -33.433161555282702 ], [ -70.616488878199505, -33.433291138101197 ], [ -70.616478823928702, -33.433362852150601 ], [ -70.616411757108594, -33.433544473579602 ], [ -70.616527838386205, -33.433588892426897 ], [ -70.616248460861598, -33.434156926535998 ], [ -70.616174932058001, -33.434306424012398 ], [ -70.616289274497205, -33.4343519767854 ], [ -70.616160953711898, -33.4347172169347 ], [ -70.616128643474696, -33.434709459350501 ], [ -70.6161053861574, -33.4347038753207 ], [ -70.616058746052104, -33.434851511692401 ], [ -70.6160164288696, -33.434985464111897 ], [ -70.6159952958389, -33.434980460211797 ], [ -70.615859784570802, -33.434948374160903 ], [ -70.615850844574496, -33.434974340796899 ], [ -70.615836019462606, -33.435017403511303 ], [ -70.615819801956107, -33.435013846093199 ], [ -70.615704573101397, -33.434988574043999 ], [ -70.615589519257, -33.4349843465776 ], [ -70.615582461731606, -33.435014154824202 ], [ -70.615552568533602, -33.435140402286002 ], [ -70.615581264809904, -33.435153151855502 ], [ -70.615497092403601, -33.435410158017604 ], [ -70.616132590317093, -33.435571290211101 ], [ -70.616025882696903, -33.4359174723295 ], [ -70.616018649904404, -33.435915893698002 ], [ -70.615755132979203, -33.435858365849001 ], [ -70.615748253190603, -33.4358787882176 ], [ -70.615670161226902, -33.436110610023199 ], [ -70.615656030531596, -33.436107299552397 ], [ -70.615535102858502, -33.436078965057803 ], [ -70.615532044019005, -33.436089657358998 ], [ -70.615433537128894, -33.436434027676498 ], [ -70.615407573438603, -33.436428173063597 ], [ -70.6153485137785, -33.4364148540812 ], [ -70.615343779100698, -33.436436285588798 ], [ -70.615270398353999, -33.436768417928299 ], [ -70.615404780059606, -33.436801862116099 ], [ -70.615326363024195, -33.4370623725234 ], [ -70.6154838086685, -33.437100774721898 ], [ -70.615681584334993, -33.437149013243499 ], [ -70.615648925484294, -33.437259610264903 ], [ -70.615595873453699, -33.4374392692893 ], [ -70.615519170507795, -33.437791201454999 ], [ -70.615500967846401, -33.437787989119798 ], [ -70.615273610160699, -33.437747871644397 ], [ -70.615267068529505, -33.437773145946899 ], [ -70.615180861392901, -33.4381062028285 ], [ -70.615482504144296, -33.4381672120983 ], [ -70.615380765641802, -33.438514643751397 ], [ -70.615104507357003, -33.438466978974297 ], [ -70.615097282826397, -33.438499870020102 ], [ -70.615070912376794, -33.438619936278499 ], [ -70.615109820999706, -33.4386308827102 ], [ -70.615056337068793, -33.4388240186967 ], [ -70.615046659238203, -33.438823088715601 ], [ -70.615023549227502, -33.438820866419199 ], [ -70.615019674319001, -33.4388429630853 ], [ -70.6150048879244, -33.438927291230598 ], [ -70.614981401367402, -33.438922280857099 ], [ -70.614607002147494, -33.438842398336902 ], [ -70.614635765862403, -33.438743596872001 ], [ -70.613896611929206, -33.438578921501602 ], [ -70.613886306922595, -33.438610049818699 ], [ -70.6137559662494, -33.439003798194399 ], [ -70.613721496975501, -33.439109037961799 ], [ -70.613662198323297, -33.439289420504203 ], [ -70.613659823628495, -33.439296878001102 ], [ -70.613899334729098, -33.4393449079666 ], [ -70.613881576474597, -33.4394122922698 ], [ -70.613876997431106, -33.439429666154503 ], [ -70.613887331383594, -33.439431810570198 ], [ -70.613984136806096, -33.439451894100003 ], [ -70.613965108012394, -33.439530883498797 ], [ -70.614082513004007, -33.4395541708477 ], [ -70.614042748815905, -33.439712170982602 ], [ -70.6141941728213, -33.4397436053044 ], [ -70.614530834272202, -33.439810021873498 ], [ -70.614542668089896, -33.439812356828803 ], [ -70.614607501374607, -33.439571224750402 ], [ -70.614617221608, -33.439535075378799 ], [ -70.614806960144904, -33.439576031147602 ], [ -70.614661150256197, -33.4401548899123 ], [ -70.615082591554199, -33.4402281414405 ], [ -70.615020470356995, -33.4405051673914 ], [ -70.614813523976096, -33.440469085962398 ], [ -70.614776437688406, -33.4406174234582 ], [ -70.614769012831701, -33.440647122799298 ], [ -70.614735823117798, -33.4407798736705 ], [ -70.614724501503602, -33.4408251587191 ], [ -70.614700304896004, -33.440921938316897 ], [ -70.614691701241995, -33.440956351550298 ], [ -70.614639783732798, -33.441164011676697 ], [ -70.614765649547905, -33.441189574392098 ], [ -70.614676434321794, -33.441547479419398 ], [ -70.614772929398796, -33.441562868682603 ], [ -70.614799207996896, -33.441567059926498 ], [ -70.614741154687394, -33.4417876114194 ], [ -70.614521015632505, -33.4417519692254 ], [ -70.614384658133403, -33.4417308428268 ], [ -70.614359617222604, -33.441850189971603 ], [ -70.614311113979198, -33.442058495399003 ], [ -70.614260752570104, -33.442275267949597 ], [ -70.614404822192597, -33.442299038319902 ], [ -70.614337566305593, -33.442570365355103 ], [ -70.614304981187004, -33.442564934049102 ], [ -70.614291854552405, -33.442562745775398 ], [ -70.6142582399589, -33.442725590757298 ], [ -70.614226319200398, -33.442880231353499 ], [ -70.614213728558497, -33.442878583505603 ], [ -70.614120184091803, -33.442866341589799 ], [ -70.614117853629807, -33.442877060442697 ], [ -70.614068777576307, -33.4431027578336 ], [ -70.614320066091395, -33.443147208289197 ], [ -70.614284718830305, -33.4433286003555 ], [ -70.614217484509993, -33.443632445273401 ], [ -70.6142437520095, -33.443636875753597 ], [ -70.614186913652404, -33.443892953238098 ], [ -70.614165821812307, -33.443889646680297 ], [ -70.614107036519002, -33.443880429671097 ], [ -70.614066111984101, -33.444040161939299 ], [ -70.614029582351407, -33.444182740049897 ], [ -70.613862112959794, -33.444149358270103 ], [ -70.613827323208199, -33.444142423335997 ], [ -70.613823046330594, -33.444161312863997 ], [ -70.613732605878795, -33.4445607471405 ], [ -70.613892593141301, -33.444593024340698 ], [ -70.613858635040799, -33.444755982784301 ], [ -70.613902489894997, -33.444763126158897 ], [ -70.613762340792704, -33.445363444812898 ], [ -70.613877644128294, -33.445376337092704 ], [ -70.613867085143795, -33.445410460072203 ], [ -70.613805002744002, -33.445660157522497 ], [ -70.613851601623395, -33.445668019117797 ], [ -70.613799473483894, -33.445888934886497 ], [ -70.613775079184606, -33.445885544102197 ], [ -70.613661358471902, -33.445869735358002 ], [ -70.613653800704896, -33.445899327231501 ], [ -70.613567650070806, -33.446236654971102 ], [ -70.613636724108204, -33.4462485844683 ], [ -70.613680396687897, -33.446256127085903 ], [ -70.613603521672403, -33.446557704541299 ], [ -70.613591528003298, -33.4465557323269 ], [ -70.613436789753493, -33.446530287307802 ], [ -70.613433611439206, -33.446544143829399 ], [ -70.613426456500306, -33.446575337509501 ], [ -70.613390246917405, -33.4467332117217 ], [ -70.613431581743498, -33.446739167862901 ], [ -70.613531009283903, -33.446753495342698 ], [ -70.613631711813298, -33.446768006353203 ], [ -70.613644155095898, -33.446769799559299 ], [ -70.613879784696707, -33.446803753396601 ], [ -70.613876933337394, -33.446818008790203 ], [ -70.6138111202158, -33.447147084373199 ], [ -70.613734825436197, -33.447555267020803 ], [ -70.614032980101598, -33.447602559951399 ], [ -70.614296112312701, -33.447644296608601 ], [ -70.614345928834595, -33.447354908593702 ], [ -70.614349101922002, -33.447328352532601 ], [ -70.614103074193594, -33.447291946746901 ], [ -70.614196892782203, -33.446854809683501 ], [ -70.614329942895594, -33.446876231718498 ], [ -70.614574096525601, -33.4468342670921 ], [ -70.614893836767905, -33.446719645255698 ], [ -70.614740740843402, -33.446478990009602 ], [ -70.614967223595002, -33.446335166588 ], [ -70.614999916349305, -33.446318063133504 ], [ -70.615053359894105, -33.446314503591502 ], [ -70.614976809185407, -33.4461771076095 ], [ -70.614866977731594, -33.446166516012802 ], [ -70.614881059996407, -33.446041878048099 ], [ -70.614515253014801, -33.445986365044199 ], [ -70.614515416512702, -33.445985377213297 ], [ -70.614504708887196, -33.445984764532497 ], [ -70.614433632422603, -33.445980701214502 ], [ -70.614508286629302, -33.445468951514002 ], [ -70.6145243542787, -33.445470762366497 ], [ -70.614593454084599, -33.445045768974303 ], [ -70.614622713312301, -33.444865812509498 ], [ -70.614646562120797, -33.444863930012502 ], [ -70.614701072155697, -33.444592318882101 ], [ -70.614707657526694, -33.444559504741903 ], [ -70.614809977945498, -33.444573620408597 ], [ -70.6148309299343, -33.444576510224898 ], [ -70.614860742391002, -33.4444343882505 ], [ -70.6146947345391, -33.444415075183201 ], [ -70.614727233512198, -33.444231112938702 ], [ -70.614915918995607, -33.4442499808668 ], [ -70.614926387036604, -33.444251027712099 ], [ -70.614972669441102, -33.443940919828499 ], [ -70.614977130545995, -33.443911031831803 ], [ -70.615178343745995, -33.4439291076025 ], [ -70.615186676262198, -33.4439298557852 ], [ -70.615246666509194, -33.443646894712401 ], [ -70.615004853559299, -33.443622365946197 ], [ -70.615042195634203, -33.443389999641198 ], [ -70.615340213269803, -33.443419964578403 ], [ -70.615340973078901, -33.443420041254399 ], [ -70.615353731322301, -33.443421324265898 ], [ -70.615398239676196, -33.443212385162298 ], [ -70.615427306252499, -33.443075939875101 ], [ -70.615431296245305, -33.443057205541201 ], [ -70.615235134890696, -33.443034161971497 ], [ -70.6152521738357, -33.442916275294102 ], [ -70.615254233328898, -33.442902030183397 ], [ -70.6150952287732, -33.442884439039403 ], [ -70.615127547695707, -33.442679805426501 ], [ -70.6150696603288, -33.442675291939103 ], [ -70.615089051807004, -33.442501909268998 ], [ -70.615092422888097, -33.442471776637902 ], [ -70.615187235632604, -33.442479392941699 ], [ -70.615228249776806, -33.442250357882202 ], [ -70.615249674695207, -33.442252618310803 ], [ -70.615286461922196, -33.442036164742298 ], [ -70.615308482003698, -33.441997706915899 ], [ -70.615310761957005, -33.441981777014199 ], [ -70.615315411488396, -33.441949297386202 ], [ -70.615459608916694, -33.4419621635274 ], [ -70.615472921332895, -33.441963351831802 ], [ -70.615521875818104, -33.441655080174797 ], [ -70.615612793036703, -33.441664984373297 ], [ -70.615642805918498, -33.441495259915101 ], [ -70.6156479874615, -33.441465954102803 ], [ -70.615738516989396, -33.441478571465602 ], [ -70.615849644414894, -33.440911262494801 ], [ -70.615613428446594, -33.4408811732863 ], [ -70.615644585069802, -33.4406970280452 ], [ -70.615629462502, -33.440695378158502 ], [ -70.615578321724499, -33.440689799383797 ], [ -70.615629371078199, -33.440459002884197 ], [ -70.615635012458597, -33.440433498611299 ], [ -70.6159609739762, -33.440467287102003 ], [ -70.615970359123196, -33.440468259601801 ], [ -70.616101401617499, -33.439865986500998 ], [ -70.616107978225003, -33.439835759748497 ], [ -70.616230772560201, -33.439858019754297 ], [ -70.616208924113707, -33.439969019765698 ], [ -70.6164129110917, -33.440005591080599 ], [ -70.616424915642895, -33.440007267997103 ], [ -70.616821175849793, -33.440063942467098 ], [ -70.616837773312099, -33.439954402365501 ], [ -70.616840067173996, -33.439954777374297 ], [ -70.617243012916205, -33.440020676526501 ], [ -70.617203943857007, -33.440215891608503 ], [ -70.617641515415599, -33.440287012105799 ], [ -70.617657841989995, -33.440289666010003 ], [ -70.6176804742218, -33.440189809405602 ], [ -70.617684149007204, -33.440173597028199 ], [ -70.617777574182497, -33.440186557516299 ], [ -70.6178015300044, -33.440057532814699 ], [ -70.6186179728182, -33.440190042490897 ], [ -70.618581047903604, -33.440347291713401 ], [ -70.618899448052403, -33.440405288848098 ], [ -70.618914743404801, -33.4404080750924 ], [ -70.618930181486704, -33.440371411562403 ], [ -70.618936414434103, -33.440356610482297 ], [ -70.619138404623499, -33.440387154762902 ], [ -70.619165055538005, -33.440303073477899 ], [ -70.619169130235605, -33.440290220571399 ], [ -70.619654334219007, -33.440366676565603 ], [ -70.619650408812404, -33.4403833332643 ], [ -70.619644364586193, -33.440408976433901 ], [ -70.620007090561501, -33.440464316533898 ], [ -70.620007689231002, -33.440496520317801 ], [ -70.620108344975307, -33.4405142941267 ], [ -70.620086372298402, -33.440589016587701 ], [ -70.620253333483703, -33.440620370273002 ], [ -70.620235980346393, -33.440682039706402 ], [ -70.620365235850102, -33.440708205346198 ], [ -70.620378403168104, -33.440710622414301 ], [ -70.620403427670595, -33.440611851472902 ], [ -70.620405112929305, -33.440602923865001 ], [ -70.620496361603301, -33.440626174472797 ], [ -70.620536942883604, -33.440636514724702 ], [ -70.620537905554698, -33.440632577373002 ], [ -70.6205637895455, -33.4405267608849 ], [ -70.6210215822896, -33.440631454379499 ], [ -70.621018133422496, -33.4406408694961 ], [ -70.620997471983898, -33.4406972759081 ], [ -70.621602002110507, -33.4408305602742 ], [ -70.6224888991634, -33.441026094043004 ], [ -70.622497379566298, -33.440996666351801 ], [ -70.622503979617804, -33.440973765466801 ], [ -70.622722824558096, -33.441022524815402 ], [ -70.622736963806602, -33.440979390069799 ], [ -70.622964141062695, -33.441028314087902 ], [ -70.622953121410802, -33.441070811910897 ], [ -70.623500236336696, -33.4411972351486 ], [ -70.623571719440207, -33.440978865041302 ], [ -70.623649566332105, -33.440996526106602 ], [ -70.624082448258306, -33.441094734603602 ], [ -70.624153622559902, -33.441110882006399 ], [ -70.624169618531397, -33.441049031450198 ], [ -70.622600932816297, -33.4407188071552 ], [ -70.622643714818594, -33.4405730317579 ], [ -70.621923545680502, -33.440424282017197 ], [ -70.621937806207399, -33.440349906346299 ], [ -70.622397716192197, -33.440439156563698 ], [ -70.622782756919605, -33.440522457166303 ], [ -70.623018060480007, -33.440578981789301 ], [ -70.623067973599703, -33.4405789822071 ], [ -70.624173183979906, -33.440828882213196 ], [ -70.624208835485305, -33.440816982665702 ], [ -70.624230272708701, -33.440765488682999 ], [ -70.624114774337599, -33.440735985067697 ], [ -70.624214599677103, -33.440426584121496 ], [ -70.624257381664705, -33.440430550843502 ], [ -70.624285903550202, -33.4403115504062 ], [ -70.624309671848295, -33.4402679168861 ], [ -70.624095759628105, -33.440212383378402 ], [ -70.6241718176083, -33.440029915299696 ], [ -70.624043470051802, -33.439990248549798 ], [ -70.624071991273496, -33.439910914275103 ], [ -70.624319178757304, -33.439954547831398 ], [ -70.624338192516603, -33.439954547633697 ], [ -70.624417778854493, -33.439735941926699 ], [ -70.624409900444306, -33.439734261327501 ], [ -70.6232394706511, -33.439484620947198 ], [ -70.623237447868206, -33.439484189300103 ], [ -70.6229820616214, -33.439429716255603 ], [ -70.622056408910197, -33.439241435738701 ], [ -70.621998080544302, -33.439471056468101 ], [ -70.621983566061004, -33.439487045526803 ], [ -70.621972930369395, -33.439493955611198 ], [ -70.621950154826393, -33.439499896317201 ], [ -70.621913634011307, -33.439490217653201 ], [ -70.621599560984905, -33.439415933270602 ], [ -70.621555042666003, -33.439529336388503 ], [ -70.621335189143096, -33.440168967438403 ], [ -70.621210407421302, -33.4401293007055 ], [ -70.621493151482596, -33.439390765134398 ], [ -70.621433213702801, -33.439410651583998 ], [ -70.621137855129405, -33.439513383398001 ], [ -70.621114519771893, -33.439521500174997 ], [ -70.621114838636302, -33.439456066353998 ], [ -70.621115087095006, -33.439405062751099 ], [ -70.621092575671398, -33.439400627886698 ], [ -70.620725194170205, -33.439328249422601 ], [ -70.620706434343703, -33.439385624755097 ], [ -70.620687985931994, -33.4394420472875 ], [ -70.6206828308719, -33.4394578155541 ], [ -70.620178949790301, -33.4394912855904 ], [ -70.620175448963096, -33.439545931811203 ], [ -70.620062340220997, -33.439661942393201 ], [ -70.620053637662096, -33.439658916832002 ], [ -70.619832694310205, -33.439609446900803 ], [ -70.6198307159883, -33.439618061788899 ], [ -70.619788809591697, -33.439800588021903 ], [ -70.619787668221704, -33.439805561202 ], [ -70.619780712350007, -33.439835858916801 ], [ -70.619273303289106, -33.43973239764 ], [ -70.619256467495006, -33.439728965102901 ], [ -70.619312249166299, -33.439501867863498 ], [ -70.619315735194903, -33.439487671696597 ], [ -70.618963802107103, -33.439417821478898 ], [ -70.618960811679102, -33.439432178906202 ], [ -70.618929309847104, -33.439583390001502 ], [ -70.618914296235104, -33.439580822829697 ], [ -70.618670063042302, -33.439539052637102 ], [ -70.618665798168905, -33.439558058503202 ], [ -70.618650085746694, -33.439628077119799 ], [ -70.618622406462904, -33.439623449545998 ], [ -70.618356075097594, -33.439578929856602 ], [ -70.618365541814399, -33.439536453570497 ], [ -70.617996153733998, -33.439480946607802 ], [ -70.618007365021697, -33.439409309397398 ], [ -70.617943405721206, -33.439398093779197 ], [ -70.617952002205399, -33.439324609473303 ], [ -70.617817093072404, -33.439301316123903 ], [ -70.617844433817297, -33.4391643544026 ], [ -70.617808976160305, -33.439157621358603 ], [ -70.617817932089906, -33.439116937399803 ], [ -70.617822532042396, -33.439096039652703 ], [ -70.617668384298696, -33.439071207933502 ], [ -70.617662992677197, -33.439093615750799 ], [ -70.617601007915098, -33.4393512607448 ], [ -70.617584218365593, -33.439348863579298 ], [ -70.616984129725907, -33.439263181224497 ], [ -70.616363753522705, -33.4391633852252 ], [ -70.616377256960305, -33.439073344329202 ], [ -70.616287826932407, -33.439059386459697 ], [ -70.616302289003997, -33.438992494824902 ], [ -70.616307486185093, -33.438968458181101 ], [ -70.615933581875495, -33.438910696988501 ], [ -70.615967576384406, -33.438721932439698 ], [ -70.616011618717394, -33.438552957488398 ], [ -70.616309043029801, -33.438600183779897 ], [ -70.616320612553295, -33.438602020594502 ], [ -70.616382623828898, -33.438331472397699 ], [ -70.616384132437602, -33.438324889196203 ], [ -70.616368539658694, -33.438322397800199 ], [ -70.616426641510898, -33.438003994316098 ], [ -70.616429752333602, -33.437986944303901 ], [ -70.6165291266107, -33.437442363371403 ], [ -70.6166299369238, -33.4374546630483 ], [ -70.616643065940806, -33.437456264865901 ], [ -70.616659308932299, -33.437319329906401 ], [ -70.616571805036003, -33.437296848227199 ], [ -70.616599291079197, -33.4371676405801 ], [ -70.616438192544805, -33.437142899688901 ], [ -70.6164879775516, -33.436915771691602 ], [ -70.6165882749319, -33.436931070380503 ], [ -70.616633495721302, -33.436725237279802 ], [ -70.616661088263299, -33.436599638258699 ], [ -70.6166989022731, -33.436427517503397 ], [ -70.616606229942903, -33.436412469387697 ], [ -70.616636103307002, -33.436281098663102 ], [ -70.616659686388999, -33.436177396096603 ], [ -70.616576636571807, -33.436164877484003 ], [ -70.616584657692599, -33.436124577334603 ], [ -70.616617625885894, -33.435958948033402 ], [ -70.616672195366206, -33.435965927360598 ], [ -70.616744678716898, -33.435982139616499 ], [ -70.616782690014404, -33.4358262997401 ], [ -70.616820700095303, -33.4356704589648 ], [ -70.616826663932798, -33.435651468870503 ], [ -70.617165254131393, -33.435700102638698 ], [ -70.617235088879099, -33.435372071052797 ], [ -70.617240762009502, -33.435345419156199 ], [ -70.617031626758404, -33.435318226658197 ], [ -70.617023948683197, -33.435317227457197 ], [ -70.617043394016704, -33.435207251520502 ], [ -70.617045197870496, -33.435197049012999 ], [ -70.616949344189294, -33.435174645789999 ], [ -70.616931579586094, -33.435170493644399 ], [ -70.616968921749105, -33.435043209034099 ], [ -70.617004310276599, -33.434922581063702 ], [ -70.617035136019894, -33.434930207170503 ], [ -70.617141640497806, -33.434654746769198 ], [ -70.617150453913197, -33.434631951638003 ], [ -70.617382394906102, -33.434695776524897 ], [ -70.617540341525498, -33.434373717149001 ], [ -70.617546100780004, -33.434361973207601 ], [ -70.617465926224298, -33.434335579032499 ], [ -70.6175391582385, -33.434150848301201 ], [ -70.617603967439095, -33.434170109184898 ], [ -70.617630704029906, -33.434178054534797 ], [ -70.617880266927003, -33.433723920138704 ], [ -70.617883070969796, -33.433718817056899 ], [ -70.618423800692199, -33.433903364658299 ], [ -70.618862160423404, -33.434010429001098 ], [ -70.618880073151004, -33.434014804397201 ], [ -70.618909715575299, -33.433834503647901 ], [ -70.619615417569705, -33.434001391266499 ], [ -70.619618871697696, -33.433987748323801 ], [ -70.6196500007362, -33.433864787234398 ], [ -70.619657441012606, -33.433835396735802 ], [ -70.6203062028288, -33.434029490217704 ], [ -70.620323308741902, -33.434034608234498 ], [ -70.620350737426705, -33.433969605581801 ], [ -70.620355200357594, -33.433959029193801 ], [ -70.620577572987798, -33.434020764548002 ], [ -70.620793030631205, -33.434080580605197 ], [ -70.620795885429999, -33.434070001775503 ], [ -70.620799383250301, -33.434057040918802 ], [ -70.621209859693096, -33.434126605170498 ], [ -70.6212545355788, -33.433998765344398 ], [ -70.621792272205795, -33.434235188936498 ], [ -70.621932871293296, -33.434297004762598 ], [ -70.622960398150795, -33.434748760416198 ], [ -70.622966760949495, -33.434729898296503 ], [ -70.623061158706605, -33.434446705071203 ], [ -70.623064105809505, -33.434437862815201 ], [ -70.623111723178795, -33.434295011659202 ], [ -70.623134612508295, -33.434230160736597 ], [ -70.623253597802602, -33.4338706193005 ], [ -70.623255867610595, -33.433863760917603 ], [ -70.623310093243603, -33.433699904289 ], [ -70.623394017954297, -33.4333794615861 ], [ -70.623798396190296, -33.433242126803599 ], [ -70.624080696432699, -33.4331238663327 ], [ -70.624385885972899, -33.432975088611201 ], [ -70.624559440592094, -33.4328595277142 ], [ -70.624585757555906, -33.432842003928698 ], [ -70.624593530179993, -33.432836079868899 ], [ -70.624794483295901, -33.432682920350203 ], [ -70.624833359889294, -33.432653165433301 ], [ -70.624577403170605, -33.432459239048903 ], [ -70.624515411826494, -33.432509293029597 ], [ -70.624462995773399, -33.432468120324799 ], [ -70.623914625248602, -33.432037384612698 ], [ -70.6239585217821, -33.431982349913902 ], [ -70.623995205025906, -33.431942075258299 ], [ -70.623999266185805, -33.431937616622001 ], [ -70.6238102343478, -33.431840774403497 ], [ -70.623639746711504, -33.4320076479951 ], [ -70.623511573741396, -33.431898503745302 ], [ -70.623506729938399, -33.431894379058797 ], [ -70.623654639895506, -33.431743663602603 ], [ -70.623374695886497, -33.431552700092503 ], [ -70.623517469108407, -33.431395256745098 ], [ -70.623318004976397, -33.431231074367801 ], [ -70.623293996180706, -33.431255459466698 ], [ -70.623262192732497, -33.431287760973198 ], [ -70.623218970003407, -33.4312531796973 ], [ -70.6230663276055, -33.431131056848798 ], [ -70.623054373569403, -33.431143066996597 ], [ -70.622857543065706, -33.431321454425699 ], [ -70.622736271969103, -33.4312235802782 ], [ -70.6227236312061, -33.431213378242703 ], [ -70.622599557307595, -33.431113241863898 ], [ -70.622769231163701, -33.430947874662898 ], [ -70.622718133309505, -33.430911320247397 ], [ -70.622500079224494, -33.430755328518899 ], [ -70.622489167275404, -33.430766870454597 ], [ -70.622329640313794, -33.430935598222497 ], [ -70.622077669478003, -33.430733979383902 ], [ -70.622170330196994, -33.430634064412303 ], [ -70.621818064022406, -33.430354851221203 ], [ -70.621767389097599, -33.430411353639798 ], [ -70.621343312381498, -33.430884199898301 ], [ -70.621333313631396, -33.430895348319403 ], [ -70.621686161707302, -33.431119884377203 ], [ -70.6216925727351, -33.4311239642917 ], [ -70.621709696261505, -33.431108085441302 ], [ -70.621744467743895, -33.431075842002102 ], [ -70.622018292078906, -33.431262587608103 ], [ -70.621988388818906, -33.431293971125903 ], [ -70.622430841817703, -33.431591815169902 ], [ -70.6224496603798, -33.4316044831752 ], [ -70.622577488848606, -33.431690532642001 ], [ -70.622617612612601, -33.431644552564102 ], [ -70.622630724777807, -33.431650491793597 ], [ -70.622857344899799, -33.4317531413962 ], [ -70.622793440399604, -33.431848479803101 ], [ -70.623060695954706, -33.431959923048701 ], [ -70.623022304002504, -33.432037735101098 ], [ -70.623099590446898, -33.432067442561603 ], [ -70.6231764489998, -33.432096984226199 ], [ -70.623167689833394, -33.432111677898803 ], [ -70.623155951824003, -33.432131367933501 ], [ -70.623332754658705, -33.432207616491297 ], [ -70.623206075900697, -33.432431422165699 ], [ -70.623300101652305, -33.432479526873799 ], [ -70.623219051550706, -33.4326181506095 ], [ -70.623204329840704, -33.432643330378099 ], [ -70.623154255122301, -33.432631518959802 ], [ -70.623139158501701, -33.432627958645398 ], [ -70.623093683825005, -33.432729121669098 ], [ -70.623008355578506, -33.432706573605799 ], [ -70.622971968845903, -33.432696957472501 ], [ -70.622919473875001, -33.432812177186499 ], [ -70.623163569087396, -33.4328991571712 ], [ -70.623061100090396, -33.433193867932701 ], [ -70.622712526416905, -33.433075946074602 ], [ -70.622557229901403, -33.433299652156997 ], [ -70.622471003777306, -33.433423861537499 ], [ -70.622254230031203, -33.433315491141798 ], [ -70.622171158524694, -33.4334387355728 ], [ -70.622154506507002, -33.433463439957698 ], [ -70.622040782537297, -33.433410524684703 ], [ -70.621969229244897, -33.433377232561703 ], [ -70.621959166379895, -33.433392864877298 ], [ -70.621922762002598, -33.433449423284102 ], [ -70.621905155913595, -33.433445690028798 ], [ -70.621646795765898, -33.433390916383303 ], [ -70.621639166216397, -33.433448138193498 ], [ -70.621639166994498, -33.433505360315401 ], [ -70.621639789458797, -33.4335097955001 ], [ -70.621640463998204, -33.4335146015585 ], [ -70.621442963555495, -33.4334800081458 ], [ -70.621426910591396, -33.433477196926901 ], [ -70.621426758431596, -33.433477170058097 ], [ -70.621425203090197, -33.433482893581299 ], [ -70.621409178909701, -33.4335418250012 ], [ -70.621014471268197, -33.433471565517401 ], [ -70.620956868123201, -33.433461311701699 ], [ -70.6209548820447, -33.4334686875956 ], [ -70.620929924170596, -33.433561372274703 ], [ -70.620926843428194, -33.433572813507297 ], [ -70.620516930118896, -33.433412120696701 ], [ -70.620442771803795, -33.433534501706902 ], [ -70.620419509813004, -33.4335243814294 ], [ -70.620309647686895, -33.4334765887955 ], [ -70.620306604386599, -33.433482641980099 ], [ -70.620273420560295, -33.433548645109298 ], [ -70.620240554089506, -33.433542205323498 ], [ -70.619744939828806, -33.4334451014713 ], [ -70.619743446323199, -33.433452132726103 ], [ -70.619724277720096, -33.4335423598205 ], [ -70.619717372923901, -33.433574864569799 ], [ -70.618955943310795, -33.433332362277902 ], [ -70.618759501633903, -33.4332697975412 ], [ -70.6187983109577, -33.4330686196489 ], [ -70.6186380245545, -33.433019172397799 ], [ -70.618635739563999, -33.433029286516103 ], [ -70.618591742116195, -33.4332240271712 ], [ -70.618413294727802, -33.433152197838297 ], [ -70.618510165559996, -33.432955481086402 ], [ -70.619350213599105, -33.431536943992 ], [ -70.619134735770103, -33.431438065371204 ], [ -70.619122416501696, -33.4314324121165 ], [ -70.6192132097745, -33.431292999967198 ], [ -70.619399003357003, -33.431364946016501 ], [ -70.619423032523798, -33.431374251144902 ], [ -70.620018760003305, -33.430389488276198 ], [ -70.619434399728405, -33.430121338175198 ], [ -70.619576709310707, -33.429905668562299 ], [ -70.619591883091502, -33.429882672949802 ], [ -70.619453481003504, -33.429820823780801 ], [ -70.619340400335005, -33.429770290052303 ], [ -70.619238466663703, -33.429721887787302 ], [ -70.619248300902896, -33.429711892417899 ], [ -70.618871659357097, -33.429422473511899 ], [ -70.618846104057397, -33.429470309379496 ], [ -70.618818648234694, -33.429520926054003 ], [ -70.6184307926722, -33.429361496262402 ], [ -70.618422316991797, -33.429376658474901 ], [ -70.618364690344507, -33.429479755087897 ], [ -70.6183343482857, -33.429469231685999 ], [ -70.618201485858705, -33.429423149487697 ], [ -70.618027289817405, -33.429362913820498 ], [ -70.618131536982403, -33.429132642154698 ], [ -70.617704204629305, -33.428991492171797 ], [ -70.617745844457701, -33.428872203677102 ], [ -70.6175710191592, -33.428812062124699 ], [ -70.617535437767998, -33.428799821235202 ], [ -70.617205199268895, -33.428703361256503 ], [ -70.617067819807104, -33.429104799324797 ] ] ] ] } },
{ "type": "Feature", "properties": { "id": "ipt_13_prc_providencia_mono.143", "Name": null, "description": null, "timestamp": null, "begin": null, "end": null, "altitudeMode": null, "tessellate": -1, "extrude": 0, "visibility": -1, "drawOrder": null, "icon": null, "REG": "Metropolitana", "COM": "Providencia", "LOC": "Providencia", "ZONA": "UpR y E", "NOM": "UpR y E Zona de Uso preferentemente Residencial y Eqipamiento", "UPERM": "Revisar ordenaza local", "UPROH": "Revisar ordenaza local", "P_DO": "23/01/2007", "N_DOC": "101", "T_DO": "Decreto", "OBS": null }, "geometry": { "type": "MultiPolygon", "coordinates": [ [ [ [ -70.616734290855106, -33.428120908448399 ], [ -70.616446248253396, -33.428988178014698 ], [ -70.616384735264106, -33.428972445636703 ], [ -70.616367288881094, -33.428967983514902 ], [ -70.616365512397294, -33.428973221973401 ], [ -70.616098083961106, -33.429761683164699 ], [ -70.616192809751396, -33.429783919699297 ], [ -70.615900742103506, -33.430610527168099 ], [ -70.616513133361494, -33.430742025571902 ], [ -70.616489033864397, -33.430815967197397 ], [ -70.616469603349302, -33.430886600452197 ], [ -70.616040449448704, -33.4307783584701 ], [ -70.6159719569321, -33.430768021455201 ], [ -70.615934221018705, -33.430915546303801 ], [ -70.616073881456501, -33.430954333955398 ], [ -70.616068099280199, -33.430985031960098 ], [ -70.616123979963405, -33.430998278472302 ], [ -70.616069396053305, -33.431226372662103 ], [ -70.616095677073901, -33.4312314411413 ], [ -70.616012647572802, -33.431493907846502 ], [ -70.615831729897906, -33.431449470295199 ], [ -70.615790697503002, -33.4316290044273 ], [ -70.615748457713806, -33.431743463570598 ], [ -70.615688934136003, -33.431897668036903 ], [ -70.615719511123999, -33.431901918567199 ], [ -70.615720420533407, -33.432088167714397 ], [ -70.615704896026003, -33.432085758292402 ], [ -70.615477141836095, -33.432138706230603 ], [ -70.615573245886395, -33.432401099612299 ], [ -70.615687923624407, -33.432723365268401 ], [ -70.615355305394004, -33.432658348799201 ], [ -70.615346144717194, -33.432656558056003 ], [ -70.614416425460902, -33.432474820849301 ], [ -70.614284207858404, -33.432951236572599 ], [ -70.614258167333105, -33.432946283628503 ], [ -70.614258151429993, -33.432946354178497 ], [ -70.614228884614803, -33.433050333276803 ], [ -70.6141454013068, -33.433346939078099 ], [ -70.614870994209696, -33.433489056142697 ], [ -70.614891531034402, -33.433493078696898 ], [ -70.615147206167194, -33.433543154222001 ], [ -70.615153255809801, -33.433544338888098 ], [ -70.615192348581502, -33.433551995760602 ], [ -70.615135043962894, -33.4337750999482 ], [ -70.614923747977201, -33.4337372885227 ], [ -70.614859348091201, -33.433947865651199 ], [ -70.614701368870399, -33.433914302411203 ], [ -70.614575621435193, -33.434353529983198 ], [ -70.614720204070693, -33.434381547501097 ], [ -70.614746680751097, -33.434386678633302 ], [ -70.614628257310102, -33.434961628691703 ], [ -70.614763781408101, -33.434980146051103 ], [ -70.6147299553148, -33.435201191110401 ], [ -70.614693699511307, -33.4351966211103 ], [ -70.614532417923598, -33.435176290910903 ], [ -70.614447794030298, -33.435579471356299 ], [ -70.614891811541696, -33.435611892621999 ], [ -70.614888465731497, -33.435621961872997 ], [ -70.614520601017006, -33.436728897570397 ], [ -70.614360378620304, -33.437182858764203 ], [ -70.614123861308599, -33.437892410268198 ], [ -70.613896611929206, -33.438578921501602 ], [ -70.614635765862403, -33.438743596872001 ], [ -70.614607002147494, -33.438842398336902 ], [ -70.614981401367402, -33.438922280857099 ], [ -70.6150048879244, -33.438927291230598 ], [ -70.615019674319001, -33.4388429630853 ], [ -70.615023549227502, -33.438820866419199 ], [ -70.615046659238203, -33.438823088715601 ], [ -70.615056337068793, -33.4388240186967 ], [ -70.615109820999706, -33.4386308827102 ], [ -70.615070912376794, -33.438619936278499 ], [ -70.615097282826397, -33.438499870020102 ], [ -70.615104507357003, -33.438466978974297 ], [ -70.615380765641802, -33.438514643751397 ], [ -70.615482504144296, -33.4381672120983 ], [ -70.615180861392901, -33.4381062028285 ], [ -70.615267068529505, -33.437773145946899 ], [ -70.615273610160699, -33.437747871644397 ], [ -70.615500967846401, -33.437787989119798 ], [ -70.615519170507795, -33.437791201454999 ], [ -70.615595873453699, -33.4374392692893 ], [ -70.615648925484294, -33.437259610264903 ], [ -70.615681584334993, -33.437149013243499 ], [ -70.6154838086685, -33.437100774721898 ], [ -70.615326363024195, -33.4370623725234 ], [ -70.615404780059606, -33.436801862116099 ], [ -70.615270398353999, -33.436768417928299 ], [ -70.615343779100698, -33.436436285588798 ], [ -70.6153485137785, -33.4364148540812 ], [ -70.615407573438603, -33.436428173063597 ], [ -70.615433537128894, -33.436434027676498 ], [ -70.615532044019005, -33.436089657358998 ], [ -70.615535102858502, -33.436078965057803 ], [ -70.615656030531596, -33.436107299552397 ], [ -70.615670161226902, -33.436110610023199 ], [ -70.615748253190603, -33.4358787882176 ], [ -70.615755132979203, -33.435858365849001 ], [ -70.616018649904404, -33.435915893698002 ], [ -70.616025882696903, -33.4359174723295 ], [ -70.616132590317093, -33.435571290211101 ], [ -70.615497092403601, -33.435410158017604 ], [ -70.615581264809904, -33.435153151855502 ], [ -70.615552568533602, -33.435140402286002 ], [ -70.615582461731606, -33.435014154824202 ], [ -70.615589519257, -33.4349843465776 ], [ -70.615704573101397, -33.434988574043999 ], [ -70.615819801956107, -33.435013846093199 ], [ -70.615836019462606, -33.435017403511303 ], [ -70.615850844574496, -33.434974340796899 ], [ -70.615859784570802, -33.434948374160903 ], [ -70.6159952958389, -33.434980460211797 ], [ -70.6160164288696, -33.434985464111897 ], [ -70.616058746052104, -33.434851511692401 ], [ -70.6161053861574, -33.4347038753207 ], [ -70.616128643474696, -33.434709459350501 ], [ -70.616160953711898, -33.4347172169347 ], [ -70.616289274497205, -33.4343519767854 ], [ -70.616174932058001, -33.434306424012398 ], [ -70.616248460861598, -33.434156926535998 ], [ -70.616527838386205, -33.433588892426897 ], [ -70.616411757108594, -33.433544473579602 ], [ -70.616478823928702, -33.433362852150601 ], [ -70.616488878199505, -33.433291138101197 ], [ -70.616087484470796, -33.433161555282702 ], [ -70.615733603952293, -33.433078722608201 ], [ -70.615848149052795, -33.432730993765603 ], [ -70.615951976842695, -33.432429895778398 ], [ -70.616238201623204, -33.432503468641798 ], [ -70.616242510477804, -33.432492564329998 ], [ -70.616471490375005, -33.431921077536401 ], [ -70.616440276783294, -33.431913298502302 ], [ -70.6165293263861, -33.431707960835297 ], [ -70.616546721178096, -33.431667849598902 ], [ -70.616693027722704, -33.431355510493198 ], [ -70.616572631168907, -33.431329953918898 ], [ -70.6166583423514, -33.431058089070099 ], [ -70.616689898747893, -33.430957992630198 ], [ -70.616759802890499, -33.430764374822303 ], [ -70.616837971857194, -33.430795386008803 ], [ -70.616860867215493, -33.430742538565198 ], [ -70.617041633538705, -33.430783509060198 ], [ -70.617067592452898, -33.430712885279803 ], [ -70.6175413715644, -33.429423922394001 ], [ -70.617591816582603, -33.429286680834103 ], [ -70.617067819807104, -33.429104799324797 ], [ -70.617205199268895, -33.428703361256503 ], [ -70.617320661431805, -33.4283668685324 ], [ -70.617114656178202, -33.4283210924443 ], [ -70.616734290855106, -33.428120908448399 ] ] ] ] } },
{ "type": "Feature", "properties": { "id": "ipt_13_prc_providencia_mono.144", "Name": null, "description": null, "timestamp": null, "begin": null, "end": null, "altitudeMode": null, "tessellate": -1, "extrude": 0, "visibility": -1, "drawOrder": null, "icon": null, "REG": "Metropolitana", "COM": "Providencia", "LOC": "Providencia", "ZONA": "UpR y E", "NOM": "UpR y E Zona de Uso preferentemente Residencial y Eqipamiento", "UPERM": "Revisar ordenaza local", "UPROH": "Revisar ordenaza local", "P_DO": "23/01/2007", "N_DOC": "101", "T_DO": "Decreto", "OBS": null }, "geometry": { "type": "MultiPolygon", "coordinates": [ [ [ [ -70.621265258781506, -33.427870922128797 ], [ -70.621583926230798, -33.4277803481327 ], [ -70.621624735128407, -33.427769532687499 ], [ -70.621860381546597, -33.427703068316603 ], [ -70.622516541443403, -33.427516140146501 ], [ -70.622357474418394, -33.427046194934803 ], [ -70.622264752399104, -33.426772257931297 ], [ -70.622173488529398, -33.426558452198798 ], [ -70.620715905576802, -33.4269954325583 ], [ -70.621265258781506, -33.427870922128797 ] ] ] ] } },
{ "type": "Feature", "properties": { "id": "ipt_13_prc_providencia_mono.145", "Name": null, "description": null, "timestamp": null, "begin": null, "end": null, "altitudeMode": null, "tessellate": -1, "extrude": 0, "visibility": -1, "drawOrder": null, "icon": null, "REG": "Metropolitana", "COM": "Providencia", "LOC": "Providencia", "ZONA": "UpR y E", "NOM": "UpR y E Zona de Uso preferentemente Residencial y Eqipamiento", "UPERM": "Revisar ordenaza local", "UPROH": "Revisar ordenaza local", "P_DO": "23/01/2007", "N_DOC": "101", "T_DO": "Decreto", "OBS": null }, "geometry": { "type": "MultiPolygon", "coordinates": [ [ [ [ -70.611779637463798, -33.425180471278303 ], [ -70.612649955479498, -33.425422315111 ], [ -70.612826452698997, -33.425078636655897 ], [ -70.612822330524395, -33.425077078688503 ], [ -70.612765648036998, -33.4250556613908 ], [ -70.612620681729396, -33.424994625596703 ], [ -70.6119950356088, -33.4246436681739 ], [ -70.611779637463798, -33.425180471278303 ] ] ] ] } },
{ "type": "Feature", "properties": { "id": "ipt_13_prc_providencia_mono.146", "Name": null, "description": null, "timestamp": null, "begin": null, "end": null, "altitudeMode": null, "tessellate": -1, "extrude": 0, "visibility": -1, "drawOrder": null, "icon": null, "REG": "Metropolitana", "COM": "Providencia", "LOC": "Providencia", "ZONA": "UpR y E", "NOM": "UpR y E Zona de Uso preferentemente Residencial y Eqipamiento", "UPERM": "Revisar ordenaza local", "UPROH": "Revisar ordenaza local", "P_DO": "23/01/2007", "N_DOC": "101", "T_DO": "Decreto", "OBS": null }, "geometry": { "type": "MultiPolygon", "coordinates": [ [ [ [ -70.610671037065998, -33.426681136476901 ], [ -70.610400285698304, -33.427270389031399 ], [ -70.610347864940593, -33.427253471373099 ], [ -70.610276615632401, -33.427230477229699 ], [ -70.610266404202306, -33.427256954222699 ], [ -70.610200034351607, -33.427429041071498 ], [ -70.610508907409198, -33.427512361902103 ], [ -70.610423939126505, -33.42772703875 ], [ -70.610385292260702, -33.427717098293698 ], [ -70.610211741391495, -33.427672461969003 ], [ -70.610131890127803, -33.4278995120888 ], [ -70.610090920592398, -33.427887911661898 ], [ -70.610035199316002, -33.427872134264597 ], [ -70.610031085610103, -33.427881756140401 ], [ -70.609900986614804, -33.428185980067397 ], [ -70.609922749358802, -33.428193333364398 ], [ -70.609853229705394, -33.428373671222097 ], [ -70.610143729538706, -33.428448163476901 ], [ -70.610065272360202, -33.428661289152799 ], [ -70.610043297817498, -33.428655578168701 ], [ -70.609851058313595, -33.428605620602902 ], [ -70.609713431195104, -33.429001600916202 ], [ -70.609680339852801, -33.428993917571603 ], [ -70.609610258843105, -33.428977647316202 ], [ -70.609605035920495, -33.428991625909198 ], [ -70.609481114422096, -33.429323309435297 ], [ -70.609392570915105, -33.429594895366698 ], [ -70.609484119803597, -33.429621147268598 ], [ -70.609399303948194, -33.429837326607398 ], [ -70.609472031042998, -33.429857009435899 ], [ -70.609480717654606, -33.4298593605007 ], [ -70.609397406536999, -33.430074678892403 ], [ -70.609385751955898, -33.430071428434701 ], [ -70.609374522234504, -33.430068295111298 ], [ -70.609370948890401, -33.430078182305898 ], [ -70.609201950836606, -33.430545779839001 ], [ -70.609324636065494, -33.4305765066932 ], [ -70.609361609799294, -33.4305857675444 ], [ -70.609262521160403, -33.430845711362402 ], [ -70.609226945622297, -33.430837094284897 ], [ -70.609158985000093, -33.430820633052697 ], [ -70.609113116134196, -33.430967009813799 ], [ -70.609272456262801, -33.431004834648697 ], [ -70.609563365373404, -33.431073891937501 ], [ -70.609568818219998, -33.431056340001902 ], [ -70.609598298740906, -33.4309614496064 ], [ -70.610215378606895, -33.431109485083901 ], [ -70.610311044532196, -33.430834238493297 ], [ -70.610186797157198, -33.430803526601103 ], [ -70.610312238372401, -33.4304131331482 ], [ -70.610493431574497, -33.4304600526104 ], [ -70.610510365672496, -33.430464438341303 ], [ -70.610643928107095, -33.4301152863844 ], [ -70.610408650400203, -33.430053494855898 ], [ -70.610577677144704, -33.429626739471303 ], [ -70.610842894436999, -33.429696581141798 ], [ -70.610871733884693, -33.429704175110203 ], [ -70.610947847397895, -33.429492681980697 ], [ -70.610988278480306, -33.429380338297001 ], [ -70.610999979815006, -33.429347822152401 ], [ -70.610975510952798, -33.429332630293601 ], [ -70.611117032514002, -33.428936057888997 ], [ -70.611097658461603, -33.428930984272398 ], [ -70.611050037157696, -33.428918512848298 ], [ -70.611275035230804, -33.428324664360098 ], [ -70.611114721850498, -33.428273060203303 ], [ -70.6112015658274, -33.428038834735098 ], [ -70.611134192874999, -33.428020200707103 ], [ -70.611218049935104, -33.427815372348903 ], [ -70.611194019639896, -33.427808525811699 ], [ -70.611243988889896, -33.4276831600706 ], [ -70.611511369411204, -33.427753607205602 ], [ -70.611539747909504, -33.427761083469498 ], [ -70.611717498784301, -33.427324283079599 ], [ -70.611534297203505, -33.427273063482701 ], [ -70.611672269919396, -33.426908985447 ], [ -70.611635963145801, -33.426899309862698 ], [ -70.611192041065706, -33.4267810084988 ], [ -70.611221302518103, -33.426716797362502 ], [ -70.611532569976106, -33.4258532926358 ], [ -70.610819835781697, -33.425655908102101 ], [ -70.610557371938597, -33.426346356464897 ], [ -70.610589937190099, -33.426353092285602 ], [ -70.6105429724999, -33.426491141853802 ], [ -70.610645484181902, -33.426638715990698 ], [ -70.610646460929999, -33.4266401227923 ], [ -70.610671037065998, -33.426681136476901 ] ] ] ] } },
{ "type": "Feature", "properties": { "id": "ipt_13_prc_providencia_mono.147", "Name": null, "description": null, "timestamp": null, "begin": null, "end": null, "altitudeMode": null, "tessellate": -1, "extrude": 0, "visibility": -1, "drawOrder": null, "icon": null, "REG": "Metropolitana", "COM": "Providencia", "LOC": "Providencia", "ZONA": "UpR y ECr", "NOM": "UpR y ECr Zona de Uso preferentemente Residencial y Equipamiento Comercial restringido", "UPERM": "Revisar ordenaza local", "UPROH": "Revisar ordenaza local", "P_DO": "23/01/2007", "N_DOC": "101", "T_DO": "Decreto", "OBS": null }, "geometry": { "type": "MultiPolygon", "coordinates": [ [ [ [ -70.602345171307107, -33.429363438978797 ], [ -70.602315558416606, -33.429473303586697 ], [ -70.602310450372897, -33.429492252227597 ], [ -70.6024579463474, -33.4295242832507 ], [ -70.602478450905494, -33.429528736679401 ], [ -70.602365581908799, -33.429898576173201 ], [ -70.602339483776305, -33.429892921614801 ], [ -70.602271396299997, -33.430118927557601 ], [ -70.602651200110103, -33.430188322551999 ], [ -70.602692437973801, -33.430196314622997 ], [ -70.603054998865801, -33.430266583253399 ], [ -70.603057952669403, -33.430255076425198 ], [ -70.603107727704298, -33.430061177700999 ], [ -70.603195740001894, -33.4297355729381 ], [ -70.603198919601397, -33.4297256432029 ], [ -70.603277401750205, -33.429435066233999 ], [ -70.603249523578, -33.429428822533801 ], [ -70.602965946740198, -33.4293653054443 ], [ -70.602923586825298, -33.429360087578402 ], [ -70.602896825144995, -33.429452298999003 ], [ -70.602851722732495, -33.429445981148298 ], [ -70.602348813243395, -33.429349926608602 ], [ -70.602345171307107, -33.429363438978797 ] ] ] ] } },
{ "type": "Feature", "properties": { "id": "ipt_13_prc_providencia_mono.148", "Name": null, "description": null, "timestamp": null, "begin": null, "end": null, "altitudeMode": null, "tessellate": -1, "extrude": 0, "visibility": -1, "drawOrder": null, "icon": null, "REG": "Metropolitana", "COM": "Providencia", "LOC": "Providencia", "ZONA": "UpR y ECr", "NOM": "UpR y ECr Zona de Uso preferentemente Residencial y Equipamiento Comercial restringido", "UPERM": "Revisar ordenaza local", "UPROH": "Revisar ordenaza local", "P_DO": "23/01/2007", "N_DOC": "101", "T_DO": "Decreto", "OBS": null }, "geometry": { "type": "MultiPolygon", "coordinates": [ [ [ [ -70.608963628444798, -33.430942008175698 ], [ -70.608844841596095, -33.431313929214603 ], [ -70.608910379699196, -33.431328665271501 ], [ -70.608782375996896, -33.431726607415797 ], [ -70.609331201833299, -33.431862907054203 ], [ -70.609324343317596, -33.431887461928497 ], [ -70.609981332991893, -33.4320275980552 ], [ -70.610016143852604, -33.432035023590799 ], [ -70.610139102341194, -33.431607512423398 ], [ -70.610097751265002, -33.431598061550503 ], [ -70.610256939308002, -33.431120106485999 ], [ -70.610215378606895, -33.431109485083901 ], [ -70.609598298740906, -33.4309614496064 ], [ -70.609568818219998, -33.431056340001902 ], [ -70.609563365373404, -33.431073891937501 ], [ -70.609272456262801, -33.431004834648697 ], [ -70.609113116134196, -33.430967009813799 ], [ -70.608967580788303, -33.430929632423201 ], [ -70.608963628444798, -33.430942008175698 ] ] ] ] } },
{ "type": "Feature", "properties": { "id": "ipt_13_prc_providencia_mono.149", "Name": null, "description": null, "timestamp": null, "begin": null, "end": null, "altitudeMode": null, "tessellate": -1, "extrude": 0, "visibility": -1, "drawOrder": null, "icon": null, "REG": "Metropolitana", "COM": "Providencia", "LOC": "Providencia", "ZONA": "UpR y ECr", "NOM": "UpR y ECr Zona de Uso preferentemente Residencial y Equipamiento Comercial restringido", "UPERM": "Revisar ordenaza local", "UPROH": "Revisar ordenaza local", "P_DO": "23/01/2007", "N_DOC": "101", "T_DO": "Decreto", "OBS": null }, "geometry": { "type": "MultiPolygon", "coordinates": [ [ [ [ -70.597361257566504, -33.444538008133598 ], [ -70.597242812982302, -33.4452494294882 ], [ -70.598032692493007, -33.444801086094699 ], [ -70.598124248257193, -33.444797270755302 ], [ -70.598154767071307, -33.4445264208005 ], [ -70.597580630447894, -33.444476259179503 ], [ -70.597573208835698, -33.444475610802201 ], [ -70.597368897941905, -33.444457760042603 ], [ -70.597361257566504, -33.444538008133598 ] ] ] ] } },
{ "type": "Feature", "properties": { "id": "ipt_13_prc_providencia_mono.150", "Name": null, "description": null, "timestamp": null, "begin": null, "end": null, "altitudeMode": null, "tessellate": -1, "extrude": 0, "visibility": -1, "drawOrder": null, "icon": null, "REG": "Metropolitana", "COM": "Providencia", "LOC": "Providencia", "ZONA": "UpR y ECr", "NOM": "UpR y ECr Zona de Uso preferentemente Residencial y Equipamiento Comercial restringido", "UPERM": "Revisar ordenaza local", "UPROH": "Revisar ordenaza local", "P_DO": "23/01/2007", "N_DOC": "101", "T_DO": "Decreto", "OBS": null }, "geometry": { "type": "MultiPolygon", "coordinates": [ [ [ [ -70.596071339611399, -33.445674993145602 ], [ -70.595910422782694, -33.445755074327003 ], [ -70.595900176182298, -33.445741449644302 ], [ -70.595877919889503, -33.445711854753803 ], [ -70.595617749163594, -33.445851105564103 ], [ -70.595562855381004, -33.445880485904297 ], [ -70.595436905725606, -33.445947897483997 ], [ -70.595106077999901, -33.446124964105998 ], [ -70.595087053763507, -33.4461741234974 ], [ -70.595095804064599, -33.4461864643486 ], [ -70.595263096952806, -33.446422389822601 ], [ -70.596079476301895, -33.445979867226903 ], [ -70.597242812982302, -33.4452494294882 ], [ -70.597049809891303, -33.445209756052101 ], [ -70.596856902069405, -33.445188771607199 ], [ -70.596670030570706, -33.445168443212197 ], [ -70.596652768307294, -33.445287864622102 ], [ -70.596651774513205, -33.445294743989898 ], [ -70.596551033375704, -33.445337248909802 ], [ -70.596169360344206, -33.4454982873456 ], [ -70.596183364509898, -33.4455157252834 ], [ -70.596242760894995, -33.445589684749898 ], [ -70.5962104567258, -33.445605761040497 ], [ -70.596071339611399, -33.445674993145602 ] ] ] ] } },
{ "type": "Feature", "properties": { "id": "ipt_13_prc_providencia_mono.151", "Name": null, "description": null, "timestamp": null, "begin": null, "end": null, "altitudeMode": null, "tessellate": -1, "extrude": 0, "visibility": -1, "drawOrder": null, "icon": null, "REG": "Metropolitana", "COM": "Providencia", "LOC": "Providencia", "ZONA": "UpR y ECr", "NOM": "UpR y ECr Zona de Uso preferentemente Residencial y Equipamiento Comercial restringido", "UPERM": "Revisar ordenaza local", "UPROH": "Revisar ordenaza local", "P_DO": "23/01/2007", "N_DOC": "101", "T_DO": "Decreto", "OBS": null }, "geometry": { "type": "MultiPolygon", "coordinates": [ [ [ [ -70.593412211932502, -33.4470541622943 ], [ -70.593023629646893, -33.447265793605702 ], [ -70.592884699238496, -33.447101692537203 ], [ -70.592841523677606, -33.447124917613003 ], [ -70.592836132189305, -33.447127817745397 ], [ -70.592751113716005, -33.447173552707298 ], [ -70.592759626734207, -33.447184048012303 ], [ -70.592930200355198, -33.447394353074102 ], [ -70.592879623498604, -33.447424061864197 ], [ -70.592796678591398, -33.447472782345798 ], [ -70.5926356835012, -33.447567350146201 ], [ -70.592798682236506, -33.447769022019003 ], [ -70.593622700057495, -33.447316967716901 ], [ -70.593671961588996, -33.447289942262699 ], [ -70.593500479826005, -33.447055891077397 ], [ -70.5934650893266, -33.447050619321402 ], [ -70.593412211932502, -33.4470541622943 ] ] ] ] } },
{ "type": "Feature", "properties": { "id": "ipt_13_prc_providencia_mono.152", "Name": null, "description": null, "timestamp": null, "begin": null, "end": null, "altitudeMode": null, "tessellate": -1, "extrude": 0, "visibility": -1, "drawOrder": null, "icon": null, "REG": "Metropolitana", "COM": "Providencia", "LOC": "Providencia", "ZONA": "UpR y ECr", "NOM": "UpR y ECr Zona de Uso preferentemente Residencial y Equipamiento Comercial restringido", "UPERM": "Revisar ordenaza local", "UPROH": "Revisar ordenaza local", "P_DO": "23/01/2007", "N_DOC": "101", "T_DO": "Decreto", "OBS": null }, "geometry": { "type": "MultiPolygon", "coordinates": [ [ [ [ -70.598725335250506, -33.444012881868503 ], [ -70.598715061148596, -33.444097792203898 ], [ -70.598684937185496, -33.444094975537602 ], [ -70.598224015632994, -33.444051888243997 ], [ -70.598221797467701, -33.444069131056303 ], [ -70.598221292799096, -33.4440730524258 ], [ -70.598192912155497, -33.444293719320598 ], [ -70.599170803194497, -33.444375842553697 ], [ -70.599217992041403, -33.444376622679997 ], [ -70.599227757364005, -33.444285527784601 ], [ -70.599606663861493, -33.444335997711597 ], [ -70.599566616775704, -33.444677948850703 ], [ -70.5996297777629, -33.444683964407098 ], [ -70.599746517436401, -33.444695081059301 ], [ -70.599768758652701, -33.444697199254598 ], [ -70.599774892533603, -33.4446977838534 ], [ -70.599813407170799, -33.444396622557001 ], [ -70.599818405066998, -33.444357543813801 ], [ -70.600007461673798, -33.444374023617797 ], [ -70.600028224460004, -33.444375833482397 ], [ -70.600046173160493, -33.444184682640604 ], [ -70.599679992911504, -33.444147503406199 ], [ -70.5996647699763, -33.444248512271301 ], [ -70.599246154543195, -33.4441978395961 ], [ -70.599247216031301, -33.444186806389702 ], [ -70.599249141967604, -33.444166781566103 ], [ -70.599199687940299, -33.444162496380002 ], [ -70.598925580628503, -33.444138742334701 ], [ -70.598928876578498, -33.444112825296401 ], [ -70.5989392611623, -33.444031191690101 ], [ -70.598907346603298, -33.444028460397703 ], [ -70.598725335250506, -33.444012881868503 ] ] ] ] } },
{ "type": "Feature", "properties": { "id": "ipt_13_prc_providencia_mono.153", "Name": null, "description": null, "timestamp": null, "begin": null, "end": null, "altitudeMode": null, "tessellate": -1, "extrude": 0, "visibility": -1, "drawOrder": null, "icon": null, "REG": "Metropolitana", "COM": "Providencia", "LOC": "Providencia", "ZONA": "UpR y ECr", "NOM": "UpR y ECr Zona de Uso preferentemente Residencial y Equipamiento Comercial restringido", "UPERM": "Revisar ordenaza local", "UPROH": "Revisar ordenaza local", "P_DO": "23/01/2007", "N_DOC": "101", "T_DO": "Decreto", "OBS": null }, "geometry": { "type": "MultiPolygon", "coordinates": [ [ [ [ -70.593982451183194, -33.442180239557899 ], [ -70.593955987509801, -33.442462398873097 ], [ -70.593941668131507, -33.442460902850698 ], [ -70.593945861001004, -33.442432600752603 ], [ -70.593528631262501, -33.442401182791301 ], [ -70.593529484581097, -33.442419491711 ], [ -70.593202658711903, -33.4425992469344 ], [ -70.593287880620807, -33.4427123809579 ], [ -70.593378503831801, -33.442832684533698 ], [ -70.593539467635907, -33.442749329685803 ], [ -70.593592136454106, -33.442722054874402 ], [ -70.593721842313499, -33.442680090894598 ], [ -70.593828659980304, -33.442664831275501 ], [ -70.593912587035902, -33.442657201383902 ], [ -70.594130849492402, -33.442678636491003 ], [ -70.594074456341204, -33.442995903102499 ], [ -70.594183968844902, -33.443007857478499 ], [ -70.594176868941801, -33.443070941972103 ], [ -70.594278126139898, -33.443082763426801 ], [ -70.594283292709306, -33.443054063716403 ], [ -70.594388773726806, -33.443063444509001 ], [ -70.594384986391802, -33.443089740229702 ], [ -70.594852769030794, -33.4431297884366 ], [ -70.594869599351497, -33.443131229504601 ], [ -70.594892713376197, -33.442990992585898 ], [ -70.594897777995698, -33.4429602605261 ], [ -70.595099263753298, -33.442974432612203 ], [ -70.595094722023703, -33.4430079274875 ], [ -70.595088620251403, -33.443052927304997 ], [ -70.595951425911693, -33.443145941360903 ], [ -70.595930499926595, -33.443287613958397 ], [ -70.595576815475795, -33.443260024007301 ], [ -70.595538192606, -33.443559994343502 ], [ -70.596019493546393, -33.443592221965901 ], [ -70.595963044534003, -33.444028540334003 ], [ -70.596233405594901, -33.444050852142702 ], [ -70.596248260974505, -33.443897149641501 ], [ -70.596381955352101, -33.443904586342498 ], [ -70.596390868343804, -33.443641804051197 ], [ -70.596723619458601, -33.443671553300497 ], [ -70.596733390151996, -33.4434937894463 ], [ -70.596754229287498, -33.443347623112203 ], [ -70.596758610203096, -33.443316892579503 ], [ -70.596965385257306, -33.443333233645603 ], [ -70.5969740962136, -33.4433339213669 ], [ -70.596979887807905, -33.443293414803598 ], [ -70.596989990275105, -33.443222762991297 ], [ -70.597005181222499, -33.443223968764201 ], [ -70.597516224784997, -33.443278267661498 ], [ -70.597521461165897, -33.443240407901399 ], [ -70.597525495890196, -33.443211228453201 ], [ -70.598322442861502, -33.443286597741697 ], [ -70.598320349061495, -33.4433028775981 ], [ -70.598304316953403, -33.443427530241699 ], [ -70.598692430486395, -33.443466554600299 ], [ -70.5986623107366, -33.443686464840098 ], [ -70.598738244571507, -33.443694434570503 ], [ -70.598763546145605, -33.443697089758999 ], [ -70.598790758381597, -33.443501534059202 ], [ -70.598794979078704, -33.4434711978313 ], [ -70.598915743587696, -33.443477981483802 ], [ -70.598933163646294, -33.4434789598671 ], [ -70.598957795466703, -33.4433319804562 ], [ -70.598984535198099, -33.443172432039802 ], [ -70.598908987021701, -33.4431647027777 ], [ -70.598941951800199, -33.442943060333398 ], [ -70.598989741495103, -33.442621731777201 ], [ -70.598539789712902, -33.442574800206003 ], [ -70.5985166328323, -33.442854984965301 ], [ -70.597912268437796, -33.442802178847899 ], [ -70.597909808318093, -33.442829518111203 ], [ -70.597906594100607, -33.442865245138201 ], [ -70.5978794318805, -33.4428624189541 ], [ -70.597577148070997, -33.4428309698012 ], [ -70.597621862646207, -33.442495600060198 ], [ -70.597624546478798, -33.442475470792203 ], [ -70.595706881320098, -33.442305726243802 ], [ -70.595704739667795, -33.442318772701 ], [ -70.595654314245706, -33.442626060989802 ], [ -70.595199140628694, -33.442585143788499 ], [ -70.595207430960997, -33.442532304107601 ], [ -70.594807984305007, -33.442500657151797 ], [ -70.594841873615295, -33.4422915275007 ], [ -70.594843893758593, -33.442279064303001 ], [ -70.594459339236593, -33.442246049540003 ], [ -70.593982451183194, -33.442180239557899 ] ] ] ] } },
{ "type": "Feature", "properties": { "id": "ipt_13_prc_providencia_mono.154", "Name": null, "description": null, "timestamp": null, "begin": null, "end": null, "altitudeMode": null, "tessellate": -1, "extrude": 0, "visibility": -1, "drawOrder": null, "icon": null, "REG": "Metropolitana", "COM": "Providencia", "LOC": "Providencia", "ZONA": "UpR y ECr", "NOM": "UpR y ECr Zona de Uso preferentemente Residencial y Equipamiento Comercial restringido", "UPERM": "Revisar ordenaza local", "UPROH": "Revisar ordenaza local", "P_DO": "23/01/2007", "N_DOC": "101", "T_DO": "Decreto", "OBS": null }, "geometry": { "type": "MultiPolygon", "coordinates": [ [ [ [ -70.629373113516095, -33.440759941984602 ], [ -70.629289244015993, -33.4411401787006 ], [ -70.629307271720805, -33.441143694301502 ], [ -70.629375617919095, -33.441155299067802 ], [ -70.629414675782698, -33.441006609768301 ], [ -70.630150416866101, -33.441169144265203 ], [ -70.630111161498107, -33.441313134231699 ], [ -70.630514207866099, -33.441393940026998 ], [ -70.630536177538303, -33.4413983451145 ], [ -70.630703162431303, -33.441428802320203 ], [ -70.631012618654793, -33.441485246218797 ], [ -70.631048795005597, -33.441362404713402 ], [ -70.631077051671895, -33.441367071493403 ], [ -70.631084116432604, -33.441344003551201 ], [ -70.631158387891702, -33.4413585360724 ], [ -70.631153783913106, -33.441379741831803 ], [ -70.631290819094502, -33.441402370297901 ], [ -70.631336697563796, -33.441195910622199 ], [ -70.631344327112004, -33.441173021913201 ], [ -70.631427823181198, -33.440846864352402 ], [ -70.631142761733997, -33.440794577187901 ], [ -70.631126526293002, -33.440868652399097 ], [ -70.630447384867594, -33.440729588073403 ], [ -70.630282411569297, -33.440697159700001 ], [ -70.630286870966103, -33.440663098488002 ], [ -70.630013776961107, -33.440614792537403 ], [ -70.630028889987997, -33.440547946845903 ], [ -70.629404887994397, -33.440430680383102 ], [ -70.629383805733895, -33.440426717948903 ], [ -70.629308082853996, -33.4407474711712 ], [ -70.629320868106404, -33.440749922967498 ], [ -70.629373113516095, -33.440759941984602 ] ] ] ] } },
{ "type": "Feature", "properties": { "id": "ipt_13_prc_providencia_mono.155", "Name": null, "description": null, "timestamp": null, "begin": null, "end": null, "altitudeMode": null, "tessellate": -1, "extrude": 0, "visibility": -1, "drawOrder": null, "icon": null, "REG": "Metropolitana", "COM": "Providencia", "LOC": "Providencia", "ZONA": "UpR y ECr", "NOM": "UpR y ECr Zona de Uso preferentemente Residencial y Equipamiento Comercial restringido", "UPERM": "Revisar ordenaza local", "UPROH": "Revisar ordenaza local", "P_DO": "23/01/2007", "N_DOC": "101", "T_DO": "Decreto", "OBS": null }, "geometry": { "type": "MultiPolygon", "coordinates": [ [ [ [ -70.630292740693704, -33.4471323315991 ], [ -70.628861899887497, -33.446899933717802 ], [ -70.627614081697502, -33.4467511941751 ], [ -70.626704956243501, -33.446557832570797 ], [ -70.6260035190096, -33.446410756593899 ], [ -70.625133720496294, -33.446204763154697 ], [ -70.624337712679804, -33.446037861401102 ], [ -70.624279901570404, -33.4462353836605 ], [ -70.624270034959693, -33.446269096167399 ], [ -70.624253974859201, -33.446323968284098 ], [ -70.624229731971198, -33.446406798811999 ], [ -70.6246075289245, -33.446480991236498 ], [ -70.624661602623902, -33.446491573510897 ], [ -70.624688844736497, -33.446382112253602 ], [ -70.624694988540199, -33.4463554097279 ], [ -70.625063722552298, -33.446436765525497 ], [ -70.625054498057196, -33.446467342127299 ], [ -70.625041143937494, -33.446511600405898 ], [ -70.625531076370095, -33.446614504274898 ], [ -70.625569800739598, -33.446622637837002 ], [ -70.625587169264506, -33.446564018441997 ], [ -70.625593363902098, -33.446543110366001 ], [ -70.625700516897496, -33.446565447719301 ], [ -70.625713911137893, -33.446520532317699 ], [ -70.625956520481594, -33.446568836024603 ], [ -70.625949806402801, -33.446591419314302 ], [ -70.625900424953102, -33.446757515674697 ], [ -70.626301429731299, -33.4467897330887 ], [ -70.626283429715599, -33.4469049785991 ], [ -70.626314997002197, -33.446909355904197 ], [ -70.626460474207903, -33.446929525948399 ], [ -70.626472863150397, -33.446864259457101 ], [ -70.626479027749795, -33.446831783971902 ], [ -70.626628792186295, -33.4468488638189 ], [ -70.626623116543797, -33.446877678683101 ], [ -70.626609961950805, -33.446944453171703 ], [ -70.626972548802001, -33.446998729789499 ], [ -70.626984979565904, -33.446916770750498 ], [ -70.627342835314394, -33.446965405206697 ], [ -70.627350193552303, -33.446939545164199 ], [ -70.627355713521894, -33.4469201474096 ], [ -70.627627984064304, -33.446963688176702 ], [ -70.627604831597793, -33.447065162026902 ], [ -70.627837478697998, -33.4470997695623 ], [ -70.628488688636196, -33.447196637063101 ], [ -70.628485424872096, -33.447209190105397 ], [ -70.628898531303705, -33.447265782454203 ], [ -70.628883256184693, -33.447344366504403 ], [ -70.628856726433, -33.447480841618798 ], [ -70.628863077054305, -33.447481952197698 ], [ -70.628950873005394, -33.447497305666197 ], [ -70.629128011628595, -33.447528282477499 ], [ -70.629169352842695, -33.447359338022501 ], [ -70.629262081189196, -33.447371242790702 ], [ -70.629258803297006, -33.447386198508397 ], [ -70.629352276064296, -33.447399883554603 ], [ -70.629350769824299, -33.447406950240101 ], [ -70.629328564478101, -33.4475111634044 ], [ -70.629494593024702, -33.447544518635503 ], [ -70.629573956474403, -33.447286242356697 ], [ -70.629908412625099, -33.447351492813297 ], [ -70.630216366534597, -33.447411570777 ], [ -70.630218161800997, -33.447405006207198 ], [ -70.630264320434506, -33.447236241564703 ], [ -70.630267913003294, -33.447223106985703 ], [ -70.630292740693704, -33.4471323315991 ] ] ] ] } },
{ "type": "Feature", "properties": { "id": "ipt_13_prc_providencia_mono.156", "Name": null, "description": null, "timestamp": null, "begin": null, "end": null, "altitudeMode": null, "tessellate": -1, "extrude": 0, "visibility": -1, "drawOrder": null, "icon": null, "REG": "Metropolitana", "COM": "Providencia", "LOC": "Providencia", "ZONA": "Espacio Público", "NOM": "Espacio Público", "UPERM": "Espacio Público", "UPROH": "Espacio Público", "P_DO": "23/01/2007", "N_DOC": "101", "T_DO": "Decreto", "OBS": null }, "geometry": { "type": "MultiPolygon", "coordinates": [ [ [ [ -70.629286490424093, -33.436548030970002 ], [ -70.629553766393897, -33.4365950931602 ], [ -70.629650469863705, -33.436141328957198 ], [ -70.629536022884395, -33.436171847705403 ], [ -70.629436836516504, -33.436209996390701 ], [ -70.629352909020099, -33.436248144688001 ], [ -70.629268982085094, -33.436293922404801 ], [ -70.629101127227202, -33.436415996518001 ], [ -70.628991830257405, -33.436496146062503 ], [ -70.629286490424093, -33.436548030970002 ] ] ] ] } },
{ "type": "Feature", "properties": { "id": "ipt_13_prc_providencia_mono.157", "Name": null, "description": null, "timestamp": null, "begin": null, "end": null, "altitudeMode": null, "tessellate": -1, "extrude": 0, "visibility": -1, "drawOrder": null, "icon": null, "REG": "Metropolitana", "COM": "Providencia", "LOC": "Providencia", "ZONA": "UpR y ECr", "NOM": "UpR y ECr Zona de Uso preferentemente Residencial y Equipamiento Comercial restringido", "UPERM": "Revisar ordenaza local", "UPROH": "Revisar ordenaza local", "P_DO": "23/01/2007", "N_DOC": "101", "T_DO": "Decreto", "OBS": null }, "geometry": { "type": "MultiPolygon", "coordinates": [ [ [ [ -70.625236291513602, -33.443890881988601 ], [ -70.625130576787001, -33.444262344468598 ], [ -70.6251691963637, -33.444274838094103 ], [ -70.6251229092492, -33.444423506363897 ], [ -70.625205052167502, -33.444440325478503 ], [ -70.625111521129, -33.444766656664299 ], [ -70.625311010728595, -33.444806088413301 ], [ -70.625284241335905, -33.444881601450902 ], [ -70.625017636777699, -33.444828138550101 ], [ -70.624969691387903, -33.444983264854699 ], [ -70.624961358096897, -33.445012535647102 ], [ -70.625029170973207, -33.445027247538398 ], [ -70.6248883445936, -33.4455844851949 ], [ -70.624851895854505, -33.445582229470098 ], [ -70.624831600955901, -33.445664037998498 ], [ -70.624884495902606, -33.445680775290498 ], [ -70.624860542444395, -33.4457699708638 ], [ -70.624819199004193, -33.4457618921397 ], [ -70.624796965521398, -33.4458394315565 ], [ -70.624782379174107, -33.445890300139801 ], [ -70.624846895893597, -33.445918991290199 ], [ -70.625321066566002, -33.4460052609748 ], [ -70.625731064449596, -33.446094505918403 ], [ -70.625952993966905, -33.446138637529501 ], [ -70.626017639088502, -33.446153889117603 ], [ -70.6260221056924, -33.446153315588901 ], [ -70.626022467907802, -33.446155027921201 ], [ -70.626067448735597, -33.446165640465999 ], [ -70.626164277165103, -33.446183128435599 ], [ -70.626598120159898, -33.446323499837597 ], [ -70.626788262994495, -33.446375063225297 ], [ -70.626835798994307, -33.446394895626902 ], [ -70.626897595944797, -33.446398861659603 ], [ -70.627244608876396, -33.446509921755897 ], [ -70.627520316541606, -33.4465614845302 ], [ -70.628418746137001, -33.4466804769242 ], [ -70.628699208700496, -33.446736005768699 ], [ -70.628841816234001, -33.446747904870101 ], [ -70.630015954130101, -33.446914493864497 ], [ -70.630347664145503, -33.446938085929901 ], [ -70.630382220763593, -33.446816605180402 ], [ -70.629940835437907, -33.446749924745802 ], [ -70.6300034027321, -33.446525202416197 ], [ -70.629878647683498, -33.4465081838309 ], [ -70.6298350465336, -33.446501888731603 ], [ -70.629819040233599, -33.446566638530697 ], [ -70.629795697896597, -33.446562705006798 ], [ -70.629802317927897, -33.446538023305003 ], [ -70.629685702531305, -33.446523442476199 ], [ -70.629688435150698, -33.4465072917775 ], [ -70.629648862244196, -33.4465010275282 ], [ -70.629663482749294, -33.446461277521898 ], [ -70.629542626499699, -33.446446449289702 ], [ -70.629541869259697, -33.446460028158 ], [ -70.629371256534398, -33.446439600492901 ], [ -70.629126277969505, -33.446402970028799 ], [ -70.629110538190005, -33.446400651746202 ], [ -70.629029637589795, -33.446388734815102 ], [ -70.628964085070194, -33.446670319253997 ], [ -70.628617119872601, -33.446616226516298 ], [ -70.628609025376207, -33.446651134429302 ], [ -70.628604981620299, -33.4466685739105 ], [ -70.628483313277101, -33.446647024966701 ], [ -70.628396705792198, -33.446633219309199 ], [ -70.628449036977898, -33.446399813162998 ], [ -70.628392173451999, -33.446390726549197 ], [ -70.627950187170001, -33.446320769601002 ], [ -70.627914180270693, -33.446486459302101 ], [ -70.6278275373258, -33.446474485322398 ], [ -70.627863929735796, -33.446308462315599 ], [ -70.627493124040797, -33.446253075984004 ], [ -70.627459436030705, -33.446410033377802 ], [ -70.626740970953307, -33.446311947917899 ], [ -70.626748371237596, -33.4462780195907 ], [ -70.626443882315002, -33.446233626151098 ], [ -70.626541641660296, -33.445824200874704 ], [ -70.626468488821502, -33.445804122757302 ], [ -70.626531499186797, -33.445549783726797 ], [ -70.6266665129572, -33.445590088916802 ], [ -70.626772211895997, -33.445269972046901 ], [ -70.626982407365901, -33.4453309667159 ], [ -70.627027872322401, -33.445156796757601 ], [ -70.626644896000201, -33.445037065966503 ], [ -70.626719032146298, -33.444856555212098 ], [ -70.627137292024003, -33.444997995079198 ], [ -70.627217646450106, -33.444731857603699 ], [ -70.627173445496496, -33.4447166593459 ], [ -70.6272905713803, -33.444471077062403 ], [ -70.626855301612096, -33.4443282258582 ], [ -70.626972081123697, -33.444003695032997 ], [ -70.626915783837404, -33.443988719447702 ], [ -70.626888485129598, -33.443987171213998 ], [ -70.6268611875484, -33.443985625664901 ], [ -70.626833959964998, -33.443987886715497 ], [ -70.626806803535501, -33.443993958859899 ], [ -70.626740939980706, -33.4440194412445 ], [ -70.626675163087498, -33.444076534288101 ], [ -70.626617474889798, -33.444105467959297 ], [ -70.626573368612796, -33.444121249688799 ], [ -70.626528885931904, -33.444132254840802 ], [ -70.626496892717299, -33.444137566103301 ], [ -70.626461903366504, -33.4441380251411 ], [ -70.626420934058302, -33.444131225334203 ], [ -70.625858753844497, -33.444018769520099 ], [ -70.625759344370493, -33.443995997922599 ], [ -70.625236291513602, -33.443890881988601 ] ] ] ] } },
{ "type": "Feature", "properties": { "id": "ipt_13_prc_providencia_mono.158", "Name": null, "description": null, "timestamp": null, "begin": null, "end": null, "altitudeMode": null, "tessellate": -1, "extrude": 0, "visibility": -1, "drawOrder": null, "icon": null, "REG": "Metropolitana", "COM": "Providencia", "LOC": "Providencia", "ZONA": "UpR y ECr", "NOM": "UpR y ECr Zona de Uso preferentemente Residencial y Equipamiento Comercial restringido", "UPERM": "Revisar ordenaza local", "UPROH": "Revisar ordenaza local", "P_DO": "23/01/2007", "N_DOC": "101", "T_DO": "Decreto", "OBS": null }, "geometry": { "type": "MultiPolygon", "coordinates": [ [ [ [ -70.630713379319005, -33.436717783962401 ], [ -70.630894281856399, -33.436738772798002 ], [ -70.630905142763396, -33.436686989362002 ], [ -70.631229395877796, -33.436790101089898 ], [ -70.631297442037095, -33.436664358338803 ], [ -70.631323975733594, -33.436615327568603 ], [ -70.630945556738496, -33.436494312109303 ], [ -70.630937458970493, -33.4365329204456 ], [ -70.630919543254706, -33.436530282875303 ], [ -70.630535936212894, -33.436467909141001 ], [ -70.630713379319005, -33.436717783962401 ] ] ] ] } },
{ "type": "Feature", "properties": { "id": "ipt_13_prc_providencia_mono.159", "Name": null, "description": null, "timestamp": null, "begin": null, "end": null, "altitudeMode": null, "tessellate": -1, "extrude": 0, "visibility": -1, "drawOrder": null, "icon": null, "REG": "Metropolitana", "COM": "Providencia", "LOC": "Providencia", "ZONA": "UpR y ECr", "NOM": "UpR y ECr Zona de Uso preferentemente Residencial y Equipamiento Comercial restringido", "UPERM": "Revisar ordenaza local", "UPROH": "Revisar ordenaza local", "P_DO": "23/01/2007", "N_DOC": "101", "T_DO": "Decreto", "OBS": null }, "geometry": { "type": "MultiPolygon", "coordinates": [ [ [ [ -70.633053378275093, -33.4386857724202 ], [ -70.632969107399504, -33.439078544931697 ], [ -70.632966283954502, -33.4390917010263 ], [ -70.632942968777797, -33.439200370982299 ], [ -70.632935875606904, -33.439233427157497 ], [ -70.632935293915907, -33.439236138502203 ], [ -70.632839753125197, -33.439681432161798 ], [ -70.632763458185096, -33.440020948370702 ], [ -70.632731613221395, -33.440154120576402 ], [ -70.632679535375402, -33.4403719090813 ], [ -70.632443018480899, -33.441413346915802 ], [ -70.632351464465003, -33.441817715860701 ], [ -70.632307613005494, -33.441998239628397 ], [ -70.632304722789399, -33.442010137631598 ], [ -70.632287801929806, -33.442079794915102 ], [ -70.632962872791694, -33.442309068238004 ], [ -70.632990542903698, -33.442206186606803 ], [ -70.633350488843305, -33.442309079190103 ], [ -70.633350540384697, -33.442308959469699 ], [ -70.633416298177394, -33.442156295538503 ], [ -70.633416348710696, -33.442156179438697 ], [ -70.633408088782502, -33.442153677468802 ], [ -70.633362228438202, -33.4421403222603 ], [ -70.633417944288695, -33.442006992358799 ], [ -70.633394516271295, -33.441996134577401 ], [ -70.633457277142696, -33.4418376897043 ], [ -70.633498463708094, -33.441733711820802 ], [ -70.633476905637195, -33.441727174426198 ], [ -70.633455236157104, -33.441720604226198 ], [ -70.633510589642896, -33.441562972068297 ], [ -70.633515896744797, -33.441547858740101 ], [ -70.633311133360294, -33.441488369058199 ], [ -70.633256625597696, -33.441472533162397 ], [ -70.633202045679198, -33.441238362749502 ], [ -70.633221287663304, -33.441233824683998 ], [ -70.633236515660002, -33.441230232303703 ], [ -70.633328069567, -33.440867827550598 ], [ -70.633513776244101, -33.440902963724398 ], [ -70.633550441055306, -33.440784918246699 ], [ -70.633684208724304, -33.440810918479698 ], [ -70.633695198413605, -33.440766817635797 ], [ -70.633707468945005, -33.440724881436701 ], [ -70.633746219144896, -33.440589505938298 ], [ -70.633815686592996, -33.440379374372 ], [ -70.633590544107193, -33.440332701694601 ], [ -70.633667397862098, -33.440079847037403 ], [ -70.633832223715203, -33.440112272847202 ], [ -70.633887285772701, -33.439905503701297 ], [ -70.633923637404607, -33.439766039295101 ], [ -70.633978874818496, -33.439773511661301 ], [ -70.634030063917606, -33.439571733711098 ], [ -70.6337937367026, -33.439522092952203 ], [ -70.633856425824007, -33.4392906935553 ], [ -70.633974032443703, -33.439316288734702 ], [ -70.633986150946697, -33.4393189264987 ], [ -70.634010578744906, -33.4392318585449 ], [ -70.634017092039201, -33.439212129068203 ], [ -70.634106700595694, -33.438940716843099 ], [ -70.634275277968001, -33.438979882527804 ], [ -70.634357261618504, -33.4387581649111 ], [ -70.634314420106804, -33.438750139715403 ], [ -70.634384431033297, -33.438545211425101 ], [ -70.634106386731702, -33.438478983665 ], [ -70.634186641202803, -33.438085024267501 ], [ -70.633429524542194, -33.437881217028597 ], [ -70.633420596992707, -33.437898512683702 ], [ -70.633417075150902, -33.437905334523499 ], [ -70.633228861812597, -33.438269957860797 ], [ -70.633053378275093, -33.4386857724202 ] ] ] ] } },
{ "type": "Feature", "properties": { "id": "ipt_13_prc_providencia_mono.160", "Name": null, "description": null, "timestamp": null, "begin": null, "end": null, "altitudeMode": null, "tessellate": -1, "extrude": 0, "visibility": -1, "drawOrder": null, "icon": null, "REG": "Metropolitana", "COM": "Providencia", "LOC": "Providencia", "ZONA": "UpR y ECr", "NOM": "UpR y ECr Zona de Uso preferentemente Residencial y Equipamiento Comercial restringido", "UPERM": "Revisar ordenaza local", "UPROH": "Revisar ordenaza local", "P_DO": "23/01/2007", "N_DOC": "101", "T_DO": "Decreto", "OBS": null }, "geometry": { "type": "MultiPolygon", "coordinates": [ [ [ [ -70.625611405974098, -33.434221542749903 ], [ -70.625488761565606, -33.434410785577498 ], [ -70.625277048342298, -33.434356148476098 ], [ -70.625057170815793, -33.434774211771803 ], [ -70.625422242841097, -33.434902068781 ], [ -70.625404630219606, -33.4349619756237 ], [ -70.625415029548293, -33.434963083826297 ], [ -70.625565630743296, -33.434995976093603 ], [ -70.6260449146843, -33.435100056812203 ], [ -70.626192096137302, -33.434630871777102 ], [ -70.626226776522103, -33.434520316007301 ], [ -70.626255326855599, -33.4344293012362 ], [ -70.626339609087495, -33.434160624365902 ], [ -70.625897002955298, -33.434068365627802 ], [ -70.625744908600694, -33.434015543004698 ], [ -70.625611405974098, -33.434221542749903 ] ] ] ] } },
{ "type": "Feature", "properties": { "id": "ipt_13_prc_providencia_mono.161", "Name": null, "description": null, "timestamp": null, "begin": null, "end": null, "altitudeMode": null, "tessellate": -1, "extrude": 0, "visibility": -1, "drawOrder": null, "icon": null, "REG": "Metropolitana", "COM": "Providencia", "LOC": "Providencia", "ZONA": "UpR y ECr", "NOM": "UpR y ECr Zona de Uso preferentemente Residencial y Equipamiento Comercial restringido", "UPERM": "Revisar ordenaza local", "UPROH": "Revisar ordenaza local", "P_DO": "23/01/2007", "N_DOC": "101", "T_DO": "Decreto", "OBS": null }, "geometry": { "type": "MultiPolygon", "coordinates": [ [ [ [ -70.632910282996605, -33.433966659218598 ], [ -70.632955707120601, -33.433981711361298 ], [ -70.633839875613404, -33.434249481493801 ], [ -70.634602827605704, -33.434451796765998 ], [ -70.635580253907094, -33.4346219418331 ], [ -70.635586185039998, -33.434586355873897 ], [ -70.635792427479799, -33.433348868565503 ], [ -70.635879686809304, -33.432862699111297 ], [ -70.635880905021693, -33.432855913006101 ], [ -70.636006050670005, -33.432158652901499 ], [ -70.636191587164305, -33.431058661162403 ], [ -70.6361923373005, -33.4310542160663 ], [ -70.635663924398898, -33.430981222210903 ], [ -70.635686492471194, -33.430825500480303 ], [ -70.635588115856905, -33.430822183470703 ], [ -70.635553341974799, -33.430825408956302 ], [ -70.635518789293599, -33.430830850917602 ], [ -70.635486248890501, -33.430838064577003 ], [ -70.635456764099303, -33.430846421127498 ], [ -70.635453458445696, -33.430847601933799 ], [ -70.635416179509804, -33.4308609158224 ], [ -70.6353728857097, -33.430880521732703 ], [ -70.635337558887301, -33.430900829695297 ], [ -70.635302604273306, -33.430922919264297 ], [ -70.635181087479396, -33.431025495137199 ], [ -70.635189949670107, -33.431029826095397 ], [ -70.635177030410006, -33.431046595540899 ], [ -70.635159620501696, -33.431071786870298 ], [ -70.635146599224399, -33.431092808883598 ], [ -70.635127744804905, -33.431127633664097 ], [ -70.635119136120693, -33.431147426912297 ], [ -70.635105727694196, -33.431178258719797 ], [ -70.634884776059394, -33.4311046121503 ], [ -70.634696800515002, -33.431185649698499 ], [ -70.634515570119802, -33.431255073570497 ], [ -70.634408564311798, -33.431257983785798 ], [ -70.634312229820907, -33.431285077416497 ], [ -70.634054473950997, -33.431356853838302 ], [ -70.634054759045398, -33.431415327438899 ], [ -70.634092473246596, -33.431421824125898 ], [ -70.634122106370995, -33.431426928457199 ], [ -70.634130811599107, -33.431427821078501 ], [ -70.634137448792004, -33.431429073728502 ], [ -70.634148580848901, -33.431433483968597 ], [ -70.634159048992601, -33.431439772450702 ], [ -70.6341663754759, -33.431446008545301 ], [ -70.634174060200095, -33.431455059940298 ], [ -70.634236987232995, -33.4315494079312 ], [ -70.634450550683397, -33.431878065140303 ], [ -70.634502980367202, -33.431967923157799 ], [ -70.634335572975502, -33.431941384842197 ], [ -70.634305525504303, -33.431936621507397 ], [ -70.634303838284794, -33.4319363542578 ], [ -70.633877336716196, -33.431868742673899 ], [ -70.6337705198507, -33.431853483399898 ], [ -70.633434816512207, -33.432669849731099 ], [ -70.633312742161195, -33.432986477779501 ], [ -70.633252507271905, -33.433133178248497 ], [ -70.6340001979991, -33.433291642292701 ], [ -70.633982372561604, -33.433390817829 ], [ -70.633899184169707, -33.433385858256003 ], [ -70.633857590608798, -33.433480074873202 ], [ -70.633190485472099, -33.433284233713202 ], [ -70.632910282996605, -33.433966659218598 ] ], [ [ -70.634039361298306, -33.432848382824702 ], [ -70.634102374639298, -33.432582201634602 ], [ -70.634844660943202, -33.432671932194097 ], [ -70.634833909196402, -33.432730765924099 ], [ -70.634809465919204, -33.432862992497903 ], [ -70.634801667680804, -33.432904217839997 ], [ -70.634782461565294, -33.4329784138694 ], [ -70.634540028460194, -33.432938743248897 ], [ -70.634519022561406, -33.432931539474801 ], [ -70.634039361298306, -33.432848382824702 ] ] ] ] } },
{ "type": "Feature", "properties": { "id": "ipt_13_prc_providencia_mono.162", "Name": null, "description": null, "timestamp": null, "begin": null, "end": null, "altitudeMode": null, "tessellate": -1, "extrude": 0, "visibility": -1, "drawOrder": null, "icon": null, "REG": "Metropolitana", "COM": "Providencia", "LOC": "Providencia", "ZONA": "UpR y ECr", "NOM": "UpR y ECr Zona de Uso preferentemente Residencial y Equipamiento Comercial restringido", "UPERM": "Revisar ordenaza local", "UPROH": "Revisar ordenaza local", "P_DO": "23/01/2007", "N_DOC": "101", "T_DO": "Decreto", "OBS": null }, "geometry": { "type": "MultiPolygon", "coordinates": [ [ [ [ -70.624626787962001, -33.428909077189502 ], [ -70.624881792557005, -33.429370111760903 ], [ -70.624886667189699, -33.429378607171301 ], [ -70.625180892871896, -33.429231245610197 ], [ -70.625199153626895, -33.429222768050401 ], [ -70.625322771705996, -33.429161833457101 ], [ -70.625341786480703, -33.429167783418301 ], [ -70.625422980377294, -33.429281870448897 ], [ -70.625707511843004, -33.429737465003001 ], [ -70.626043910747001, -33.429286835187597 ], [ -70.625705805810597, -33.428931405868397 ], [ -70.625652396603897, -33.4288818145113 ], [ -70.625236858327597, -33.4284534712693 ], [ -70.625173939117403, -33.428388612768302 ], [ -70.625034379110801, -33.428244749880299 ], [ -70.624432672038694, -33.4276093873912 ], [ -70.624254494681196, -33.427526096866004 ], [ -70.624090765198304, -33.427449560063302 ], [ -70.623917802138095, -33.427556567616101 ], [ -70.623929774108404, -33.427645564166802 ], [ -70.624033931451393, -33.427809300344002 ], [ -70.624095426928307, -33.427927186889796 ], [ -70.624205012763596, -33.428137260989999 ], [ -70.624422942710595, -33.428537376491903 ], [ -70.624426751348906, -33.428544369005898 ], [ -70.624535619692196, -33.428744248839699 ], [ -70.624618289862198, -33.428893713090801 ], [ -70.624621029062595, -33.428898665235799 ], [ -70.624626787962001, -33.428909077189502 ] ] ] ] } },
{ "type": "Feature", "properties": { "id": "ipt_13_prc_providencia_mono.163", "Name": null, "description": null, "timestamp": null, "begin": null, "end": null, "altitudeMode": null, "tessellate": -1, "extrude": 0, "visibility": -1, "drawOrder": null, "icon": null, "REG": "Metropolitana", "COM": "Providencia", "LOC": "Providencia", "ZONA": "UpR y Er", "NOM": "UpR y Er Zona de Uso preferente Residencial y Equipamiento restringido", "UPERM": "Revisar ordenaza local", "UPROH": "Revisar ordenaza local", "P_DO": "23/01/2007", "N_DOC": "101", "T_DO": "Decreto", "OBS": null }, "geometry": { "type": "MultiPolygon", "coordinates": [ [ [ [ -70.634430672678803, -33.431022777415301 ], [ -70.634300910389996, -33.431023056536098 ], [ -70.6340358348222, -33.431000779234701 ], [ -70.633975013414599, -33.431015063069196 ], [ -70.633955707330102, -33.430896012575701 ], [ -70.633628953991007, -33.430771468839197 ], [ -70.633399292048594, -33.430664733453703 ], [ -70.633312198249101, -33.430638907834897 ], [ -70.6330466791227, -33.431009145898201 ], [ -70.633017011655298, -33.431046523369297 ], [ -70.633391594442003, -33.431303591185099 ], [ -70.633494272325606, -33.431302005029799 ], [ -70.633513286905895, -33.431335327868602 ], [ -70.633631175990303, -33.431386107078602 ], [ -70.633880263596694, -33.431428951999798 ], [ -70.634058999613998, -33.431451167092597 ], [ -70.634054759045398, -33.431415327438899 ], [ -70.634054473950997, -33.431356853838302 ], [ -70.634312229820907, -33.431285077416497 ], [ -70.634408564311798, -33.431257983785798 ], [ -70.634515570119802, -33.431255073570497 ], [ -70.634696800515002, -33.431185649698499 ], [ -70.634884776059394, -33.4311046121503 ], [ -70.635105727694196, -33.431178258719797 ], [ -70.635119136120693, -33.431147426912297 ], [ -70.635127744804905, -33.431127633664097 ], [ -70.635146599224399, -33.431092808883598 ], [ -70.635159620501696, -33.431071786870298 ], [ -70.635177030410006, -33.431046595540899 ], [ -70.635189949670107, -33.431029826095397 ], [ -70.635181087479396, -33.431025495137199 ], [ -70.635302604273306, -33.430922919264297 ], [ -70.635337558887301, -33.430900829695297 ], [ -70.6353728857097, -33.430880521732703 ], [ -70.635416179509804, -33.4308609158224 ], [ -70.635453458445696, -33.430847601933799 ], [ -70.635194137054796, -33.4304442723042 ], [ -70.635180075401905, -33.430425879137999 ], [ -70.634994584624096, -33.430561030215102 ], [ -70.634873932593806, -33.430693021998103 ], [ -70.634830390211107, -33.430737056157497 ], [ -70.634704315334901, -33.430864551507597 ], [ -70.6345915543112, -33.430951937298303 ], [ -70.634430672678803, -33.431022777415301 ] ] ] ] } },
{ "type": "Feature", "properties": { "id": "ipt_13_prc_providencia_mono.164", "Name": null, "description": null, "timestamp": null, "begin": null, "end": null, "altitudeMode": null, "tessellate": -1, "extrude": 0, "visibility": -1, "drawOrder": null, "icon": null, "REG": "Metropolitana", "COM": "Providencia", "LOC": "Providencia", "ZONA": "UpR y E", "NOM": "UpR y E Zona de Uso preferentemente Residencial y Eqipamiento", "UPERM": "Revisar ordenaza local", "UPROH": "Revisar ordenaza local", "P_DO": "23/01/2007", "N_DOC": "101", "T_DO": "Decreto", "OBS": null }, "geometry": { "type": "MultiPolygon", "coordinates": [ [ [ [ -70.627630927330799, -33.429811963378498 ], [ -70.627679984974307, -33.429856805107903 ], [ -70.627906331171303, -33.430465366441702 ], [ -70.627920848234396, -33.430607871694399 ], [ -70.628026737926504, -33.430641574444401 ], [ -70.628086608467299, -33.430706202693401 ], [ -70.628338278989006, -33.430040521190101 ], [ -70.628397754474094, -33.429884145440397 ], [ -70.628217060406499, -33.429825438974703 ], [ -70.628158845980295, -33.429954790046502 ], [ -70.628140543122996, -33.429949659959902 ], [ -70.627775737840693, -33.429844092230603 ], [ -70.627630927330799, -33.429811963378498 ] ] ] ] } },
{ "type": "Feature", "properties": { "id": "ipt_13_prc_providencia_mono.165", "Name": null, "description": null, "timestamp": null, "begin": null, "end": null, "altitudeMode": null, "tessellate": -1, "extrude": 0, "visibility": -1, "drawOrder": null, "icon": null, "REG": "Metropolitana", "COM": "Providencia", "LOC": "Providencia", "ZONA": "UpR y ECr", "NOM": "UpR y ECr Zona de Uso preferentemente Residencial y Equipamiento Comercial restringido", "UPERM": "Revisar ordenaza local", "UPROH": "Revisar ordenaza local", "P_DO": "23/01/2007", "N_DOC": "101", "T_DO": "Decreto", "OBS": null }, "geometry": { "type": "MultiPolygon", "coordinates": [ [ [ [ -70.615731672034102, -33.419949166647598 ], [ -70.616541597969501, -33.420514518435802 ], [ -70.616416816607298, -33.420702643316801 ], [ -70.617076445081295, -33.421061554328404 ], [ -70.617358745971003, -33.420840294741303 ], [ -70.617404523388302, -33.420805961019497 ], [ -70.617740233309505, -33.420569443018202 ], [ -70.617476408834804, -33.420312238687103 ], [ -70.6168811302949, -33.419743755761402 ], [ -70.6165248435709, -33.419405865406397 ], [ -70.616160815369696, -33.419108766529398 ], [ -70.616168488027199, -33.419062137283703 ], [ -70.616005104853301, -33.418995674523103 ], [ -70.615876296819806, -33.4189544029391 ], [ -70.615872616066895, -33.418951813930398 ], [ -70.615737573408495, -33.418856818160002 ], [ -70.615392283753096, -33.418625489816897 ], [ -70.615447263458293, -33.4184951944465 ], [ -70.6152057416719, -33.418326802089602 ], [ -70.614792475903499, -33.418018481088097 ], [ -70.614641701293095, -33.417890186620099 ], [ -70.614308836861994, -33.417606951453401 ], [ -70.614283913148199, -33.417626355986997 ], [ -70.614231512885397, -33.417667152542897 ], [ -70.614081453866703, -33.417538862477898 ], [ -70.613988701558696, -33.417459564501797 ], [ -70.613677215988304, -33.417193263578397 ], [ -70.613448850396907, -33.416998023785403 ], [ -70.613346801632503, -33.416910776615502 ], [ -70.613438746504002, -33.416836088171799 ], [ -70.613409184788594, -33.416808760228598 ], [ -70.613046826481295, -33.416473788076502 ], [ -70.612554030092099, -33.415981976158598 ], [ -70.612344118717303, -33.415924336264297 ], [ -70.612341878460498, -33.415916295760297 ], [ -70.612282219132595, -33.415702194485299 ], [ -70.612273446306006, -33.415703716291397 ], [ -70.611712656856298, -33.415800995459598 ], [ -70.611605839672194, -33.415701811627201 ], [ -70.611322897744898, -33.4157625063918 ], [ -70.611449510246004, -33.416190620544299 ], [ -70.611415595796004, -33.416223751830699 ], [ -70.611644469243799, -33.416411620906402 ], [ -70.611664774139498, -33.416428693949896 ], [ -70.611792326829104, -33.416331688005201 ], [ -70.611803946624804, -33.416322851418698 ], [ -70.612260955001105, -33.4167241480584 ], [ -70.612097720151596, -33.416856858417297 ], [ -70.6127181606861, -33.417398310547597 ], [ -70.612795447956202, -33.4173335782381 ], [ -70.612806400187395, -33.417341096910498 ], [ -70.613126305279806, -33.417628159017703 ], [ -70.613112296186401, -33.4176393373058 ], [ -70.613453931673504, -33.417925910263598 ], [ -70.613387538426096, -33.417984368782101 ], [ -70.613750914837894, -33.418307683793302 ], [ -70.613759212653605, -33.4183150015362 ], [ -70.613795309499395, -33.418290441123602 ], [ -70.613863140289496, -33.4183486719865 ], [ -70.614151694279599, -33.418596387246303 ], [ -70.614158904453703, -33.418602576491502 ], [ -70.614168840001298, -33.4185930906403 ], [ -70.614183229759206, -33.418579353282503 ], [ -70.614440983231106, -33.418787973738901 ], [ -70.614461485270297, -33.4187681722062 ], [ -70.614585794148596, -33.418876843872901 ], [ -70.614683789861601, -33.418796208398398 ], [ -70.614853497568902, -33.418945392556601 ], [ -70.614875852112405, -33.418963554830597 ], [ -70.614855778216096, -33.418980281911402 ], [ -70.614791751979396, -33.419037859018303 ], [ -70.614978800985099, -33.419286842416099 ], [ -70.614993906163093, -33.4193062236534 ], [ -70.615024555096497, -33.419269244315601 ], [ -70.615457300614096, -33.419413023390099 ], [ -70.6153921674277, -33.419551979659403 ], [ -70.615713283494898, -33.419651333604598 ], [ -70.615749796459198, -33.419688302095501 ], [ -70.615679295209901, -33.4197432711319 ], [ -70.615756459178996, -33.419809644631997 ], [ -70.615709504371495, -33.419848758385498 ], [ -70.615783895777994, -33.419908503427401 ], [ -70.615731672034102, -33.419949166647598 ] ] ] ] } },
{ "type": "Feature", "properties": { "id": "ipt_13_prc_providencia_mono.166", "Name": null, "description": null, "timestamp": null, "begin": null, "end": null, "altitudeMode": null, "tessellate": -1, "extrude": 0, "visibility": -1, "drawOrder": null, "icon": null, "REG": "Metropolitana", "COM": "Providencia", "LOC": "Providencia", "ZONA": "UpR y ECr", "NOM": "UpR y ECr Zona de Uso preferentemente Residencial y Equipamiento Comercial restringido", "UPERM": "Revisar ordenaza local", "UPROH": "Revisar ordenaza local", "P_DO": "23/01/2007", "N_DOC": "101", "T_DO": "Decreto", "OBS": null }, "geometry": { "type": "MultiPolygon", "coordinates": [ [ [ [ -70.610819835781697, -33.425655908102101 ], [ -70.611532569976106, -33.4258532926358 ], [ -70.611546895829804, -33.4258135510984 ], [ -70.611617556988094, -33.425617521790898 ], [ -70.611620061463398, -33.425610576680398 ], [ -70.611644073415107, -33.425543960836102 ], [ -70.611675347400904, -33.4254507673311 ], [ -70.611682853956296, -33.425428398064497 ], [ -70.611715432491707, -33.425343818152598 ], [ -70.611553681952799, -33.425307215310497 ], [ -70.611380498400493, -33.425261271709303 ], [ -70.611368138343707, -33.425257992715899 ], [ -70.609843437690699, -33.424853495994299 ], [ -70.609785859095297, -33.4249637370309 ], [ -70.609734680346506, -33.425061726507501 ], [ -70.609728280358993, -33.425073978043201 ], [ -70.6097251661011, -33.425079941720497 ], [ -70.609599860246902, -33.425319852851899 ], [ -70.609857770065602, -33.425390891997097 ], [ -70.610801694859703, -33.425650884240397 ], [ -70.610819835781697, -33.425655908102101 ] ] ] ] } },
{ "type": "Feature", "properties": { "id": "ipt_13_prc_providencia_mono.167", "Name": null, "description": null, "timestamp": null, "begin": null, "end": null, "altitudeMode": null, "tessellate": -1, "extrude": 0, "visibility": -1, "drawOrder": null, "icon": null, "REG": "Metropolitana", "COM": "Providencia", "LOC": "Providencia", "ZONA": "UpR y ECr", "NOM": "UpR y ECr Zona de Uso preferentemente Residencial y Equipamiento Comercial restringido", "UPERM": "Revisar ordenaza local", "UPROH": "Revisar ordenaza local", "P_DO": "23/01/2007", "N_DOC": "101", "T_DO": "Decreto", "OBS": null }, "geometry": { "type": "MultiPolygon", "coordinates": [ [ [ [ -70.599896971990006, -33.419413973936003 ], [ -70.599211871310203, -33.419912506839502 ], [ -70.599199745538698, -33.419971674037399 ], [ -70.599170647183499, -33.420047207487499 ], [ -70.599149630660193, -33.420109071281502 ], [ -70.599039185856697, -33.420390903687199 ], [ -70.599095621313396, -33.420404295199702 ], [ -70.599360478878594, -33.420473310967203 ], [ -70.599594230339406, -33.4205342212367 ], [ -70.600104393587102, -33.420682803083501 ], [ -70.6005208355798, -33.420793614036299 ], [ -70.600622007781496, -33.420816948324003 ], [ -70.600640861980807, -33.420762480219402 ], [ -70.600645361356001, -33.420748810719502 ], [ -70.600995301306995, -33.420860249278498 ], [ -70.601021761557206, -33.420868676256497 ], [ -70.601097810065198, -33.420692594690301 ], [ -70.601789150055893, -33.420895904962101 ], [ -70.601775048375401, -33.4209291439292 ], [ -70.6017641999765, -33.420954714943399 ], [ -70.6025373046445, -33.421196281392298 ], [ -70.602494788598605, -33.421282019176097 ], [ -70.602724669081098, -33.421353385183899 ], [ -70.602688348939395, -33.421441292139498 ], [ -70.602892718323005, -33.421491145918097 ], [ -70.602926683870294, -33.421416098868796 ], [ -70.602932368056102, -33.421403540373198 ], [ -70.603278102811998, -33.421503911596098 ], [ -70.603269637763304, -33.421522566399297 ], [ -70.603257149930201, -33.421550082347601 ], [ -70.603505464235994, -33.4216190026821 ], [ -70.603621260689195, -33.421651141221297 ], [ -70.603564063280501, -33.421790275744399 ], [ -70.603563452440795, -33.421804840186802 ], [ -70.604037327371302, -33.421939919765101 ], [ -70.604211442999201, -33.4219906135489 ], [ -70.6042983369599, -33.421778209073203 ], [ -70.604632056337493, -33.421875245393103 ], [ -70.604712725196194, -33.421684099913001 ], [ -70.605130948525101, -33.421807983925198 ], [ -70.604948286474595, -33.422261496968297 ], [ -70.604824152633796, -33.422584313102703 ], [ -70.605260955947799, -33.422682133873799 ], [ -70.605218402878094, -33.422808107537598 ], [ -70.605939465318897, -33.422969505125501 ], [ -70.606280873174796, -33.423038925008299 ], [ -70.606231287020805, -33.423189028522501 ], [ -70.606243703248794, -33.423194799082701 ], [ -70.606877669563104, -33.423327887748101 ], [ -70.606953304031904, -33.4231058352971 ], [ -70.606953988636604, -33.423103825252497 ], [ -70.606986719144402, -33.423007732588303 ], [ -70.607076842294902, -33.422737791513498 ], [ -70.607204517546805, -33.4223553692295 ], [ -70.606603370325402, -33.422224260340201 ], [ -70.606716181170199, -33.421950190969 ], [ -70.606697343056197, -33.421946964761702 ], [ -70.606396000709097, -33.421869631930299 ], [ -70.606316999039294, -33.421708526727997 ], [ -70.606270995774807, -33.421729640242603 ], [ -70.605798671327307, -33.421587356119801 ], [ -70.605789602211004, -33.421584623745197 ], [ -70.605654519471301, -33.421543930513401 ], [ -70.605386049963002, -33.421467020908402 ], [ -70.605324389263004, -33.421465890049298 ], [ -70.605272969300501, -33.4214570592966 ], [ -70.605457696449704, -33.420997248576199 ], [ -70.605248170627405, -33.420936849354298 ], [ -70.605237036660597, -33.420950355976899 ], [ -70.605159237614401, -33.420928456297901 ], [ -70.605176776485195, -33.420891960138697 ], [ -70.605146979589904, -33.4208808924731 ], [ -70.605167103035598, -33.420833134098302 ], [ -70.605174920979493, -33.420814580436101 ], [ -70.605218955588199, -33.420710069333097 ], [ -70.605039843952397, -33.420656605304004 ], [ -70.604667321065307, -33.420545408208497 ], [ -70.604697672217995, -33.420462933039602 ], [ -70.604725122511496, -33.420470213706402 ], [ -70.604800279774594, -33.420298081645598 ], [ -70.604769613691403, -33.420290202301501 ], [ -70.604797591075496, -33.420214793952702 ], [ -70.6044785123878, -33.420119208982499 ], [ -70.603929492291996, -33.419954739715301 ], [ -70.603902643671802, -33.420016243194802 ], [ -70.603268428425906, -33.419767969289701 ], [ -70.603349509814606, -33.4195970303537 ], [ -70.602889128142394, -33.419442633788698 ], [ -70.602902256782002, -33.419413830785103 ], [ -70.602483424556695, -33.419281589502603 ], [ -70.602583216255994, -33.419050714879397 ], [ -70.602219338178202, -33.418948080510297 ], [ -70.602181763404005, -33.418933305936399 ], [ -70.602112380999003, -33.419104774816397 ], [ -70.602072466004699, -33.419100302366999 ], [ -70.601613540546396, -33.418901023869097 ], [ -70.601613147212404, -33.4189008630104 ], [ -70.601434799763396, -33.418827845481403 ], [ -70.601397577422105, -33.418933699486601 ], [ -70.601269958946602, -33.418906131322402 ], [ -70.601245722169494, -33.4190005626957 ], [ -70.601145128563502, -33.419277691971999 ], [ -70.600962796633894, -33.419771217045302 ], [ -70.600400705820107, -33.419598205195697 ], [ -70.600084415911397, -33.419500850286397 ], [ -70.599978069972494, -33.419451816774597 ], [ -70.599896971990006, -33.419413973936003 ] ] ] ] } },
{ "type": "Feature", "properties": { "id": "ipt_13_prc_providencia_mono.168", "Name": null, "description": null, "timestamp": null, "begin": null, "end": null, "altitudeMode": null, "tessellate": -1, "extrude": 0, "visibility": -1, "drawOrder": null, "icon": null, "REG": "Metropolitana", "COM": "Providencia", "LOC": "Providencia", "ZONA": "UpR y ECr", "NOM": "UpR y ECr Zona de Uso preferentemente Residencial y Equipamiento Comercial restringido", "UPERM": "Revisar ordenaza local", "UPROH": "Revisar ordenaza local", "P_DO": "23/01/2007", "N_DOC": "101", "T_DO": "Decreto", "OBS": null }, "geometry": { "type": "MultiPolygon", "coordinates": [ [ [ [ -70.596350861378696, -33.422047018119798 ], [ -70.595082543179501, -33.423087412290698 ], [ -70.594065273461496, -33.4239086752304 ], [ -70.593290437524203, -33.424539495665897 ], [ -70.5924509528069, -33.425189354184603 ], [ -70.591600059186007, -33.425843969196897 ], [ -70.590910788742704, -33.426367656842302 ], [ -70.589942837411797, -33.427125610629503 ], [ -70.587815366242594, -33.428902938214698 ], [ -70.586161115897795, -33.430348973241401 ], [ -70.585761813352406, -33.43064055824 ], [ -70.584742167644606, -33.431604565134897 ], [ -70.584459477012103, -33.432057895664499 ], [ -70.584657481187705, -33.432148385546498 ], [ -70.584607569057098, -33.432261446575403 ], [ -70.584243919408607, -33.432683936608697 ], [ -70.584044268359193, -33.432939810079397 ], [ -70.583737661037702, -33.433219485305003 ], [ -70.583595052740193, -33.433326594507498 ], [ -70.583516618771498, -33.4333920496762 ], [ -70.583117317068698, -33.433695525246002 ], [ -70.582946187286197, -33.4338026335206 ], [ -70.582625320028995, -33.434010900164999 ], [ -70.582461779615699, -33.434079139074001 ], [ -70.582542778504603, -33.434171766667703 ], [ -70.582784938459596, -33.434031987711599 ], [ -70.582818760388193, -33.434007001618497 ], [ -70.582857694457104, -33.4340485798919 ], [ -70.583113566451104, -33.433875094909503 ], [ -70.583122137584496, -33.433884012881101 ], [ -70.583346174029202, -33.433724761775999 ], [ -70.583389372211599, -33.433694054483396 ], [ -70.583556302730798, -33.433838379488201 ], [ -70.583568055579406, -33.433848541012502 ], [ -70.583949065738395, -33.433542824830198 ], [ -70.583932741934603, -33.433528008723499 ], [ -70.583776218037798, -33.433385938466003 ], [ -70.584067942814698, -33.433148771136402 ], [ -70.584099577995303, -33.433123052387998 ], [ -70.584149655433706, -33.433158055083901 ], [ -70.584161263490103, -33.433166169426201 ], [ -70.584462786573894, -33.432900316589802 ], [ -70.584497381767903, -33.432869813543299 ], [ -70.584580792785005, -33.432936032914 ], [ -70.584594403075997, -33.432946838867998 ], [ -70.584875568765199, -33.432680536356798 ], [ -70.584969294864806, -33.432591764453001 ], [ -70.585756689289596, -33.433353999079898 ], [ -70.585700659738606, -33.433395092707102 ], [ -70.585692087708495, -33.433401451164201 ], [ -70.585999330259398, -33.4337244082475 ], [ -70.586366557363405, -33.4341055457393 ], [ -70.586881749669701, -33.434641556763502 ], [ -70.587333253741207, -33.434898778706298 ], [ -70.587495102344107, -33.434753965611698 ], [ -70.587654373793399, -33.434870906698102 ], [ -70.587734886623906, -33.434793845445299 ], [ -70.588044589889606, -33.435016083633002 ], [ -70.587808414705705, -33.435251894117201 ], [ -70.587891809714606, -33.435292408090099 ], [ -70.587952406430503, -33.435325169589497 ], [ -70.5883053971652, -33.434975858833297 ], [ -70.588349228062199, -33.435005083259 ], [ -70.588431724729702, -33.435050603654901 ], [ -70.588523115547602, -33.435095044180699 ], [ -70.588507308034593, -33.435140014805299 ], [ -70.588491511695807, -33.435194216492299 ], [ -70.588474123838196, -33.435237877148403 ], [ -70.588436895441504, -33.435334336627697 ], [ -70.588363361455606, -33.435419601323701 ], [ -70.588308471100902, -33.435469083945002 ], [ -70.588283116040003, -33.435481114581499 ], [ -70.588253043164599, -33.435489304295999 ], [ -70.5882111708802, -33.435487889063999 ], [ -70.588451897281104, -33.435666099051602 ], [ -70.588699290159795, -33.435519667223097 ], [ -70.588736525850507, -33.4354982106818 ], [ -70.589535090585599, -33.435823703821299 ], [ -70.589567606112993, -33.435835502364 ], [ -70.589585573245401, -33.435722656016601 ], [ -70.589591009633693, -33.435692464961598 ], [ -70.589753539848601, -33.435709470395103 ], [ -70.589897783078101, -33.435779539717103 ], [ -70.589927063888894, -33.435789375760301 ], [ -70.589951815238607, -33.435639593311201 ], [ -70.589955367971697, -33.435618596275503 ], [ -70.590265752545093, -33.435672251334601 ], [ -70.590278915667795, -33.435641920571101 ], [ -70.591497235337698, -33.435902317706599 ], [ -70.591509269137106, -33.435877846119602 ], [ -70.591525523049896, -33.435840907481897 ], [ -70.591855097068304, -33.435933049710897 ], [ -70.591845879644794, -33.435973731760697 ], [ -70.592638884135297, -33.4361390097149 ], [ -70.592659386790302, -33.436142768553204 ], [ -70.592689058086407, -33.4359847617268 ], [ -70.592693714369403, -33.435959264714199 ], [ -70.593126701513498, -33.436031895909899 ], [ -70.593119694918698, -33.436049321937602 ], [ -70.594874517424699, -33.4363574009001 ], [ -70.594894736733494, -33.436360951078903 ], [ -70.594916233798003, -33.4362838471407 ], [ -70.594921978311703, -33.436263246555903 ], [ -70.595278090871901, -33.4363389683961 ], [ -70.595628063161897, -33.436403056076003 ], [ -70.595603922258405, -33.436483539960598 ], [ -70.596261375815899, -33.436585009618099 ], [ -70.596288895495704, -33.436589256491899 ], [ -70.596305159165993, -33.436524236674003 ], [ -70.596311170773006, -33.436500206517501 ], [ -70.5966256690227, -33.436551169116001 ], [ -70.5966205466693, -33.436568718967102 ], [ -70.596962708137994, -33.436645005155597 ], [ -70.5969259074744, -33.436780055569201 ], [ -70.597287823923907, -33.436843347975298 ], [ -70.597314777892095, -33.436848061842802 ], [ -70.597337834236697, -33.436750564067196 ], [ -70.597343304874499, -33.4367274336525 ], [ -70.597463238738399, -33.436744461814698 ], [ -70.597481980122893, -33.436747122460503 ], [ -70.597512881183107, -33.436631151387999 ], [ -70.597518727435997, -33.436609209255103 ], [ -70.597799185653201, -33.436647905976997 ], [ -70.597793696420197, -33.436673477016797 ], [ -70.5977844680679, -33.4367164655932 ], [ -70.598723646510606, -33.436859380438399 ], [ -70.599302450669398, -33.436942699253798 ], [ -70.599223053600696, -33.437184333899303 ], [ -70.600125243816805, -33.4373930800636 ], [ -70.600114028679101, -33.437433311368103 ], [ -70.600072871943098, -33.4374238213097 ], [ -70.600029614931202, -33.437578999157601 ], [ -70.600103419359698, -33.4375995212121 ], [ -70.600056643896906, -33.437749018721803 ], [ -70.600161413643093, -33.4377820265493 ], [ -70.600089869445696, -33.438030684841699 ], [ -70.600108241851302, -33.438034145263998 ], [ -70.600434599755502, -33.438095615508303 ], [ -70.600440097131994, -33.4380966510994 ], [ -70.600504966802603, -33.438108869605202 ], [ -70.600604922102207, -33.438126160690103 ], [ -70.600943820080303, -33.4381889981086 ], [ -70.601003228662293, -33.437988599941399 ], [ -70.601009489378896, -33.437967481095797 ], [ -70.601217774866996, -33.4380107804744 ], [ -70.601233187743006, -33.438013984049498 ], [ -70.601277480743093, -33.437868814534603 ], [ -70.601320265588001, -33.437873988621803 ], [ -70.601367736071495, -33.437715891720003 ], [ -70.601303452113797, -33.4377024053328 ], [ -70.601315612637805, -33.437667172315599 ], [ -70.601788773720997, -33.437768435669398 ], [ -70.601817045902706, -33.437680738548501 ], [ -70.601824776697399, -33.437616362205198 ], [ -70.6018281528861, -33.437588253489999 ], [ -70.601989222516394, -33.437624627635699 ], [ -70.602008025654897, -33.437515406980097 ], [ -70.602010925749298, -33.437498560211402 ], [ -70.602270390438406, -33.437557896730702 ], [ -70.602265906333201, -33.437584125919997 ], [ -70.602263391885302, -33.437598835772903 ], [ -70.602224750611896, -33.437824899298597 ], [ -70.602931164822706, -33.437983093289098 ], [ -70.603658761400396, -33.438146025235497 ], [ -70.603745058022398, -33.437923449183799 ], [ -70.604261826457503, -33.4380545298743 ], [ -70.604181604533593, -33.438260582718002 ], [ -70.604199646532905, -33.438265016276503 ], [ -70.604359081129303, -33.438304192416702 ], [ -70.604389165904607, -33.43831158415 ], [ -70.604449674351002, -33.438158562524102 ], [ -70.604456879279198, -33.438140339715602 ], [ -70.604710252794106, -33.4382106043576 ], [ -70.604703165928697, -33.438229628284297 ], [ -70.605087038351201, -33.438328321649998 ], [ -70.605041556094093, -33.438454897561201 ], [ -70.605255106550899, -33.438506536050397 ], [ -70.605240690154503, -33.438558262513801 ], [ -70.605886149024599, -33.438695933608997 ], [ -70.605807968111606, -33.439015375624798 ], [ -70.605739201358801, -33.439324269561702 ], [ -70.605679859432499, -33.439316448120501 ], [ -70.605676849338494, -33.439338439542603 ], [ -70.605721949430304, -33.439344458690698 ], [ -70.606061445798204, -33.439389769612603 ], [ -70.606027032993794, -33.439559992802401 ], [ -70.605996134869997, -33.439556827184198 ], [ -70.605985626056395, -33.4395557503398 ], [ -70.6059778876037, -33.439611086091098 ], [ -70.605956827942094, -33.4397616873486 ], [ -70.606415117966193, -33.439804068763898 ], [ -70.606383950358506, -33.439986157798103 ], [ -70.606739570784896, -33.440033156258302 ], [ -70.606701136119696, -33.4402577022611 ], [ -70.606756331104194, -33.440264892450202 ], [ -70.606954597378206, -33.440291577448498 ], [ -70.607065542077606, -33.440350266481197 ], [ -70.607205815907705, -33.440369541161601 ], [ -70.607407812349905, -33.440392689683499 ], [ -70.607451964674695, -33.440134553628297 ], [ -70.607460140014297, -33.440096187350903 ], [ -70.607748362423095, -33.440137786252997 ], [ -70.607797143979397, -33.439850821569301 ], [ -70.608059752798397, -33.439871329758098 ], [ -70.608100270528794, -33.439639082664797 ], [ -70.608502396243097, -33.439683974939598 ], [ -70.608534043522695, -33.439683779900299 ], [ -70.608679781896697, -33.438890478895303 ], [ -70.609355708584999, -33.438986584904598 ], [ -70.6094097769342, -33.438996466089399 ], [ -70.6094276421762, -33.4390006261143 ], [ -70.609429352318898, -33.439001024169599 ], [ -70.609444342081602, -33.4390056390667 ], [ -70.609452437935403, -33.439009384803001 ], [ -70.609469698719195, -33.4390178003027 ], [ -70.609594931545601, -33.438534729098599 ], [ -70.609619863441395, -33.438429375220601 ], [ -70.609649369843297, -33.438313932660698 ], [ -70.609666637635897, -33.438273696844099 ], [ -70.609285556755395, -33.438221866032599 ], [ -70.609320297518195, -33.438066801189898 ], [ -70.609146725896196, -33.438033386465897 ], [ -70.609133025296899, -33.438031236643603 ], [ -70.609131095865806, -33.438047099682699 ], [ -70.609130979455003, -33.438070856387696 ], [ -70.609111705573198, -33.438070090159897 ], [ -70.609024324803002, -33.438070766929599 ], [ -70.608896669532896, -33.438048744046199 ], [ -70.608873474552198, -33.438176675205497 ], [ -70.608862198988504, -33.438173853584203 ], [ -70.608636093586696, -33.438122929833 ], [ -70.608624078076204, -33.4381198219886 ], [ -70.608614772573802, -33.438153159952101 ], [ -70.608238869879401, -33.438071597412197 ], [ -70.608213206879697, -33.438066359657903 ], [ -70.607964499904, -33.438014481492502 ], [ -70.607961963690002, -33.438161936224503 ], [ -70.607959768892101, -33.4382329813794 ], [ -70.607811913297198, -33.438198166209801 ], [ -70.607504592846894, -33.438145041505798 ], [ -70.607449210587902, -33.438134684108803 ], [ -70.606970189992495, -33.438045097112202 ], [ -70.607026429597497, -33.437822937330601 ], [ -70.606872077704196, -33.437786760480499 ], [ -70.606899926726697, -33.437691909914697 ], [ -70.606900764586001, -33.437689513705401 ], [ -70.606881564797604, -33.437685526621699 ], [ -70.606148373664993, -33.437533247479202 ], [ -70.606138568429898, -33.437565199316403 ], [ -70.606070098105704, -33.437776008865598 ], [ -70.605902909717997, -33.437752848210401 ], [ -70.605959050824495, -33.437534192860198 ], [ -70.604691308987299, -33.437250093053599 ], [ -70.604513573733698, -33.437210261314597 ], [ -70.604508516527204, -33.437224720936499 ], [ -70.604448685136603, -33.437395785856303 ], [ -70.604423090374894, -33.437389032246301 ], [ -70.603994387465207, -33.437275903850697 ], [ -70.604044015787295, -33.4371380215591 ], [ -70.604051412773202, -33.4371167327552 ], [ -70.603429074058994, -33.4369704469391 ], [ -70.602870867166303, -33.436839231868198 ], [ -70.602864876942107, -33.436858595040803 ], [ -70.6028192906127, -33.437005972367203 ], [ -70.602779587888307, -33.436995594142502 ], [ -70.602450653208905, -33.436909609973902 ], [ -70.602421568763205, -33.437000704121601 ], [ -70.602421374502399, -33.437001312665103 ], [ -70.602064212182199, -33.436921607405203 ], [ -70.602026146915193, -33.436913112454398 ], [ -70.602031633897099, -33.436895854391103 ], [ -70.602102017764295, -33.436674476111499 ], [ -70.601642419867801, -33.436570407989898 ], [ -70.601682698933303, -33.436436509901 ], [ -70.601703237690003, -33.436439107910303 ], [ -70.601858349658102, -33.4359121252241 ], [ -70.601823895780399, -33.435903923538 ], [ -70.601698835070195, -33.435874151644001 ], [ -70.6016579184828, -33.435864410993702 ], [ -70.601236260866401, -33.435764029376998 ], [ -70.601139857437204, -33.435740747086903 ], [ -70.601098710173105, -33.435911615239498 ], [ -70.600902011331996, -33.436654336201499 ], [ -70.600831275499303, -33.436912704453299 ], [ -70.600781754228805, -33.436901549613303 ], [ -70.600519523275295, -33.436842481007702 ], [ -70.599944047494105, -33.436712849969098 ], [ -70.5999423365909, -33.436712464416701 ], [ -70.599627226548293, -33.436641481198201 ], [ -70.599669557318293, -33.436539787032302 ], [ -70.599716262732898, -33.436359274626199 ], [ -70.599722370500501, -33.436335671450699 ], [ -70.599313617970097, -33.436255207885701 ], [ -70.599349968210205, -33.436095823894703 ], [ -70.598942751136505, -33.436018534475998 ], [ -70.598932407703998, -33.436054882867197 ], [ -70.598895852737002, -33.436183329218302 ], [ -70.598510114773305, -33.436110949658897 ], [ -70.598545283757701, -33.435980214384401 ], [ -70.598334566009996, -33.435942844263003 ], [ -70.598328141045798, -33.435974978321603 ], [ -70.598303283521204, -33.436099299336497 ], [ -70.5982613722949, -33.4360909123128 ], [ -70.597960144146697, -33.436030631905297 ], [ -70.597956520138197, -33.436043822864697 ], [ -70.597630105524203, -33.435984851945399 ], [ -70.597658158502298, -33.435838459830997 ], [ -70.597514362644404, -33.4358188380698 ], [ -70.597496356982603, -33.435867223573403 ], [ -70.597473677662407, -33.435928168731898 ], [ -70.597441814243098, -33.435922252868899 ], [ -70.597300623134103, -33.435896038251698 ], [ -70.597294433621897, -33.435932002032096 ], [ -70.597282104356196, -33.436003652087102 ], [ -70.597227132811597, -33.435996495318101 ], [ -70.596501585514702, -33.435902033676399 ], [ -70.596528883627997, -33.435621075938201 ], [ -70.596017944975998, -33.435507393906903 ], [ -70.596014655188299, -33.435533800527601 ], [ -70.596000079886394, -33.435650790334698 ], [ -70.595950511778696, -33.435638886519698 ], [ -70.595535595479902, -33.435539244521003 ], [ -70.595524431494994, -33.435573914072897 ], [ -70.595460344959605, -33.435772928928003 ], [ -70.595144310068306, -33.435729090446401 ], [ -70.595165774293406, -33.435595669922499 ], [ -70.595095033857007, -33.435583783825599 ], [ -70.595066682923203, -33.435580292289799 ], [ -70.594361781403407, -33.435493470543101 ], [ -70.593687487257398, -33.435410414243798 ], [ -70.593536710536796, -33.435341348702501 ], [ -70.593448512204205, -33.435264933258097 ], [ -70.593292792593004, -33.435248782162198 ], [ -70.593268083982494, -33.4353901676403 ], [ -70.593298600371398, -33.4353933242379 ], [ -70.593272377117003, -33.435529112539498 ], [ -70.5932399514124, -33.435697015569197 ], [ -70.593056996467396, -33.435672947913801 ], [ -70.593117058565895, -33.435332663616997 ], [ -70.592201747539804, -33.435205071446099 ], [ -70.592166864946407, -33.435200955173698 ], [ -70.591760393635298, -33.435152997994798 ], [ -70.591752539751695, -33.435182644796797 ], [ -70.591725227726101, -33.435290513297801 ], [ -70.591396720583106, -33.435228738059898 ], [ -70.591423006372807, -33.435125320734699 ], [ -70.591240448616404, -33.435086860969299 ], [ -70.591237059973906, -33.435100331004797 ], [ -70.591210996538507, -33.435203920397399 ], [ -70.591155884816999, -33.435193039932898 ], [ -70.590913650132805, -33.435145217852003 ], [ -70.590909141839703, -33.435162584653398 ], [ -70.590626352536802, -33.435121226347398 ], [ -70.590646726448099, -33.435021225413998 ], [ -70.589792325653804, -33.434909297864102 ], [ -70.589790134195795, -33.434921719008798 ], [ -70.5897807187756, -33.434975065258399 ], [ -70.589735395784402, -33.434968324340197 ], [ -70.589486640389893, -33.434931326633702 ], [ -70.589483619438397, -33.4349450967335 ], [ -70.589476089849498, -33.434979415273801 ], [ -70.588659859033299, -33.434710958272603 ], [ -70.588688171708498, -33.434659029354997 ], [ -70.588349865996804, -33.434464400069601 ], [ -70.588420894339393, -33.434379738343999 ], [ -70.587970927144497, -33.434097020151 ], [ -70.587666866853894, -33.433840588407598 ], [ -70.587526803484707, -33.433697484354603 ], [ -70.587074964905398, -33.433217932654003 ], [ -70.586935645524804, -33.433068674142099 ], [ -70.586901114490402, -33.433093618105303 ], [ -70.586864017425, -33.433120414807 ], [ -70.5868385792906, -33.433094295756 ], [ -70.586664029125899, -33.432915077802697 ], [ -70.5867126625959, -33.432876081374502 ], [ -70.586729150791101, -33.4328628604705 ], [ -70.586471220231303, -33.432596616721803 ], [ -70.586771355089994, -33.432379441142103 ], [ -70.586432660809905, -33.4320571173376 ], [ -70.586140491440602, -33.4322552263585 ], [ -70.586042474083996, -33.432154049329597 ], [ -70.585918201663901, -33.4320240759344 ], [ -70.586194981315202, -33.431848846434001 ], [ -70.586082083233194, -33.431714958009799 ], [ -70.585667680908301, -33.431356467153599 ], [ -70.585830925228706, -33.431210052038502 ], [ -70.5858476595985, -33.431222375380997 ], [ -70.586171861575195, -33.430930877788199 ], [ -70.586155088176795, -33.430919305317502 ], [ -70.585891782850396, -33.430737651915599 ], [ -70.5862638992824, -33.430407412469599 ], [ -70.586264398894002, -33.430406969588603 ], [ -70.586414677438199, -33.430273602351598 ], [ -70.5864201042384, -33.430268785646902 ], [ -70.586636013975195, -33.430077171958999 ], [ -70.586709383360898, -33.4301503633788 ], [ -70.586809243728595, -33.430233635601802 ], [ -70.586842272438204, -33.430261177146498 ], [ -70.587128173673094, -33.430016206993798 ], [ -70.587161322899505, -33.429987803175003 ], [ -70.587229616605796, -33.430041003265003 ], [ -70.587243593946098, -33.430051891714903 ], [ -70.587950154749706, -33.429424363236599 ], [ -70.587888515242497, -33.429366419433997 ], [ -70.588137774776797, -33.429147354363202 ], [ -70.588264784603595, -33.429040998097797 ], [ -70.588323884965902, -33.428991507585401 ], [ -70.588389652815806, -33.429038136138097 ], [ -70.588398265250703, -33.429044242191203 ], [ -70.588990611520003, -33.428525308365202 ], [ -70.588919010289601, -33.428468959104798 ], [ -70.588988420222194, -33.428405076318299 ], [ -70.588904417352197, -33.428332105454103 ], [ -70.5890757487564, -33.4281923752078 ], [ -70.589097534513002, -33.428210937237203 ], [ -70.589234702191803, -33.428101732597 ], [ -70.589266149658798, -33.428074985072598 ], [ -70.589390106300002, -33.428180314712399 ], [ -70.589401425339503, -33.428189932034002 ], [ -70.589502359605504, -33.428107033678202 ], [ -70.589465006444001, -33.428071720307798 ], [ -70.589624970618601, -33.427941515038803 ], [ -70.589821464904801, -33.427781575692698 ], [ -70.589968670796395, -33.427664330641001 ], [ -70.590129713188205, -33.4275360642945 ], [ -70.590168940353706, -33.427504821229398 ], [ -70.590180795651605, -33.427514002329303 ], [ -70.590193186629307, -33.427523599520903 ], [ -70.590227786860694, -33.427485931554202 ], [ -70.590158408832195, -33.4274266911548 ], [ -70.590223298276896, -33.4273692705166 ], [ -70.590253626065703, -33.427342433394998 ], [ -70.5903052517628, -33.427386838902898 ], [ -70.590313759361507, -33.427394157338 ], [ -70.590669256466299, -33.427107156564297 ], [ -70.590660340258594, -33.427099076832199 ], [ -70.590598520843201, -33.427043065699699 ], [ -70.590773455362594, -33.426904452126202 ], [ -70.590802962859499, -33.426881070418098 ], [ -70.590919455307898, -33.426978438176199 ], [ -70.590927800698793, -33.426985413246399 ], [ -70.591057959705196, -33.426882775358301 ], [ -70.591068065135204, -33.426874806024699 ], [ -70.591654658114194, -33.427348146578503 ], [ -70.591665349377294, -33.427356773415099 ], [ -70.5917135931155, -33.427314097878998 ], [ -70.591762245362801, -33.427271060855098 ], [ -70.592005821247596, -33.427358650853201 ], [ -70.5921430267598, -33.427407990175197 ], [ -70.592122673063201, -33.427451029270799 ], [ -70.592065287044207, -33.427572376016599 ], [ -70.592504409379103, -33.427801272198302 ], [ -70.592468057581698, -33.427867595722702 ], [ -70.592766666883904, -33.428020767012001 ], [ -70.593231224566196, -33.428215232651098 ], [ -70.593220324298102, -33.4282416206782 ], [ -70.593314952381405, -33.428280968616399 ], [ -70.593306852665407, -33.428304933503199 ], [ -70.593458687337403, -33.428360249221001 ], [ -70.593310244388206, -33.428699747732203 ], [ -70.593484776445607, -33.428769209283203 ], [ -70.593606641448304, -33.428807676701801 ], [ -70.593659043224804, -33.428772364596597 ], [ -70.593684069118694, -33.428743473666501 ], [ -70.593719532154495, -33.428693167035298 ], [ -70.593803877301198, -33.428470331112202 ], [ -70.593887869827896, -33.4282339360294 ], [ -70.593965869150793, -33.428077086034001 ], [ -70.594056801968406, -33.427833488835098 ], [ -70.593793000373097, -33.4277600124014 ], [ -70.593799118798202, -33.427742285706998 ], [ -70.593833538367903, -33.4276425717607 ], [ -70.5938058989517, -33.427634084483699 ], [ -70.593301108899894, -33.427479072013803 ], [ -70.593308708742697, -33.4274575963072 ], [ -70.593318937906503, -33.427428685435999 ], [ -70.593321776953402, -33.427420661382598 ], [ -70.592969447720805, -33.427314562092 ], [ -70.593040751581896, -33.4271876088958 ], [ -70.593380786381402, -33.427267424086303 ], [ -70.593486580501803, -33.426994804560699 ], [ -70.593187104154694, -33.426899589156903 ], [ -70.593322581179507, -33.426649649295697 ], [ -70.593065887449299, -33.4265008747523 ], [ -70.592848409935897, -33.426878760723497 ], [ -70.592958931041196, -33.426938271029101 ], [ -70.592930056655405, -33.426996451535899 ], [ -70.592651197594606, -33.426831812558 ], [ -70.592418497745598, -33.4266801799169 ], [ -70.592031267919495, -33.426389675409503 ], [ -70.592427150227493, -33.426066963331202 ], [ -70.592391626068604, -33.426038470497602 ], [ -70.592341479031802, -33.425998248530902 ], [ -70.592254667361601, -33.425928619418499 ], [ -70.592201101033993, -33.425880014520502 ], [ -70.592557906033605, -33.425612181888901 ], [ -70.592743041450206, -33.425772508416898 ], [ -70.592775444806804, -33.425800960970498 ], [ -70.592893190058902, -33.4257040034976 ], [ -70.592860830301106, -33.425677937579401 ], [ -70.592636878235695, -33.425474664599001 ], [ -70.592636838867605, -33.425474629031001 ], [ -70.592892921336102, -33.425305618237701 ], [ -70.592906952587199, -33.425316460272903 ], [ -70.5931992889805, -33.425119880243699 ], [ -70.593410219758695, -33.425298645237397 ], [ -70.593442046675406, -33.425326627050602 ], [ -70.593533799501103, -33.425243656787998 ], [ -70.593544184014704, -33.425234267785903 ], [ -70.5937354190105, -33.425061338575098 ], [ -70.593849366167305, -33.424878091582201 ], [ -70.593814336804897, -33.424858072773098 ], [ -70.593762597053299, -33.424828503610499 ], [ -70.593979223102707, -33.4245752546978 ], [ -70.594011024722604, -33.424446949994604 ], [ -70.594143273509303, -33.424458612585497 ], [ -70.594205891869507, -33.424272644988697 ], [ -70.594246928382006, -33.424275934932403 ], [ -70.594326709018802, -33.424006375341101 ], [ -70.594491050191607, -33.424041818591 ], [ -70.594522809970698, -33.424048668230597 ], [ -70.5946039821456, -33.423813209809701 ], [ -70.594888927855706, -33.423873374956401 ], [ -70.594924888017999, -33.423778063495803 ], [ -70.595002038901598, -33.423795564333901 ], [ -70.595031630774102, -33.423702124896998 ], [ -70.595078714124099, -33.423709274220698 ], [ -70.595104967199106, -33.423627808123101 ], [ -70.595163516998696, -33.423639582455998 ], [ -70.595204861437907, -33.423527499625003 ], [ -70.595185571573197, -33.423522975224003 ], [ -70.595264042759794, -33.4232457563607 ], [ -70.595510233291705, -33.423302171873097 ], [ -70.595539189475204, -33.423308807516598 ], [ -70.5956220561945, -33.423019377820502 ], [ -70.596010462111494, -33.423096462427701 ], [ -70.596051328194505, -33.422966131386602 ], [ -70.596222628245599, -33.422997093563197 ], [ -70.596380243549604, -33.422482549505901 ], [ -70.596793586342997, -33.422573645404697 ], [ -70.597660652033497, -33.422768865634097 ], [ -70.597845437666393, -33.422282551753803 ], [ -70.597907598671597, -33.422134288693201 ], [ -70.597962403148799, -33.422143604669003 ], [ -70.597970413639104, -33.422114868112601 ], [ -70.598343940736498, -33.422198658349302 ], [ -70.598349306083804, -33.422184273432599 ], [ -70.5987724479441, -33.421071559426103 ], [ -70.599039185856697, -33.420390903687199 ], [ -70.599149630660193, -33.420109071281502 ], [ -70.599170647183499, -33.420047207487499 ], [ -70.599199745538698, -33.419971674037399 ], [ -70.599204695988206, -33.419947521219598 ], [ -70.598565323907096, -33.420361103087998 ], [ -70.596350861378696, -33.422047018119798 ] ], [ [ -70.584933737024897, -33.4317606112064 ], [ -70.584912346317495, -33.431695155019099 ], [ -70.585161910472294, -33.431424401206101 ], [ -70.585161910260098, -33.431854356295901 ], [ -70.584933737024897, -33.4317606112064 ] ], [ [ -70.608141090823196, -33.438601538532303 ], [ -70.608018093670395, -33.439134395783803 ], [ -70.607954747697093, -33.4393771287438 ], [ -70.607946927465306, -33.439412805689599 ], [ -70.607936292051605, -33.439425097628003 ], [ -70.607922024093, -33.4394415887161 ], [ -70.607893335436202, -33.439458539171397 ], [ -70.607879517285795, -33.439466703204197 ], [ -70.607794837959204, -33.439482814148299 ], [ -70.607732031020703, -33.439472370103097 ], [ -70.607301810280205, -33.439425400061403 ], [ -70.607207770338107, -33.439419114972502 ], [ -70.607168788267401, -33.439414420315401 ], [ -70.607150548863004, -33.439513219038098 ], [ -70.606330459069, -33.439418124754297 ], [ -70.606342867870893, -33.439397744875002 ], [ -70.606380686287395, -33.439341413351798 ], [ -70.606398206537705, -33.439313263778203 ], [ -70.606403542412195, -33.439301561891199 ], [ -70.606414059730099, -33.439270013853402 ], [ -70.606455932668496, -33.439128447971399 ], [ -70.606518283030098, -33.4388684233136 ], [ -70.606518713542798, -33.438866627595303 ], [ -70.606534926426093, -33.438799016267403 ], [ -70.606535428866493, -33.438796921109997 ], [ -70.606656587387306, -33.438291639105799 ], [ -70.607351460412701, -33.438426807163097 ], [ -70.6074414376655, -33.438455667226997 ], [ -70.607573338787901, -33.438478852226098 ], [ -70.607695593379503, -33.438499995963099 ], [ -70.607835755763901, -33.438513327443403 ], [ -70.607993827117397, -33.438518853806102 ], [ -70.608138313139705, -33.4385217172008 ], [ -70.608146039920996, -33.438563527891802 ], [ -70.608141090823196, -33.438601538532303 ] ] ] ] } },
{ "type": "Feature", "properties": { "id": "ipt_13_prc_providencia_mono.169", "Name": null, "description": null, "timestamp": null, "begin": null, "end": null, "altitudeMode": null, "tessellate": -1, "extrude": 0, "visibility": -1, "drawOrder": null, "icon": null, "REG": "Metropolitana", "COM": "Providencia", "LOC": "Providencia", "ZONA": "UpR y ECr", "NOM": "UpR y ECr Zona de Uso preferentemente Residencial y Equipamiento Comercial restringido", "UPERM": "Revisar ordenaza local", "UPROH": "Revisar ordenaza local", "P_DO": "23/01/2007", "N_DOC": "101", "T_DO": "Decreto", "OBS": null }, "geometry": { "type": "MultiPolygon", "coordinates": [ [ [ [ -70.594927224538097, -33.428290708408902 ], [ -70.594685199455895, -33.428936493668502 ], [ -70.594685861593305, -33.428975809762903 ], [ -70.594688130364801, -33.428996413719098 ], [ -70.594701820381204, -33.429037712254598 ], [ -70.594981719598096, -33.429104574763301 ], [ -70.595016990590196, -33.429112999678402 ], [ -70.595114909154702, -33.428821721071401 ], [ -70.5951248341227, -33.428792198924398 ], [ -70.595412058754206, -33.428864721765102 ], [ -70.595453040565104, -33.428875069750603 ], [ -70.595457391737099, -33.428864286416498 ], [ -70.595466107495994, -33.428842688912802 ], [ -70.595785646852505, -33.428909416552798 ], [ -70.595836266529204, -33.4289199875899 ], [ -70.595990750713895, -33.428508738582202 ], [ -70.595939692117199, -33.428498443803797 ], [ -70.595781332329906, -33.428468209540803 ], [ -70.594927224538097, -33.428290708408902 ] ] ] ] } },
{ "type": "Feature", "properties": { "id": "ipt_13_prc_providencia_mono.170", "Name": null, "description": null, "timestamp": null, "begin": null, "end": null, "altitudeMode": null, "tessellate": -1, "extrude": 0, "visibility": -1, "drawOrder": null, "icon": null, "REG": "Metropolitana", "COM": "Providencia", "LOC": "Providencia", "ZONA": "UpR y ECr", "NOM": "UpR y ECr Zona de Uso preferentemente Residencial y Equipamiento Comercial restringido", "UPERM": "Revisar ordenaza local", "UPROH": "Revisar ordenaza local", "P_DO": "23/01/2007", "N_DOC": "101", "T_DO": "Decreto", "OBS": null }, "geometry": { "type": "MultiPolygon", "coordinates": [ [ [ [ -70.631171705344002, -33.446944874164302 ], [ -70.631878407596105, -33.447102902336503 ], [ -70.631891772851105, -33.447057123655298 ], [ -70.631928248503698, -33.446932188500497 ], [ -70.631974350974303, -33.446774282922902 ], [ -70.632001263286696, -33.446779618274697 ], [ -70.632087199414897, -33.446796657880903 ], [ -70.632090723374802, -33.446784355642102 ], [ -70.632115635462398, -33.446697389031897 ], [ -70.631695200785302, -33.446610930686397 ], [ -70.631911751244601, -33.445837910776802 ], [ -70.631911834903406, -33.445837610268597 ], [ -70.631975799285698, -33.445848698542299 ], [ -70.632138834329993, -33.445269289192296 ], [ -70.632149192188095, -33.445271099875598 ], [ -70.632458491818198, -33.445325180955102 ], [ -70.632475497603096, -33.445237070245199 ], [ -70.632526615570598, -33.4450534431977 ], [ -70.632453859289498, -33.445041014515297 ], [ -70.632486763647805, -33.444915079189897 ], [ -70.632492301541006, -33.444891021239002 ], [ -70.632571097699795, -33.444906477162903 ], [ -70.632626279925205, -33.444726549960897 ], [ -70.632628357185993, -33.4447197760271 ], [ -70.632276127675397, -33.4446575831712 ], [ -70.632265654052802, -33.444655733438999 ], [ -70.6314525329784, -33.444512156120197 ], [ -70.631408109918098, -33.444696783179999 ], [ -70.631418478758604, -33.444698667731402 ], [ -70.6313111912106, -33.445123854185802 ], [ -70.631270701233206, -33.445116728640002 ], [ -70.631258805178206, -33.445114635107998 ], [ -70.631194203716404, -33.445335981309903 ], [ -70.631293124071206, -33.445354022130502 ], [ -70.631256482238598, -33.445488141736597 ], [ -70.631501200309998, -33.445525951040999 ], [ -70.631428560205194, -33.445791251839701 ], [ -70.631452099901693, -33.445796196116497 ], [ -70.631512222954299, -33.445807988106203 ], [ -70.631244401223597, -33.446699933377097 ], [ -70.631243826060597, -33.446701849214101 ], [ -70.631171705344002, -33.446944874164302 ] ] ] ] } },
{ "type": "Feature", "properties": { "id": "ipt_13_prc_providencia_mono.171", "Name": null, "description": null, "timestamp": null, "begin": null, "end": null, "altitudeMode": null, "tessellate": -1, "extrude": 0, "visibility": -1, "drawOrder": null, "icon": null, "REG": "Metropolitana", "COM": "Providencia", "LOC": "Providencia", "ZONA": "UpEC", "NOM": "UpEC Zona de Uso preferente Equipamiento Comercial", "UPERM": "Revisar ordenaza local", "UPROH": "Revisar ordenaza local", "P_DO": "23/01/2007", "N_DOC": "101", "T_DO": "Decreto", "OBS": null }, "geometry": { "type": "MultiPolygon", "coordinates": [ [ [ [ -70.627343020825506, -33.435175891631403 ], [ -70.627684915456001, -33.435324287657401 ], [ -70.627733750283596, -33.435333582041402 ], [ -70.627745741998396, -33.435335863166102 ], [ -70.627778907728896, -33.435285175064898 ], [ -70.627834834684407, -33.435199700332603 ], [ -70.628049474217804, -33.435303126886403 ], [ -70.628377769665093, -33.435350216555598 ], [ -70.628372881534602, -33.435375465266901 ], [ -70.628340812468096, -33.435553927582603 ], [ -70.628329167386994, -33.435606705923298 ], [ -70.628393427786705, -33.435618578708599 ], [ -70.628407565159193, -33.435621190517402 ], [ -70.6286732688624, -33.435642311625003 ], [ -70.628724350317597, -33.435644722192698 ], [ -70.628754122561205, -33.4356504743741 ], [ -70.628842884419498, -33.435667622730001 ], [ -70.628970389520802, -33.4357136698085 ], [ -70.629099609902298, -33.435758022223098 ], [ -70.629105269587598, -33.4357485120115 ], [ -70.629315460192004, -33.435827843756798 ], [ -70.629346219110303, -33.435801788806103 ], [ -70.629386610260894, -33.435831084253302 ], [ -70.629674556388906, -33.435949468177498 ], [ -70.629663603966804, -33.435972518615003 ], [ -70.629970924626505, -33.436103178110997 ], [ -70.630065665052101, -33.436170911792203 ], [ -70.630087447473798, -33.4361864841025 ], [ -70.630195845026194, -33.436271966509601 ], [ -70.630226843880195, -33.436303428706701 ], [ -70.630240672331098, -33.436317464237398 ], [ -70.630285500758404, -33.436362961933199 ], [ -70.630348123956495, -33.436433727574098 ], [ -70.630467431480596, -33.436374271173896 ], [ -70.630535936212894, -33.436467909141001 ], [ -70.630580581934595, -33.436475168836402 ], [ -70.630919543254706, -33.436530282875303 ], [ -70.630937458970493, -33.4365329204456 ], [ -70.630945556738496, -33.436494312109303 ], [ -70.631323975733594, -33.436615327568603 ], [ -70.631297442037095, -33.436664358338803 ], [ -70.631321481410595, -33.436672685191397 ], [ -70.631681687076906, -33.436797451790298 ], [ -70.631584360773701, -33.437010618328998 ], [ -70.632538166752695, -33.437340910952898 ], [ -70.632590264415398, -33.437252235285698 ], [ -70.632597294325507, -33.437238655861698 ], [ -70.632956249793693, -33.437353944282897 ], [ -70.633116882317793, -33.437065691687202 ], [ -70.633123796563893, -33.437045198530797 ], [ -70.633123261516403, -33.4370166446433 ], [ -70.633110336799803, -33.436976014318802 ], [ -70.633075266375798, -33.4368737100828 ], [ -70.632987297904194, -33.4366896419615 ], [ -70.632887502647094, -33.436686970181498 ], [ -70.632773086399695, -33.436664556823303 ], [ -70.6323665421058, -33.436514448833499 ], [ -70.6318238418188, -33.436322282741202 ], [ -70.631281144899901, -33.4361301132788 ], [ -70.6310521292164, -33.436036002658902 ], [ -70.630910376583302, -33.435977751310503 ], [ -70.630906962081895, -33.435976347884399 ], [ -70.630723131178698, -33.435900804376701 ], [ -70.6307062711941, -33.435893876410503 ], [ -70.630508056443105, -33.435812421772297 ], [ -70.630453823606601, -33.435790134664302 ], [ -70.6304347447834, -33.435782294327197 ], [ -70.630131401593701, -33.435657636758897 ], [ -70.629904373112694, -33.435549387808202 ], [ -70.629892566103194, -33.435543758676403 ], [ -70.629462033620698, -33.435338475688397 ], [ -70.629149373542205, -33.435196521949997 ], [ -70.629075718880202, -33.4351660609032 ], [ -70.628486164688098, -33.434922238901002 ], [ -70.628169923901197, -33.434770391484903 ], [ -70.628157318618605, -33.434764338885103 ], [ -70.628123974431304, -33.434748328238904 ], [ -70.628097513553797, -33.4347356225936 ], [ -70.627753202429204, -33.434545343204 ], [ -70.627449162342799, -33.434792982689899 ], [ -70.627343020825506, -33.435175891631403 ] ] ] ] } },
{ "type": "Feature", "properties": { "id": "ipt_13_prc_providencia_mono.172", "Name": null, "description": null, "timestamp": null, "begin": null, "end": null, "altitudeMode": null, "tessellate": -1, "extrude": 0, "visibility": -1, "drawOrder": null, "icon": null, "REG": "Metropolitana", "COM": "Providencia", "LOC": "Providencia", "ZONA": "UpEC", "NOM": "UpEC Zona de Uso preferente Equipamiento Comercial", "UPERM": "Revisar ordenaza local", "UPROH": "Revisar ordenaza local", "P_DO": "23/01/2007", "N_DOC": "101", "T_DO": "Decreto", "OBS": null }, "geometry": { "type": "MultiPolygon", "coordinates": [ [ [ [ -70.633251654236105, -33.443199007014798 ], [ -70.633325644669696, -33.443032307744602 ], [ -70.6335039041453, -33.442362947855102 ], [ -70.633565700800204, -33.442112557081799 ], [ -70.633732076822696, -33.441586980442601 ], [ -70.633862800179799, -33.441130816418699 ], [ -70.634274699411094, -33.439739106465403 ], [ -70.634481480678105, -33.439048895807801 ], [ -70.634671624606, -33.438440792009501 ], [ -70.6347666960624, -33.438036180220102 ], [ -70.634849798846503, -33.437762643768501 ], [ -70.633614282084196, -33.437530352141103 ], [ -70.633609075197995, -33.437539896264198 ], [ -70.633546442927198, -33.437654710871499 ], [ -70.633429524542194, -33.437881217028597 ], [ -70.634186641202803, -33.438085024267501 ], [ -70.634106386731702, -33.438478983665 ], [ -70.634384431033297, -33.438545211425101 ], [ -70.634314420106804, -33.438750139715403 ], [ -70.634357261618504, -33.4387581649111 ], [ -70.634275277968001, -33.438979882527804 ], [ -70.634106700595694, -33.438940716843099 ], [ -70.634017092039201, -33.439212129068203 ], [ -70.634010578744906, -33.4392318585449 ], [ -70.633986150946697, -33.4393189264987 ], [ -70.633974032443703, -33.439316288734702 ], [ -70.633856425824007, -33.4392906935553 ], [ -70.6337937367026, -33.439522092952203 ], [ -70.634030063917606, -33.439571733711098 ], [ -70.633978874818496, -33.439773511661301 ], [ -70.633923637404607, -33.439766039295101 ], [ -70.633887285772701, -33.439905503701297 ], [ -70.633832223715203, -33.440112272847202 ], [ -70.633667397862098, -33.440079847037403 ], [ -70.633590544124104, -33.440332702596201 ], [ -70.633815686592996, -33.440379374372 ], [ -70.633746219144896, -33.440589505938298 ], [ -70.633708798567099, -33.440720237534897 ], [ -70.633695198413605, -33.440766817635797 ], [ -70.633684208724304, -33.440810918479698 ], [ -70.633550441055306, -33.440784918246699 ], [ -70.633513776244101, -33.440902963724398 ], [ -70.633328069567, -33.440867827550598 ], [ -70.633236515660002, -33.441230232303703 ], [ -70.633221287663304, -33.441233824683998 ], [ -70.633202045679198, -33.441238362749502 ], [ -70.633256625597696, -33.441472533162397 ], [ -70.633311133360294, -33.441488369058199 ], [ -70.633515896744797, -33.441547858740101 ], [ -70.633510589642896, -33.441562972068297 ], [ -70.633455236157104, -33.441720604226198 ], [ -70.633476905637195, -33.441727174426198 ], [ -70.633498463708094, -33.441733711820802 ], [ -70.633457277142696, -33.4418376897043 ], [ -70.633394516271295, -33.441996134577401 ], [ -70.633417944288695, -33.442006992358799 ], [ -70.633362228438202, -33.4421403222603 ], [ -70.633408088782502, -33.442153677468802 ], [ -70.633416348710696, -33.442156179438697 ], [ -70.633416298177394, -33.442156295538503 ], [ -70.633350540384697, -33.442308959469699 ], [ -70.633350488843305, -33.442309079190103 ], [ -70.632990542903698, -33.442206186606803 ], [ -70.632962872791694, -33.442309068238004 ], [ -70.632962843648201, -33.442309177743098 ], [ -70.632774799135404, -33.443013585502399 ], [ -70.633251654236105, -33.443199007014798 ] ] ] ] } },
{ "type": "Feature", "properties": { "id": "ipt_13_prc_providencia_mono.173", "Name": null, "description": null, "timestamp": null, "begin": null, "end": null, "altitudeMode": null, "tessellate": -1, "extrude": 0, "visibility": -1, "drawOrder": null, "icon": null, "REG": "Metropolitana", "COM": "Providencia", "LOC": "Providencia", "ZONA": "UpEC", "NOM": "UpEC Zona de Uso preferente Equipamiento Comercial", "UPERM": "Revisar ordenaza local", "UPROH": "Revisar ordenaza local", "P_DO": "23/01/2007", "N_DOC": "101", "T_DO": "Decreto", "OBS": null }, "geometry": { "type": "MultiPolygon", "coordinates": [ [ [ [ -70.632071733858297, -33.4471461323282 ], [ -70.632578141250207, -33.445414195829997 ], [ -70.632673213315897, -33.445111752991103 ], [ -70.632905871116805, -33.444310686129597 ], [ -70.632657410837396, -33.444262632652297 ], [ -70.632561387399207, -33.444243733188202 ], [ -70.6325336397923, -33.444238271864698 ], [ -70.632462954267496, -33.4444691914534 ], [ -70.632325552007401, -33.444441942835098 ], [ -70.632325241487493, -33.444443053467197 ], [ -70.632265654052802, -33.444655733438999 ], [ -70.632276127675397, -33.4446575831712 ], [ -70.632628357185993, -33.4447197760271 ], [ -70.632626279925205, -33.444726549960897 ], [ -70.632571097699795, -33.444906477162903 ], [ -70.632492301541006, -33.444891021239002 ], [ -70.632486763647805, -33.444915079189897 ], [ -70.632453859289498, -33.445041014515297 ], [ -70.632526615570598, -33.4450534431977 ], [ -70.632500139920694, -33.445148549646603 ], [ -70.632475497603096, -33.445237070245199 ], [ -70.632458491818198, -33.445325180955102 ], [ -70.632149192188095, -33.445271099875598 ], [ -70.632138834329993, -33.445269289192296 ], [ -70.631975799285698, -33.445848698542299 ], [ -70.631911834903406, -33.445837610268597 ], [ -70.631911751244601, -33.445837910776802 ], [ -70.631695200785302, -33.446610930686397 ], [ -70.632115635462398, -33.446697389031897 ], [ -70.632090723374802, -33.446784355642102 ], [ -70.632087199414897, -33.446796657880903 ], [ -70.632001263286696, -33.446779618274697 ], [ -70.631974350974303, -33.446774282922902 ], [ -70.631928248503698, -33.446932188500497 ], [ -70.631891772851105, -33.447057123655298 ], [ -70.631878407596105, -33.447102902336503 ], [ -70.632071733858297, -33.4471461323282 ] ] ] ] } },
{ "type": "Feature", "properties": { "id": "ipt_13_prc_providencia_mono.174", "Name": null, "description": null, "timestamp": null, "begin": null, "end": null, "altitudeMode": null, "tessellate": -1, "extrude": 0, "visibility": -1, "drawOrder": null, "icon": null, "REG": "Metropolitana", "COM": "Providencia", "LOC": "Providencia", "ZONA": "UpR y E", "NOM": "UpR y E Zona de Uso preferentemente Residencial y Eqipamiento", "UPERM": "Revisar ordenaza local", "UPROH": "Revisar ordenaza local", "P_DO": "23/01/2007", "N_DOC": "101", "T_DO": "Decreto", "OBS": null }, "geometry": { "type": "MultiPolygon", "coordinates": [ [ [ [ -70.617065914820301, -33.419359794801402 ], [ -70.617122042568496, -33.419414024364499 ], [ -70.617355856130999, -33.4192242163328 ], [ -70.617808687880796, -33.418856606914296 ], [ -70.618151698423503, -33.418578148426903 ], [ -70.618020756347903, -33.418471716010302 ], [ -70.617861493145, -33.418358888234799 ], [ -70.617751521326795, -33.418296115736297 ], [ -70.617647839399993, -33.418246775088797 ], [ -70.617618086733799, -33.418232615657899 ], [ -70.617449833804798, -33.418368493492999 ], [ -70.617331512795104, -33.418464047368502 ], [ -70.617027757682195, -33.418709352615501 ], [ -70.616699137138497, -33.418974735963502 ], [ -70.616717827296497, -33.419005386474801 ], [ -70.616801755340603, -33.419104570080897 ], [ -70.617065914820301, -33.419359794801402 ] ] ] ] } },
{ "type": "Feature", "properties": { "id": "ipt_13_prc_providencia_mono.175", "Name": null, "description": null, "timestamp": null, "begin": null, "end": null, "altitudeMode": null, "tessellate": -1, "extrude": 0, "visibility": -1, "drawOrder": null, "icon": null, "REG": "Metropolitana", "COM": "Providencia", "LOC": "Providencia", "ZONA": "UpR y E", "NOM": "UpR y E Zona de Uso preferentemente Residencial y Eqipamiento", "UPERM": "Revisar ordenaza local", "UPROH": "Revisar ordenaza local", "P_DO": "23/01/2007", "N_DOC": "101", "T_DO": "Decreto", "OBS": null }, "geometry": { "type": "MultiPolygon", "coordinates": [ [ [ [ -70.619232009881003, -33.421386879501497 ], [ -70.6191545669692, -33.421363971267802 ], [ -70.619064086123203, -33.421304555611599 ], [ -70.618771493667793, -33.4210107933187 ], [ -70.618058104997701, -33.420344158338899 ], [ -70.617740233309505, -33.420569443018202 ], [ -70.617404523388302, -33.420805961019497 ], [ -70.617358745971003, -33.420840294741303 ], [ -70.617921170151007, -33.421318848056302 ], [ -70.618167646079996, -33.4215118641944 ], [ -70.618536376979094, -33.421747995462901 ], [ -70.619018647046701, -33.421856664431502 ], [ -70.619232009881003, -33.421386879501497 ] ] ] ] } },
{ "type": "Feature", "properties": { "id": "ipt_13_prc_providencia_mono.176", "Name": null, "description": null, "timestamp": null, "begin": null, "end": null, "altitudeMode": null, "tessellate": -1, "extrude": 0, "visibility": -1, "drawOrder": null, "icon": null, "REG": "Metropolitana", "COM": "Providencia", "LOC": "Providencia", "ZONA": "PqI(p)", "NOM": "PqI(p) Zona de Parques Intercomunales", "UPERM": "Según art. 2.3.02 de la Ordenanza Local", "UPROH": "Según art. 2.3.02 de la Ordenanza Local", "P_DO": "23/01/2007", "N_DOC": "101", "T_DO": "Decreto", "OBS": null }, "geometry": { "type": "MultiPolygon", "coordinates": [ [ [ [ -70.610928172709293, -33.413764629440898 ], [ -70.6104300686833, -33.414169367723602 ], [ -70.610412764174995, -33.414154005966701 ], [ -70.610400323693895, -33.414142962174999 ], [ -70.610100048450704, -33.414375274059203 ], [ -70.610972561477695, -33.415141042355799 ], [ -70.611605839672194, -33.415701811627201 ], [ -70.611712656856298, -33.415800995459598 ], [ -70.612273446306006, -33.415703716291397 ], [ -70.612282219132595, -33.415702194485299 ], [ -70.612834234401006, -33.415606434623001 ], [ -70.612918162121304, -33.415602619676399 ], [ -70.613024978727296, -33.415575915111503 ], [ -70.613292021134399, -33.415537766281901 ], [ -70.613734549043897, -33.415484356351399 ], [ -70.613810846627899, -33.415491985170398 ], [ -70.6140244811249, -33.415480539522697 ], [ -70.614451749182194, -33.415465277567598 ], [ -70.614703532680593, -33.415465276274901 ], [ -70.615021839661097, -33.415457279253403 ], [ -70.615079527484696, -33.415455829143802 ], [ -70.614108020914898, -33.415257775765298 ], [ -70.613157450209201, -33.415013635448602 ], [ -70.6125219933284, -33.414884697911098 ], [ -70.611977553569005, -33.414677024411098 ], [ -70.6110963363504, -33.413865804677997 ], [ -70.610961412331704, -33.413737620602397 ], [ -70.610928172709293, -33.413764629440898 ] ] ] ] } },
{ "type": "Feature", "properties": { "id": "ipt_13_prc_providencia_mono.177", "Name": null, "description": null, "timestamp": null, "begin": null, "end": null, "altitudeMode": null, "tessellate": -1, "extrude": 0, "visibility": -1, "drawOrder": null, "icon": null, "REG": "Metropolitana", "COM": "Providencia", "LOC": "Providencia", "ZONA": "UpR y E", "NOM": "UpR y E Zona de Uso preferentemente Residencial y Eqipamiento", "UPERM": "Revisar ordenaza local", "UPROH": "Revisar ordenaza local", "P_DO": "23/01/2007", "N_DOC": "101", "T_DO": "Decreto", "OBS": null }, "geometry": { "type": "MultiPolygon", "coordinates": [ [ [ [ -70.606035650332302, -33.420638884414103 ], [ -70.606066010553505, -33.420676101430502 ], [ -70.606300634106404, -33.420591934519301 ], [ -70.606308069423505, -33.420532185355398 ], [ -70.606584271711796, -33.420425627888299 ], [ -70.606451960472896, -33.4202459058804 ], [ -70.606333222459597, -33.420139319091803 ], [ -70.606041687889501, -33.420205158229798 ], [ -70.606162173724599, -33.420489931833302 ], [ -70.606004615087002, -33.420535576939997 ], [ -70.606014773521593, -33.420613293706197 ], [ -70.606035650332302, -33.420638884414103 ] ] ] ] } },
{ "type": "Feature", "properties": { "id": "ipt_13_prc_providencia_mono.178", "Name": null, "description": null, "timestamp": null, "begin": null, "end": null, "altitudeMode": null, "tessellate": -1, "extrude": 0, "visibility": -1, "drawOrder": null, "icon": null, "REG": "Metropolitana", "COM": "Providencia", "LOC": "Providencia", "ZONA": "PqM", "NOM": "PqM Parques Metropolitanos", "UPERM": "Según art. 2.3.02 de la Ordenanza Local", "UPROH": "Según art. 2.3.02 de la Ordenanza Local", "P_DO": "23/01/2007", "N_DOC": "101", "T_DO": "Decreto", "OBS": null }, "geometry": { "type": "MultiPolygon", "coordinates": [ [ [ [ -70.635210814040605, -33.430470210859802 ], [ -70.636042130990404, -33.430082001879001 ], [ -70.636036551789104, -33.430064334694997 ], [ -70.6360200120792, -33.429952700773597 ], [ -70.636006031505502, -33.429858336491598 ], [ -70.635835777374893, -33.429686711629003 ], [ -70.633630469440206, -33.4261964687446 ], [ -70.6329799976602, -33.425195715979903 ], [ -70.632477957971403, -33.424142897998401 ], [ -70.632624128807606, -33.422831004352702 ], [ -70.632184126150506, -33.421899059139001 ], [ -70.629755731185, -33.420139563026403 ], [ -70.628997331781406, -33.419959044610401 ], [ -70.628538552243398, -33.419853179468902 ], [ -70.6266955202791, -33.419057143825498 ], [ -70.6258376609522, -33.418638893842598 ], [ -70.625072094977398, -33.418019592134598 ], [ -70.624577500330005, -33.417817287434403 ], [ -70.623944464688293, -33.416865170205099 ], [ -70.623071089400497, -33.416184631958998 ], [ -70.622185396706101, -33.415414769274498 ], [ -70.621539883361393, -33.414937040494998 ], [ -70.620856224136901, -33.414499244828797 ], [ -70.619863038071998, -33.413888185577498 ], [ -70.618168193779496, -33.412633740434302 ], [ -70.617682007134604, -33.412115137527898 ], [ -70.616983522763704, -33.411271210763303 ], [ -70.616320959392795, -33.410882398370703 ], [ -70.616065066215896, -33.410756070286403 ], [ -70.616025899067097, -33.410709245924103 ], [ -70.615879698372595, -33.410623449782598 ], [ -70.615206551687507, -33.409993931963299 ], [ -70.614924362417497, -33.409735134044901 ], [ -70.614088172974505, -33.409134575598301 ], [ -70.613941490624498, -33.409055629181097 ], [ -70.613916993264695, -33.4090562211803 ], [ -70.612953778358801, -33.409186504642499 ], [ -70.608626771751204, -33.409242262349103 ], [ -70.6062416724169, -33.409272932662397 ], [ -70.606232819484703, -33.409255764482303 ], [ -70.606086929602697, -33.409225346125098 ], [ -70.605382668398306, -33.409078506316497 ], [ -70.605459733565397, -33.409282462379998 ], [ -70.605459413781006, -33.409283082474197 ], [ -70.605460087752405, -33.409283302817897 ], [ -70.606461361444502, -33.412085950975602 ], [ -70.606468781620293, -33.412105413920798 ], [ -70.606466875600006, -33.412100130392197 ], [ -70.606795275223107, -33.412041675299399 ], [ -70.607138928947407, -33.411996108255899 ], [ -70.607127478138494, -33.411940856760999 ], [ -70.607140684029602, -33.411902778725299 ], [ -70.607164479313198, -33.411873310398697 ], [ -70.607212877647299, -33.411858105078899 ], [ -70.607268707573695, -33.411869045101803 ], [ -70.607328768432595, -33.411920752837197 ], [ -70.607399362943298, -33.411978155314102 ], [ -70.607557943788194, -33.412055205683203 ], [ -70.607911316015603, -33.412450011976901 ], [ -70.608340575831093, -33.4128058577259 ], [ -70.60844708159, -33.412894148074301 ], [ -70.608545995898098, -33.4129826891878 ], [ -70.608553578620004, -33.412989476374598 ], [ -70.608568370133398, -33.413002716505503 ], [ -70.608672557303095, -33.412922620488501 ], [ -70.608847719802796, -33.4127879589184 ], [ -70.608859005903895, -33.412788033475501 ], [ -70.609759405173193, -33.412829288826401 ], [ -70.609896741560803, -33.412814029296598 ], [ -70.610026447636599, -33.4128102128645 ], [ -70.610027877126697, -33.412810464859902 ], [ -70.610156154095307, -33.4128331014781 ], [ -70.610255341590701, -33.412859804128701 ], [ -70.610392678216002, -33.4129093951153 ], [ -70.6105071255854, -33.412970431656802 ], [ -70.610613943472103, -33.4130238375201 ], [ -70.610697871522802, -33.413077243834401 ], [ -70.610789430469595, -33.4131916873854 ], [ -70.610827579387106, -33.413294686699402 ], [ -70.610929967688804, -33.413340770979502 ], [ -70.611082581144899, -33.413285101528402 ], [ -70.611186082898797, -33.4134973137405 ], [ -70.610986191527005, -33.413612058039199 ], [ -70.611130631461904, -33.413807036544199 ], [ -70.6110963363504, -33.413865804677997 ], [ -70.611977553569005, -33.414677024411098 ], [ -70.6125219933284, -33.414884697911098 ], [ -70.613157450209201, -33.415013635448602 ], [ -70.614108020914898, -33.415257775765298 ], [ -70.615079527484696, -33.415455829143802 ], [ -70.616092012108197, -33.415448792033601 ], [ -70.616317255169406, -33.415448854614702 ], [ -70.617210771003997, -33.415432710721198 ], [ -70.617339893675606, -33.415455013128003 ], [ -70.617478675414304, -33.415516166741703 ], [ -70.617587018793202, -33.4155747194797 ], [ -70.617684972588407, -33.415651397433599 ], [ -70.618238109999098, -33.416126932058603 ], [ -70.619057079304199, -33.416846134699703 ], [ -70.619214322594601, -33.4169858385754 ], [ -70.619259176366299, -33.417025687630201 ], [ -70.619371567448297, -33.417125541317802 ], [ -70.619810442366102, -33.417517932230702 ], [ -70.619924715009006, -33.417619258760503 ], [ -70.619925963691699, -33.417620366136603 ], [ -70.620502331804602, -33.418155659638899 ], [ -70.620692048688397, -33.418360061365703 ], [ -70.620826917330902, -33.418497881133597 ], [ -70.620973091535404, -33.418703938147502 ], [ -70.621046545054597, -33.4187992407427 ], [ -70.621052062004907, -33.418809831014897 ], [ -70.621100802592196, -33.418903404011701 ], [ -70.621185663679199, -33.419044713263297 ], [ -70.621237490247594, -33.419139980085397 ], [ -70.621291688977706, -33.419266698890297 ], [ -70.621327285551203, -33.419323213205601 ], [ -70.621344167107907, -33.419380513274703 ], [ -70.621383447607101, -33.419508321676098 ], [ -70.621423797352506, -33.419693635938501 ], [ -70.621470487052505, -33.4199363925553 ], [ -70.621499309202306, -33.4200687602291 ], [ -70.621522088869597, -33.420164357973498 ], [ -70.621649495694598, -33.420691627419203 ], [ -70.621672856433193, -33.420781035454503 ], [ -70.621733904993604, -33.420927107968197 ], [ -70.621782562016804, -33.421034180371002 ], [ -70.621854819498907, -33.421155628670299 ], [ -70.621975280533803, -33.421359674898902 ], [ -70.622101572926397, -33.421563644722603 ], [ -70.622257845765503, -33.421811282199599 ], [ -70.622293929663201, -33.421869561013203 ], [ -70.622326965834702, -33.421930965757497 ], [ -70.622506969571205, -33.422289497495399 ], [ -70.6225423759374, -33.422400933726401 ], [ -70.622553907053899, -33.422468847815601 ], [ -70.622584734918107, -33.4225559881246 ], [ -70.622645218197803, -33.422667249526903 ], [ -70.622681325532994, -33.422813851632398 ], [ -70.622714694430698, -33.423037528642702 ], [ -70.622729905198, -33.423240690253699 ], [ -70.622735835982596, -33.423319899101799 ], [ -70.622742458274004, -33.423408352608398 ], [ -70.622685360833003, -33.423479135174503 ], [ -70.622648273491293, -33.4235041331697 ], [ -70.622615228758306, -33.423522074624898 ], [ -70.622561324758706, -33.423540288088702 ], [ -70.622494713027095, -33.423548164138801 ], [ -70.622377977141198, -33.423553191377998 ], [ -70.622745062043407, -33.423772502137901 ], [ -70.622898576916398, -33.423923347623699 ], [ -70.622919769443001, -33.424174371426901 ], [ -70.622920122694794, -33.424193351287499 ], [ -70.622921014962699, -33.424241291866998 ], [ -70.622922506865194, -33.424261758377803 ], [ -70.6229317396743, -33.424388407289598 ], [ -70.622958377234696, -33.424533086025903 ], [ -70.623015275893295, -33.424764426233999 ], [ -70.623038015225504, -33.4248568812244 ], [ -70.623058340708994, -33.424908576102901 ], [ -70.623103651583406, -33.425054126860601 ], [ -70.623132994607204, -33.425173906599198 ], [ -70.623170805808897, -33.425332546382499 ], [ -70.623211282813401, -33.425497166478102 ], [ -70.623252376920306, -33.425665751048697 ], [ -70.623291193339497, -33.4257932652962 ], [ -70.623390572539606, -33.426058993383798 ], [ -70.6236023561233, -33.426589227186 ], [ -70.623683802779894, -33.426795227828599 ], [ -70.623775009615002, -33.427025913617904 ], [ -70.623814610531099, -33.427144537939 ], [ -70.623842268955599, -33.427224126801299 ], [ -70.623869927416706, -33.427303714753201 ], [ -70.623898077910994, -33.4274099481025 ], [ -70.623917802138095, -33.427556567616101 ], [ -70.624090765198304, -33.427449560063302 ], [ -70.624254494681196, -33.427526096866004 ], [ -70.624432672038694, -33.4276093873912 ], [ -70.624383788631903, -33.4274041349463 ], [ -70.624331462191194, -33.427282966608502 ], [ -70.624196071238202, -33.427003213214597 ], [ -70.624081721871903, -33.426777808958903 ], [ -70.624023843197904, -33.4266272990183 ], [ -70.623965886495, -33.426472588428702 ], [ -70.623933583532093, -33.426351158567002 ], [ -70.623915906356899, -33.4262085244712 ], [ -70.623904075493002, -33.426108148531 ], [ -70.624041888211906, -33.425990176047897 ], [ -70.625008257691405, -33.425806671639101 ], [ -70.625607717921199, -33.425724368660497 ], [ -70.625947017964194, -33.425947646530503 ], [ -70.626472027897506, -33.426159713914799 ], [ -70.626893220000497, -33.426374668782401 ], [ -70.627212480862099, -33.426556595445703 ], [ -70.627886280751397, -33.4271337740212 ], [ -70.627971166925505, -33.427196297401203 ], [ -70.628204813751495, -33.427288674277598 ], [ -70.628328216583398, -33.427344320235299 ], [ -70.628357356436695, -33.427380921704597 ], [ -70.628296398326498, -33.4274843244146 ], [ -70.628675317303603, -33.4276451824988 ], [ -70.628702767449099, -33.4276674895005 ], [ -70.628727462679706, -33.427694606073203 ], [ -70.628734020900197, -33.427741048120502 ], [ -70.6288510857011, -33.427868203627 ], [ -70.629185018744195, -33.428252029948602 ], [ -70.629321168403195, -33.428395829142502 ], [ -70.630041172995902, -33.429056986306797 ], [ -70.631092056618101, -33.429921729477101 ], [ -70.631841467219104, -33.430178522843399 ], [ -70.632322100864798, -33.4303664889553 ], [ -70.632325952167307, -33.4303672778615 ], [ -70.632234099646098, -33.430556357165102 ], [ -70.632604553341693, -33.4307352101549 ], [ -70.632748236864202, -33.4308096726675 ], [ -70.632974074238106, -33.430968170573301 ], [ -70.6330466791227, -33.431009145898201 ], [ -70.633312198249101, -33.430638907834897 ], [ -70.633399292048594, -33.430664733453703 ], [ -70.633628953991007, -33.430771468839197 ], [ -70.633955707330102, -33.430896012575701 ], [ -70.633975013414599, -33.431015063069196 ], [ -70.6340358348222, -33.431000779234701 ], [ -70.634300910389996, -33.431023056536098 ], [ -70.634430672678803, -33.431022777415301 ], [ -70.6345915543112, -33.430951937298303 ], [ -70.634704315334901, -33.430864551507597 ], [ -70.634830390211107, -33.430737056157497 ], [ -70.634873932593806, -33.430693021998103 ], [ -70.634994584624096, -33.430561030215102 ], [ -70.635180075401905, -33.430425879137999 ], [ -70.635194137054796, -33.4304442723042 ], [ -70.635210814040605, -33.430470210859802 ] ], [ [ -70.634661197142407, -33.430515130568999 ], [ -70.634658753502606, -33.430516681464397 ], [ -70.634671607329807, -33.430506114818201 ], [ -70.634661197142407, -33.430515130568999 ] ] ] ] } },
{ "type": "Feature", "properties": { "id": "ipt_13_prc_providencia_mono.179", "Name": null, "description": null, "timestamp": null, "begin": null, "end": null, "altitudeMode": null, "tessellate": -1, "extrude": 0, "visibility": -1, "drawOrder": null, "icon": null, "REG": "Metropolitana", "COM": "Providencia", "LOC": "Providencia", "ZONA": "PzV", "NOM": "PzV Plaxas Vecinales", "UPERM": "Según art. 2.3 de la Ordenanza Local", "UPROH": "Según art. 2.3 de la Ordenanza Local", "P_DO": "23/01/2007", "N_DOC": "101", "T_DO": "Decreto", "OBS": null }, "geometry": { "type": "MultiPolygon", "coordinates": [ [ [ [ -70.593782095404805, -33.432475997054297 ], [ -70.595122070462807, -33.432820349127397 ], [ -70.595453711128897, -33.431933822912796 ], [ -70.595262512774994, -33.4318764306527 ], [ -70.594995693183293, -33.4318088623208 ], [ -70.5948697598579, -33.4317780421582 ], [ -70.594839102790502, -33.431770539078101 ], [ -70.594732744634499, -33.431742859713601 ], [ -70.594206886685896, -33.431612461176698 ], [ -70.5941108665168, -33.431594318757298 ], [ -70.593782095404805, -33.432475997054297 ] ] ] ] } },
{ "type": "Feature", "properties": { "id": "ipt_13_prc_providencia_mono.180", "Name": null, "description": null, "timestamp": null, "begin": null, "end": null, "altitudeMode": null, "tessellate": -1, "extrude": 0, "visibility": -1, "drawOrder": null, "icon": null, "REG": "Metropolitana", "COM": "Providencia", "LOC": "Providencia", "ZONA": "PqC", "NOM": "Parques Comunales", "UPERM": "Según art. 2.3.02 de la Ordenanza Local", "UPROH": "Según art. 2.3.02 de la Ordenanza Local", "P_DO": "23/01/2007", "N_DOC": "101", "T_DO": "Decreto", "OBS": null }, "geometry": { "type": "MultiPolygon", "coordinates": [ [ [ [ -70.586534957128805, -33.431150407150497 ], [ -70.586741610750806, -33.431213812672297 ], [ -70.586913344491293, -33.4312403322458 ], [ -70.587057159399606, -33.431238491676197 ], [ -70.587293010959101, -33.431212498517198 ], [ -70.587477605905903, -33.431192905825299 ], [ -70.587604092266503, -33.431179798850302 ], [ -70.587706677115307, -33.4311725440879 ], [ -70.587790452221398, -33.431172555413198 ], [ -70.587902593094, -33.431180508471698 ], [ -70.588037299950898, -33.431197568685697 ], [ -70.588149668923407, -33.431218039717102 ], [ -70.588509799328904, -33.431313588523899 ], [ -70.589158689979996, -33.431480562620798 ], [ -70.589830033959998, -33.431650377478903 ], [ -70.590083796282002, -33.431717195556999 ], [ -70.590182695288703, -33.431738351499597 ], [ -70.590407503785997, -33.4317956470505 ], [ -70.590446318337897, -33.431805539282699 ], [ -70.590632312546802, -33.431852941282798 ], [ -70.591157215699894, -33.431989325743203 ], [ -70.591203573042804, -33.432001371030097 ], [ -70.591729579072194, -33.432137387163699 ], [ -70.592534002845696, -33.432339266139302 ], [ -70.593470577990502, -33.4325760886924 ], [ -70.593475010581301, -33.4325772095292 ], [ -70.593493513558698, -33.432581887662501 ], [ -70.593720480287004, -33.4326392774475 ], [ -70.594136534305306, -33.432746419900397 ], [ -70.594579263697696, -33.432862941503998 ], [ -70.595052253756705, -33.4329782651023 ], [ -70.595694907004201, -33.433144561470897 ], [ -70.595730950216307, -33.433153887968103 ], [ -70.596251932249103, -33.433288697549202 ], [ -70.596352315087699, -33.433314996927002 ], [ -70.5964653100296, -33.433343323499699 ], [ -70.5964673209713, -33.433343827888301 ], [ -70.596845850739399, -33.433438719333402 ], [ -70.597384006751696, -33.433559890813797 ], [ -70.5975554580953, -33.433596354501297 ], [ -70.598579138641696, -33.4338584322184 ], [ -70.599485202008793, -33.434090422821399 ], [ -70.599568365159499, -33.4341103411492 ], [ -70.599827628279499, -33.434178029394999 ], [ -70.600516571788305, -33.434366100240297 ], [ -70.600816416170204, -33.434445204664598 ], [ -70.6008241453615, -33.434447243129 ], [ -70.600863709026697, -33.434457680618799 ], [ -70.601286667058801, -33.434569262967798 ], [ -70.601432616881596, -33.434586470808497 ], [ -70.601472293650204, -33.4344389015003 ], [ -70.601406809618894, -33.434454456187197 ], [ -70.601380549050305, -33.434457244728499 ], [ -70.601292471659207, -33.434436326026898 ], [ -70.601086867962493, -33.434381799300802 ], [ -70.601045721976305, -33.434370888107601 ], [ -70.600798972628795, -33.434305448783803 ], [ -70.600596238562204, -33.434249242843997 ], [ -70.600527087041797, -33.4342243997949 ], [ -70.600432694523107, -33.434202510449403 ], [ -70.599604497719795, -33.433980716832203 ], [ -70.599519383503903, -33.4339592148199 ], [ -70.599273571659097, -33.433898084623699 ], [ -70.598720195481107, -33.433752925930598 ], [ -70.598600760905796, -33.433720445831298 ], [ -70.598391749397706, -33.433670299942698 ], [ -70.597835899991594, -33.433526842033203 ], [ -70.597599876929394, -33.433457996087 ], [ -70.597503859722394, -33.4334302436393 ], [ -70.596878071936402, -33.433272751604598 ], [ -70.596781665670704, -33.4332481050144 ], [ -70.596770762836101, -33.433245318056002 ], [ -70.596401017602105, -33.433150791240202 ], [ -70.596307723166802, -33.433126371156398 ], [ -70.596212286673094, -33.433100039628002 ], [ -70.595430903706003, -33.432901353218 ], [ -70.595187389473494, -33.432837979351902 ], [ -70.595122070462807, -33.432820349127397 ], [ -70.593782095404805, -33.432475997054297 ], [ -70.593677310775007, -33.4324523449162 ], [ -70.593159923611196, -33.432320598509797 ], [ -70.593158108171096, -33.432320136646702 ], [ -70.592665500711107, -33.432193144407499 ], [ -70.592592256097902, -33.432173248208102 ], [ -70.592467122393501, -33.432143263056503 ], [ -70.591723383134806, -33.431952216699798 ], [ -70.591072940532598, -33.431783574333799 ], [ -70.591000819332905, -33.431764433836697 ], [ -70.590903326780193, -33.431743266819304 ], [ -70.590363830704206, -33.431606107050598 ], [ -70.590361309660807, -33.431605465711598 ], [ -70.590267084745307, -33.431581510183001 ], [ -70.590162451196605, -33.431554534335199 ], [ -70.589070733160696, -33.431277537191797 ], [ -70.588438166223497, -33.431116293903898 ], [ -70.588136105439602, -33.431036822244998 ], [ -70.587837299364693, -33.430934940775003 ], [ -70.587726668520702, -33.430886748141504 ], [ -70.587663007368903, -33.4308555741489 ], [ -70.587542156131207, -33.430787629378102 ], [ -70.587342486822195, -33.430650096662099 ], [ -70.587160116770207, -33.430526220580099 ], [ -70.586909104270603, -33.430316906835898 ], [ -70.586842272438204, -33.430261177146498 ], [ -70.586809243728595, -33.430233635601802 ], [ -70.586709383360898, -33.4301503633788 ], [ -70.586636013975195, -33.430077171958999 ], [ -70.5864201042384, -33.430268785646902 ], [ -70.586414677438199, -33.430273602351598 ], [ -70.586264398894002, -33.430406969588603 ], [ -70.5862638992824, -33.430407412469599 ], [ -70.585891782850396, -33.430737651915599 ], [ -70.586155088176795, -33.430919305317502 ], [ -70.586171861575195, -33.430930877788199 ], [ -70.586327415630606, -33.4310381925211 ], [ -70.586417592708301, -33.431100217150302 ], [ -70.586534957128805, -33.431150407150497 ] ] ] ] } },
{ "type": "Feature", "properties": { "id": "ipt_13_prc_providencia_mono.181", "Name": null, "description": null, "timestamp": null, "begin": null, "end": null, "altitudeMode": null, "tessellate": -1, "extrude": 0, "visibility": -1, "drawOrder": null, "icon": null, "REG": "Metropolitana", "COM": "Providencia", "LOC": "Providencia", "ZONA": "PzV", "NOM": "PzV Plaxas Vecinales", "UPERM": "Según art. 2.3 de la Ordenanza Local", "UPROH": "Según art. 2.3 de la Ordenanza Local", "P_DO": "23/01/2007", "N_DOC": "101", "T_DO": "Decreto", "OBS": null }, "geometry": { "type": "MultiPolygon", "coordinates": [ [ [ [ -70.5882111708802, -33.435487889063999 ], [ -70.588253043164599, -33.435489304295999 ], [ -70.588283116040003, -33.435481114581499 ], [ -70.588308471100902, -33.435469083945002 ], [ -70.588363361455606, -33.435419601323701 ], [ -70.588436895441504, -33.435334336627697 ], [ -70.588474123838196, -33.435237877148403 ], [ -70.588491511695807, -33.435194216492299 ], [ -70.588507308034593, -33.435140014805299 ], [ -70.588523115547602, -33.435095044180699 ], [ -70.588431724729702, -33.435050603654901 ], [ -70.588349228062199, -33.435005083259 ], [ -70.5883053971652, -33.434975858833297 ], [ -70.587952406430503, -33.435325169589497 ], [ -70.5881145667677, -33.435412840890898 ], [ -70.5882111708802, -33.435487889063999 ] ] ] ] } },
{ "type": "Feature", "properties": { "id": "ipt_13_prc_providencia_mono.182", "Name": null, "description": null, "timestamp": null, "begin": null, "end": null, "altitudeMode": null, "tessellate": -1, "extrude": 0, "visibility": -1, "drawOrder": null, "icon": null, "REG": "Metropolitana", "COM": "Providencia", "LOC": "Providencia", "ZONA": "PzC", "NOM": "PzC Plazas Comunales", "UPERM": "Según art. 2.3 de la Ordenanza Local", "UPROH": "Según art. 2.3 de la Ordenanza Local", "P_DO": "23/01/2007", "N_DOC": "101", "T_DO": "Decreto", "OBS": null }, "geometry": { "type": "MultiPolygon", "coordinates": [ [ [ [ -70.601265205558406, -33.418906131368701 ], [ -70.601392824032601, -33.418933699537803 ], [ -70.601430046379704, -33.418827845533897 ], [ -70.601580511564507, -33.418407889246602 ], [ -70.601689771728502, -33.418283070842797 ], [ -70.601627176322296, -33.418254927520302 ], [ -70.601453488477205, -33.4181776688973 ], [ -70.600970726527706, -33.418536621048901 ], [ -70.600758063354704, -33.418694742729798 ], [ -70.601265205558406, -33.418906131368701 ] ] ] ] } },
{ "type": "Feature", "properties": { "id": "ipt_13_prc_providencia_mono.183", "Name": null, "description": null, "timestamp": null, "begin": null, "end": null, "altitudeMode": null, "tessellate": -1, "extrude": 0, "visibility": -1, "drawOrder": null, "icon": null, "REG": "Metropolitana", "COM": "Providencia", "LOC": "Providencia", "ZONA": "Espacio Público", "NOM": "Espacio Público", "UPERM": "Espacio Público", "UPROH": "Espacio Público", "P_DO": "23/01/2007", "N_DOC": "101", "T_DO": "Decreto", "OBS": null }, "geometry": { "type": "MultiPolygon", "coordinates": [ [ [ [ -70.615565964615797, -33.446376487261901 ], [ -70.616248158323899, -33.446010825444702 ], [ -70.616146926172803, -33.4458859068598 ], [ -70.615967299686801, -33.445869159334997 ], [ -70.615753575977195, -33.445969524948197 ], [ -70.615813930114598, -33.446052228958301 ], [ -70.615826545573299, -33.446069515867201 ], [ -70.615786521896197, -33.446093470701001 ], [ -70.615665968745702, -33.446165622780903 ], [ -70.615504777707301, -33.446222126362798 ], [ -70.615254777161397, -33.446278354777 ], [ -70.615053359894105, -33.446314503591502 ], [ -70.614999916349305, -33.446318063133504 ], [ -70.614967223595002, -33.446335166588 ], [ -70.614740740843402, -33.446478990009602 ], [ -70.614893836767905, -33.446719645255698 ], [ -70.614978474083799, -33.446689303538797 ], [ -70.6151466295143, -33.446599767800002 ], [ -70.615565964615797, -33.446376487261901 ] ] ] ] } },
{ "type": "Feature", "properties": { "id": "ipt_13_prc_providencia_mono.184", "Name": null, "description": null, "timestamp": null, "begin": null, "end": null, "altitudeMode": null, "tessellate": -1, "extrude": 0, "visibility": -1, "drawOrder": null, "icon": null, "REG": "Metropolitana", "COM": "Providencia", "LOC": "Providencia", "ZONA": "Espacio Público", "NOM": "Espacio Público", "UPERM": "Espacio Público", "UPROH": "Espacio Público", "P_DO": "23/01/2007", "N_DOC": "101", "T_DO": "Decreto", "OBS": null }, "geometry": { "type": "MultiPolygon", "coordinates": [ [ [ [ -70.624795391807496, -33.435227493765602 ], [ -70.624895466713198, -33.435066744022798 ], [ -70.624817103304693, -33.435071646104099 ], [ -70.624479446989199, -33.435065803007198 ], [ -70.624242614368299, -33.435061704511597 ], [ -70.624242614839105, -33.435156680854199 ], [ -70.623914616506895, -33.436370550844998 ], [ -70.624107137005197, -33.4364122027119 ], [ -70.624435135222797, -33.436495507075698 ], [ -70.624795391807496, -33.435227493765602 ] ] ] ] } },
{ "type": "Feature", "properties": { "id": "ipt_13_prc_providencia_mono.185", "Name": null, "description": null, "timestamp": null, "begin": null, "end": null, "altitudeMode": null, "tessellate": -1, "extrude": 0, "visibility": -1, "drawOrder": null, "icon": null, "REG": "Metropolitana", "COM": "Providencia", "LOC": "Providencia", "ZONA": "PzV", "NOM": "PzV Plaxas Vecinales", "UPERM": "Según art. 2.3 de la Ordenanza Local", "UPROH": "Según art. 2.3 de la Ordenanza Local", "P_DO": "23/01/2007", "N_DOC": "101", "T_DO": "Decreto", "OBS": null }, "geometry": { "type": "MultiPolygon", "coordinates": [ [ [ [ -70.629998603736794, -33.436436239723697 ], [ -70.630041461608499, -33.436445220362003 ], [ -70.630024506536998, -33.436527764104298 ], [ -70.630118735340005, -33.436544421203799 ], [ -70.630087557766402, -33.436698370349397 ], [ -70.630154040487199, -33.436709730505697 ], [ -70.630540000233395, -33.436768165034799 ], [ -70.630613330722397, -33.436777807086699 ], [ -70.630631533422303, -33.436780201039497 ], [ -70.630878870574193, -33.436812723540797 ], [ -70.630894281856399, -33.436738772798002 ], [ -70.630713379319005, -33.436717783962401 ], [ -70.630571136625505, -33.436517477946097 ], [ -70.630535936212894, -33.436467909141001 ], [ -70.630467431480596, -33.436374271173896 ], [ -70.630348123956495, -33.436433727574098 ], [ -70.630285500758404, -33.436362961933199 ], [ -70.630240672331098, -33.436317464237398 ], [ -70.630226843880195, -33.436303428706701 ], [ -70.630195845026194, -33.436271966509601 ], [ -70.630087447473798, -33.4361864841025 ], [ -70.630065665052101, -33.436170911792203 ], [ -70.629998603736794, -33.436436239723697 ] ] ] ] } },
{ "type": "Feature", "properties": { "id": "ipt_13_prc_providencia_mono.186", "Name": null, "description": null, "timestamp": null, "begin": null, "end": null, "altitudeMode": null, "tessellate": -1, "extrude": 0, "visibility": -1, "drawOrder": null, "icon": null, "REG": "Metropolitana", "COM": "Providencia", "LOC": "Providencia", "ZONA": "PqM", "NOM": "PqM Parques Metropolitanos", "UPERM": "Según art. 2.3.02 de la Ordenanza Local", "UPROH": "Según art. 2.3.02 de la Ordenanza Local", "P_DO": "23/01/2007", "N_DOC": "101", "T_DO": "Decreto", "OBS": null }, "geometry": { "type": "MultiPolygon", "coordinates": [ [ [ [ -70.632405940916499, -33.435814675824297 ], [ -70.632980382595093, -33.436080578814398 ], [ -70.633219237713206, -33.436191140867898 ], [ -70.6336371273715, -33.436311678011201 ], [ -70.633876668471899, -33.436353007117802 ], [ -70.634160133867894, -33.436378928973703 ], [ -70.634513366155105, -33.436395323424897 ], [ -70.635090265995501, -33.436401548345998 ], [ -70.635365182202804, -33.4364045140955 ], [ -70.635366817785595, -33.4363280165201 ], [ -70.63537271541, -33.436052273041803 ], [ -70.635375017682193, -33.435944636431302 ], [ -70.635377503724001, -33.435828392142199 ], [ -70.635126266988493, -33.435857123640602 ], [ -70.6347684387908, -33.4358976337897 ], [ -70.634282036192005, -33.435911203700599 ], [ -70.633823966413004, -33.435842078479297 ], [ -70.633420709009101, -33.4357364385735 ], [ -70.632908946177594, -33.435535589005603 ], [ -70.631501027185195, -33.434871616055297 ], [ -70.629807991613404, -33.434073146613699 ], [ -70.628378252476395, -33.433404735407699 ], [ -70.627683652526699, -33.432783924729499 ], [ -70.626615363956603, -33.4318100983484 ], [ -70.6259193200071, -33.4311105554387 ], [ -70.625484182626593, -33.430571541471402 ], [ -70.625456141352203, -33.430536805259301 ], [ -70.624850869730693, -33.4296678463934 ], [ -70.624438516453097, -33.429071950721202 ], [ -70.623924889089494, -33.428325550976901 ], [ -70.623911190666703, -33.428302087935101 ], [ -70.623743266316694, -33.428014468684502 ], [ -70.623628932687694, -33.427785246385497 ], [ -70.623558618992504, -33.427555448538399 ], [ -70.623546019833398, -33.427499864024099 ], [ -70.623510648130207, -33.427343815024301 ], [ -70.623444410217203, -33.427071152840597 ], [ -70.623434411976604, -33.427049655988597 ], [ -70.623319361385597, -33.426872675052302 ], [ -70.623273145541603, -33.426787429191499 ], [ -70.623225680113094, -33.426699876547097 ], [ -70.623116717686401, -33.4264842353112 ], [ -70.623107754371802, -33.426457718810198 ], [ -70.622928978818194, -33.425965995955899 ], [ -70.622779073573199, -33.425586181271299 ], [ -70.622702933301795, -33.425332660576402 ], [ -70.622608988263494, -33.425086056266899 ], [ -70.622580916676398, -33.425012367760303 ], [ -70.622439913115002, -33.424795884276399 ], [ -70.6222960128745, -33.424575931278703 ], [ -70.622169653839705, -33.42440877552 ], [ -70.622014475385797, -33.424238553367601 ], [ -70.621822072880207, -33.424055036010699 ], [ -70.621595685396997, -33.423861834241201 ], [ -70.621488099874, -33.423770019392798 ], [ -70.621337353570993, -33.423616962495899 ], [ -70.620787853469807, -33.423263188391701 ], [ -70.620532241470599, -33.423101777382399 ], [ -70.620171080112399, -33.4229240932168 ], [ -70.619831514875997, -33.422775546408701 ], [ -70.619491615487902, -33.4226093505183 ], [ -70.618849089586206, -33.422394148717899 ], [ -70.618503345041503, -33.422286066575502 ], [ -70.618397394973798, -33.422252945995901 ], [ -70.617529951592601, -33.422017136125 ], [ -70.617305209589901, -33.421953670562601 ], [ -70.616514219225706, -33.421730297361599 ], [ -70.616300673540707, -33.421672715477499 ], [ -70.615223700274896, -33.421382306445501 ], [ -70.614551645162607, -33.4211789947298 ], [ -70.614538856301607, -33.421175125512598 ], [ -70.614056574787298, -33.4210163105977 ], [ -70.613772044480498, -33.4209051655588 ], [ -70.613486983818007, -33.420765315934098 ], [ -70.613046026916905, -33.420527001901299 ], [ -70.612309206011204, -33.4200269487824 ], [ -70.612284616809106, -33.420008779021302 ], [ -70.611552643638007, -33.4194679015446 ], [ -70.611545521673094, -33.419462638989103 ], [ -70.611241635374498, -33.419229714819899 ], [ -70.610807789393306, -33.418912342631501 ], [ -70.610538663813799, -33.418707676020603 ], [ -70.610216872384001, -33.418431914561097 ], [ -70.609965821273505, -33.418188403479903 ], [ -70.609946682456197, -33.418169838721603 ], [ -70.609746294955599, -33.417966322455101 ], [ -70.609632654179606, -33.417850905900899 ], [ -70.609390475081796, -33.417609829727503 ], [ -70.609283873312506, -33.417503712310598 ], [ -70.608995915121994, -33.417205974437998 ], [ -70.608515995440101, -33.416680165694501 ], [ -70.608445553160294, -33.4166029874294 ], [ -70.608199464040297, -33.4162544587615 ], [ -70.608063356931595, -33.416013317448702 ], [ -70.607982633094807, -33.415870298343897 ], [ -70.607978254113405, -33.415862539799797 ], [ -70.607765340748998, -33.415456155600097 ], [ -70.607685018500007, -33.415277747502799 ], [ -70.607580658651401, -33.415018582089502 ], [ -70.607500424761895, -33.414762353202597 ], [ -70.607464767094797, -33.414648480465097 ], [ -70.607370268785502, -33.4143295539549 ], [ -70.607288243005897, -33.4139475788228 ], [ -70.607153877008002, -33.4133147342027 ], [ -70.607093244067499, -33.413056031539 ], [ -70.607057696804006, -33.412904358503198 ], [ -70.606947675951702, -33.412482728511698 ], [ -70.606839232072204, -33.412146828247202 ], [ -70.606795275223107, -33.412041675299399 ], [ -70.606466875600006, -33.412100130392197 ], [ -70.606468781620293, -33.412105413920798 ], [ -70.606581025819693, -33.412399822280598 ], [ -70.606838184249199, -33.413351038906399 ], [ -70.607266486155197, -33.4149352567497 ], [ -70.607770892846204, -33.416074292653299 ], [ -70.607448021946695, -33.416105291010602 ], [ -70.607845987397098, -33.416702780353802 ], [ -70.608953594771094, -33.417827600918301 ], [ -70.609021240840505, -33.417896297290298 ], [ -70.609735926133993, -33.418625929996502 ], [ -70.611443293407206, -33.419980544081703 ], [ -70.612539075151901, -33.420765648390898 ], [ -70.613659242124996, -33.421329710233401 ], [ -70.614451149947101, -33.421606929446703 ], [ -70.616670166822303, -33.4222371245259 ], [ -70.616861163120006, -33.422291365338999 ], [ -70.618145411995599, -33.422686218590599 ], [ -70.618474338233497, -33.422777370120599 ], [ -70.619204643684597, -33.423030309408801 ], [ -70.619775019490405, -33.423290104891102 ], [ -70.620299744700702, -33.423581512696103 ], [ -70.621086166469894, -33.424173727433299 ], [ -70.621803140310902, -33.424856323258602 ], [ -70.622135562201706, -33.425517101523603 ], [ -70.622748527908499, -33.426890208885801 ], [ -70.623063510944505, -33.427595782770801 ], [ -70.623608652599401, -33.428603977843501 ], [ -70.624195255036696, -33.429580024204803 ], [ -70.624280362417906, -33.429686928148598 ], [ -70.624310738596193, -33.429756218409103 ], [ -70.624316643845802, -33.429850221057002 ], [ -70.6243014595468, -33.42992707837 ], [ -70.624492681370796, -33.430197922226803 ], [ -70.624525755764196, -33.430243854803898 ], [ -70.6249962931184, -33.430901491643802 ], [ -70.625010425121204, -33.430917478991503 ], [ -70.625806341350099, -33.431817865042198 ], [ -70.625844647713194, -33.431857400484198 ], [ -70.625888948614701, -33.4319031214321 ], [ -70.625977526719296, -33.4319711998453 ], [ -70.627011211779404, -33.432869599474799 ], [ -70.627518335956395, -33.433310688816498 ], [ -70.627541916369694, -33.433331198972503 ], [ -70.627649426200406, -33.4334247090679 ], [ -70.628016877357098, -33.433686799928203 ], [ -70.628419281157505, -33.433926186970098 ], [ -70.629106675845506, -33.434273043228202 ], [ -70.6312296047237, -33.4352695691083 ], [ -70.631319172460096, -33.435311611824801 ], [ -70.632384750178403, -33.435804867846201 ], [ -70.632405940916499, -33.435814675824297 ] ] ] ] } },
{ "type": "Feature", "properties": { "id": "ipt_13_prc_providencia_mono.187", "Name": null, "description": null, "timestamp": null, "begin": null, "end": null, "altitudeMode": null, "tessellate": -1, "extrude": 0, "visibility": -1, "drawOrder": null, "icon": null, "REG": "Metropolitana", "COM": "Providencia", "LOC": "Providencia", "ZONA": "UpR y ECr", "NOM": "UpR y ECr Zona de Uso preferentemente Residencial y Equipamiento Comercial restringido", "UPERM": "Revisar ordenaza local", "UPROH": "Revisar ordenaza local", "P_DO": "23/01/2007", "N_DOC": "101", "T_DO": "Decreto", "OBS": null }, "geometry": { "type": "MultiPolygon", "coordinates": [ [ [ [ -70.621649495694598, -33.420691627419203 ], [ -70.621533462329396, -33.420740135538097 ], [ -70.621100158263104, -33.421052988171297 ], [ -70.620745829702898, -33.421319517162999 ], [ -70.620523525206707, -33.421487831105203 ], [ -70.620123068625901, -33.421775592352503 ], [ -70.619958867673802, -33.421900475985098 ], [ -70.619851373339699, -33.4219894697721 ], [ -70.619809999057097, -33.422010765881403 ], [ -70.619791265110393, -33.4220204094796 ], [ -70.619752668148095, -33.422025983701602 ], [ -70.619708848299197, -33.422039061743902 ], [ -70.6197697044216, -33.422069692218201 ], [ -70.619955811449202, -33.422167148442099 ], [ -70.620146413254801, -33.422264546559902 ], [ -70.620518664380896, -33.422461341901403 ], [ -70.620766247084802, -33.422601341078 ], [ -70.6210090910308, -33.422728209665401 ], [ -70.621236887721196, -33.422842585680002 ], [ -70.621247337247596, -33.422849482471797 ], [ -70.621386158349793, -33.422924401874504 ], [ -70.621410496067497, -33.422942551419403 ], [ -70.621567973273201, -33.423023173383001 ], [ -70.6216868078441, -33.423085923805402 ], [ -70.621706300088107, -33.423104042861503 ], [ -70.621706513538697, -33.423115520407102 ], [ -70.6217096770106, -33.423138447829203 ], [ -70.621726560890295, -33.423163487389097 ], [ -70.622377977141198, -33.423553191377998 ], [ -70.622494713027095, -33.423548164138801 ], [ -70.622561324758706, -33.423540288088702 ], [ -70.622615228758306, -33.423522074624898 ], [ -70.622648273491293, -33.4235041331697 ], [ -70.622685360833003, -33.423479135174503 ], [ -70.622742458274004, -33.423408352608398 ], [ -70.622735835982596, -33.423319899101799 ], [ -70.622729905198, -33.423240690253699 ], [ -70.622714694430698, -33.423037528642702 ], [ -70.622681325532994, -33.422813851632398 ], [ -70.622645218197803, -33.422667249526903 ], [ -70.622584734918107, -33.4225559881246 ], [ -70.622553907053899, -33.422468847815601 ], [ -70.6225423759374, -33.422400933726401 ], [ -70.622506969571205, -33.422289497495399 ], [ -70.622326965834702, -33.421930965757497 ], [ -70.622293929663201, -33.421869561013203 ], [ -70.622257845765503, -33.421811282199599 ], [ -70.622101572926397, -33.421563644722603 ], [ -70.621975280533803, -33.421359674898902 ], [ -70.621854819498907, -33.421155628670299 ], [ -70.621782562016804, -33.421034180371002 ], [ -70.621733904993604, -33.420927107968197 ], [ -70.621672856433193, -33.420781035454503 ], [ -70.621649495694598, -33.420691627419203 ] ] ] ] } },
{ "type": "Feature", "properties": { "id": "ipt_13_prc_providencia_mono.188", "Name": null, "description": null, "timestamp": null, "begin": null, "end": null, "altitudeMode": null, "tessellate": -1, "extrude": 0, "visibility": -1, "drawOrder": null, "icon": null, "REG": "Metropolitana", "COM": "Providencia", "LOC": "Providencia", "ZONA": "UpR y E", "NOM": "UpR y E Zona de Uso preferentemente Residencial y Eqipamiento", "UPERM": "Revisar ordenaza local", "UPROH": "Revisar ordenaza local", "P_DO": "23/01/2007", "N_DOC": "101", "T_DO": "Decreto", "OBS": null }, "geometry": { "type": "MultiPolygon", "coordinates": [ [ [ [ -70.615968691366305, -33.427516642503903 ], [ -70.615849219833805, -33.427691583149901 ], [ -70.615848780077201, -33.427692286899301 ], [ -70.615848798523999, -33.427692295677303 ], [ -70.615848795314903, -33.427692296620897 ], [ -70.615848659082701, -33.427692548204 ], [ -70.616191447920301, -33.427848064528398 ], [ -70.6164356021213, -33.4279701369341 ], [ -70.616450547554194, -33.427977608603399 ], [ -70.616857135353598, -33.427424652441303 ], [ -70.616822602455301, -33.427402217765902 ], [ -70.616735445639094, -33.427345595272897 ], [ -70.616573384505301, -33.427250261312103 ], [ -70.616346659098596, -33.4271255297176 ], [ -70.616299832772995, -33.4270981408282 ], [ -70.616241414596601, -33.427063970607598 ], [ -70.616241068834896, -33.427063768594103 ], [ -70.616165450290296, -33.427168469519998 ], [ -70.615926102398703, -33.427499866048301 ], [ -70.615925871704604, -33.427500185597999 ], [ -70.615968691366305, -33.427516642503903 ] ] ] ] } },
{ "type": "Feature", "properties": { "id": "ipt_13_prc_providencia_mono.189", "Name": null, "description": null, "timestamp": null, "begin": null, "end": null, "altitudeMode": null, "tessellate": -1, "extrude": 0, "visibility": -1, "drawOrder": null, "icon": null, "REG": "Metropolitana", "COM": "Providencia", "LOC": "Providencia", "ZONA": "UpR y E", "NOM": "UpR y E Zona de Uso preferentemente Residencial y Eqipamiento", "UPERM": "Revisar ordenaza local", "UPROH": "Revisar ordenaza local", "P_DO": "23/01/2007", "N_DOC": "101", "T_DO": "Decreto", "OBS": null }, "geometry": { "type": "MultiPolygon", "coordinates": [ [ [ [ -70.632053854745493, -33.434983500347101 ], [ -70.632566844970995, -33.4352231656691 ], [ -70.632840918733194, -33.434678556307503 ], [ -70.632805266486002, -33.434666159397302 ], [ -70.632748817804199, -33.434661200463303 ], [ -70.632312080855499, -33.434549629850899 ], [ -70.632294255241206, -33.434571944015197 ], [ -70.632282370946797, -33.434619051527903 ], [ -70.632053854745493, -33.434983500347101 ] ] ] ] } },
{ "type": "Feature", "properties": { "id": "ipt_13_prc_providencia_mono.190", "Name": null, "description": null, "timestamp": null, "begin": null, "end": null, "altitudeMode": null, "tessellate": -1, "extrude": 0, "visibility": -1, "drawOrder": null, "icon": null, "REG": "Metropolitana", "COM": "Providencia", "LOC": "Providencia", "ZONA": "UpR y ECr", "NOM": "UpR y ECr Zona de Uso preferentemente Residencial y Equipamiento Comercial restringido", "UPERM": "Revisar ordenaza local", "UPROH": "Revisar ordenaza local", "P_DO": "23/01/2007", "N_DOC": "101", "T_DO": "Decreto", "OBS": null }, "geometry": { "type": "MultiPolygon", "coordinates": [ [ [ [ -70.628064935396793, -33.430970932075297 ], [ -70.627763375401997, -33.430680495517201 ], [ -70.627731211597904, -33.430695758263901 ], [ -70.627556429752602, -33.430781367245302 ], [ -70.627219224295899, -33.430948257652702 ], [ -70.627169244334397, -33.430978260908802 ], [ -70.627220717424805, -33.431045996559099 ], [ -70.627409698304703, -33.431242445975798 ], [ -70.627426819197595, -33.431260243466902 ], [ -70.627500956041501, -33.431337308585697 ], [ -70.627694220937698, -33.431205344623997 ], [ -70.627714719224798, -33.431203789537399 ], [ -70.627709231623797, -33.431197221389802 ], [ -70.627953948499893, -33.431043684394403 ], [ -70.628064935396793, -33.430970932075297 ] ] ] ] } },
{ "type": "Feature", "properties": { "id": "ipt_13_prc_providencia_mono.191", "Name": null, "description": null, "timestamp": null, "begin": null, "end": null, "altitudeMode": null, "tessellate": -1, "extrude": 0, "visibility": -1, "drawOrder": null, "icon": null, "REG": "Metropolitana", "COM": "Providencia", "LOC": "Providencia", "ZONA": "UpR y E", "NOM": "UpR y E Zona de Uso preferentemente Residencial y Eqipamiento", "UPERM": "Revisar ordenaza local", "UPROH": "Revisar ordenaza local", "P_DO": "23/01/2007", "N_DOC": "101", "T_DO": "Decreto", "OBS": null }, "geometry": { "type": "MultiPolygon", "coordinates": [ [ [ [ -70.626557278194994, -33.431560784316403 ], [ -70.626777542863806, -33.431768344308402 ], [ -70.626818590167801, -33.431800442154803 ], [ -70.627020399381493, -33.431666519267097 ], [ -70.627022175425694, -33.431638353420801 ], [ -70.6267944562574, -33.431414108584299 ], [ -70.626557278194994, -33.431560784316403 ] ] ] ] } },
{ "type": "Feature", "properties": { "id": "ipt_13_prc_providencia_mono.192", "Name": null, "description": null, "timestamp": null, "begin": null, "end": null, "altitudeMode": null, "tessellate": -1, "extrude": 0, "visibility": -1, "drawOrder": null, "icon": null, "REG": "Metropolitana", "COM": "Providencia", "LOC": "Providencia", "ZONA": "UpR y E", "NOM": "UpR y E Zona de Uso preferentemente Residencial y Eqipamiento", "UPERM": "Revisar ordenaza local", "UPROH": "Revisar ordenaza local", "P_DO": "23/01/2007", "N_DOC": "101", "T_DO": "Decreto", "OBS": null }, "geometry": { "type": "MultiPolygon", "coordinates": [ [ [ [ -70.625747287977703, -33.430662857580401 ], [ -70.625969121772698, -33.430939376916299 ], [ -70.626032657883101, -33.4310235657302 ], [ -70.6264875209595, -33.4307536891639 ], [ -70.626497037749203, -33.430728275178801 ], [ -70.6265021613643, -33.430735171914399 ], [ -70.626540323949001, -33.430783440567303 ], [ -70.626993047819795, -33.430588640643599 ], [ -70.626786870849003, -33.430260821802698 ], [ -70.626773182592501, -33.430239057117497 ], [ -70.626725881762695, -33.430163848961598 ], [ -70.626567978692194, -33.429854579264301 ], [ -70.626523339006795, -33.429802766596602 ], [ -70.626194140698701, -33.430320577161297 ], [ -70.626073958320603, -33.430499792374498 ], [ -70.625747287977703, -33.430662857580401 ] ] ] ] } },
{ "type": "Feature", "properties": { "id": "ipt_13_prc_providencia_mono.193", "Name": null, "description": null, "timestamp": null, "begin": null, "end": null, "altitudeMode": null, "tessellate": -1, "extrude": 0, "visibility": -1, "drawOrder": null, "icon": null, "REG": "Metropolitana", "COM": "Providencia", "LOC": "Providencia", "ZONA": "UpR y Er", "NOM": "UpR y Er Zona de Uso preferente Residencial y Equipamiento restringido", "UPERM": "Revisar ordenaza local", "UPROH": "Revisar ordenaza local", "P_DO": "23/01/2007", "N_DOC": "101", "T_DO": "Decreto", "OBS": null }, "geometry": { "type": "MultiPolygon", "coordinates": [ [ [ [ -70.625537376681805, -33.427917546120703 ], [ -70.6259414326978, -33.4276695929574 ], [ -70.626161286179396, -33.427515860673502 ], [ -70.625513609143695, -33.426578588475003 ], [ -70.625448247299502, -33.426638097684297 ], [ -70.625157089195298, -33.427029868383002 ], [ -70.625376942702303, -33.4273174967825 ], [ -70.625228392946696, -33.427634879349696 ], [ -70.625495782964407, -33.427867955808203 ], [ -70.625537376681805, -33.427917546120703 ] ] ] ] } },
{ "type": "Feature", "properties": { "id": "ipt_13_prc_providencia_mono.194", "Name": null, "description": null, "timestamp": null, "begin": null, "end": null, "altitudeMode": null, "tessellate": -1, "extrude": 0, "visibility": -1, "drawOrder": null, "icon": null, "REG": "Metropolitana", "COM": "Providencia", "LOC": "Providencia", "ZONA": "UpR y Er", "NOM": "UpR y Er Zona de Uso preferente Residencial y Equipamiento restringido", "UPERM": "Revisar ordenaza local", "UPROH": "Revisar ordenaza local", "P_DO": "23/01/2007", "N_DOC": "101", "T_DO": "Decreto", "OBS": null }, "geometry": { "type": "MultiPolygon", "coordinates": [ [ [ [ -70.625048594433096, -33.428259403237703 ], [ -70.625424479316095, -33.428006809412601 ], [ -70.625198683038604, -33.427778692477197 ], [ -70.6251095530246, -33.427922505137403 ], [ -70.625056075523602, -33.427991931866202 ], [ -70.625026365776094, -33.428011768305801 ], [ -70.624897570401501, -33.428100288931297 ], [ -70.625034379110801, -33.428244749880299 ], [ -70.625048594433096, -33.428259403237703 ] ] ] ] } },
{ "type": "Feature", "properties": { "id": "ipt_13_prc_providencia_mono.195", "Name": null, "description": null, "timestamp": null, "begin": null, "end": null, "altitudeMode": null, "tessellate": -1, "extrude": 0, "visibility": -1, "drawOrder": null, "icon": null, "REG": "Metropolitana", "COM": "Providencia", "LOC": "Providencia", "ZONA": "UpR y ECr", "NOM": "UpR y ECr Zona de Uso preferentemente Residencial y Equipamiento Comercial restringido", "UPERM": "Revisar ordenaza local", "UPROH": "Revisar ordenaza local", "P_DO": "23/01/2007", "N_DOC": "101", "T_DO": "Decreto", "OBS": null }, "geometry": { "type": "MultiPolygon", "coordinates": [ [ [ [ -70.625721501927003, -33.428744391956798 ], [ -70.625800447050096, -33.428696475217997 ], [ -70.625975142040801, -33.428535803198599 ], [ -70.626001349750894, -33.428584014173801 ], [ -70.626060272372996, -33.428537427584999 ], [ -70.626173169753898, -33.428463042139498 ], [ -70.626220706433799, -33.428418410256498 ], [ -70.626196938074699, -33.428378738346801 ], [ -70.626072156345003, -33.4282101304834 ], [ -70.626190995648201, -33.4281555813577 ], [ -70.626129133215002, -33.428043899009097 ], [ -70.6259414326978, -33.4276695929574 ], [ -70.625537376681805, -33.427917546120703 ], [ -70.625495782348096, -33.427947300790898 ], [ -70.625424479316095, -33.428006809412601 ], [ -70.625188146196706, -33.428165625392403 ], [ -70.625689925691702, -33.428708377333102 ], [ -70.625721501927003, -33.428744391956798 ] ] ] ] } },
{ "type": "Feature", "properties": { "id": "ipt_13_prc_providencia_mono.196", "Name": null, "description": null, "timestamp": null, "begin": null, "end": null, "altitudeMode": null, "tessellate": -1, "extrude": 0, "visibility": -1, "drawOrder": null, "icon": null, "REG": "Metropolitana", "COM": "Providencia", "LOC": "Providencia", "ZONA": "UpR y ECr", "NOM": "UpR y ECr Zona de Uso preferentemente Residencial y Equipamiento Comercial restringido", "UPERM": "Revisar ordenaza local", "UPROH": "Revisar ordenaza local", "P_DO": "23/01/2007", "N_DOC": "101", "T_DO": "Decreto", "OBS": null }, "geometry": { "type": "MultiPolygon", "coordinates": [ [ [ [ -70.6272832723362, -33.430253819653799 ], [ -70.627379384690997, -33.430290989858797 ], [ -70.627550583216205, -33.429812940381098 ], [ -70.627630927330799, -33.429811963378498 ], [ -70.627649960497294, -33.429762426667601 ], [ -70.627338230348997, -33.429620126473303 ], [ -70.627159838355098, -33.429515331701502 ], [ -70.626971475236999, -33.429379409110403 ], [ -70.626856149789702, -33.429227160815003 ], [ -70.626813419543794, -33.4292686744771 ], [ -70.626777767521901, -33.4293108257501 ], [ -70.626587623812, -33.429447197867901 ], [ -70.626368068601906, -33.429622550237099 ], [ -70.626567978692194, -33.429854579264301 ], [ -70.6272832723362, -33.430253819653799 ] ] ] ] } },
{ "type": "Feature", "properties": { "id": "ipt_13_prc_providencia_mono.197", "Name": null, "description": null, "timestamp": null, "begin": null, "end": null, "altitudeMode": null, "tessellate": -1, "extrude": 0, "visibility": -1, "drawOrder": null, "icon": null, "REG": "Metropolitana", "COM": "Providencia", "LOC": "Providencia", "ZONA": "UpR y Er", "NOM": "UpR y Er Zona de Uso preferente Residencial y Equipamiento restringido", "UPERM": "Revisar ordenaza local", "UPROH": "Revisar ordenaza local", "P_DO": "23/01/2007", "N_DOC": "101", "T_DO": "Decreto", "OBS": null }, "geometry": { "type": "MultiPolygon", "coordinates": [ [ [ [ -70.626029983200596, -33.429061691575697 ], [ -70.626360182979894, -33.429425448356497 ], [ -70.626484720992195, -33.429529383308399 ], [ -70.626587623812, -33.429447197867901 ], [ -70.626777767521901, -33.4293108257501 ], [ -70.626813419543794, -33.4292686744771 ], [ -70.626856149789702, -33.429227160815003 ], [ -70.626780738650893, -33.429226523244601 ], [ -70.626733202974407, -33.429124863825997 ], [ -70.626742115765495, -33.4290851916709 ], [ -70.626587623844102, -33.429035601956201 ], [ -70.626445016719998, -33.428943859669701 ], [ -70.626091467647797, -33.4287678152875 ], [ -70.626147916494006, -33.428715745493697 ], [ -70.626121177427805, -33.428683512057901 ], [ -70.626097410083204, -33.428681032558799 ], [ -70.626061758017102, -33.428653757922099 ], [ -70.625997682456799, -33.428586913853003 ], [ -70.625947374754006, -33.428626689549503 ], [ -70.625846360527504, -33.428735788315898 ], [ -70.626179112268105, -33.428963902847102 ], [ -70.626029983200596, -33.429061691575697 ] ] ] ] } },
{ "type": "Feature", "properties": { "id": "ipt_13_prc_providencia_mono.198", "Name": null, "description": null, "timestamp": null, "begin": null, "end": null, "altitudeMode": null, "tessellate": -1, "extrude": 0, "visibility": -1, "drawOrder": null, "icon": null, "REG": "Metropolitana", "COM": "Providencia", "LOC": "Providencia", "ZONA": "UR", "NOM": "UR Zona de Uso Residencial", "UPERM": "Revisar ordenaza local", "UPROH": "Revisar ordenaza local", "P_DO": "23/01/2007", "N_DOC": "101", "T_DO": "Decreto", "OBS": null }, "geometry": { "type": "MultiPolygon", "coordinates": [ [ [ [ -70.626742115765495, -33.4290851916709 ], [ -70.626786680765804, -33.429043039816101 ], [ -70.626910092441406, -33.429143795738 ], [ -70.626926574193106, -33.429118323706902 ], [ -70.627007297246394, -33.428965653190097 ], [ -70.626376682996707, -33.4285347408767 ], [ -70.626341031111593, -33.428599208751699 ], [ -70.626153321520704, -33.428476120158599 ], [ -70.626060272372996, -33.428537427584999 ], [ -70.625997682456799, -33.428586913853003 ], [ -70.626061758017102, -33.428653757922099 ], [ -70.626097410083204, -33.428681032558799 ], [ -70.626121177427805, -33.428683512057901 ], [ -70.626147916494006, -33.428715745493697 ], [ -70.626091467647797, -33.4287678152875 ], [ -70.626445016719998, -33.428943859669701 ], [ -70.626587623844102, -33.429035601956201 ], [ -70.626742115765495, -33.4290851916709 ] ] ] ] } },
{ "type": "Feature", "properties": { "id": "ipt_13_prc_providencia_mono.199", "Name": null, "description": null, "timestamp": null, "begin": null, "end": null, "altitudeMode": null, "tessellate": -1, "extrude": 0, "visibility": -1, "drawOrder": null, "icon": null, "REG": "Metropolitana", "COM": "Providencia", "LOC": "Providencia", "ZONA": "Espacio Público", "NOM": "Espacio Público", "UPERM": "Espacio Público", "UPROH": "Espacio Público", "P_DO": "23/01/2007", "N_DOC": "101", "T_DO": "Decreto", "OBS": null }, "geometry": { "type": "MultiPolygon", "coordinates": [ [ [ [ -70.626742115765495, -33.4290851916709 ], [ -70.626733202974407, -33.429124863825997 ], [ -70.626780738650893, -33.429226523244601 ], [ -70.626856149789702, -33.429227160815003 ], [ -70.626910092441406, -33.429143795738 ], [ -70.626786680765804, -33.429043039816101 ], [ -70.626742115765495, -33.4290851916709 ] ] ] ] } },
{ "type": "Feature", "properties": { "id": "ipt_13_prc_providencia_mono.200", "Name": null, "description": null, "timestamp": null, "begin": null, "end": null, "altitudeMode": null, "tessellate": -1, "extrude": 0, "visibility": -1, "drawOrder": null, "icon": null, "REG": "Metropolitana", "COM": "Providencia", "LOC": "Providencia", "ZONA": "UR", "NOM": "UR Zona de Uso Residencial", "UPERM": "Revisar ordenaza local", "UPROH": "Revisar ordenaza local", "P_DO": "23/01/2007", "N_DOC": "101", "T_DO": "Decreto", "OBS": null }, "geometry": { "type": "MultiPolygon", "coordinates": [ [ [ [ -70.634540028460194, -33.432938743248897 ], [ -70.634782461565294, -33.4329784138694 ], [ -70.634801667680804, -33.432904217839997 ], [ -70.634809465919204, -33.432862992497903 ], [ -70.634833909196402, -33.432730765924099 ], [ -70.634844660943202, -33.432671932194097 ], [ -70.634102374639298, -33.432582201634602 ], [ -70.634039361298306, -33.432848382824702 ], [ -70.634519022561406, -33.432931539474801 ], [ -70.634540028460194, -33.432938743248897 ] ] ] ] } },
{ "type": "Feature", "properties": { "id": "ipt_13_prc_providencia_mono.201", "Name": null, "description": null, "timestamp": null, "begin": null, "end": null, "altitudeMode": null, "tessellate": -1, "extrude": 0, "visibility": -1, "drawOrder": null, "icon": null, "REG": "Metropolitana", "COM": "Providencia", "LOC": "Providencia", "ZONA": "UpR y E", "NOM": "UpR y E Zona de Uso preferentemente Residencial y Eqipamiento", "UPERM": "Revisar ordenaza local", "UPROH": "Revisar ordenaza local", "P_DO": "23/01/2007", "N_DOC": "101", "T_DO": "Decreto", "OBS": null }, "geometry": { "type": "MultiPolygon", "coordinates": [ [ [ [ -70.634117836085494, -33.4357696261957 ], [ -70.6342283408909, -33.435782710858298 ], [ -70.634378152624706, -33.435786455610597 ], [ -70.634380936583895, -33.435786525329704 ], [ -70.634533533340502, -33.435790338697103 ], [ -70.634869243863903, -33.435763632971302 ], [ -70.635380439056604, -33.435691149147203 ], [ -70.635548286743301, -33.434813746995502 ], [ -70.635395691090693, -33.434806118293103 ], [ -70.634835900282397, -33.434687631165403 ], [ -70.634350407999094, -33.434584867661002 ], [ -70.634052845029899, -33.434508573556201 ], [ -70.633592129503597, -33.434368465825301 ], [ -70.633300500031496, -33.4350290398217 ], [ -70.633686729825499, -33.435133171225303 ], [ -70.633758033016704, -33.434979452797798 ], [ -70.633823395428493, -33.4349943293712 ], [ -70.633734265156605, -33.4352224275395 ], [ -70.634025423513705, -33.435296806510301 ], [ -70.634001655094096, -33.4353860626656 ], [ -70.634096726891201, -33.435415814632798 ], [ -70.634114553191097, -33.4353811036613 ], [ -70.634251218332906, -33.435410855644598 ], [ -70.634117836085494, -33.4357696261957 ] ] ] ] } },
{ "type": "Feature", "properties": { "id": "ipt_13_prc_providencia_mono.202", "Name": null, "description": null, "timestamp": null, "begin": null, "end": null, "altitudeMode": null, "tessellate": -1, "extrude": 0, "visibility": -1, "drawOrder": null, "icon": null, "REG": "Metropolitana", "COM": "Providencia", "LOC": "Providencia", "ZONA": "UpR y E", "NOM": "UpR y E Zona de Uso preferentemente Residencial y Eqipamiento", "UPERM": "Revisar ordenaza local", "UPROH": "Revisar ordenaza local", "P_DO": "23/01/2007", "N_DOC": "101", "T_DO": "Decreto", "OBS": null }, "geometry": { "type": "MultiPolygon", "coordinates": [ [ [ [ -70.606900764586001, -33.437689513705401 ], [ -70.606899926726697, -33.437691909914697 ], [ -70.606872077704196, -33.437786760480499 ], [ -70.607026429597497, -33.437822937330601 ], [ -70.606970189992495, -33.438045097112202 ], [ -70.607449210587902, -33.438134684108803 ], [ -70.607504592846894, -33.438145041505798 ], [ -70.607811913297198, -33.438198166209801 ], [ -70.607959768892101, -33.4382329813794 ], [ -70.607961963690002, -33.438161936224503 ], [ -70.607964499904, -33.438014481492502 ], [ -70.608213206879697, -33.438066359657903 ], [ -70.608238869879401, -33.438071597412197 ], [ -70.608337778559402, -33.437694264254503 ], [ -70.608083910656205, -33.437645075787501 ], [ -70.608158739142795, -33.437396817965698 ], [ -70.608252657130194, -33.437414622171701 ], [ -70.608436328813099, -33.4374550388561 ], [ -70.608546480631006, -33.437484262289601 ], [ -70.608905082359001, -33.437629221882602 ], [ -70.608981380665597, -33.437652109637 ], [ -70.609035732045498, -33.437481429439401 ], [ -70.609310316682794, -33.436568180875597 ], [ -70.6093223119843, -33.436520921513598 ], [ -70.6087627824338, -33.436404468176299 ], [ -70.608469771056207, -33.436332364978497 ], [ -70.608426150414303, -33.436321630862999 ], [ -70.608050532918995, -33.436229199500801 ], [ -70.608226013231899, -33.435607388937399 ], [ -70.6082622536765, -33.435472917181499 ], [ -70.608298494034102, -33.435338446317097 ], [ -70.6083121036813, -33.435287949256598 ], [ -70.608743324546396, -33.435350798000101 ], [ -70.608757220335406, -33.435352823593597 ], [ -70.6088225161472, -33.435133873279902 ], [ -70.608807582665406, -33.435131744820701 ], [ -70.608905041408093, -33.434762622215104 ], [ -70.608824356158195, -33.4347458579185 ], [ -70.608870575223605, -33.434537275470603 ], [ -70.608968242474603, -33.434550793727297 ], [ -70.609066911559694, -33.434564450413802 ], [ -70.609087535470096, -33.434567304924698 ], [ -70.609145306882795, -33.434285127109803 ], [ -70.609194913251002, -33.434001390442504 ], [ -70.609223701739197, -33.434005803759099 ], [ -70.609315892012503, -33.434019936638798 ], [ -70.609330282498107, -33.434022143332598 ], [ -70.6094048416508, -33.433631648275103 ], [ -70.609388449482495, -33.433628099487301 ], [ -70.609351114382903, -33.43362001845 ], [ -70.6094707277244, -33.4332293912898 ], [ -70.609456955773496, -33.433226598505797 ], [ -70.609327149020203, -33.433200275054602 ], [ -70.609394916772899, -33.432975430416498 ], [ -70.609700182065694, -33.433035160828503 ], [ -70.609718321580203, -33.433038687794898 ], [ -70.609816521329194, -33.432686243281204 ], [ -70.609804256861395, -33.4326838268682 ], [ -70.609133932762603, -33.432551739558001 ], [ -70.609256004891606, -33.432132111925497 ], [ -70.609322646320393, -33.431893536162399 ], [ -70.609324343317596, -33.431887461928497 ], [ -70.609331201833299, -33.431862907054203 ], [ -70.608782375996896, -33.431726607415797 ], [ -70.6071883516273, -33.431330719961103 ], [ -70.607160612363899, -33.431424878413999 ], [ -70.607133872791906, -33.4315810827527 ], [ -70.607003149087006, -33.431878613904999 ], [ -70.607003149559105, -33.431910846370002 ], [ -70.606919366676905, -33.432110687485597 ], [ -70.607015627547597, -33.432143415701297 ], [ -70.6069086719789, -33.432503425335803 ], [ -70.606905106117097, -33.432592683725602 ], [ -70.607272321973994, -33.432711694837501 ], [ -70.607386408114806, -33.432191019952597 ], [ -70.607425625228402, -33.432199945666703 ], [ -70.607536146427293, -33.431938119909198 ], [ -70.6085272706122, -33.432211847282701 ], [ -70.608448836049504, -33.4324796228046 ], [ -70.608573618469606, -33.432521276827103 ], [ -70.6086164002282, -33.432521277358198 ], [ -70.608687703918406, -33.432545079710501 ], [ -70.6086335826881, -33.432709297917597 ], [ -70.6085444532483, -33.433036578170501 ], [ -70.608297860632504, -33.432959716508599 ], [ -70.608262208304495, -33.4331307942468 ], [ -70.607980705711299, -33.434090104372103 ], [ -70.608054980817201, -33.434112418381098 ], [ -70.607921286327297, -33.434464485862598 ], [ -70.608126285498599, -33.434541345637101 ], [ -70.608034184207298, -33.434814073320503 ], [ -70.6080197749056, -33.434905188509099 ], [ -70.608026905339798, -33.435018246447399 ], [ -70.607862906334105, -33.435437748289601 ], [ -70.607845080498294, -33.435506177032302 ], [ -70.6077167327051, -33.435467499551102 ], [ -70.607595515991605, -33.435720389816403 ], [ -70.607499256320907, -33.435690638175799 ], [ -70.607467169497198, -33.435782868081503 ], [ -70.607481430564604, -33.435848322282403 ], [ -70.607531343347802, -33.435866172697899 ], [ -70.607488560506496, -33.435985179651603 ], [ -70.607574124879307, -33.436104186487803 ], [ -70.607502821069204, -33.436377900377302 ], [ -70.607310300440503, -33.436342198124301 ], [ -70.607053607126801, -33.437210937905498 ], [ -70.607117780712599, -33.437431096901904 ], [ -70.606960911413694, -33.437520350075197 ], [ -70.606900764586001, -33.437689513705401 ] ] ] ] } },
{ "type": "Feature", "properties": { "id": "ipt_13_prc_providencia_mono.203", "Name": null, "description": null, "timestamp": null, "begin": null, "end": null, "altitudeMode": null, "tessellate": -1, "extrude": 0, "visibility": -1, "drawOrder": null, "icon": null, "REG": "Metropolitana", "COM": "Providencia", "LOC": "Providencia", "ZONA": "UpR y Er", "NOM": "UpR y Er Zona de Uso preferente Residencial y Equipamiento restringido", "UPERM": "Revisar ordenaza local", "UPROH": "Revisar ordenaza local", "P_DO": "23/01/2007", "N_DOC": "101", "T_DO": "Decreto", "OBS": null }, "geometry": { "type": "MultiPolygon", "coordinates": [ [ [ [ -70.601961130387593, -33.439524907200301 ], [ -70.601814957456298, -33.440405514378803 ], [ -70.602485581708805, -33.4403964948539 ], [ -70.602481996118598, -33.440511074148802 ], [ -70.602333945277906, -33.440508215109702 ], [ -70.602341382614298, -33.440763458932601 ], [ -70.603109123101703, -33.440747639959298 ], [ -70.603098427370199, -33.439736134939899 ], [ -70.602826419390595, -33.439673687888003 ], [ -70.602494581206301, -33.439620949823698 ], [ -70.601961130387593, -33.439524907200301 ] ] ] ] } },
{ "type": "Feature", "properties": { "id": "ipt_13_prc_providencia_mono.204", "Name": null, "description": null, "timestamp": null, "begin": null, "end": null, "altitudeMode": null, "tessellate": -1, "extrude": 0, "visibility": -1, "drawOrder": null, "icon": null, "REG": "Metropolitana", "COM": "Providencia", "LOC": "Providencia", "ZONA": "UR", "NOM": "UR Zona de Uso Residencial", "UPERM": "Revisar ordenaza local", "UPROH": "Revisar ordenaza local", "P_DO": "23/01/2007", "N_DOC": "101", "T_DO": "Decreto", "OBS": null }, "geometry": { "type": "MultiPolygon", "coordinates": [ [ [ [ -70.598719438108503, -33.441433159906197 ], [ -70.599125395537897, -33.441490838291401 ], [ -70.599157259284894, -33.441495364850702 ], [ -70.599227076132394, -33.441505284521298 ], [ -70.599236633960203, -33.441506642047798 ], [ -70.599342677667096, -33.441052143694499 ], [ -70.599255861035502, -33.441036082724601 ], [ -70.599344473717693, -33.440691253154 ], [ -70.598915125669194, -33.440603674623397 ], [ -70.598719438108503, -33.441433159906197 ] ] ] ] } },
{ "type": "Feature", "properties": { "id": "ipt_13_prc_providencia_mono.205", "Name": null, "description": null, "timestamp": null, "begin": null, "end": null, "altitudeMode": null, "tessellate": -1, "extrude": 0, "visibility": -1, "drawOrder": null, "icon": null, "REG": "Metropolitana", "COM": "Providencia", "LOC": "Providencia", "ZONA": "UpR y Er", "NOM": "UpR y Er Zona de Uso preferente Residencial y Equipamiento restringido", "UPERM": "Revisar ordenaza local", "UPROH": "Revisar ordenaza local", "P_DO": "23/01/2007", "N_DOC": "101", "T_DO": "Decreto", "OBS": null }, "geometry": { "type": "MultiPolygon", "coordinates": [ [ [ [ -70.6310808297482, -33.440392736949597 ], [ -70.631112218511902, -33.440160858702598 ], [ -70.630899152456095, -33.440120450459297 ], [ -70.630849239349104, -33.440370351896 ], [ -70.6310808297482, -33.440392736949597 ] ] ] ] } },
{ "type": "Feature", "properties": { "id": "ipt_13_prc_providencia_mono.206", "Name": null, "description": null, "timestamp": null, "begin": null, "end": null, "altitudeMode": null, "tessellate": -1, "extrude": 0, "visibility": -1, "drawOrder": null, "icon": null, "REG": "Metropolitana", "COM": "Providencia", "LOC": "Providencia", "ZONA": "UpR y Er", "NOM": "UpR y Er Zona de Uso preferente Residencial y Equipamiento restringido", "UPERM": "Revisar ordenaza local", "UPROH": "Revisar ordenaza local", "P_DO": "23/01/2007", "N_DOC": "101", "T_DO": "Decreto", "OBS": null }, "geometry": { "type": "MultiPolygon", "coordinates": [ [ [ [ -70.618171996566602, -33.435506763949498 ], [ -70.6180680119393, -33.436019981066998 ], [ -70.618317576012402, -33.436062128567997 ], [ -70.618359170187702, -33.435774529817103 ], [ -70.619164310199807, -33.435975353647898 ], [ -70.619232642358995, -33.435734860782198 ], [ -70.618305692054506, -33.435516681558397 ], [ -70.618379966735105, -33.435266269857898 ], [ -70.618206807969898, -33.4352283676577 ], [ -70.618171996566602, -33.435506763949498 ] ] ] ] } },
{ "type": "Feature", "properties": { "id": "ipt_13_prc_providencia_mono.207", "Name": null, "description": null, "timestamp": null, "begin": null, "end": null, "altitudeMode": null, "tessellate": -1, "extrude": 0, "visibility": -1, "drawOrder": null, "icon": null, "REG": "Metropolitana", "COM": "Providencia", "LOC": "Providencia", "ZONA": "UpR y Er", "NOM": "UpR y Er Zona de Uso preferente Residencial y Equipamiento restringido", "UPERM": "Revisar ordenaza local", "UPROH": "Revisar ordenaza local", "P_DO": "23/01/2007", "N_DOC": "101", "T_DO": "Decreto", "OBS": null }, "geometry": { "type": "MultiPolygon", "coordinates": [ [ [ [ -70.6142653343597, -33.441068807735903 ], [ -70.614436463470199, -33.441100540676402 ], [ -70.614512521536795, -33.4407871745587 ], [ -70.614512521032694, -33.440731641547202 ], [ -70.614599749202398, -33.440444321821502 ], [ -70.614588579194205, -33.4404381075652 ], [ -70.614412696048106, -33.4404103407457 ], [ -70.614398435570706, -33.440422241234202 ], [ -70.614265334562404, -33.4409815410459 ], [ -70.6142653343597, -33.441068807735903 ] ] ] ] } },
{ "type": "Feature", "properties": { "id": "ipt_13_prc_providencia_mono.208", "Name": null, "description": null, "timestamp": null, "begin": null, "end": null, "altitudeMode": null, "tessellate": -1, "extrude": 0, "visibility": -1, "drawOrder": null, "icon": null, "REG": "Metropolitana", "COM": "Providencia", "LOC": "Providencia", "ZONA": "UpR y Er", "NOM": "UpR y Er Zona de Uso preferente Residencial y Equipamiento restringido", "UPERM": "Revisar ordenaza local", "UPROH": "Revisar ordenaza local", "P_DO": "23/01/2007", "N_DOC": "101", "T_DO": "Decreto", "OBS": null }, "geometry": { "type": "MultiPolygon", "coordinates": [ [ [ [ -70.611831642870598, -33.434361073021201 ], [ -70.612019799166504, -33.434387645278903 ], [ -70.612033670116503, -33.434336279586098 ], [ -70.612027728567099, -33.4342817336831 ], [ -70.612149539010602, -33.433894953482501 ], [ -70.611950482133096, -33.433862722518903 ], [ -70.611831642870598, -33.434361073021201 ] ] ] ] } },
{ "type": "Feature", "properties": { "id": "ipt_13_prc_providencia_mono.209", "Name": null, "description": null, "timestamp": null, "begin": null, "end": null, "altitudeMode": null, "tessellate": -1, "extrude": 0, "visibility": -1, "drawOrder": null, "icon": null, "REG": "Metropolitana", "COM": "Providencia", "LOC": "Providencia", "ZONA": "UpR y Er", "NOM": "UpR y Er Zona de Uso preferente Residencial y Equipamiento restringido", "UPERM": "Revisar ordenaza local", "UPROH": "Revisar ordenaza local", "P_DO": "23/01/2007", "N_DOC": "101", "T_DO": "Decreto", "OBS": null }, "geometry": { "type": "MultiPolygon", "coordinates": [ [ [ [ -70.6270758267503, -33.428836043725802 ], [ -70.626819261542494, -33.428667018488497 ], [ -70.626845405772798, -33.428633296907201 ], [ -70.626657639165302, -33.428524199052298 ], [ -70.626726566325303, -33.428466674267298 ], [ -70.626514704302807, -33.428288073366801 ], [ -70.626470269965907, -33.428314270909802 ], [ -70.626321720004299, -33.428398574504101 ], [ -70.626220706433799, -33.428418410256498 ], [ -70.626173169753898, -33.428463042139498 ], [ -70.626153321520704, -33.428476120158599 ], [ -70.626341031111593, -33.428599208751699 ], [ -70.626376682996707, -33.4285347408767 ], [ -70.627007297246394, -33.428965653190097 ], [ -70.627014107080697, -33.428952773164198 ], [ -70.6270758267503, -33.428836043725802 ] ] ] ] } },
{ "type": "Feature", "properties": { "id": "ipt_13_prc_providencia_mono.210", "Name": null, "description": null, "timestamp": null, "begin": null, "end": null, "altitudeMode": null, "tessellate": -1, "extrude": 0, "visibility": -1, "drawOrder": null, "icon": null, "REG": "Metropolitana", "COM": "Providencia", "LOC": "Providencia", "ZONA": "UpR y ECr", "NOM": "UpR y ECr Zona de Uso preferentemente Residencial y Equipamiento Comercial restringido", "UPERM": "Revisar ordenaza local", "UPROH": "Revisar ordenaza local", "P_DO": "23/01/2007", "N_DOC": "101", "T_DO": "Decreto", "OBS": null }, "geometry": { "type": "MultiPolygon", "coordinates": [ [ [ [ -70.632561387399207, -33.444243733188202 ], [ -70.631987462574997, -33.444114084465603 ], [ -70.631925354620606, -33.444362576620598 ], [ -70.631948492482394, -33.444367164466598 ], [ -70.632325552007401, -33.444441942835098 ], [ -70.632462954267496, -33.4444691914534 ], [ -70.6325336397923, -33.444238271864698 ], [ -70.632561387399207, -33.444243733188202 ] ] ] ] } },
{ "type": "Feature", "properties": { "id": "ipt_13_prc_providencia_mono.211", "Name": null, "description": null, "timestamp": null, "begin": null, "end": null, "altitudeMode": null, "tessellate": -1, "extrude": 0, "visibility": -1, "drawOrder": null, "icon": null, "REG": "Metropolitana", "COM": "Providencia", "LOC": "Providencia", "ZONA": "UR", "NOM": "UR Zona de Uso Residencial", "UPERM": "Revisar ordenaza local", "UPROH": "Revisar ordenaza local", "P_DO": "23/01/2007", "N_DOC": "101", "T_DO": "Decreto", "OBS": null }, "geometry": { "type": "MultiPolygon", "coordinates": [ [ [ [ -70.633190485472099, -33.433284233713202 ], [ -70.633857590608798, -33.433480074873202 ], [ -70.633899184169707, -33.433385858256003 ], [ -70.633982372561604, -33.433390817829 ], [ -70.6340001979991, -33.433291642292701 ], [ -70.633252507271905, -33.433133178248497 ], [ -70.633190485472099, -33.433284233713202 ] ] ] ] } },
{ "type": "Feature", "properties": { "id": "ipt_13_prc_providencia_mono.212", "Name": null, "description": null, "timestamp": null, "begin": null, "end": null, "altitudeMode": null, "tessellate": -1, "extrude": 0, "visibility": -1, "drawOrder": null, "icon": null, "REG": "Metropolitana", "COM": "Providencia", "LOC": "Providencia", "ZONA": "UpR y ECr", "NOM": "UpR y ECr Zona de Uso preferentemente Residencial y Equipamiento Comercial restringido", "UPERM": "Revisar ordenaza local", "UPROH": "Revisar ordenaza local", "P_DO": "23/01/2007", "N_DOC": "101", "T_DO": "Decreto", "OBS": null }, "geometry": { "type": "MultiPolygon", "coordinates": [ [ [ [ -70.599095847195699, -33.441905817158499 ], [ -70.599096258202295, -33.441905528681303 ], [ -70.599101407165705, -33.441829709060698 ], [ -70.599201232601004, -33.441835658698402 ], [ -70.599244014477705, -33.4417166607967 ], [ -70.599579142848597, -33.441758310312999 ], [ -70.599614795064596, -33.441579811947399 ], [ -70.599236633960203, -33.441506642047798 ], [ -70.599230411669495, -33.441503279104097 ], [ -70.599227075814497, -33.441502805381802 ], [ -70.599157258969001, -33.441492885711199 ], [ -70.599156897982596, -33.441495313597102 ], [ -70.599125395537897, -33.441490838291401 ], [ -70.598713051121393, -33.441432252050397 ], [ -70.598643774689407, -33.441863290757702 ], [ -70.599095895061794, -33.441905494586202 ], [ -70.599095847195699, -33.441905817158499 ] ] ] ] } },
{ "type": "Feature", "properties": { "id": "ipt_13_prc_providencia_mono.213", "Name": null, "description": null, "timestamp": null, "begin": null, "end": null, "altitudeMode": null, "tessellate": -1, "extrude": 0, "visibility": -1, "drawOrder": null, "icon": null, "REG": "Metropolitana", "COM": "Providencia", "LOC": "Providencia", "ZONA": "UpR y E-CC", "NOM": "UpR y E-CC Zona de Subzona de Uso preferentemente Residencial y de Equipamiento Culto y Cultura", "UPERM": "Revisar ordenaza local", "UPROH": "Revisar ordenaza local", "P_DO": "23/01/2007", "N_DOC": "101", "T_DO": "Decreto", "OBS": null }, "geometry": { "type": "MultiPolygon", "coordinates": [ [ [ [ -70.598539667088403, -33.439568413520597 ], [ -70.598759990035902, -33.439590603131897 ], [ -70.598783758003407, -33.439605478137601 ], [ -70.5988629566057, -33.439290587596602 ], [ -70.598664166463706, -33.4392569152132 ], [ -70.598722777108804, -33.439005544915503 ], [ -70.598655925957303, -33.438994812006896 ], [ -70.598276795616698, -33.438933944360002 ], [ -70.598203411933198, -33.439277021328003 ], [ -70.598584270420503, -33.439331039998997 ], [ -70.598539667088403, -33.439568413520597 ] ] ] ] } },
{ "type": "Feature", "properties": { "id": "ipt_13_prc_providencia_mono.214", "Name": null, "description": null, "timestamp": null, "begin": null, "end": null, "altitudeMode": null, "tessellate": -1, "extrude": 0, "visibility": -1, "drawOrder": null, "icon": null, "REG": "Metropolitana", "COM": "Providencia", "LOC": "Providencia", "ZONA": "UpR y ECr", "NOM": "UpR y ECr Zona de Uso preferentemente Residencial y Equipamiento Comercial restringido", "UPERM": "Revisar ordenaza local", "UPROH": "Revisar ordenaza local", "P_DO": "23/01/2007", "N_DOC": "101", "T_DO": "Decreto", "OBS": null }, "geometry": { "type": "MultiPolygon", "coordinates": [ [ [ [ -70.6280688082133, -33.440499330848503 ], [ -70.628002665453195, -33.440490822157003 ], [ -70.628067662818097, -33.440503775677001 ], [ -70.6280688082133, -33.440499330848503 ] ] ] ] } },
{ "type": "Feature", "properties": { "id": "ipt_13_prc_providencia_mono.215", "Name": null, "description": null, "timestamp": null, "begin": null, "end": null, "altitudeMode": null, "tessellate": -1, "extrude": 0, "visibility": -1, "drawOrder": null, "icon": null, "REG": "Metropolitana", "COM": "Providencia", "LOC": "Providencia", "ZONA": "PzV", "NOM": "PzV Plaxas Vecinales", "UPERM": "Según art. 2.3 de la Ordenanza Local", "UPROH": "Según art. 2.3 de la Ordenanza Local", "P_DO": "23/01/2007", "N_DOC": "101", "T_DO": "Decreto", "OBS": null }, "geometry": { "type": "MultiPolygon", "coordinates": [ [ [ [ -70.626781350868498, -33.440246934019498 ], [ -70.626865632758694, -33.440265129992603 ], [ -70.627254751976096, -33.440345238279697 ], [ -70.627730269793602, -33.440436678854901 ], [ -70.627750689765605, -33.440440605175397 ], [ -70.627750651223593, -33.440440730133901 ], [ -70.627919365711193, -33.440474264418597 ], [ -70.627995458359607, -33.4401590479359 ], [ -70.627560504836097, -33.440060873074998 ], [ -70.626868856521597, -33.439932946397299 ], [ -70.626781350868498, -33.440246934019498 ] ] ] ] } },
{ "type": "Feature", "properties": { "id": "ipt_13_prc_providencia_mono.216", "Name": null, "description": null, "timestamp": null, "begin": null, "end": null, "altitudeMode": null, "tessellate": -1, "extrude": 0, "visibility": -1, "drawOrder": null, "icon": null, "REG": "Metropolitana", "COM": "Providencia", "LOC": "Providencia", "ZONA": "UpR y ECr", "NOM": "UpR y ECr Zona de Uso preferentemente Residencial y Equipamiento Comercial restringido", "UPERM": "Revisar ordenaza local", "UPROH": "Revisar ordenaza local", "P_DO": "23/01/2007", "N_DOC": "101", "T_DO": "Decreto", "OBS": null }, "geometry": { "type": "MultiPolygon", "coordinates": [ [ [ [ -70.631705030251197, -33.447549085955103 ], [ -70.630738244817707, -33.447374742749801 ], [ -70.630657283910196, -33.447579676837101 ], [ -70.630625360235499, -33.447573639657698 ], [ -70.6305683633489, -33.447775320318001 ], [ -70.630579086570805, -33.447777612407201 ], [ -70.6306130006014, -33.447784861627397 ], [ -70.631631579889103, -33.447982028389198 ], [ -70.631697978819503, -33.447775922716197 ], [ -70.631681475259299, -33.447772530821702 ], [ -70.631645568538204, -33.447765152106498 ], [ -70.631705030251197, -33.447549085955103 ] ] ] ] } },
{ "type": "Feature", "properties": { "id": "ipt_13_prc_providencia_mono.217", "Name": null, "description": null, "timestamp": null, "begin": null, "end": null, "altitudeMode": null, "tessellate": -1, "extrude": 0, "visibility": -1, "drawOrder": null, "icon": null, "REG": "Metropolitana", "COM": "Providencia", "LOC": "Providencia", "ZONA": "UpEC", "NOM": "UpEC Zona de Uso preferente Equipamiento Comercial", "UPERM": "Revisar ordenaza local", "UPROH": "Revisar ordenaza local", "P_DO": "23/01/2007", "N_DOC": "101", "T_DO": "Decreto", "OBS": null }, "geometry": { "type": "MultiPolygon", "coordinates": [ [ [ [ -70.631948744248206, -33.447579835340903 ], [ -70.631705394896301, -33.447547934931997 ], [ -70.631705030251197, -33.447549085955103 ], [ -70.631645568538204, -33.447765152106498 ], [ -70.631681475259299, -33.447772530821702 ], [ -70.631697978819503, -33.447775922716197 ], [ -70.631631579889103, -33.447982028389198 ], [ -70.631666593311294, -33.447988806523 ], [ -70.631674889037598, -33.447990665123598 ], [ -70.631644041338802, -33.448097058488003 ], [ -70.631594692247106, -33.448267267918901 ], [ -70.631608057655498, -33.448269788476097 ], [ -70.631673954132197, -33.448282217711998 ], [ -70.631634329536695, -33.4483927171825 ], [ -70.631649186263999, -33.448396400403098 ], [ -70.631642811366703, -33.448420822844703 ], [ -70.631625382606401, -33.448417665873997 ], [ -70.631605968738199, -33.448414149045497 ], [ -70.631599051912801, -33.448434795448897 ], [ -70.631594647519904, -33.448447942549997 ], [ -70.631196288501201, -33.448383202137201 ], [ -70.6311749553075, -33.448379734845098 ], [ -70.631083356118793, -33.448686598499997 ], [ -70.631230467114705, -33.448712629406103 ], [ -70.6313883578146, -33.448740567230203 ], [ -70.631386080368301, -33.448748782192702 ], [ -70.631346285827902, -33.448892345728297 ], [ -70.631358660772406, -33.448894362597301 ], [ -70.631272757652098, -33.449209762062203 ], [ -70.631287507097696, -33.449213167168601 ], [ -70.631365666900606, -33.449231207780798 ], [ -70.631361899309098, -33.449247112399703 ], [ -70.6313466643673, -33.449311422036203 ], [ -70.631331242096294, -33.449376529547997 ], [ -70.631314570101097, -33.449373465386799 ], [ -70.631169071333701, -33.449346727999398 ], [ -70.631112827827096, -33.449574380607302 ], [ -70.631143066290704, -33.449580119671197 ], [ -70.631139547947299, -33.449595377098603 ], [ -70.631107057733402, -33.449736259802897 ], [ -70.631133026259306, -33.449741129775603 ], [ -70.631274757418197, -33.449767709351001 ], [ -70.6313240835198, -33.449689265866901 ], [ -70.631459560980204, -33.449320402921003 ], [ -70.631623560254496, -33.448719510064599 ], [ -70.631730516343794, -33.448374440873998 ], [ -70.631808950410701, -33.448088865468598 ], [ -70.6319444282814, -33.447595056396899 ], [ -70.631948744248206, -33.447579835340903 ] ] ] ] } },
{ "type": "Feature", "properties": { "id": "ipt_13_prc_providencia_mono.218", "Name": null, "description": null, "timestamp": null, "begin": null, "end": null, "altitudeMode": null, "tessellate": -1, "extrude": 0, "visibility": -1, "drawOrder": null, "icon": null, "REG": "Metropolitana", "COM": "Providencia", "LOC": "Providencia", "ZONA": "Espacio Público", "NOM": "Espacio Público", "UPERM": "Espacio Público", "UPROH": "Espacio Público", "P_DO": "23/01/2007", "N_DOC": "101", "T_DO": "Decreto", "OBS": null }, "geometry": { "type": "MultiPolygon", "coordinates": [ [ [ [ -70.632905871116805, -33.444310686129597 ], [ -70.633173027952495, -33.4443623562399 ], [ -70.633220277543899, -33.444194553755601 ], [ -70.633475692984405, -33.443287462890801 ], [ -70.633427023948101, -33.443267197940699 ], [ -70.633251654236105, -33.443199007014798 ], [ -70.633206804863903, -33.443300050715798 ], [ -70.633105790459993, -33.443622332220102 ], [ -70.632905871116805, -33.444310686129597 ] ] ] ] } },
{ "type": "Feature", "properties": { "id": "ipt_13_prc_providencia_mono.219", "Name": null, "description": null, "timestamp": null, "begin": null, "end": null, "altitudeMode": null, "tessellate": -1, "extrude": 0, "visibility": -1, "drawOrder": null, "icon": null, "REG": "Metropolitana", "COM": "Providencia", "LOC": "Providencia", "ZONA": "Espacio Público", "NOM": "Espacio Público", "UPERM": "Espacio Público", "UPROH": "Espacio Público", "P_DO": "23/01/2007", "N_DOC": "101", "T_DO": "Decreto", "OBS": null }, "geometry": { "type": "MultiPolygon", "coordinates": [ [ [ [ -70.633251654236105, -33.443199007014798 ], [ -70.633427023948101, -33.443267197940699 ], [ -70.633475692984405, -33.443287462890801 ], [ -70.633688562130502, -33.442555527016403 ], [ -70.633694826614501, -33.442533986360601 ], [ -70.633727600171795, -33.442421293977198 ], [ -70.633773414987203, -33.4422637630651 ], [ -70.633892891785393, -33.441852939678 ], [ -70.634031317213797, -33.441394454598502 ], [ -70.634143720712999, -33.441022150197099 ], [ -70.634166305847401, -33.440947344330901 ], [ -70.634206251054493, -33.440815038108198 ], [ -70.634243919375507, -33.440690270509798 ], [ -70.634412311163004, -33.440132515298203 ], [ -70.634425736389701, -33.440088046805698 ], [ -70.634540497257106, -33.439678948807597 ], [ -70.634572947109802, -33.439563270895299 ], [ -70.634597402852606, -33.4394827677826 ], [ -70.634606182532295, -33.439453865657903 ], [ -70.634716677916899, -33.439090128894897 ], [ -70.634846380802301, -33.438655243296701 ], [ -70.634965753874198, -33.438354634499703 ], [ -70.6349797678633, -33.438272084771597 ], [ -70.635059246215803, -33.437803893843501 ], [ -70.634963962587094, -33.437784107973101 ], [ -70.634849798846503, -33.437762643768501 ], [ -70.6347666960624, -33.438036180220102 ], [ -70.634671624606, -33.438440792009501 ], [ -70.634481480678105, -33.439048895807801 ], [ -70.634274699411094, -33.439739106465403 ], [ -70.633862800179799, -33.441130816418699 ], [ -70.633732076822696, -33.441586980442601 ], [ -70.633565700800204, -33.442112557081799 ], [ -70.6335039041453, -33.442362947855102 ], [ -70.633325644669696, -33.443032307744602 ], [ -70.633251654236105, -33.443199007014798 ] ] ] ] } },
{ "type": "Feature", "properties": { "id": "ipt_13_prc_providencia_mono.220", "Name": null, "description": null, "timestamp": null, "begin": null, "end": null, "altitudeMode": null, "tessellate": -1, "extrude": 0, "visibility": -1, "drawOrder": null, "icon": null, "REG": "Metropolitana", "COM": "Providencia", "LOC": "Providencia", "ZONA": "Espacio Público", "NOM": "Espacio Público", "UPERM": "Espacio Público", "UPROH": "Espacio Público", "P_DO": "23/01/2007", "N_DOC": "101", "T_DO": "Decreto", "OBS": null }, "geometry": { "type": "MultiPolygon", "coordinates": [ [ [ [ -70.632071733858297, -33.4471461323282 ], [ -70.632312139610505, -33.447199889624102 ], [ -70.632689610314898, -33.445976661808899 ], [ -70.632708384545396, -33.4459158207165 ], [ -70.632867255721706, -33.445400974009701 ], [ -70.632991388278796, -33.444979334108901 ], [ -70.633173027952495, -33.4443623562399 ], [ -70.632905871116805, -33.444310686129597 ], [ -70.632673213315897, -33.445111752991103 ], [ -70.632578141250207, -33.445414195829997 ], [ -70.632071733858297, -33.4471461323282 ] ] ] ] } },
{ "type": "Feature", "properties": { "id": "ipt_13_prc_providencia_mono.221", "Name": null, "description": null, "timestamp": null, "begin": null, "end": null, "altitudeMode": null, "tessellate": -1, "extrude": 0, "visibility": -1, "drawOrder": null, "icon": null, "REG": "Metropolitana", "COM": "Providencia", "LOC": "Providencia", "ZONA": "UpAp e Ir", "NOM": "UpAp e Ir Zona de Uso preferentemente de Actividades Productivas e Industria restringida", "UPERM": "Revisar ordenaza local", "UPROH": "Revisar ordenaza local", "P_DO": "23/01/2007", "N_DOC": "101", "T_DO": "Decreto", "OBS": null }, "geometry": { "type": "MultiPolygon", "coordinates": [ [ [ [ -70.622933812031803, -33.445501515230497 ], [ -70.623126549727701, -33.445552658047603 ], [ -70.623202607376797, -33.445580423394603 ], [ -70.6233024329741, -33.445592322716202 ], [ -70.624272166420099, -33.445806509872099 ], [ -70.624405285503599, -33.445803153220602 ], [ -70.624408750768296, -33.4457911080695 ], [ -70.624413889075996, -33.4457732485441 ], [ -70.623299403668497, -33.445549077250902 ], [ -70.622975481615299, -33.4454839206307 ], [ -70.622972192476396, -33.445494169699899 ], [ -70.622967659845202, -33.4455082921748 ], [ -70.622933812031803, -33.445501515230497 ] ] ] ] } },
{ "type": "Feature", "properties": { "id": "ipt_13_prc_providencia_mono.222", "Name": null, "description": null, "timestamp": null, "begin": null, "end": null, "altitudeMode": null, "tessellate": -1, "extrude": 0, "visibility": -1, "drawOrder": null, "icon": null, "REG": "Metropolitana", "COM": "Providencia", "LOC": "Providencia", "ZONA": "UpAp e Ir", "NOM": "UpAp e Ir Zona de Uso preferentemente de Actividades Productivas e Industria restringida", "UPERM": "Revisar ordenaza local", "UPROH": "Revisar ordenaza local", "P_DO": "23/01/2007", "N_DOC": "101", "T_DO": "Decreto", "OBS": null }, "geometry": { "type": "MultiPolygon", "coordinates": [ [ [ [ -70.620528713960397, -33.445010094850602 ], [ -70.621367720092195, -33.445179811157601 ], [ -70.622542645477694, -33.445423200764203 ], [ -70.622562203554594, -33.445357514312001 ], [ -70.622569233890999, -33.445333905275803 ], [ -70.622474181606904, -33.445314024818302 ], [ -70.622427508119401, -33.445304263689401 ], [ -70.622422221533597, -33.445326717199499 ], [ -70.6223704244169, -33.445315520652201 ], [ -70.6222660655027, -33.4452929616413 ], [ -70.622271998304299, -33.445268120653097 ], [ -70.621834446477195, -33.445183068188598 ], [ -70.621850363260293, -33.445113604811802 ], [ -70.621324068139103, -33.4450011071905 ], [ -70.620787093935803, -33.444885580595397 ], [ -70.6208016960572, -33.444844925461901 ], [ -70.620596739625995, -33.444802511496803 ], [ -70.620528713960397, -33.445010094850602 ] ] ] ] } },
{ "type": "Feature", "properties": { "id": "ipt_13_prc_providencia_mono.223", "Name": null, "description": null, "timestamp": null, "begin": null, "end": null, "altitudeMode": null, "tessellate": -1, "extrude": 0, "visibility": -1, "drawOrder": null, "icon": null, "REG": "Metropolitana", "COM": "Providencia", "LOC": "Providencia", "ZONA": "UpAp e Ir", "NOM": "UpAp e Ir Zona de Uso preferentemente de Actividades Productivas e Industria restringida", "UPERM": "Revisar ordenaza local", "UPROH": "Revisar ordenaza local", "P_DO": "23/01/2007", "N_DOC": "101", "T_DO": "Decreto", "OBS": null }, "geometry": { "type": "MultiPolygon", "coordinates": [ [ [ [ -70.614976809185407, -33.4461771076095 ], [ -70.615053359894105, -33.446314503591502 ], [ -70.615254777161397, -33.446278354777 ], [ -70.615504777707301, -33.446222126362798 ], [ -70.615665968745702, -33.446165622780903 ], [ -70.615786521896197, -33.446093470701001 ], [ -70.615515511951997, -33.446071474459401 ], [ -70.615472208765794, -33.446067959763603 ], [ -70.614883512795501, -33.446020175090403 ], [ -70.614881059996407, -33.446041878048099 ], [ -70.614866977731594, -33.446166516012802 ], [ -70.614976809185407, -33.4461771076095 ] ] ] ] } },
{ "type": "Feature", "properties": { "id": "ipt_13_prc_providencia_mono.224", "Name": null, "description": null, "timestamp": null, "begin": null, "end": null, "altitudeMode": null, "tessellate": -1, "extrude": 0, "visibility": -1, "drawOrder": null, "icon": null, "REG": "Metropolitana", "COM": "Providencia", "LOC": "Providencia", "ZONA": "UpAp e Ir", "NOM": "UpAp e Ir Zona de Uso preferentemente de Actividades Productivas e Industria restringida", "UPERM": "Revisar ordenaza local", "UPROH": "Revisar ordenaza local", "P_DO": "23/01/2007", "N_DOC": "101", "T_DO": "Decreto", "OBS": null }, "geometry": { "type": "MultiPolygon", "coordinates": [ [ [ [ -70.622897367733401, -33.446076557208201 ], [ -70.623232808618795, -33.4461409986232 ], [ -70.623210283482194, -33.446196208680703 ], [ -70.623290825246997, -33.446213048198999 ], [ -70.623260205855601, -33.446307853575803 ], [ -70.623333751985797, -33.4463241118981 ], [ -70.623413193281394, -33.446341638509097 ], [ -70.623461599643505, -33.446174406891103 ], [ -70.623577222756694, -33.4461996599168 ], [ -70.623596573315695, -33.446133378123697 ], [ -70.623816386895797, -33.446182756572199 ], [ -70.623809960567201, -33.446204126633397 ], [ -70.623804219060403, -33.446223222328101 ], [ -70.624047581970103, -33.446270497263001 ], [ -70.624043624590996, -33.446287251893096 ], [ -70.624253974859201, -33.446323968284098 ], [ -70.624270034959693, -33.446269096167399 ], [ -70.624279901570404, -33.4462353836605 ], [ -70.624337712679804, -33.446037861401102 ], [ -70.623102782246093, -33.4457668454097 ], [ -70.621976179739207, -33.445536792058199 ], [ -70.621805216500505, -33.4455027291338 ], [ -70.621732488365097, -33.445760906855199 ], [ -70.621754489432902, -33.4457655737043 ], [ -70.622208221215203, -33.4458618273379 ], [ -70.622820331947295, -33.445991676263702 ], [ -70.622808435339806, -33.446032808439497 ], [ -70.622801326295701, -33.446057388885997 ], [ -70.622897367733401, -33.446076557208201 ] ] ] ] } },
{ "type": "Feature", "properties": { "id": "ipt_13_prc_providencia_mono.225", "Name": null, "description": null, "timestamp": null, "begin": null, "end": null, "altitudeMode": null, "tessellate": -1, "extrude": 0, "visibility": -1, "drawOrder": null, "icon": null, "REG": "Metropolitana", "COM": "Providencia", "LOC": "Providencia", "ZONA": "UpAp e Ir", "NOM": "UpAp e Ir Zona de Uso preferentemente de Actividades Productivas e Industria restringida", "UPERM": "Revisar ordenaza local", "UPROH": "Revisar ordenaza local", "P_DO": "23/01/2007", "N_DOC": "101", "T_DO": "Decreto", "OBS": null }, "geometry": { "type": "MultiPolygon", "coordinates": [ [ [ [ -70.620537905554698, -33.440632577373002 ], [ -70.620536942883604, -33.440636514724702 ], [ -70.620496361603301, -33.440626174472797 ], [ -70.620405112929305, -33.440602923865001 ], [ -70.620403427670595, -33.440611851472902 ], [ -70.620378403168104, -33.440710622414301 ], [ -70.620349868041899, -33.440823246265303 ], [ -70.620491895239894, -33.440861834412502 ], [ -70.6204582316131, -33.440980028288898 ], [ -70.620613363743999, -33.441011644298896 ], [ -70.620551782918, -33.441259652833999 ], [ -70.620537890348601, -33.441257228130901 ], [ -70.620322239907907, -33.441219587832101 ], [ -70.620181962897405, -33.441887970662101 ], [ -70.620310563177696, -33.441916116289001 ], [ -70.620201751379597, -33.442280731789502 ], [ -70.620158917860905, -33.442275538765401 ], [ -70.620037751428697, -33.4428571797445 ], [ -70.620028620553398, -33.442856244818103 ], [ -70.619938515761007, -33.442847023177201 ], [ -70.619931203049603, -33.442873294368503 ], [ -70.619794765034797, -33.443363477064899 ], [ -70.619776668283393, -33.443360882655298 ], [ -70.619420790824293, -33.443309859897902 ], [ -70.619143916864601, -33.444261877624498 ], [ -70.619283501890607, -33.4442836770965 ], [ -70.619251600239096, -33.444432462973197 ], [ -70.619379101652996, -33.444450377248998 ], [ -70.619388565984394, -33.444451707375599 ], [ -70.619399672944297, -33.444453267655803 ], [ -70.619356708899403, -33.444685016778102 ], [ -70.619275369132694, -33.444674556518201 ], [ -70.619273491777605, -33.444674314998899 ], [ -70.619133012714698, -33.444656249059399 ], [ -70.618098511866606, -33.444523203455397 ], [ -70.618093669535099, -33.444538299276999 ], [ -70.617999553537999, -33.444528074366801 ], [ -70.617994988340598, -33.444544191949902 ], [ -70.617973910828198, -33.4446186038506 ], [ -70.617964710417795, -33.4446168877951 ], [ -70.617819680101704, -33.444589835293598 ], [ -70.617812052476097, -33.444623578538597 ], [ -70.617796797225694, -33.444691065928801 ], [ -70.617781250098702, -33.444688837471901 ], [ -70.617206354970307, -33.4446064156147 ], [ -70.617099076807804, -33.445063622059898 ], [ -70.617098524563005, -33.445065977631501 ], [ -70.617046132709902, -33.445289263583398 ], [ -70.616673088599796, -33.445247818873099 ], [ -70.616615882841003, -33.445541963880501 ], [ -70.616584622767306, -33.445538555861297 ], [ -70.616180695392501, -33.4454945192129 ], [ -70.615917106372606, -33.4455750536655 ], [ -70.615929611119896, -33.445616767205699 ], [ -70.615895078176806, -33.4456517926277 ], [ -70.615796979360098, -33.445751291474103 ], [ -70.615676481548704, -33.445873507097303 ], [ -70.615710927020004, -33.4459110820913 ], [ -70.615753575977195, -33.445969524948197 ], [ -70.615967299686801, -33.445869159334997 ], [ -70.616146926172803, -33.4458859068598 ], [ -70.616149775454701, -33.4458894229303 ], [ -70.616857231695207, -33.445486046707401 ], [ -70.617207096489494, -33.445306498311602 ], [ -70.6179011216623, -33.444913817629299 ], [ -70.6179559065272, -33.444704883416399 ], [ -70.6183777876806, -33.4447718182344 ], [ -70.618561990003798, -33.444724716059298 ], [ -70.618755105008105, -33.444699925772802 ], [ -70.619019522873401, -33.444722237357198 ], [ -70.619393868818605, -33.444774296915497 ], [ -70.619560244686795, -33.444784213495097 ], [ -70.619591687844903, -33.4447019913543 ], [ -70.619674875356594, -33.444481355695601 ], [ -70.619698644141707, -33.444399546724398 ], [ -70.619891876838594, -33.443824451528101 ], [ -70.620264796599002, -33.442793347245001 ], [ -70.620346796639595, -33.442543452320201 ], [ -70.6204715780366, -33.442222158456403 ], [ -70.620633081787602, -33.441757867208899 ], [ -70.620805399087004, -33.441291787639699 ], [ -70.620997471983898, -33.4406972759081 ], [ -70.621018133422496, -33.4406408694961 ], [ -70.6210215822896, -33.440631454379499 ], [ -70.6205637895455, -33.4405267608849 ], [ -70.620537905554698, -33.440632577373002 ] ] ] ] } },
{ "type": "Feature", "properties": { "id": "ipt_13_prc_providencia_mono.226", "Name": null, "description": null, "timestamp": null, "begin": null, "end": null, "altitudeMode": null, "tessellate": -1, "extrude": 0, "visibility": -1, "drawOrder": null, "icon": null, "REG": "Metropolitana", "COM": "Providencia", "LOC": "Providencia", "ZONA": "UpAp e Ir", "NOM": "UpAp e Ir Zona de Uso preferentemente de Actividades Productivas e Industria restringida", "UPERM": "Revisar ordenaza local", "UPROH": "Revisar ordenaza local", "P_DO": "23/01/2007", "N_DOC": "101", "T_DO": "Decreto", "OBS": null }, "geometry": { "type": "MultiPolygon", "coordinates": [ [ [ [ -70.620115214441398, -33.444915386106999 ], [ -70.620149233306904, -33.4448007553586 ], [ -70.620081433767297, -33.444782313338003 ], [ -70.620086263119106, -33.444767752399997 ], [ -70.620093345582106, -33.444746391975997 ], [ -70.620328165119602, -33.444038237708298 ], [ -70.620312297144494, -33.444034891884101 ], [ -70.620268664235098, -33.444025689902503 ], [ -70.620407742786398, -33.443598981871403 ], [ -70.620430968912103, -33.443527722258402 ], [ -70.620438185162698, -33.443505582687102 ], [ -70.620331879956794, -33.443482633493801 ], [ -70.620393951663104, -33.443252877162202 ], [ -70.620400582077806, -33.443228331950202 ], [ -70.620463978842807, -33.443239672634498 ], [ -70.620579640819201, -33.442941518914999 ], [ -70.620771179028097, -33.442388044275098 ], [ -70.6207389280667, -33.442378559274701 ], [ -70.620651081519, -33.442359152204197 ], [ -70.620710267508798, -33.442203356499299 ], [ -70.620723168547698, -33.442175076881902 ], [ -70.620842876144806, -33.442206556828502 ], [ -70.620887091470095, -33.442069809533997 ], [ -70.620896648879807, -33.442045391063097 ], [ -70.621174731724693, -33.442082466471199 ], [ -70.621236866198601, -33.441900595216197 ], [ -70.621241896695807, -33.441877668023899 ], [ -70.620930900364002, -33.4418058561807 ], [ -70.620986072380305, -33.441627871872399 ], [ -70.621053522249795, -33.441643080444202 ], [ -70.621063170905202, -33.441645255759198 ], [ -70.621132459145301, -33.441396447305898 ], [ -70.621140744675102, -33.441366694884302 ], [ -70.6213961767249, -33.441426847156301 ], [ -70.621596671695499, -33.440849386270699 ], [ -70.621602002110507, -33.4408305602742 ], [ -70.621133749949195, -33.440727321491899 ], [ -70.621120572787305, -33.440769305378602 ], [ -70.621114630642793, -33.440808971649801 ], [ -70.620987472320493, -33.441140931621398 ], [ -70.620990442913495, -33.441188035092203 ], [ -70.620815153986698, -33.441683864572802 ], [ -70.620726024402998, -33.441884675265001 ], [ -70.620726023939298, -33.4419292996661 ], [ -70.620627030545293, -33.442192682000403 ], [ -70.620541466170295, -33.442397953307598 ], [ -70.620113642868503, -33.443562932999001 ], [ -70.619885470076994, -33.444232283576603 ], [ -70.6196822533024, -33.4448064342007 ], [ -70.6197107749975, -33.444839156953599 ], [ -70.620115214441398, -33.444915386106999 ] ] ] ] } },
{ "type": "Feature", "properties": { "id": "ipt_13_prc_providencia_mono.227", "Name": null, "description": null, "timestamp": null, "begin": null, "end": null, "altitudeMode": null, "tessellate": -1, "extrude": 0, "visibility": -1, "drawOrder": null, "icon": null, "REG": "Metropolitana", "COM": "Providencia", "LOC": "Providencia", "ZONA": "UpAp e Ir", "NOM": "UpAp e Ir Zona de Uso preferentemente de Actividades Productivas e Industria restringida", "UPERM": "Revisar ordenaza local", "UPROH": "Revisar ordenaza local", "P_DO": "23/01/2007", "N_DOC": "101", "T_DO": "Decreto", "OBS": null }, "geometry": { "type": "MultiPolygon", "coordinates": [ [ [ [ -70.618900115601207, -33.447275236988098 ], [ -70.618978392848604, -33.447291773395897 ], [ -70.619007289744303, -33.447193853131402 ], [ -70.619025905300504, -33.447130774979797 ], [ -70.619039573709401, -33.4470895974558 ], [ -70.619185778862501, -33.4471216779367 ], [ -70.619224071867194, -33.447000811375602 ], [ -70.619367084452804, -33.447029846378001 ], [ -70.619387497873504, -33.447033991480097 ], [ -70.619505492712307, -33.446674952791803 ], [ -70.619503193341998, -33.446674117974297 ], [ -70.619472187042703, -33.4466628605512 ], [ -70.619499279210203, -33.4465891346115 ], [ -70.619532625066896, -33.446597197843602 ], [ -70.6195477471977, -33.4465429779411 ], [ -70.619552203998495, -33.4465270006067 ], [ -70.6193032604818, -33.446471797683401 ], [ -70.619317425408298, -33.4464143419153 ], [ -70.6192374043017, -33.446396895089798 ], [ -70.619314884932393, -33.446154893203598 ], [ -70.619391569897005, -33.446170777401498 ], [ -70.619423148868805, -33.446177318910898 ], [ -70.619705513066293, -33.446235805019498 ], [ -70.619719770162106, -33.4462387580203 ], [ -70.619844841078702, -33.446264663977502 ], [ -70.620059643448997, -33.445560571230999 ], [ -70.620087381060202, -33.445469647840902 ], [ -70.620181102644096, -33.445487347962001 ], [ -70.6202023944807, -33.445491369629401 ], [ -70.620238863424902, -33.445365833474099 ], [ -70.620250544866195, -33.445325622397398 ], [ -70.620466974664694, -33.4453730363972 ], [ -70.620461652371702, -33.445391399595799 ], [ -70.620445089964505, -33.445448537816802 ], [ -70.6206211747525, -33.445481123412698 ], [ -70.620614877853299, -33.445509838843201 ], [ -70.620726868244404, -33.445532236351603 ], [ -70.620708654000296, -33.445593558146101 ], [ -70.620825179313897, -33.445614941239299 ], [ -70.620759990097497, -33.445843904279499 ], [ -70.6209177761516, -33.445880019442797 ], [ -70.620905841064001, -33.445911671914601 ], [ -70.621043204121705, -33.445939812111199 ], [ -70.621070071354396, -33.445945315478902 ], [ -70.621126414790496, -33.445738775637302 ], [ -70.621151073741103, -33.445648380177502 ], [ -70.621162865388698, -33.445650709622299 ], [ -70.621423037295003, -33.445702090629901 ], [ -70.621426590271696, -33.445687684318102 ], [ -70.621481311053898, -33.445465741543899 ], [ -70.621491874255597, -33.4454372083568 ], [ -70.620597637821803, -33.445243274811403 ], [ -70.620461773135901, -33.4452143659922 ], [ -70.620051751083906, -33.445129229623802 ], [ -70.619623621336601, -33.445031975171197 ], [ -70.619355800546501, -33.445868807640402 ], [ -70.619189425155696, -33.446240660052602 ], [ -70.619159715030094, -33.446394358383301 ], [ -70.618900115601207, -33.447275236988098 ] ] ] ] } },
{ "type": "Feature", "properties": { "id": "ipt_13_prc_providencia_mono.228", "Name": null, "description": null, "timestamp": null, "begin": null, "end": null, "altitudeMode": null, "tessellate": -1, "extrude": 0, "visibility": -1, "drawOrder": null, "icon": null, "REG": "Metropolitana", "COM": "Providencia", "LOC": "Providencia", "ZONA": "UpR y Er", "NOM": "UpR y Er Zona de Uso preferente Residencial y Equipamiento restringido", "UPERM": "Revisar ordenaza local", "UPROH": "Revisar ordenaza local", "P_DO": "23/01/2007", "N_DOC": "101", "T_DO": "Decreto", "OBS": null }, "geometry": { "type": "MultiPolygon", "coordinates": [ [ [ [ -70.628979009914005, -33.431636069664599 ], [ -70.629043198612607, -33.431703599596503 ], [ -70.6290963816203, -33.431691162657302 ], [ -70.629191454009799, -33.4318052162212 ], [ -70.629366742903201, -33.431958939632302 ], [ -70.629436392236201, -33.431924240921703 ], [ -70.629521957092294, -33.4319877137251 ], [ -70.629760825313298, -33.432186397769698 ], [ -70.629927200858205, -33.432325244569 ], [ -70.630164880227099, -33.432563266835402 ], [ -70.630283720291999, -33.432702113090301 ], [ -70.630497632329707, -33.4328726953499 ], [ -70.630668761288504, -33.432995673112998 ], [ -70.630858905116298, -33.433106749791399 ], [ -70.631039542179096, -33.433205925314603 ], [ -70.631196409842204, -33.433277331172398 ], [ -70.631539865300496, -33.433452236943197 ], [ -70.631694493030594, -33.4330914704611 ], [ -70.631526204098407, -33.433019058465803 ], [ -70.631406876301199, -33.433181689970098 ], [ -70.631270459420307, -33.433115481324201 ], [ -70.631252479247493, -33.4331431578549 ], [ -70.63102229543, -33.433045167365798 ], [ -70.631048948267903, -33.433008298061701 ], [ -70.630686988355507, -33.432811227350903 ], [ -70.630282843437001, -33.4325775890523 ], [ -70.630366840217505, -33.432461749274999 ], [ -70.630173556865401, -33.432363969978901 ], [ -70.630184896298402, -33.432346402044502 ], [ -70.629898683657601, -33.432202938001502 ], [ -70.629910520913, -33.432186106655898 ], [ -70.629968132457094, -33.4321041927222 ], [ -70.629656469444797, -33.4319529605946 ], [ -70.629680051304803, -33.431920439078503 ], [ -70.629497328206398, -33.431819342744703 ], [ -70.6295066542434, -33.431806954389003 ], [ -70.629624608646495, -33.431650273141301 ], [ -70.629141463520099, -33.431417387783597 ], [ -70.629220045033193, -33.431311606778699 ], [ -70.628914627437993, -33.4311301974438 ], [ -70.628696703861706, -33.431348055583904 ], [ -70.628923297672998, -33.431579231376503 ], [ -70.628979009914005, -33.431636069664599 ] ] ] ] } },
{ "type": "Feature", "properties": { "id": "ipt_13_prc_providencia_mono.229", "Name": null, "description": null, "timestamp": null, "begin": null, "end": null, "altitudeMode": null, "tessellate": -1, "extrude": 0, "visibility": -1, "drawOrder": null, "icon": null, "REG": "Metropolitana", "COM": "Providencia", "LOC": "Providencia", "ZONA": "Espacio Público", "NOM": "Espacio Público", "UPERM": "Espacio Público", "UPROH": "Espacio Público", "P_DO": "23/01/2007", "N_DOC": "101", "T_DO": "Decreto", "OBS": null }, "geometry": { "type": "MultiPolygon", "coordinates": [ [ [ [ -70.628328675937198, -33.431245360988498 ], [ -70.628857678347998, -33.4317856837447 ], [ -70.628856966822894, -33.431785998812003 ], [ -70.629068811041904, -33.4320219168834 ], [ -70.629428895782993, -33.432307545308497 ], [ -70.629700812073906, -33.432501965989701 ], [ -70.629770878548499, -33.432456253862597 ], [ -70.630046912413803, -33.432763932831797 ], [ -70.630403431539094, -33.433070385133803 ], [ -70.630606647496606, -33.433171544236401 ], [ -70.631048731497899, -33.433436341996099 ], [ -70.6314621686479, -33.433633513452001 ], [ -70.631512117736193, -33.433657891940101 ], [ -70.631802050877994, -33.433783777872101 ], [ -70.6320233153251, -33.433875331554702 ], [ -70.632381916666205, -33.434001216797498 ], [ -70.632839705550595, -33.43413854672 ], [ -70.633312753275106, -33.434283505414797 ], [ -70.634052845029899, -33.434508573556201 ], [ -70.634350407999094, -33.434584867661002 ], [ -70.634835900282397, -33.434687631165403 ], [ -70.635395691090693, -33.434806118293103 ], [ -70.635548286743301, -33.434813746995502 ], [ -70.635580253907094, -33.4346219418331 ], [ -70.634602827605704, -33.434451796765998 ], [ -70.633839875613404, -33.434249481493801 ], [ -70.632955707120601, -33.433981711361298 ], [ -70.632910282996605, -33.433966659218598 ], [ -70.632470840254797, -33.433821049089801 ], [ -70.631539865300496, -33.433452236943197 ], [ -70.631196409842204, -33.433277331172398 ], [ -70.631039542179096, -33.433205925314603 ], [ -70.630858905116298, -33.433106749791399 ], [ -70.630668761288504, -33.432995673112998 ], [ -70.630497632329707, -33.4328726953499 ], [ -70.630283720291999, -33.432702113090301 ], [ -70.630164880227099, -33.432563266835402 ], [ -70.629927200858205, -33.432325244569 ], [ -70.629760825313298, -33.432186397769698 ], [ -70.629521957092294, -33.4319877137251 ], [ -70.629436392236201, -33.431924240921703 ], [ -70.629366742903201, -33.431958939632302 ], [ -70.629191454009799, -33.4318052162212 ], [ -70.6290963816203, -33.431691162657302 ], [ -70.629043198612607, -33.431703599596503 ], [ -70.628979009914005, -33.431636069664599 ], [ -70.628923297672998, -33.431579231376503 ], [ -70.628696703861706, -33.431348055583904 ], [ -70.628414399688694, -33.431060040790797 ], [ -70.628231004182496, -33.430862073055501 ], [ -70.628090090371899, -33.430709961802201 ], [ -70.628086608467299, -33.430706202693401 ], [ -70.628026737926504, -33.430641574444401 ], [ -70.627920848234396, -33.430607871694399 ], [ -70.627785381196205, -33.430670052926303 ], [ -70.627763375401997, -33.430680495517201 ], [ -70.628064935396793, -33.430970932075297 ], [ -70.628171807432395, -33.431069816058901 ], [ -70.628328675937198, -33.431245360988498 ] ] ] ] } },
{ "type": "Feature", "properties": { "id": "ipt_13_prc_providencia_mono.230", "Name": null, "description": null, "timestamp": null, "begin": null, "end": null, "altitudeMode": null, "tessellate": -1, "extrude": 0, "visibility": -1, "drawOrder": null, "icon": null, "REG": "Metropolitana", "COM": "Providencia", "LOC": "Providencia", "ZONA": "Espacio Público", "NOM": "Espacio Público", "UPERM": "Espacio Público", "UPROH": "Espacio Público", "P_DO": "23/01/2007", "N_DOC": "101", "T_DO": "Decreto", "OBS": null }, "geometry": { "type": "MultiPolygon", "coordinates": [ [ [ [ -70.614261099975295, -33.4264938268565 ], [ -70.614108394044393, -33.4268244808041 ], [ -70.6141043642467, -33.426833205292901 ], [ -70.614052652365899, -33.426945178221899 ], [ -70.614040174177703, -33.426972196350498 ], [ -70.6138192460337, -33.427450564586401 ], [ -70.613804826093798, -33.427493837366697 ], [ -70.613380452972706, -33.428386468261202 ], [ -70.613597336005697, -33.428460853195801 ], [ -70.614087550552696, -33.428713764123799 ], [ -70.614146969758295, -33.428919562929202 ], [ -70.614508029695401, -33.428871037914497 ], [ -70.614483433479904, -33.428773431633303 ], [ -70.614414686287503, -33.428554786068297 ], [ -70.614134224028405, -33.428606359632496 ], [ -70.613810979919606, -33.428463539914397 ], [ -70.613815734117296, -33.428396096621597 ], [ -70.6138299941355, -33.4283881624823 ], [ -70.613696893657206, -33.427979536718901 ], [ -70.613948834190197, -33.427436021516897 ], [ -70.613948834387301, -33.4273963489347 ], [ -70.614262095884698, -33.426769120381799 ], [ -70.614262096497797, -33.426736390111003 ], [ -70.614304878230399, -33.426664978801597 ], [ -70.614347512432701, -33.426648803126099 ], [ -70.614566178168801, -33.426811462703199 ], [ -70.614528148852102, -33.426851136207901 ], [ -70.614680264120594, -33.4272677012721 ], [ -70.614998754923107, -33.427196290554903 ], [ -70.615103333361205, -33.4272756363547 ], [ -70.615241188478194, -33.427727905095303 ], [ -70.615559679383196, -33.427656494722598 ], [ -70.615659504920401, -33.427656494594302 ], [ -70.615773590438295, -33.428037351325997 ], [ -70.616153878257705, -33.427958006106003 ], [ -70.616201413821003, -33.427906432073598 ], [ -70.6163772967911, -33.428005613021497 ], [ -70.616348775296501, -33.4280532201211 ], [ -70.616553180242803, -33.428176204485098 ], [ -70.616618870820801, -33.428171095067803 ], [ -70.616646742737302, -33.428075701910501 ], [ -70.616450547554194, -33.427977608603399 ], [ -70.6164356021213, -33.4279701369341 ], [ -70.616191447920301, -33.427848064528398 ], [ -70.615848659082701, -33.427692548204 ], [ -70.615840377754196, -33.427688790853701 ], [ -70.615812143161307, -33.427675981163198 ], [ -70.615779437637002, -33.427661142878499 ], [ -70.615413206435704, -33.4274932942728 ], [ -70.615175775852805, -33.427287323003597 ], [ -70.615167661816898, -33.427280284360201 ], [ -70.6143740628101, -33.426591824114603 ], [ -70.614261099975295, -33.4264938268565 ] ] ] ] } },
{ "type": "Feature", "properties": { "id": "ipt_13_prc_providencia_mono.231", "Name": null, "description": null, "timestamp": null, "begin": null, "end": null, "altitudeMode": null, "tessellate": -1, "extrude": 0, "visibility": -1, "drawOrder": null, "icon": null, "REG": "Metropolitana", "COM": "Providencia", "LOC": "Providencia", "ZONA": "UR", "NOM": "UR Zona de Uso Residencial", "UPERM": "Revisar ordenaza local", "UPROH": "Revisar ordenaza local", "P_DO": "23/01/2007", "N_DOC": "101", "T_DO": "Decreto", "OBS": null }, "geometry": { "type": "MultiPolygon", "coordinates": [ [ [ [ -70.615825431944401, -33.430594168090302 ], [ -70.615900742103506, -33.430610527168099 ], [ -70.616192809751396, -33.429783919699297 ], [ -70.616098083961106, -33.429761683164699 ], [ -70.615825431944401, -33.430594168090302 ] ] ] ] } },
{ "type": "Feature", "properties": { "id": "ipt_13_prc_providencia_mono.232", "Name": null, "description": null, "timestamp": null, "begin": null, "end": null, "altitudeMode": null, "tessellate": -1, "extrude": 0, "visibility": -1, "drawOrder": null, "icon": null, "REG": "Metropolitana", "COM": "Providencia", "LOC": "Providencia", "ZONA": "UR", "NOM": "UR Zona de Uso Residencial", "UPERM": "Revisar ordenaza local", "UPROH": "Revisar ordenaza local", "P_DO": "23/01/2007", "N_DOC": "101", "T_DO": "Decreto", "OBS": null }, "geometry": { "type": "MultiPolygon", "coordinates": [ [ [ [ -70.616384735264106, -33.428972445636703 ], [ -70.616446248253396, -33.428988178014698 ], [ -70.616734290855106, -33.428120908448399 ], [ -70.616679756976197, -33.428092207934597 ], [ -70.616646742737302, -33.428075701910501 ], [ -70.616384735264106, -33.428972445636703 ] ] ] ] } },
{ "type": "Feature", "properties": { "id": "ipt_13_prc_providencia_mono.233", "Name": null, "description": null, "timestamp": null, "begin": null, "end": null, "altitudeMode": null, "tessellate": -1, "extrude": 0, "visibility": -1, "drawOrder": null, "icon": null, "REG": "Metropolitana", "COM": "Providencia", "LOC": "Providencia", "ZONA": "UR", "NOM": "UR Zona de Uso Residencial", "UPERM": "Revisar ordenaza local", "UPROH": "Revisar ordenaza local", "P_DO": "23/01/2007", "N_DOC": "101", "T_DO": "Decreto", "OBS": null }, "geometry": { "type": "MultiPolygon", "coordinates": [ [ [ [ -70.614256153623401, -33.426769120176701 ], [ -70.613942892082605, -33.427396348715902 ], [ -70.613942891882701, -33.427436021298298 ], [ -70.613690951312194, -33.427979536489197 ], [ -70.613824051762904, -33.4283881622599 ], [ -70.613809791744103, -33.428396096398501 ], [ -70.613805037541795, -33.428463539691201 ], [ -70.614128281641598, -33.428606359425103 ], [ -70.614408743904704, -33.428554785874198 ], [ -70.614477491082397, -33.428773431442998 ], [ -70.614472601515601, -33.428754025414399 ], [ -70.614639705913007, -33.428803389483399 ], [ -70.614645600688306, -33.428875849917603 ], [ -70.615615528324597, -33.429372889778698 ], [ -70.615598084541105, -33.429423359092901 ], [ -70.615527002558196, -33.429629016701597 ], [ -70.615257636566895, -33.430383536559503 ], [ -70.615216089275805, -33.430373069975097 ], [ -70.615189800301806, -33.430442210570803 ], [ -70.615377247452102, -33.430497559199203 ], [ -70.615819489425505, -33.430594167968103 ], [ -70.616092141499493, -33.429761683053798 ], [ -70.616359569989996, -33.428973221873697 ], [ -70.616361346474207, -33.428967983415298 ], [ -70.616378792856906, -33.428972445537902 ], [ -70.616612928468797, -33.428171094978701 ], [ -70.616547237890302, -33.428176204392798 ], [ -70.616342832951901, -33.428053220018697 ], [ -70.616371354449797, -33.428005612920401 ], [ -70.616195471486094, -33.427906431963898 ], [ -70.616147935919201, -33.4279580059941 ], [ -70.615767648093595, -33.428037351195997 ], [ -70.615653562601395, -33.427656494458098 ], [ -70.615553737064005, -33.427656494581598 ], [ -70.615235246153503, -33.427727904939204 ], [ -70.615097391066996, -33.427275636191098 ], [ -70.6149928126341, -33.4271962903861 ], [ -70.614674321826101, -33.427267701088198 ], [ -70.614522206585704, -33.426851136015799 ], [ -70.614560235905202, -33.426811462512902 ], [ -70.614341570179704, -33.426648802925001 ], [ -70.614298935976294, -33.426664978598403 ], [ -70.614256154238703, -33.426736389905898 ], [ -70.614256153623401, -33.426769120176701 ] ] ] ] } },
{ "type": "Feature", "properties": { "id": "ipt_13_prc_providencia_mono.234", "Name": null, "description": null, "timestamp": null, "begin": null, "end": null, "altitudeMode": null, "tessellate": -1, "extrude": 0, "visibility": -1, "drawOrder": null, "icon": null, "REG": "Metropolitana", "COM": "Providencia", "LOC": "Providencia", "ZONA": "Pqac", "NOM": "Pqac Parques adyacentes a cruces", "UPERM": "Según art. 2.3.02 de la Ordenanza Local", "UPROH": "Según art. 2.3.02 de la Ordenanza Local", "P_DO": "23/01/2007", "N_DOC": "101", "T_DO": "Decreto", "OBS": null }, "geometry": { "type": "MultiPolygon", "coordinates": [ [ [ [ -70.582265051973806, -33.433807440151199 ], [ -70.582325334204796, -33.433900077935299 ], [ -70.582503699981004, -33.433818706812701 ], [ -70.583614852508902, -33.433030265351299 ], [ -70.584084270617495, -33.432598850517302 ], [ -70.584381370147199, -33.432202146225201 ], [ -70.584463265536897, -33.432059627484101 ], [ -70.584459477012103, -33.432057895664499 ], [ -70.584742167644606, -33.431604565134897 ], [ -70.585761813352406, -33.43064055824 ], [ -70.586161115897795, -33.430348973241401 ], [ -70.587815366242594, -33.428902938214698 ], [ -70.589942837411797, -33.427125610629503 ], [ -70.590910788742704, -33.426367656842302 ], [ -70.591600059186007, -33.425843969196897 ], [ -70.5924509528069, -33.425189354184603 ], [ -70.593290437524203, -33.424539495665897 ], [ -70.594065273461496, -33.4239086752304 ], [ -70.595082543179501, -33.423087412290698 ], [ -70.596350861378696, -33.422047018119798 ], [ -70.598565323907096, -33.420361103087998 ], [ -70.599204695988206, -33.419947521219598 ], [ -70.599227494418599, -33.419836274161803 ], [ -70.598617642596196, -33.420256926610897 ], [ -70.598377196176699, -33.420422775854803 ], [ -70.597837190484697, -33.420819388614902 ], [ -70.597304239894399, -33.421210813733303 ], [ -70.596907495660105, -33.421502198760201 ], [ -70.596836350336503, -33.421554450146601 ], [ -70.596591495093804, -33.421734279859102 ], [ -70.595331734317995, -33.422731997783501 ], [ -70.595253124527005, -33.4227942546026 ], [ -70.594441548642806, -33.423436994440301 ], [ -70.594053951647695, -33.4237382299928 ], [ -70.593180368427994, -33.424417153234401 ], [ -70.592922983262795, -33.424617182007097 ], [ -70.592361399983005, -33.425054270648097 ], [ -70.590895663263495, -33.426195040653603 ], [ -70.590433236686906, -33.426554863405599 ], [ -70.589637443083106, -33.427174075704201 ], [ -70.588821553261198, -33.427808909633903 ], [ -70.587857056178606, -33.428608277021802 ], [ -70.587464707235995, -33.428933445748498 ], [ -70.587363942822194, -33.429021224665298 ], [ -70.586573565240101, -33.429709733214501 ], [ -70.585936692929806, -33.430264510576599 ], [ -70.585740272783596, -33.4304356095315 ], [ -70.585600787782099, -33.430557112249403 ], [ -70.585045538536093, -33.431096201882099 ], [ -70.584436933557697, -33.431687084376897 ], [ -70.584396064927304, -33.431726762604598 ], [ -70.584363915123404, -33.431772662128303 ], [ -70.584220014410604, -33.431948459032498 ], [ -70.583623178892196, -33.432677579820201 ], [ -70.582895034482803, -33.433326357314797 ], [ -70.582230286371896, -33.433754014246801 ], [ -70.5822622902174, -33.433803197070198 ], [ -70.582265051973806, -33.433807440151199 ] ] ] ] } },
{ "type": "Feature", "properties": { "id": "ipt_13_prc_providencia_mono.235", "Name": null, "description": null, "timestamp": null, "begin": null, "end": null, "altitudeMode": null, "tessellate": -1, "extrude": 0, "visibility": -1, "drawOrder": null, "icon": null, "REG": "Metropolitana", "COM": "Providencia", "LOC": "Providencia", "ZONA": "UpR y ECr", "NOM": "UpR y ECr Zona de Uso preferentemente Residencial y Equipamiento Comercial restringido", "UPERM": "Revisar ordenaza local", "UPROH": "Revisar ordenaza local", "P_DO": "23/01/2007", "N_DOC": "101", "T_DO": "Decreto", "OBS": null }, "geometry": { "type": "MultiPolygon", "coordinates": [ [ [ [ -70.626029983200596, -33.429061691575697 ], [ -70.626179112268105, -33.428963902847102 ], [ -70.625846360527504, -33.428735788315898 ], [ -70.625814708241705, -33.428830368975099 ], [ -70.626003663696494, -33.429032696504102 ], [ -70.626029983200596, -33.429061691575697 ] ] ] ] } },
{ "type": "Feature", "properties": { "id": "ipt_13_prc_providencia_mono.236", "Name": null, "description": null, "timestamp": null, "begin": null, "end": null, "altitudeMode": null, "tessellate": -1, "extrude": 0, "visibility": -1, "drawOrder": null, "icon": null, "REG": "Metropolitana", "COM": "Providencia", "LOC": "Providencia", "ZONA": "Espacio Público", "NOM": "Espacio Público", "UPERM": "Espacio Público", "UPROH": "Espacio Público", "P_DO": "23/01/2007", "N_DOC": "101", "T_DO": "Decreto", "OBS": null }, "geometry": { "type": "MultiPolygon", "coordinates": [ [ [ [ -70.625236858327597, -33.4284534712693 ], [ -70.625652396603897, -33.4288818145113 ], [ -70.625705805810597, -33.428931405868397 ], [ -70.625906664323097, -33.429142556126799 ], [ -70.626300935261995, -33.429557027957799 ], [ -70.626354344197495, -33.429606619922303 ], [ -70.626368068601906, -33.429622550237099 ], [ -70.626484720992195, -33.429529383308399 ], [ -70.626360182979894, -33.429425448356497 ], [ -70.626029983200596, -33.429061691575697 ], [ -70.626003663696494, -33.429032696504102 ], [ -70.625816137144497, -33.4288318995876 ], [ -70.625814708241705, -33.428830368975099 ], [ -70.625846360527504, -33.428735788315898 ], [ -70.625947374754006, -33.428626689549503 ], [ -70.626001349750894, -33.428584014173801 ], [ -70.625975142040801, -33.428535803198599 ], [ -70.625800447050096, -33.428696475217997 ], [ -70.625721501927003, -33.428744391956798 ], [ -70.625689925691702, -33.428708377333102 ], [ -70.625188146196706, -33.428165625392403 ], [ -70.625048594433096, -33.428259403237703 ], [ -70.625173939117403, -33.428388612768302 ], [ -70.625236858327597, -33.4284534712693 ] ] ] ] } },
{ "type": "Feature", "properties": { "id": "ipt_13_prc_providencia_mono.237", "Name": null, "description": null, "timestamp": null, "begin": null, "end": null, "altitudeMode": null, "tessellate": -1, "extrude": 0, "visibility": -1, "drawOrder": null, "icon": null, "REG": "Metropolitana", "COM": "Providencia", "LOC": "Providencia", "ZONA": "UpAp e Ir", "NOM": "UpAp e Ir Zona de Uso preferentemente de Actividades Productivas e Industria restringida", "UPERM": "Revisar ordenaza local", "UPROH": "Revisar ordenaza local", "P_DO": "23/01/2007", "N_DOC": "101", "T_DO": "Decreto", "OBS": null }, "geometry": { "type": "MultiPolygon", "coordinates": [ [ [ [ -70.6179559065272, -33.444704883416399 ], [ -70.6179011216623, -33.444913817629299 ], [ -70.617879974170805, -33.444925783141102 ], [ -70.617881004618098, -33.444986548591402 ], [ -70.617339094989504, -33.445295932998903 ], [ -70.617235886719101, -33.4452902090366 ], [ -70.617207096489494, -33.445306498311602 ], [ -70.616857231695207, -33.445486046707401 ], [ -70.616149775454701, -33.4458894229303 ], [ -70.616248158323899, -33.446010825444702 ], [ -70.616654834966994, -33.445786689962198 ], [ -70.616770237119397, -33.445780219538101 ], [ -70.616789069065504, -33.445779163197201 ], [ -70.6169459580656, -33.445693356773297 ], [ -70.616876610876403, -33.446018859973499 ], [ -70.616672506678995, -33.445986427924701 ], [ -70.616072546058405, -33.446325918533702 ], [ -70.616059105956893, -33.446447156442701 ], [ -70.615812543825598, -33.446411823341002 ], [ -70.615565964615797, -33.446376487261901 ], [ -70.6151466295143, -33.446599767800002 ], [ -70.614978474083799, -33.446689303538797 ], [ -70.614893836767905, -33.446719645255698 ], [ -70.614574096525601, -33.4468342670921 ], [ -70.614329942895594, -33.446876231718498 ], [ -70.614196892782203, -33.446854809683501 ], [ -70.614103074193594, -33.447291946746901 ], [ -70.614349101922002, -33.447328352532601 ], [ -70.614596589635596, -33.447368819597301 ], [ -70.614637522398894, -33.447163018870803 ], [ -70.614703904508303, -33.4471820802287 ], [ -70.614822445462707, -33.447200440503202 ], [ -70.614836189579407, -33.447077109207797 ], [ -70.614837920000596, -33.4470615859925 ], [ -70.615134296689703, -33.4469274438082 ], [ -70.615173921950998, -33.446867171315098 ], [ -70.615196805123105, -33.446869924071201 ], [ -70.6153697001821, -33.446890725742001 ], [ -70.615393384039294, -33.446716477352197 ], [ -70.615752061152193, -33.446748147827499 ], [ -70.615937350447297, -33.446764507079799 ], [ -70.615932960357796, -33.446789511656199 ], [ -70.615884060593302, -33.447067997777999 ], [ -70.615893383429906, -33.4470682983169 ], [ -70.616321517071995, -33.447082100127297 ], [ -70.616316681117894, -33.447109392160002 ], [ -70.616275805027001, -33.447340066937002 ], [ -70.616167888434802, -33.447949071615 ], [ -70.616496813423595, -33.448013024561803 ], [ -70.616611255255705, -33.447360695367102 ], [ -70.616668315365303, -33.447056853128899 ], [ -70.616669249301196, -33.447051876370701 ], [ -70.616763846775299, -33.446548145234502 ], [ -70.6181295783026, -33.446735061147201 ], [ -70.618877297897498, -33.446841870820798 ], [ -70.619138330691499, -33.446097154434099 ], [ -70.619291634050199, -33.445639031460203 ], [ -70.6192987644434, -33.445588459257998 ], [ -70.6194313895504, -33.445196970109997 ], [ -70.619491997562506, -33.445036328006204 ], [ -70.619498019922204, -33.445004919737698 ], [ -70.619270955755994, -33.444956006996399 ], [ -70.618778958849603, -33.4449054346479 ], [ -70.618672002923503, -33.444881635813999 ], [ -70.618590003034896, -33.444792389861398 ], [ -70.618406652611895, -33.444764436904897 ], [ -70.6183777876806, -33.4447718182344 ], [ -70.6179559065272, -33.444704883416399 ] ], [ [ -70.618013132289903, -33.445392868454199 ], [ -70.617777829175296, -33.445360145566497 ], [ -70.617745742564097, -33.445315523228103 ], [ -70.6178455682509, -33.445259000543302 ], [ -70.617995306206495, -33.445175704847799 ], [ -70.618216348743303, -33.4450596860231 ], [ -70.618130187573797, -33.445410860807399 ], [ -70.618013132289903, -33.445392868454199 ] ] ] ] } },
{ "type": "Feature", "properties": { "id": "ipt_13_prc_providencia_mono.238", "Name": null, "description": null, "timestamp": null, "begin": null, "end": null, "altitudeMode": null, "tessellate": -1, "extrude": 0, "visibility": -1, "drawOrder": null, "icon": null, "REG": "Metropolitana", "COM": "Providencia", "LOC": "Providencia", "ZONA": "Espacio Público", "NOM": "Espacio Público", "UPERM": "Espacio Público", "UPROH": "Espacio Público", "P_DO": "23/01/2007", "N_DOC": "101", "T_DO": "Decreto", "OBS": null }, "geometry": { "type": "MultiPolygon", "coordinates": [ [ [ [ -70.618877297897498, -33.446841870820798 ], [ -70.618762854527105, -33.447246239079398 ], [ -70.618900115601207, -33.447275236988098 ], [ -70.619159715030094, -33.446394358383301 ], [ -70.619189425155696, -33.446240660052602 ], [ -70.619355800546501, -33.445868807640402 ], [ -70.619623621336601, -33.445031975171197 ], [ -70.619498019922204, -33.445004919737698 ], [ -70.619491997562506, -33.445036328006204 ], [ -70.6194313895504, -33.445196970109997 ], [ -70.6192987644434, -33.445588459257998 ], [ -70.619291634050199, -33.445639031460203 ], [ -70.619138330691499, -33.446097154434099 ], [ -70.618877297897498, -33.446841870820798 ] ] ] ] } },
{ "type": "Feature", "properties": { "id": "ipt_13_prc_providencia_mono.239", "Name": null, "description": null, "timestamp": null, "begin": null, "end": null, "altitudeMode": null, "tessellate": -1, "extrude": 0, "visibility": -1, "drawOrder": null, "icon": null, "REG": "Metropolitana", "COM": "Providencia", "LOC": "Providencia", "ZONA": "PzV", "NOM": "PzV Plaxas Vecinales", "UPERM": "Según art. 2.3 de la Ordenanza Local", "UPROH": "Según art. 2.3 de la Ordenanza Local", "P_DO": "23/01/2007", "N_DOC": "101", "T_DO": "Decreto", "OBS": null }, "geometry": { "type": "MultiPolygon", "coordinates": [ [ [ [ -70.617235886719101, -33.4452902090366 ], [ -70.617339094989504, -33.445295932998903 ], [ -70.617881004618098, -33.444986548591402 ], [ -70.617879974170805, -33.444925783141102 ], [ -70.617235886719101, -33.4452902090366 ] ] ] ] } },
{ "type": "Feature", "properties": { "id": "ipt_13_prc_providencia_mono.240", "Name": null, "description": null, "timestamp": null, "begin": null, "end": null, "altitudeMode": null, "tessellate": -1, "extrude": 0, "visibility": -1, "drawOrder": null, "icon": null, "REG": "Metropolitana", "COM": "Providencia", "LOC": "Providencia", "ZONA": "UpR y E", "NOM": "UpR y E Zona de Uso preferentemente Residencial y Eqipamiento", "UPERM": "Revisar ordenaza local", "UPROH": "Revisar ordenaza local", "P_DO": "23/01/2007", "N_DOC": "101", "T_DO": "Decreto", "OBS": null }, "geometry": { "type": "MultiPolygon", "coordinates": [ [ [ [ -70.626192096137302, -33.434630871777102 ], [ -70.6260449146843, -33.435100056812203 ], [ -70.625565630743296, -33.434995976093603 ], [ -70.625415029548293, -33.434963083826297 ], [ -70.625404630219606, -33.4349619756237 ], [ -70.6253615757619, -33.4349573869507 ], [ -70.625317433656406, -33.434960920882297 ], [ -70.625198174773999, -33.435311398896197 ], [ -70.625248694123897, -33.435321923024503 ], [ -70.625225758846597, -33.435401255606997 ], [ -70.625606046004805, -33.435495469985298 ], [ -70.625908202244801, -33.435553633478698 ], [ -70.625886836362696, -33.435624520688698 ], [ -70.625865338790604, -33.435695846107798 ], [ -70.625865104777603, -33.435696621143499 ], [ -70.6257287573236, -33.436148983462701 ], [ -70.625493901065099, -33.436924419328001 ], [ -70.625492787541802, -33.436928098064399 ], [ -70.625286242077294, -33.437610048343103 ], [ -70.625159285152094, -33.438005027883897 ], [ -70.625158593796598, -33.438007177891699 ], [ -70.625139255590497, -33.438067341777 ], [ -70.6251386689474, -33.438069165753198 ], [ -70.625080243403701, -33.4382509334555 ], [ -70.624920023199095, -33.438823152603099 ], [ -70.624645358508801, -33.4397844806725 ], [ -70.624450023613903, -33.439742818872098 ], [ -70.624431222367605, -33.4397388094688 ], [ -70.624417778854493, -33.439735941926699 ], [ -70.624338192516603, -33.439954547633697 ], [ -70.624319178757304, -33.439954547831398 ], [ -70.624071991273496, -33.439910914275103 ], [ -70.624043470051802, -33.439990248549798 ], [ -70.6241718176083, -33.440029915299696 ], [ -70.624095759628105, -33.440212383378402 ], [ -70.624309671848295, -33.4402679168861 ], [ -70.624285903550202, -33.4403115504062 ], [ -70.624257381664705, -33.440430550843502 ], [ -70.624214599677103, -33.440426584121496 ], [ -70.624114774337599, -33.440735985067697 ], [ -70.624347700443394, -33.440795484562202 ], [ -70.624333439457601, -33.440862918187598 ], [ -70.624577167776707, -33.4408888151059 ], [ -70.624592130415706, -33.440843045048297 ], [ -70.624631069919701, -33.440723923368097 ], [ -70.624672633853706, -33.440596773460499 ], [ -70.6248389395559, -33.440632294178798 ], [ -70.624925190078997, -33.440328998334302 ], [ -70.624933748994394, -33.4403308268991 ], [ -70.624990418193505, -33.440342933449898 ], [ -70.625022822543798, -33.440239695568003 ], [ -70.6250416788221, -33.440179619192101 ], [ -70.624976631878198, -33.440165356165899 ], [ -70.625069141032995, -33.439876430019602 ], [ -70.625032187080294, -33.439868411918198 ], [ -70.625093368112502, -33.439657378920003 ], [ -70.625096086780204, -33.439647999420799 ], [ -70.625284369249599, -33.439684682560497 ], [ -70.625295752575695, -33.4396869006424 ], [ -70.625368544425697, -33.439391528541996 ], [ -70.625388224213594, -33.439311666882098 ], [ -70.625233086984494, -33.439279698861803 ], [ -70.625330321353005, -33.438905086280897 ], [ -70.625315576012497, -33.438902141207699 ], [ -70.6252473223321, -33.438888511943098 ], [ -70.625334221888906, -33.438590699429 ], [ -70.625256436914697, -33.438570721770901 ], [ -70.625289251570294, -33.438459597333399 ], [ -70.625336012229099, -33.438301241570201 ], [ -70.625358358256406, -33.438305637251098 ], [ -70.625376059742095, -33.438309118935997 ], [ -70.625446161393796, -33.438077427809901 ], [ -70.625450731951204, -33.438062321749598 ], [ -70.625595432276299, -33.438092454074699 ], [ -70.625703683182493, -33.437692479759903 ], [ -70.625719147816895, -33.437695533499202 ], [ -70.625779086419897, -33.4374922685749 ], [ -70.625815427983497, -33.437369024044401 ], [ -70.626113519767699, -33.436358102902503 ], [ -70.626156779621994, -33.436366570086101 ], [ -70.626189185321195, -33.436241063866497 ], [ -70.626148395598804, -33.4362329069927 ], [ -70.626216571229605, -33.435984074335501 ], [ -70.6262713014262, -33.435784316153097 ], [ -70.626385555904307, -33.435806678168703 ], [ -70.626514025510602, -33.435370722710097 ], [ -70.626393991734403, -33.4353436641209 ], [ -70.626570381397798, -33.434730509663702 ], [ -70.626192096137302, -33.434630871777102 ] ] ] ] } },
{ "type": "Feature", "properties": { "id": "ipt_13_prc_providencia_mono.241", "Name": null, "description": null, "timestamp": null, "begin": null, "end": null, "altitudeMode": null, "tessellate": -1, "extrude": 0, "visibility": -1, "drawOrder": null, "icon": null, "REG": "Metropolitana", "COM": "Providencia", "LOC": "Providencia", "ZONA": "UpR y ECr", "NOM": "UpR y ECr Zona de Uso preferentemente Residencial y Equipamiento Comercial restringido", "UPERM": "Revisar ordenaza local", "UPROH": "Revisar ordenaza local", "P_DO": "23/01/2007", "N_DOC": "101", "T_DO": "Decreto", "OBS": null }, "geometry": { "type": "MultiPolygon", "coordinates": [ [ [ [ -70.616424915642895, -33.440007267997103 ], [ -70.6164129110917, -33.440005591080599 ], [ -70.616424806850404, -33.440007723938798 ], [ -70.616424915642895, -33.440007267997103 ] ] ] ] } },
{ "type": "Feature", "properties": { "id": "ipt_13_prc_providencia_mono.242", "Name": null, "description": null, "timestamp": null, "begin": null, "end": null, "altitudeMode": null, "tessellate": -1, "extrude": 0, "visibility": -1, "drawOrder": null, "icon": null, "REG": "Metropolitana", "COM": "Providencia", "LOC": "Providencia", "ZONA": "UR", "NOM": "UR Zona de Uso Residencial", "UPERM": "Revisar ordenaza local", "UPROH": "Revisar ordenaza local", "P_DO": "23/01/2007", "N_DOC": "101", "T_DO": "Decreto", "OBS": null }, "geometry": { "type": "MultiPolygon", "coordinates": [ [ [ [ -70.630509900666894, -33.446367757886598 ], [ -70.630319997639802, -33.446348837879398 ], [ -70.629842261627502, -33.446277443254097 ], [ -70.629678262002301, -33.446256618835299 ], [ -70.629164101327106, -33.446174901895297 ], [ -70.629110538190005, -33.446400651746202 ], [ -70.629126277969505, -33.446402970028799 ], [ -70.629371256534398, -33.446439600492901 ], [ -70.629541869259697, -33.446460028158 ], [ -70.629542626499699, -33.446446449289702 ], [ -70.629663482749294, -33.446461277521898 ], [ -70.629648862244196, -33.4465010275282 ], [ -70.629688435150698, -33.4465072917775 ], [ -70.629685702531305, -33.446523442476199 ], [ -70.629802317927897, -33.446538023305003 ], [ -70.629795697896597, -33.446562705006798 ], [ -70.629819040233599, -33.446566638530697 ], [ -70.6298350465336, -33.446501888731603 ], [ -70.629878647683498, -33.4465081838309 ], [ -70.6300034027321, -33.446525202416197 ], [ -70.629940835437907, -33.446749924745802 ], [ -70.630382220763593, -33.446816605180402 ], [ -70.630390905336398, -33.446786075897798 ], [ -70.630438778343503, -33.446617782841699 ], [ -70.630441946713702, -33.446606644171901 ], [ -70.630509900666894, -33.446367757886598 ] ] ] ] } },
{ "type": "Feature", "properties": { "id": "ipt_13_prc_providencia_mono.243", "Name": null, "description": null, "timestamp": null, "begin": null, "end": null, "altitudeMode": null, "tessellate": -1, "extrude": 0, "visibility": -1, "drawOrder": null, "icon": null, "REG": "Metropolitana", "COM": "Providencia", "LOC": "Providencia", "ZONA": "UpR y ECr", "NOM": "UpR y ECr Zona de Uso preferentemente Residencial y Equipamiento Comercial restringido", "UPERM": "Revisar ordenaza local", "UPROH": "Revisar ordenaza local", "P_DO": "23/01/2007", "N_DOC": "101", "T_DO": "Decreto", "OBS": null }, "geometry": { "type": "MultiPolygon", "coordinates": [ [ [ [ -70.628307623588896, -33.435729340173999 ], [ -70.628294602751595, -33.435787934445202 ], [ -70.628043480953806, -33.43573496682 ], [ -70.628018599527394, -33.435865573742603 ], [ -70.627996808197295, -33.435887335151797 ], [ -70.627899989164504, -33.436310945239399 ], [ -70.6278591869346, -33.436305123033399 ], [ -70.627834694436203, -33.4363003294104 ], [ -70.6277718456099, -33.436554523762098 ], [ -70.627628928336094, -33.436525941523698 ], [ -70.627304771156304, -33.438004574419601 ], [ -70.627372993511301, -33.438018218301004 ], [ -70.627291705218298, -33.438347288978001 ], [ -70.627325629264206, -33.438357130002501 ], [ -70.627303994807207, -33.438437567718701 ], [ -70.6274290750858, -33.438460264581003 ], [ -70.627376894442804, -33.438702652592397 ], [ -70.627224911544204, -33.438672761348897 ], [ -70.627152229625807, -33.438949113413699 ], [ -70.627274698470998, -33.438971961026098 ], [ -70.627199176595894, -33.439278263183702 ], [ -70.627038478582094, -33.439246175619999 ], [ -70.626916778244606, -33.439744538520301 ], [ -70.626598021410402, -33.439679490054999 ], [ -70.626459478095398, -33.440177444021003 ], [ -70.626563070926196, -33.440199809446298 ], [ -70.626447479810594, -33.440583013713898 ], [ -70.626197891719599, -33.440522714051298 ], [ -70.626179334176896, -33.440518230966298 ], [ -70.626129748027594, -33.440667296420003 ], [ -70.626093348459193, -33.440663877018601 ], [ -70.625988782670504, -33.441031568186801 ], [ -70.625988567667704, -33.441032324936401 ], [ -70.625974494717397, -33.441081808941398 ], [ -70.626102999130893, -33.441113839396799 ], [ -70.626078416480695, -33.441188043337 ], [ -70.625774696794295, -33.441131782362298 ], [ -70.625586877599304, -33.441096989605299 ], [ -70.6254094771664, -33.441064126964697 ], [ -70.625400642071995, -33.441062490537597 ], [ -70.625408940662894, -33.441035363812603 ], [ -70.625317178621998, -33.441012880220001 ], [ -70.625287347539597, -33.441053834702899 ], [ -70.625147115745904, -33.4410255833767 ], [ -70.624570438039996, -33.440909403695002 ], [ -70.624577167776707, -33.4408888151059 ], [ -70.624333439457601, -33.440862918187598 ], [ -70.624317288452801, -33.440959437154497 ], [ -70.624525527537799, -33.441061664693102 ], [ -70.624686486498206, -33.441162481434297 ], [ -70.624921420399303, -33.441320747205801 ], [ -70.625026332399301, -33.441393089562901 ], [ -70.625037183745206, -33.441400571405097 ], [ -70.625131245630797, -33.441465430909403 ], [ -70.625083366389902, -33.441514125144799 ], [ -70.625061100569496, -33.441531782635401 ], [ -70.625031338156802, -33.441551112074997 ], [ -70.624990069084902, -33.441559546708298 ], [ -70.624190329328101, -33.441391526010896 ], [ -70.624101273602307, -33.441688382963299 ], [ -70.624713627456998, -33.441798796262098 ], [ -70.624652185671707, -33.442009809016398 ], [ -70.624676863969697, -33.442013354476103 ], [ -70.624781860930597, -33.442034545906999 ], [ -70.624876569036701, -33.441710256514703 ], [ -70.625103060655704, -33.441759861008499 ], [ -70.625002491657099, -33.442104504124998 ], [ -70.625623852077695, -33.442214742491998 ], [ -70.625610174949799, -33.4422647055464 ], [ -70.625605542341404, -33.442281626 ], [ -70.625450230904207, -33.442805397117702 ], [ -70.625825515985298, -33.442883896427197 ], [ -70.625840527036402, -33.442886862291097 ], [ -70.625781653633595, -33.443084075423997 ], [ -70.626014081384099, -33.443132381956502 ], [ -70.626010870147596, -33.443143265870603 ], [ -70.626006787873493, -33.4431571056829 ], [ -70.625759344370493, -33.443995997922599 ], [ -70.625858753844497, -33.444018769520099 ], [ -70.626420934058302, -33.444131225334203 ], [ -70.626461903366504, -33.4441380251411 ], [ -70.626496892717299, -33.444137566103301 ], [ -70.626528885931904, -33.444132254840802 ], [ -70.626573368612796, -33.444121249688799 ], [ -70.626617474889798, -33.444105467959297 ], [ -70.626675163087498, -33.444076534288101 ], [ -70.626740939980706, -33.4440194412445 ], [ -70.626806803535501, -33.443993958859899 ], [ -70.626833959964998, -33.443987886715497 ], [ -70.6268611875484, -33.443985625664901 ], [ -70.626888485129598, -33.443987171213998 ], [ -70.626915783837404, -33.443988719447702 ], [ -70.626972081123697, -33.444003695032997 ], [ -70.627002585501202, -33.444011809784897 ], [ -70.627348701719001, -33.444103878207798 ], [ -70.627434391266306, -33.443819068515303 ], [ -70.627212882215304, -33.443723668537899 ], [ -70.627343274518097, -33.443510500579002 ], [ -70.627299405474304, -33.443493745947997 ], [ -70.627186110939903, -33.4434504751841 ], [ -70.627140332136406, -33.443412327109499 ], [ -70.6273335754573, -33.443295237637301 ], [ -70.627322913263896, -33.443168769742201 ], [ -70.627387489092598, -33.442968921693101 ], [ -70.627461449603601, -33.442594812536299 ], [ -70.627397294494003, -33.442578654293001 ], [ -70.627382857178901, -33.442575017339998 ], [ -70.627453086487805, -33.442363538092799 ], [ -70.627460965047405, -33.4423398112448 ], [ -70.628410054628105, -33.442559833394597 ], [ -70.628414499166595, -33.442542548271398 ], [ -70.628421147927398, -33.442516691166098 ], [ -70.628576597519697, -33.442549693471499 ], [ -70.628564707189994, -33.442598763986702 ], [ -70.628664755200404, -33.4426219073395 ], [ -70.628657774317603, -33.442688062555497 ], [ -70.628781371709294, -33.442707103355097 ], [ -70.628775695893395, -33.442730219661499 ], [ -70.628971760459194, -33.442757568185399 ], [ -70.628978387243905, -33.4427276666379 ], [ -70.629076156856101, -33.442743084759996 ], [ -70.629139010099905, -33.442755122542501 ], [ -70.629240470305206, -33.442774554778197 ], [ -70.629499960985598, -33.442824252262 ], [ -70.630132944783398, -33.442929236841998 ], [ -70.630273953928295, -33.442952623079201 ], [ -70.630918628978904, -33.443059542115599 ], [ -70.630993370550001, -33.4427409022571 ], [ -70.631112588307005, -33.442204422999801 ], [ -70.630433250859795, -33.442097181520097 ], [ -70.629701137698504, -33.441981604521999 ], [ -70.629630640423898, -33.442295096189703 ], [ -70.629052083955401, -33.442180207760899 ], [ -70.629089423077602, -33.4420460957774 ], [ -70.629093712016001, -33.442026652794503 ], [ -70.628966371557496, -33.442001139439398 ], [ -70.628962726867002, -33.442015227007097 ], [ -70.628929210630105, -33.442144793108902 ], [ -70.628916949141001, -33.442142346118203 ], [ -70.6285013350724, -33.4420593987807 ], [ -70.628504033557306, -33.442041185158601 ], [ -70.628099474242305, -33.441961286431003 ], [ -70.628126175212898, -33.4418277635206 ], [ -70.628128431097295, -33.441816486277403 ], [ -70.627997831483199, -33.441791127444297 ], [ -70.627971894674303, -33.441786091313801 ], [ -70.628117998579498, -33.441198759967001 ], [ -70.628163023034404, -33.441060474639002 ], [ -70.628712063212305, -33.441176499149002 ], [ -70.628744149600806, -33.441036674622403 ], [ -70.628205805519599, -33.4409147001832 ], [ -70.628294935358397, -33.4405547249726 ], [ -70.628068297660903, -33.440501309854497 ], [ -70.628067662818097, -33.440503775677001 ], [ -70.628002665453195, -33.440490822157003 ], [ -70.6280688082133, -33.440499330848503 ], [ -70.628213703548198, -33.439936912912302 ], [ -70.628052029040703, -33.439904057631097 ], [ -70.628081274635093, -33.439779976811501 ], [ -70.628029833018402, -33.4397690114833 ], [ -70.627872650667001, -33.439735508980903 ], [ -70.627906939916002, -33.439619295371799 ], [ -70.627881721726496, -33.4396100815162 ], [ -70.627934346247997, -33.439417189858197 ], [ -70.627822437108605, -33.439395295486499 ], [ -70.627879299829601, -33.4391147597686 ], [ -70.627755935178598, -33.439092518827202 ], [ -70.627834492755198, -33.438792039298598 ], [ -70.628013701294705, -33.438826772249499 ], [ -70.628090361072694, -33.438468696859402 ], [ -70.628276429828901, -33.438495841543499 ], [ -70.628315045342703, -33.438323717062097 ], [ -70.628387060144604, -33.438002728928801 ], [ -70.628432749133694, -33.437799076415402 ], [ -70.6282866820343, -33.4377734772171 ], [ -70.628241386348293, -33.437765538947403 ], [ -70.628287495283303, -33.437521307624699 ], [ -70.628340492679499, -33.437530751794199 ], [ -70.628404803401907, -33.4372477777424 ], [ -70.628336290901103, -33.437233893834602 ], [ -70.628404966157404, -33.436936627967 ], [ -70.628436922053893, -33.436940980755402 ], [ -70.628486134645001, -33.436711269533603 ], [ -70.628536621479995, -33.436708361768403 ], [ -70.628552129734004, -33.436559247872303 ], [ -70.628553608688605, -33.436545026424703 ], [ -70.628589243946294, -33.436545278024496 ], [ -70.628594973282105, -33.436481349584398 ], [ -70.628686244545506, -33.436486420231397 ], [ -70.628893042092798, -33.436497907457401 ], [ -70.628872235140193, -33.436583847453498 ], [ -70.628991830257405, -33.436496146062503 ], [ -70.629101127227202, -33.436415996518001 ], [ -70.629268982085094, -33.436293922404801 ], [ -70.629352909020099, -33.436248144688001 ], [ -70.629436836516504, -33.436209996390701 ], [ -70.629536022884395, -33.436171847705403 ], [ -70.629650469863705, -33.436141328957198 ], [ -70.629734397060304, -33.436114624689097 ], [ -70.629841214720102, -33.436099364908003 ], [ -70.629970924626505, -33.436103178110997 ], [ -70.629663603966804, -33.435972518615003 ], [ -70.629674556388906, -33.435949468177498 ], [ -70.629386610260894, -33.435831084253302 ], [ -70.629346219110303, -33.435801788806103 ], [ -70.629315460192004, -33.435827843756798 ], [ -70.629105269587598, -33.4357485120115 ], [ -70.629099609902298, -33.435758022223098 ], [ -70.628970389520802, -33.4357136698085 ], [ -70.628842884419498, -33.435667622730001 ], [ -70.628754122561205, -33.4356504743741 ], [ -70.628724350317597, -33.435644722192698 ], [ -70.6286732688624, -33.435642311625003 ], [ -70.628407565159193, -33.435621190517402 ], [ -70.628329167386994, -33.435606705923298 ], [ -70.628340812468096, -33.435553927582603 ], [ -70.628372881534602, -33.435375465266901 ], [ -70.628377769665093, -33.435350216555598 ], [ -70.628049474217804, -33.435303126886403 ], [ -70.627834834684407, -33.435199700332603 ], [ -70.627778907728896, -33.435285175064898 ], [ -70.627745741998396, -33.435335863166102 ], [ -70.627710777775803, -33.4354751932431 ], [ -70.62781031307, -33.435501804508498 ], [ -70.627852674460001, -33.435575694468099 ], [ -70.6283173094359, -33.4356781450266 ], [ -70.628307623588896, -33.435729340173999 ] ], [ [ -70.627552928291493, -33.441086212381201 ], [ -70.627694507473805, -33.441106333124402 ], [ -70.627525755037396, -33.441659679188398 ], [ -70.627528131848393, -33.441689429109502 ], [ -70.627527556693195, -33.441691636222401 ], [ -70.627385524901896, -33.441671578963799 ], [ -70.627485435385495, -33.441306548726097 ], [ -70.626626510786906, -33.441078936865203 ], [ -70.626865632758694, -33.440265129992603 ], [ -70.626781350868498, -33.440246934019498 ], [ -70.626868856521597, -33.439932946397299 ], [ -70.627560504836097, -33.440060873074998 ], [ -70.627995458359607, -33.4401590479359 ], [ -70.627919365711193, -33.440474264418597 ], [ -70.627750651223593, -33.440440730133901 ], [ -70.627552928291493, -33.441086212381201 ] ] ] ] } },
{ "type": "Feature", "properties": { "id": "ipt_13_prc_providencia_mono.244", "Name": null, "description": null, "timestamp": null, "begin": null, "end": null, "altitudeMode": null, "tessellate": -1, "extrude": 0, "visibility": -1, "drawOrder": null, "icon": null, "REG": "Metropolitana", "COM": "Providencia", "LOC": "Providencia", "ZONA": "Espacio Público", "NOM": "Espacio Público", "UPERM": "Espacio Público", "UPROH": "Espacio Público", "P_DO": "23/01/2007", "N_DOC": "101", "T_DO": "Decreto", "OBS": null }, "geometry": { "type": "MultiPolygon", "coordinates": [ [ [ [ -70.627485435385495, -33.441306548726097 ], [ -70.627385524901896, -33.441671578963799 ], [ -70.627527556693195, -33.441691636222401 ], [ -70.627528131848393, -33.441689429109502 ], [ -70.627525755037396, -33.441659679188398 ], [ -70.627694507473805, -33.441106333124402 ], [ -70.627552928291493, -33.441086212381201 ], [ -70.627485435385495, -33.441306548726097 ] ] ] ] } },
{ "type": "Feature", "properties": { "id": "ipt_13_prc_providencia_mono.245", "Name": null, "description": null, "timestamp": null, "begin": null, "end": null, "altitudeMode": null, "tessellate": -1, "extrude": 0, "visibility": -1, "drawOrder": null, "icon": null, "REG": "Metropolitana", "COM": "Providencia", "LOC": "Providencia", "ZONA": "Espacio Público", "NOM": "Espacio Público", "UPERM": "Espacio Público", "UPROH": "Espacio Público", "P_DO": "23/01/2007", "N_DOC": "101", "T_DO": "Decreto", "OBS": null }, "geometry": { "type": "MultiPolygon", "coordinates": [ [ [ [ -70.630475744038804, -33.447333335849997 ], [ -70.630738244817707, -33.447374742749801 ], [ -70.631705030251197, -33.447549085955103 ], [ -70.631705394896301, -33.447547934931997 ], [ -70.631948744248206, -33.447579835340903 ], [ -70.6319444282814, -33.447595056396899 ], [ -70.631808950410701, -33.448088865468598 ], [ -70.631730516343794, -33.448374440873998 ], [ -70.631623560254496, -33.448719510064599 ], [ -70.631459560980204, -33.449320402921003 ], [ -70.6313240835198, -33.449689265866901 ], [ -70.631274757418197, -33.449767709351001 ], [ -70.631478786647506, -33.449805971827601 ], [ -70.631545415922702, -33.449819784789298 ], [ -70.631597343694693, -33.449646312916698 ], [ -70.631716372084497, -33.449248675141597 ], [ -70.631829630675, -33.4488703131154 ], [ -70.631898361698703, -33.448640701175798 ], [ -70.632119981112396, -33.447858758401097 ], [ -70.632245658078702, -33.4474153261109 ], [ -70.632312139610505, -33.447199889624102 ], [ -70.632071733858297, -33.4471461323282 ], [ -70.631878407596105, -33.447102902336503 ], [ -70.631171705344002, -33.446944874164302 ], [ -70.630967247342198, -33.446919600312903 ], [ -70.630610583278198, -33.446835055286201 ], [ -70.630475744038804, -33.447333335849997 ] ] ] ] } },
{ "type": "Feature", "properties": { "id": "ipt_13_prc_providencia_mono.246", "Name": null, "description": null, "timestamp": null, "begin": null, "end": null, "altitudeMode": null, "tessellate": -1, "extrude": 0, "visibility": -1, "drawOrder": null, "icon": null, "REG": "Metropolitana", "COM": "Providencia", "LOC": "Providencia", "ZONA": "Espacio Público", "NOM": "Espacio Público", "UPERM": "Espacio Público", "UPROH": "Espacio Público", "P_DO": "23/01/2007", "N_DOC": "101", "T_DO": "Decreto", "OBS": null }, "geometry": { "type": "MultiPolygon", "coordinates": [ [ [ [ -70.626067448735597, -33.446165640465999 ], [ -70.626022467907802, -33.446155027921201 ], [ -70.626031018511696, -33.446195459313302 ], [ -70.6259715983484, -33.446364031229002 ], [ -70.625963140082703, -33.446367167802201 ], [ -70.625603195374396, -33.446289661175904 ], [ -70.625594281642904, -33.4462723078191 ], [ -70.625858700199998, -33.446220248845897 ], [ -70.625983482742498, -33.446158273593497 ], [ -70.626017639088502, -33.446153889117603 ], [ -70.625952993966905, -33.446138637529501 ], [ -70.625731064449596, -33.446094505918403 ], [ -70.625321066566002, -33.4460052609748 ], [ -70.624846895893597, -33.445918991290199 ], [ -70.624782379174107, -33.445890300139801 ], [ -70.624405285503599, -33.445803153220602 ], [ -70.624272166420099, -33.445806509872099 ], [ -70.6233024329741, -33.445592322716202 ], [ -70.623202607376797, -33.445580423394603 ], [ -70.623126549727701, -33.445552658047603 ], [ -70.622933812031803, -33.445501515230497 ], [ -70.622542645477694, -33.445423200764203 ], [ -70.621367720092195, -33.445179811157601 ], [ -70.620528713960397, -33.445010094850602 ], [ -70.620461773135901, -33.4452143659922 ], [ -70.620597637821803, -33.445243274811403 ], [ -70.621491874255597, -33.4454372083568 ], [ -70.621758832428597, -33.445493145235503 ], [ -70.621805216500505, -33.4455027291338 ], [ -70.621976179739207, -33.445536792058199 ], [ -70.623102782246093, -33.4457668454097 ], [ -70.624337712679804, -33.446037861401102 ], [ -70.625133720496294, -33.446204763154697 ], [ -70.6260035190096, -33.446410756593899 ], [ -70.626704956243501, -33.446557832570797 ], [ -70.627614081697502, -33.4467511941751 ], [ -70.628861899887497, -33.446899933717802 ], [ -70.630292740693704, -33.4471323315991 ], [ -70.630347664145503, -33.446938085929901 ], [ -70.630015954130101, -33.446914493864497 ], [ -70.628841816234001, -33.446747904870101 ], [ -70.628699208700496, -33.446736005768699 ], [ -70.628418746137001, -33.4466804769242 ], [ -70.627520316541606, -33.4465614845302 ], [ -70.627244608876396, -33.446509921755897 ], [ -70.626897595944797, -33.446398861659603 ], [ -70.626835798994307, -33.446394895626902 ], [ -70.626788262994495, -33.446375063225297 ], [ -70.626598120159898, -33.446323499837597 ], [ -70.626164277165103, -33.446183128435599 ], [ -70.626067448735597, -33.446165640465999 ] ] ] ] } },
{ "type": "Feature", "properties": { "id": "ipt_13_prc_providencia_mono.247", "Name": null, "description": null, "timestamp": null, "begin": null, "end": null, "altitudeMode": null, "tessellate": -1, "extrude": 0, "visibility": -1, "drawOrder": null, "icon": null, "REG": "Metropolitana", "COM": "Providencia", "LOC": "Providencia", "ZONA": "Espacio Público", "NOM": "Espacio Público", "UPERM": "Espacio Público", "UPROH": "Espacio Público", "P_DO": "23/01/2007", "N_DOC": "101", "T_DO": "Decreto", "OBS": null }, "geometry": { "type": "MultiPolygon", "coordinates": [ [ [ [ -70.630509900666894, -33.446367757886598 ], [ -70.630537354104703, -33.446271249258601 ], [ -70.629239428054206, -33.4460770474425 ], [ -70.629222819289097, -33.446074565638398 ], [ -70.629189100325505, -33.4460695373688 ], [ -70.629164101327106, -33.446174901895297 ], [ -70.629678262002301, -33.446256618835299 ], [ -70.629842261627502, -33.446277443254097 ], [ -70.630319997639802, -33.446348837879398 ], [ -70.630509900666894, -33.446367757886598 ] ] ] ] } },
{ "type": "Feature", "properties": { "id": "ipt_13_prc_providencia_mono.248", "Name": null, "description": null, "timestamp": null, "begin": null, "end": null, "altitudeMode": null, "tessellate": -1, "extrude": 0, "visibility": -1, "drawOrder": null, "icon": null, "REG": "Metropolitana", "COM": "Providencia", "LOC": "Providencia", "ZONA": "PqI", "NOM": "Pql Parques Intercomunal", "UPERM": "Según art. 2.3.02 de la Ordenanza Local", "UPROH": "Según art. 2.3.02 de la Ordenanza Local", "P_DO": "23/01/2007", "N_DOC": "101", "T_DO": "Decreto", "OBS": null }, "geometry": { "type": "MultiPolygon", "coordinates": [ [ [ [ -70.633529090252196, -33.437688327013703 ], [ -70.633497403342702, -33.437632813038697 ], [ -70.633326274260497, -33.437549510059803 ], [ -70.6331551451091, -33.437490007916701 ], [ -70.633005406055503, -33.437472157070097 ], [ -70.632897216599901, -33.437461045627302 ], [ -70.632644094619195, -33.437953187576703 ], [ -70.632636904367999, -33.437967167722597 ], [ -70.632301632272998, -33.438619022476097 ], [ -70.632289147733502, -33.438643295439597 ], [ -70.632206472901998, -33.438804034675698 ], [ -70.631725804119398, -33.439708141593599 ], [ -70.631649507802805, -33.4399217699685 ], [ -70.631611359815807, -33.440093435575101 ], [ -70.6315127181131, -33.440503583328798 ], [ -70.631510344935407, -33.4405134544159 ], [ -70.631466399975594, -33.440696173320099 ], [ -70.631427823181198, -33.440846864352402 ], [ -70.631344327112004, -33.441173021913201 ], [ -70.631336697563796, -33.441195910622199 ], [ -70.631290819094502, -33.441402370297901 ], [ -70.631280579366802, -33.441448446906598 ], [ -70.631224461967307, -33.441700984053 ], [ -70.631222052076893, -33.441711827788801 ], [ -70.631118688943502, -33.442176969521903 ], [ -70.631112588307005, -33.442204422999801 ], [ -70.630993370550001, -33.4427409022571 ], [ -70.630918628978904, -33.443059542115599 ], [ -70.630816888007303, -33.443493283985603 ], [ -70.630816077078094, -33.443496741442701 ], [ -70.630703448201501, -33.443976894759601 ], [ -70.630752531861106, -33.444108413046401 ], [ -70.630789095518296, -33.444165517464398 ], [ -70.630844735059995, -33.444230315145703 ], [ -70.630919113920697, -33.444284937147003 ], [ -70.631067760973295, -33.444348028675698 ], [ -70.630987687275294, -33.444639146320199 ], [ -70.6309477341524, -33.444789187912498 ], [ -70.630945878725399, -33.444796153696998 ], [ -70.630907780885707, -33.444939228590997 ], [ -70.630881143882903, -33.445040118471297 ], [ -70.630842944555994, -33.445166574878797 ], [ -70.630706488398204, -33.445652307333503 ], [ -70.630704441994595, -33.445659589462501 ], [ -70.630641372711906, -33.445884092377398 ], [ -70.630537798198404, -33.446269686861598 ], [ -70.630537354104703, -33.446271249258601 ], [ -70.630509900666894, -33.446367757886598 ], [ -70.630441946713702, -33.446606644171901 ], [ -70.630438778343503, -33.446617782841699 ], [ -70.630390905336398, -33.446786075897798 ], [ -70.630382220763593, -33.446816605180402 ], [ -70.630347664145503, -33.446938085929901 ], [ -70.630292740693704, -33.4471323315991 ], [ -70.630267913003294, -33.447223106985703 ], [ -70.630264320434506, -33.447236241564703 ], [ -70.630218161800997, -33.447405006207198 ], [ -70.630216366534597, -33.447411570777 ], [ -70.629804919531196, -33.448915859213699 ], [ -70.6296492907464, -33.449456181259599 ], [ -70.629881378494105, -33.449506394704301 ], [ -70.629983952769607, -33.449128936757702 ], [ -70.630044955540995, -33.448915567404597 ], [ -70.630047156692399, -33.448907867510101 ], [ -70.630105958034804, -33.448702198023497 ], [ -70.630281235719806, -33.448017897141398 ], [ -70.630421857046997, -33.4475354787713 ], [ -70.630475744038804, -33.447333335849997 ], [ -70.630610583278198, -33.446835055286201 ], [ -70.630921482339303, -33.445696882883603 ], [ -70.630999704332297, -33.445423218407697 ], [ -70.631077926944201, -33.445149553871403 ], [ -70.631088883320302, -33.445084730573697 ], [ -70.631167612480098, -33.444793677467402 ], [ -70.631168085343106, -33.444791928912899 ], [ -70.631203866553903, -33.444659652259503 ], [ -70.6312772484237, -33.444381115572803 ], [ -70.631373270607497, -33.444370881574102 ], [ -70.631458547634196, -33.444357795734199 ], [ -70.631533082812297, -33.444341862541101 ], [ -70.631621475027302, -33.4443048172947 ], [ -70.631712982282394, -33.444243807277999 ], [ -70.631765244404605, -33.4441803214795 ], [ -70.631809769755094, -33.444091330972498 ], [ -70.631851095801395, -33.443917964187001 ], [ -70.631853104496798, -33.4439095372135 ], [ -70.6318784386104, -33.443803256917597 ], [ -70.631884638269099, -33.4437772504441 ], [ -70.632003609351997, -33.443278146411402 ], [ -70.632122579189797, -33.442779042267297 ], [ -70.632122579062795, -33.442759968591098 ], [ -70.632283403717594, -33.442097902924701 ], [ -70.632287801929806, -33.442079794915102 ], [ -70.632304722789399, -33.442010137631598 ], [ -70.632307613005494, -33.441998239628397 ], [ -70.632351464465003, -33.441817715860701 ], [ -70.632443018480899, -33.441413346915802 ], [ -70.632679535375402, -33.4403719090813 ], [ -70.632731613221395, -33.440154120576402 ], [ -70.632763458185096, -33.440020948370702 ], [ -70.632839753125197, -33.439681432161798 ], [ -70.632935293915907, -33.439236138502203 ], [ -70.632935875606904, -33.439233427157497 ], [ -70.632942968777797, -33.439200370982299 ], [ -70.632966283954502, -33.4390917010263 ], [ -70.632969107399504, -33.439078544931697 ], [ -70.633053378275093, -33.4386857724202 ], [ -70.633228861812597, -33.438269957860797 ], [ -70.633417075150902, -33.437905334523499 ], [ -70.633420596992707, -33.437898512683702 ], [ -70.633429524542194, -33.437881217028597 ], [ -70.633529090252196, -33.437688327013703 ] ] ] ] } },
{ "type": "Feature", "properties": { "id": "ipt_13_prc_providencia_mono.249", "Name": null, "description": null, "timestamp": null, "begin": null, "end": null, "altitudeMode": null, "tessellate": -1, "extrude": 0, "visibility": -1, "drawOrder": null, "icon": null, "REG": "Metropolitana", "COM": "Providencia", "LOC": "Providencia", "ZONA": "PzC", "NOM": "PzC Plazas Comunales", "UPERM": "Según art. 2.3 de la Ordenanza Local", "UPROH": "Según art. 2.3 de la Ordenanza Local", "P_DO": "23/01/2007", "N_DOC": "101", "T_DO": "Decreto", "OBS": null }, "geometry": { "type": "MultiPolygon", "coordinates": [ [ [ [ -70.632987297904194, -33.4366896419615 ], [ -70.633075266375798, -33.4368737100828 ], [ -70.633110336799803, -33.436976014318802 ], [ -70.633123261516403, -33.4370166446433 ], [ -70.633123796563893, -33.437045198530797 ], [ -70.633116882317793, -33.437065691687202 ], [ -70.632956249793693, -33.437353944282897 ], [ -70.632947663310205, -33.437369352394498 ], [ -70.632905010802105, -33.437445891447403 ], [ -70.632897216599901, -33.437461045627302 ], [ -70.633005406055503, -33.437472157070097 ], [ -70.6331551451091, -33.437490007916701 ], [ -70.633326274260497, -33.437549510059803 ], [ -70.633497403342702, -33.437632813038697 ], [ -70.633529090252196, -33.437688327013703 ], [ -70.633546442927198, -33.437654710871499 ], [ -70.633609075197995, -33.437539896264198 ], [ -70.633614282084196, -33.437530352141103 ], [ -70.634963962587094, -33.437784107973101 ], [ -70.635059246215803, -33.437803893843501 ], [ -70.635073766538895, -33.437718355075702 ], [ -70.635079328320003, -33.437697348477499 ], [ -70.635177415716299, -33.437326861489296 ], [ -70.635184306612203, -33.4372721260901 ], [ -70.635205497845604, -33.437103798906101 ], [ -70.635323922311699, -33.4368320842377 ], [ -70.634858595175103, -33.436695649651099 ], [ -70.634580510537901, -33.436636147411697 ], [ -70.634330946578999, -33.436648047895403 ], [ -70.634002948416395, -33.436671848598799 ], [ -70.633475299371696, -33.436677799229699 ], [ -70.632987297904194, -33.4366896419615 ] ] ] ] } },
{ "type": "Feature", "properties": { "id": "ipt_13_prc_providencia_mono.250", "Name": null, "description": null, "timestamp": null, "begin": null, "end": null, "altitudeMode": null, "tessellate": -1, "extrude": 0, "visibility": -1, "drawOrder": null, "icon": null, "REG": "Metropolitana", "COM": "Providencia", "LOC": "Providencia", "ZONA": "PzV", "NOM": "PzV Plaxas Vecinales", "UPERM": "Según art. 2.3 de la Ordenanza Local", "UPROH": "Según art. 2.3 de la Ordenanza Local", "P_DO": "23/01/2007", "N_DOC": "101", "T_DO": "Decreto", "OBS": null }, "geometry": { "type": "MultiPolygon", "coordinates": [ [ [ [ -70.631227680436098, -33.432464073158201 ], [ -70.631348897668701, -33.432508702648597 ], [ -70.631402375849802, -33.432419443835997 ], [ -70.631434462595294, -33.432356963125798 ], [ -70.631427332235702, -33.432282580189799 ], [ -70.631332602249401, -33.432265286687198 ], [ -70.631227680436098, -33.432464073158201 ] ] ] ] } },
{ "type": "Feature", "properties": { "id": "ipt_13_prc_providencia_mono.251", "Name": null, "description": null, "timestamp": null, "begin": null, "end": null, "altitudeMode": null, "tessellate": -1, "extrude": 0, "visibility": -1, "drawOrder": null, "icon": null, "REG": "Metropolitana", "COM": "Providencia", "LOC": "Providencia", "ZONA": "Espacio Público", "NOM": "Espacio Público", "UPERM": "Espacio Público", "UPROH": "Espacio Público", "P_DO": "23/01/2007", "N_DOC": "101", "T_DO": "Decreto", "OBS": null }, "geometry": { "type": "MultiPolygon", "coordinates": [ [ [ [ -70.619591687844903, -33.4447019913543 ], [ -70.619560244686795, -33.444784213495097 ], [ -70.619393868818605, -33.444774296915497 ], [ -70.619019522873401, -33.444722237357198 ], [ -70.618755105008105, -33.444699925772802 ], [ -70.618561990003798, -33.444724716059298 ], [ -70.618406652611895, -33.444764436904897 ], [ -70.618590003034896, -33.444792389861398 ], [ -70.618672002923503, -33.444881635813999 ], [ -70.618778958849603, -33.4449054346479 ], [ -70.619270955755994, -33.444956006996399 ], [ -70.619623621336601, -33.445031975171197 ], [ -70.620051751083906, -33.445129229623802 ], [ -70.620115214441398, -33.444915386106999 ], [ -70.6197107749975, -33.444839156953599 ], [ -70.6196822533024, -33.4448064342007 ], [ -70.619885470076994, -33.444232283576603 ], [ -70.620113642868503, -33.443562932999001 ], [ -70.620541466170295, -33.442397953307598 ], [ -70.620627030545293, -33.442192682000403 ], [ -70.620726023939298, -33.4419292996661 ], [ -70.620726024402998, -33.441884675265001 ], [ -70.620815153986698, -33.441683864572802 ], [ -70.620990442913495, -33.441188035092203 ], [ -70.620987472320493, -33.441140931621398 ], [ -70.621114630642793, -33.440808971649801 ], [ -70.621120572787305, -33.440769305378602 ], [ -70.621133749949195, -33.440727321491899 ], [ -70.620997471983898, -33.4406972759081 ], [ -70.620805399087004, -33.441291787639699 ], [ -70.620633081787602, -33.441757867208899 ], [ -70.6204715780366, -33.442222158456403 ], [ -70.620346796639595, -33.442543452320201 ], [ -70.620264796599002, -33.442793347245001 ], [ -70.619891876838594, -33.443824451528101 ], [ -70.619698644141707, -33.444399546724398 ], [ -70.619674875356594, -33.444481355695601 ], [ -70.619591687844903, -33.4447019913543 ] ] ] ] } },
{ "type": "Feature", "properties": { "id": "ipt_13_prc_providencia_mono.252", "Name": null, "description": null, "timestamp": null, "begin": null, "end": null, "altitudeMode": null, "tessellate": -1, "extrude": 0, "visibility": -1, "drawOrder": null, "icon": null, "REG": "Metropolitana", "COM": "Providencia", "LOC": "Providencia", "ZONA": "Espacio Público", "NOM": "Espacio Público", "UPERM": "Espacio Público", "UPROH": "Espacio Público", "P_DO": "23/01/2007", "N_DOC": "101", "T_DO": "Decreto", "OBS": null }, "geometry": { "type": "MultiPolygon", "coordinates": [ [ [ [ -70.623613584988803, -33.430995351635097 ], [ -70.623676581679305, -33.4310471170824 ], [ -70.624478450390498, -33.430177766041297 ], [ -70.6243014595468, -33.42992707837 ], [ -70.623890862592503, -33.429524775764797 ], [ -70.6238773940117, -33.429514817356001 ], [ -70.622935086713895, -33.430429595499298 ], [ -70.623083752300403, -33.4305595714468 ], [ -70.623120230219897, -33.430591463425003 ], [ -70.623123709302106, -33.430594504855897 ], [ -70.6232433279406, -33.430699084650698 ], [ -70.623250302520603, -33.430705181719503 ], [ -70.623361769301397, -33.430802634512801 ], [ -70.623379058764996, -33.430817750128803 ], [ -70.623389180097803, -33.4308265989661 ], [ -70.623613584988803, -33.430995351635097 ] ] ] ] } },
{ "type": "Feature", "properties": { "id": "ipt_13_prc_providencia_mono.253", "Name": null, "description": null, "timestamp": null, "begin": null, "end": null, "altitudeMode": null, "tessellate": -1, "extrude": 0, "visibility": -1, "drawOrder": null, "icon": null, "REG": "Metropolitana", "COM": "Providencia", "LOC": "Providencia", "ZONA": "PzC", "NOM": "PzC Plazas Comunales", "UPERM": "Según art. 2.3 de la Ordenanza Local", "UPROH": "Según art. 2.3 de la Ordenanza Local", "P_DO": "23/01/2007", "N_DOC": "101", "T_DO": "Decreto", "OBS": null }, "geometry": { "type": "MultiPolygon", "coordinates": [ [ [ [ -70.625326292039105, -33.432407139068602 ], [ -70.625378067970303, -33.432449784367101 ], [ -70.625794484862297, -33.432052623797603 ], [ -70.625959906671099, -33.431957657225603 ], [ -70.625888948614701, -33.4319031214321 ], [ -70.625844647713194, -33.431857400484198 ], [ -70.625806341350099, -33.431817865042198 ], [ -70.6257690064824, -33.431775630294503 ], [ -70.625010425121204, -33.430917478991503 ], [ -70.6249962931184, -33.430901491643802 ], [ -70.624525755764196, -33.430243854803898 ], [ -70.624492681370796, -33.430197922226803 ], [ -70.624478450390498, -33.430177766041297 ], [ -70.623676581679305, -33.4310471170824 ], [ -70.623901195231696, -33.4312316873078 ], [ -70.624045696712002, -33.431350627648399 ], [ -70.624046935417596, -33.431351647629398 ], [ -70.624300289125401, -33.431560183815897 ], [ -70.624302975176406, -33.431562395093003 ], [ -70.624454988642299, -33.431687516884203 ], [ -70.624461755648497, -33.431693086323499 ], [ -70.625173575066597, -33.432278975825803 ], [ -70.625223550100799, -33.432320109878802 ], [ -70.625283460022303, -33.432370857977901 ], [ -70.625326292039105, -33.432407139068602 ] ] ] ] } },
{ "type": "Feature", "properties": { "id": "ipt_13_prc_providencia_mono.254", "Name": null, "description": null, "timestamp": null, "begin": null, "end": null, "altitudeMode": null, "tessellate": -1, "extrude": 0, "visibility": -1, "drawOrder": null, "icon": null, "REG": "Metropolitana", "COM": "Providencia", "LOC": "Providencia", "ZONA": "PzC", "NOM": "PzC Plazas Comunales", "UPERM": "Según art. 2.3 de la Ordenanza Local", "UPROH": "Según art. 2.3 de la Ordenanza Local", "P_DO": "23/01/2007", "N_DOC": "101", "T_DO": "Decreto", "OBS": null }, "geometry": { "type": "MultiPolygon", "coordinates": [ [ [ [ -70.616733107114996, -33.421320961175901 ], [ -70.618427908197205, -33.4219275133214 ], [ -70.618295618975395, -33.421593816008297 ], [ -70.618167646079996, -33.4215118641944 ], [ -70.617921170151007, -33.421318848056302 ], [ -70.617358745971003, -33.420840294741303 ], [ -70.617076445081295, -33.421061554328404 ], [ -70.617052032375398, -33.421079999513204 ], [ -70.616904776354502, -33.421191257864599 ], [ -70.616733107114996, -33.421320961175901 ] ] ] ] } },
{ "type": "Feature", "properties": { "id": "ipt_13_prc_providencia_mono.255", "Name": null, "description": null, "timestamp": null, "begin": null, "end": null, "altitudeMode": null, "tessellate": -1, "extrude": 0, "visibility": -1, "drawOrder": null, "icon": null, "REG": "Metropolitana", "COM": "Providencia", "LOC": "Providencia", "ZONA": "PzV", "NOM": "PzV Plaxas Vecinales", "UPERM": "Según art. 2.3 de la Ordenanza Local", "UPROH": "Según art. 2.3 de la Ordenanza Local", "P_DO": "23/01/2007", "N_DOC": "101", "T_DO": "Decreto", "OBS": null }, "geometry": { "type": "MultiPolygon", "coordinates": [ [ [ [ -70.617694268453803, -33.416841125516498 ], [ -70.617741804283298, -33.416841125049402 ], [ -70.617775080159305, -33.416821286230501 ], [ -70.617791717368803, -33.416791527815498 ], [ -70.617789340717707, -33.416763754348999 ], [ -70.617769627163199, -33.4167489454383 ], [ -70.617741804831994, -33.416753834651999 ], [ -70.617706152802, -33.416777640963502 ], [ -70.617684761693695, -33.416811367219601 ], [ -70.617694268453803, -33.416841125516498 ] ] ] ] } },
{ "type": "Feature", "properties": { "id": "ipt_13_prc_providencia_mono.256", "Name": null, "description": null, "timestamp": null, "begin": null, "end": null, "altitudeMode": null, "tessellate": -1, "extrude": 0, "visibility": -1, "drawOrder": null, "icon": null, "REG": "Metropolitana", "COM": "Providencia", "LOC": "Providencia", "ZONA": "PzV", "NOM": "PzV Plaxas Vecinales", "UPERM": "Según art. 2.3 de la Ordenanza Local", "UPROH": "Según art. 2.3 de la Ordenanza Local", "P_DO": "23/01/2007", "N_DOC": "101", "T_DO": "Decreto", "OBS": null }, "geometry": { "type": "MultiPolygon", "coordinates": [ [ [ [ -70.617920383685501, -33.4204417650529 ], [ -70.618058104997701, -33.420344158338899 ], [ -70.617408217671098, -33.419692075261999 ], [ -70.617357377447206, -33.419749360857601 ], [ -70.617360942947798, -33.4197910214966 ], [ -70.617335986539501, -33.419820778318901 ], [ -70.617863634985696, -33.420335575780499 ], [ -70.617863635659205, -33.420386163262798 ], [ -70.617920383685501, -33.4204417650529 ] ] ] ] } },
{ "type": "Feature", "properties": { "id": "ipt_13_prc_providencia_mono.257", "Name": null, "description": null, "timestamp": null, "begin": null, "end": null, "altitudeMode": null, "tessellate": -1, "extrude": 0, "visibility": -1, "drawOrder": null, "icon": null, "REG": "Metropolitana", "COM": "Providencia", "LOC": "Providencia", "ZONA": "PzC", "NOM": "PzC Plazas Comunales", "UPERM": "Según art. 2.3 de la Ordenanza Local", "UPROH": "Según art. 2.3 de la Ordenanza Local", "P_DO": "23/01/2007", "N_DOC": "101", "T_DO": "Decreto", "OBS": null }, "geometry": { "type": "MultiPolygon", "coordinates": [ [ [ [ -70.635210814040605, -33.430470210859802 ], [ -70.635453458445696, -33.430847601933799 ], [ -70.635456764099303, -33.430846421127498 ], [ -70.635486248890501, -33.430838064577003 ], [ -70.635518789293599, -33.430830850917602 ], [ -70.635553341974799, -33.430825408956302 ], [ -70.635588115856905, -33.430822183470703 ], [ -70.635686492471194, -33.430825500480303 ], [ -70.635663924398898, -33.430981222210903 ], [ -70.6361923373005, -33.4310542160663 ], [ -70.6362196736833, -33.4308921428796 ], [ -70.636234932936205, -33.430792958513202 ], [ -70.636265451192301, -33.430640366647403 ], [ -70.636199116199506, -33.430491912503904 ], [ -70.636199188263404, -33.430485895447298 ], [ -70.636197657775796, -33.430488648186198 ], [ -70.636181205412996, -33.430451828033497 ], [ -70.636105222045899, -33.430281777866199 ], [ -70.636092637621999, -33.430241927920903 ], [ -70.636042130990404, -33.430082001879001 ], [ -70.635210814040605, -33.430470210859802 ] ] ] ] } },
{ "type": "Feature", "properties": { "id": "ipt_13_prc_providencia_mono.258", "Name": null, "description": null, "timestamp": null, "begin": null, "end": null, "altitudeMode": null, "tessellate": -1, "extrude": 0, "visibility": -1, "drawOrder": null, "icon": null, "REG": "Metropolitana", "COM": "Providencia", "LOC": "Providencia", "ZONA": "PzV", "NOM": "PzV Plaxas Vecinales", "UPERM": "Según art. 2.3 de la Ordenanza Local", "UPROH": "Según art. 2.3 de la Ordenanza Local", "P_DO": "23/01/2007", "N_DOC": "101", "T_DO": "Decreto", "OBS": null }, "geometry": { "type": "MultiPolygon", "coordinates": [ [ [ [ -70.604850847745098, -33.417745978789704 ], [ -70.604242010769397, -33.417554623462202 ], [ -70.604228878888307, -33.417585726329797 ], [ -70.604098144754104, -33.417895359441097 ], [ -70.604052366266103, -33.417931600233402 ], [ -70.604850847745098, -33.417745978789704 ] ] ] ] } },
{ "type": "Feature", "properties": { "id": "ipt_13_prc_providencia_mono.259", "Name": null, "description": null, "timestamp": null, "begin": null, "end": null, "altitudeMode": null, "tessellate": -1, "extrude": 0, "visibility": -1, "drawOrder": null, "icon": null, "REG": "Metropolitana", "COM": "Providencia", "LOC": "Providencia", "ZONA": "Pqac", "NOM": "Pqac Parques adyacentes a cruces", "UPERM": "Según art. 2.3.02 de la Ordenanza Local", "UPROH": "Según art. 2.3.02 de la Ordenanza Local", "P_DO": "23/01/2007", "N_DOC": "101", "T_DO": "Decreto", "OBS": null }, "geometry": { "type": "MultiPolygon", "coordinates": [ [ [ [ -70.602892722224894, -33.4174564686911 ], [ -70.602338670585397, -33.417654517167399 ], [ -70.601879421136502, -33.417908865197397 ], [ -70.6026942610997, -33.41770462897 ], [ -70.6035106467166, -33.417483366025102 ], [ -70.603876876586398, -33.417471919970197 ], [ -70.604212339676906, -33.417545298070799 ], [ -70.6042431072715, -33.4175520282216 ], [ -70.604242010769397, -33.417554623462202 ], [ -70.604850847745098, -33.417745978789704 ], [ -70.604960309362994, -33.417780910870803 ], [ -70.6053239698021, -33.417946203281602 ], [ -70.605099246143695, -33.417443723337698 ], [ -70.605077809808606, -33.417395792165003 ], [ -70.605024849469601, -33.417295056058698 ], [ -70.605595025812406, -33.417000738629298 ], [ -70.606992669282207, -33.4162583597506 ], [ -70.606932043492705, -33.4161930730818 ], [ -70.606931984256093, -33.416193009818898 ], [ -70.606905339744799, -33.416164316787203 ], [ -70.6067616562284, -33.416179943906698 ], [ -70.604943712533199, -33.417140725836802 ], [ -70.6048284058907, -33.417192825378898 ], [ -70.604414487309299, -33.417274536407902 ], [ -70.603966257407905, -33.417347144759802 ], [ -70.603363711482601, -33.417383569073401 ], [ -70.602892722224894, -33.4174564686911 ] ] ] ] } },
{ "type": "Feature", "properties": { "id": "ipt_13_prc_providencia_mono.260", "Name": null, "description": null, "timestamp": null, "begin": null, "end": null, "altitudeMode": null, "tessellate": -1, "extrude": 0, "visibility": -1, "drawOrder": null, "icon": null, "REG": "Metropolitana", "COM": "Providencia", "LOC": "Providencia", "ZONA": "UpEC", "NOM": "UpEC Zona de Uso preferente Equipamiento Comercial", "UPERM": "Revisar ordenaza local", "UPROH": "Revisar ordenaza local", "P_DO": "23/01/2007", "N_DOC": "101", "T_DO": "Decreto", "OBS": null }, "geometry": { "type": "MultiPolygon", "coordinates": [ [ [ [ -70.599896971990006, -33.419413973936003 ], [ -70.599978069972494, -33.419451816774597 ], [ -70.600084415911397, -33.419500850286397 ], [ -70.600400705820107, -33.419598205195697 ], [ -70.600962796633894, -33.419771217045302 ], [ -70.601145128563502, -33.419277691971999 ], [ -70.601245722169494, -33.4190005626957 ], [ -70.601269958946602, -33.418906131322402 ], [ -70.600840729416305, -33.418727218681397 ], [ -70.599896971990006, -33.419413973936003 ] ] ] ] } },
{ "type": "Feature", "properties": { "id": "ipt_13_prc_providencia_mono.261", "Name": null, "description": null, "timestamp": null, "begin": null, "end": null, "altitudeMode": null, "tessellate": -1, "extrude": 0, "visibility": -1, "drawOrder": null, "icon": null, "REG": "Metropolitana", "COM": "Providencia", "LOC": "Providencia", "ZONA": "Pqac", "NOM": "Pqac Parques adyacentes a cruces", "UPERM": "Según art. 2.3.02 de la Ordenanza Local", "UPROH": "Según art. 2.3.02 de la Ordenanza Local", "P_DO": "23/01/2007", "N_DOC": "101", "T_DO": "Decreto", "OBS": null }, "geometry": { "type": "MultiPolygon", "coordinates": [ [ [ [ -70.599211871310203, -33.419912506839502 ], [ -70.599896971990006, -33.419413973936003 ], [ -70.599834616924099, -33.419384876981297 ], [ -70.5994731742081, -33.419653611396399 ], [ -70.599264800383096, -33.419808536866398 ], [ -70.599227494418599, -33.419836274161803 ], [ -70.599211871310203, -33.419912506839502 ] ] ] ] } },
{ "type": "Feature", "properties": { "id": "ipt_13_prc_providencia_mono.262", "Name": null, "description": null, "timestamp": null, "begin": null, "end": null, "altitudeMode": null, "tessellate": -1, "extrude": 0, "visibility": -1, "drawOrder": null, "icon": null, "REG": "Metropolitana", "COM": "Providencia", "LOC": "Providencia", "ZONA": "Pqac", "NOM": "Pqac Parques adyacentes a cruces", "UPERM": "Según art. 2.3.02 de la Ordenanza Local", "UPROH": "Según art. 2.3.02 de la Ordenanza Local", "P_DO": "23/01/2007", "N_DOC": "101", "T_DO": "Decreto", "OBS": null }, "geometry": { "type": "MultiPolygon", "coordinates": [ [ [ [ -70.599834616924099, -33.419384876981297 ], [ -70.599896971990006, -33.419413973936003 ], [ -70.600840729416305, -33.418727218681397 ], [ -70.6007628167322, -33.418694742703202 ], [ -70.600322125445402, -33.419022406643599 ], [ -70.599834616924099, -33.419384876981297 ] ] ] ] } },
{ "type": "Feature", "properties": { "id": "ipt_13_prc_providencia_mono.263", "Name": null, "description": null, "timestamp": null, "begin": null, "end": null, "altitudeMode": null, "tessellate": -1, "extrude": 0, "visibility": -1, "drawOrder": null, "icon": null, "REG": "Metropolitana", "COM": "Providencia", "LOC": "Providencia", "ZONA": "UpEC", "NOM": "UpEC Zona de Uso preferente Equipamiento Comercial", "UPERM": "Revisar ordenaza local", "UPROH": "Revisar ordenaza local", "P_DO": "23/01/2007", "N_DOC": "101", "T_DO": "Decreto", "OBS": null }, "geometry": { "type": "MultiPolygon", "coordinates": [ [ [ [ -70.606026233252393, -33.419714395925602 ], [ -70.606045879599506, -33.419752896128102 ], [ -70.606167625303399, -33.419866054721801 ], [ -70.606293244588798, -33.419950109459002 ], [ -70.606477426933907, -33.4200436070645 ], [ -70.606768425833906, -33.420176627845201 ], [ -70.6069755726392, -33.420258369338796 ], [ -70.606738126694907, -33.420632950897797 ], [ -70.606584271711796, -33.420425627888299 ], [ -70.606308069423505, -33.420532185355398 ], [ -70.606300634106404, -33.420591934519301 ], [ -70.606066010553505, -33.420676101430502 ], [ -70.606035650332302, -33.420638884414103 ], [ -70.606014773521593, -33.420613293706197 ], [ -70.606004615087002, -33.420535576939997 ], [ -70.605983251317099, -33.420541766029203 ], [ -70.605661869061905, -33.4206348700368 ], [ -70.605667306792796, -33.420622734868303 ], [ -70.6056754230476, -33.420604619213798 ], [ -70.605726332131994, -33.420490987946202 ], [ -70.605887248118904, -33.420066225423099 ], [ -70.605890150536297, -33.420058563715997 ], [ -70.605930415194294, -33.419952278573298 ], [ -70.6059394571068, -33.419929831118999 ], [ -70.606006715923598, -33.419762851822803 ], [ -70.606026233252393, -33.419714395925602 ], [ -70.605927802123404, -33.4195215060438 ], [ -70.605638070726002, -33.418830466248799 ], [ -70.6053239698021, -33.417946203281602 ], [ -70.604960309362994, -33.417780910870803 ], [ -70.604850847745098, -33.417745978789704 ], [ -70.604052366266103, -33.417931600233402 ], [ -70.604098144754104, -33.417895359441097 ], [ -70.604228878888307, -33.417585726329797 ], [ -70.6042431072715, -33.4175520282216 ], [ -70.603876876586398, -33.417471919970197 ], [ -70.6035106467166, -33.417483366025102 ], [ -70.6026942610997, -33.41770462897 ], [ -70.601879421136502, -33.417908865197397 ], [ -70.601458241825299, -33.418177668844898 ], [ -70.601631929674397, -33.418254927461099 ], [ -70.601694525081996, -33.4182830707812 ], [ -70.601585264925006, -33.418407889188998 ], [ -70.601434799763396, -33.418827845481403 ], [ -70.601613147212404, -33.4189008630104 ], [ -70.601613540546396, -33.418901023869097 ], [ -70.602072466004699, -33.419100302366999 ], [ -70.602112380999003, -33.419104774816397 ], [ -70.602181763404005, -33.418933305936399 ], [ -70.602219338178202, -33.418948080510297 ], [ -70.602583216255994, -33.419050714879397 ], [ -70.602483424556695, -33.419281589502603 ], [ -70.602902256782002, -33.419413830785103 ], [ -70.602889128142394, -33.419442633788698 ], [ -70.603349509814606, -33.4195970303537 ], [ -70.603268428425906, -33.419767969289701 ], [ -70.603902643671802, -33.420016243194802 ], [ -70.603929492291996, -33.419954739715301 ], [ -70.6044785123878, -33.420119208982499 ], [ -70.604797591075496, -33.420214793952702 ], [ -70.604769613691403, -33.420290202301501 ], [ -70.604800279774594, -33.420298081645598 ], [ -70.604725122511496, -33.420470213706402 ], [ -70.604697672217995, -33.420462933039602 ], [ -70.604667321065307, -33.420545408208497 ], [ -70.605039843952397, -33.420656605304004 ], [ -70.605218955588199, -33.420710069333097 ], [ -70.605174920979493, -33.420814580436101 ], [ -70.605167103035598, -33.420833134098302 ], [ -70.605146979589904, -33.4208808924731 ], [ -70.605176776485195, -33.420891960138697 ], [ -70.605159237614401, -33.420928456297901 ], [ -70.605237036660597, -33.420950355976899 ], [ -70.605248170627405, -33.420936849354298 ], [ -70.605457696449704, -33.420997248576199 ], [ -70.605272969300501, -33.4214570592966 ], [ -70.605324389263004, -33.421465890049298 ], [ -70.605386049963002, -33.421467020908402 ], [ -70.605654519471301, -33.421543930513401 ], [ -70.605789602211004, -33.421584623745197 ], [ -70.605798671327307, -33.421587356119801 ], [ -70.606270995774807, -33.421729640242603 ], [ -70.606316999039294, -33.421708526727997 ], [ -70.606396000709097, -33.421869631930299 ], [ -70.606697343056197, -33.421946964761702 ], [ -70.606716181170199, -33.421950190969 ], [ -70.606603370325402, -33.422224260340201 ], [ -70.607204517546805, -33.4223553692295 ], [ -70.607076842294902, -33.422737791513498 ], [ -70.606986719144402, -33.423007732588303 ], [ -70.606953988636604, -33.423103825252497 ], [ -70.606953304031904, -33.4231058352971 ], [ -70.606877669563104, -33.423327887748101 ], [ -70.607374613994395, -33.423440392672497 ], [ -70.607387659400899, -33.423443066173697 ], [ -70.607443197547795, -33.4232605245152 ], [ -70.607696674685798, -33.423296895175703 ], [ -70.607677687896896, -33.423378782692502 ], [ -70.607945022819095, -33.423438704090501 ], [ -70.608078429942196, -33.423613840473799 ], [ -70.608083248603705, -33.423620165691702 ], [ -70.608157544966502, -33.4235937939577 ], [ -70.608181629786699, -33.423585245170401 ], [ -70.608255234391393, -33.423688086519398 ], [ -70.608250574357001, -33.4237024338303 ], [ -70.608165839112004, -33.423963285648398 ], [ -70.608547725444893, -33.424049444408098 ], [ -70.608882076898595, -33.424124877198402 ], [ -70.608950744574798, -33.424140136386598 ], [ -70.608973944641804, -33.424080137494698 ], [ -70.6100845498637, -33.424365536554902 ], [ -70.6100760682139, -33.424382702179201 ], [ -70.609843437690699, -33.424853495994299 ], [ -70.611368138343707, -33.425257992715899 ], [ -70.611380498400493, -33.425261271709303 ], [ -70.611553681952799, -33.425307215310497 ], [ -70.611715432491707, -33.425343818152598 ], [ -70.611682853956296, -33.425428398064497 ], [ -70.611675347400904, -33.4254507673311 ], [ -70.611644073415107, -33.425543960836102 ], [ -70.611620061463398, -33.425610576680398 ], [ -70.611617556988094, -33.425617521790898 ], [ -70.611546895829804, -33.4258135510984 ], [ -70.611532569976106, -33.4258532926358 ], [ -70.611221302518103, -33.426716797362502 ], [ -70.611192041065706, -33.4267810084988 ], [ -70.611635963145801, -33.426899309862698 ], [ -70.611672269919396, -33.426908985447 ], [ -70.612756463540507, -33.427197904447198 ], [ -70.612844337048401, -33.427215912040502 ], [ -70.613324580302802, -33.427354875665202 ], [ -70.6134928022379, -33.427403551335097 ], [ -70.613516901634497, -33.427410525488803 ], [ -70.613804826093798, -33.427493837366697 ], [ -70.6138192460337, -33.427450564586401 ], [ -70.614040174177703, -33.426972196350498 ], [ -70.614052652365899, -33.426945178221899 ], [ -70.6141043642467, -33.426833205292901 ], [ -70.614108394044393, -33.4268244808041 ], [ -70.614261099975295, -33.4264938268565 ], [ -70.615167661816898, -33.427280284360201 ], [ -70.615175775852805, -33.427287323003597 ], [ -70.615413206435704, -33.4274932942728 ], [ -70.615779437637002, -33.427661142878499 ], [ -70.615812143161307, -33.427675981163198 ], [ -70.615840377754196, -33.427688790853701 ], [ -70.615848659082701, -33.427692548204 ], [ -70.615848787687696, -33.427692291309299 ], [ -70.615849219833805, -33.427691583149901 ], [ -70.615968691366305, -33.427516642503903 ], [ -70.615925871704604, -33.427500185597999 ], [ -70.616241068834896, -33.427063768594103 ], [ -70.616241414596601, -33.427063970607598 ], [ -70.616299832772995, -33.4270981408282 ], [ -70.616346659098596, -33.4271255297176 ], [ -70.616573384505301, -33.427250261312103 ], [ -70.616735445639094, -33.427345595272897 ], [ -70.616822602455301, -33.427402217765902 ], [ -70.616857135353598, -33.427424652441303 ], [ -70.616450547554194, -33.427977608603399 ], [ -70.616646742737302, -33.428075701910501 ], [ -70.616679756976197, -33.428092207934597 ], [ -70.616731188670897, -33.4280269300531 ], [ -70.616963903967502, -33.427705613528097 ], [ -70.617003949201901, -33.427661188301101 ], [ -70.617058307032494, -33.427605426155502 ], [ -70.617199714131004, -33.427470641039797 ], [ -70.617348141828003, -33.4275544362565 ], [ -70.617570921582498, -33.427657375933897 ], [ -70.617793702926605, -33.427760315179398 ], [ -70.617610589263506, -33.4278366119079 ], [ -70.617480883770995, -33.427939611246799 ], [ -70.617427475271498, -33.428027351924698 ], [ -70.617320661431805, -33.4283668685324 ], [ -70.617205199268895, -33.428703361256503 ], [ -70.617535437767998, -33.428799821235202 ], [ -70.6175710191592, -33.428812062124699 ], [ -70.617745844457701, -33.428872203677102 ], [ -70.617704204629305, -33.428991492171797 ], [ -70.618131536982403, -33.429132642154698 ], [ -70.618027289817405, -33.429362913820498 ], [ -70.618201485858705, -33.429423149487697 ], [ -70.6183343482857, -33.429469231685999 ], [ -70.618364690344507, -33.429479755087897 ], [ -70.618422316991797, -33.429376658474901 ], [ -70.6184307926722, -33.429361496262402 ], [ -70.618818648234694, -33.429520926054003 ], [ -70.618846104057397, -33.429470309379496 ], [ -70.618871659357097, -33.429422473511899 ], [ -70.619248300902896, -33.429711892417899 ], [ -70.619238466663703, -33.429721887787302 ], [ -70.619340400335005, -33.429770290052303 ], [ -70.619453481003504, -33.429820823780801 ], [ -70.619591883091502, -33.429882672949802 ], [ -70.619576709310707, -33.429905668562299 ], [ -70.619434399728405, -33.430121338175198 ], [ -70.620018760003305, -33.430389488276198 ], [ -70.620216865419593, -33.430170458350197 ], [ -70.620566407958705, -33.4297699411362 ], [ -70.620599816868094, -33.429766698012699 ], [ -70.620752807239498, -33.429757144718899 ], [ -70.620937529409503, -33.429758507070602 ], [ -70.621077289489506, -33.4297642347194 ], [ -70.621158272948094, -33.429773339649401 ], [ -70.621348147694604, -33.429794688071901 ], [ -70.621328936110601, -33.429730726093403 ], [ -70.621319159064697, -33.429689304705597 ], [ -70.621322822861998, -33.429643929803198 ], [ -70.621344565899506, -33.429602095387899 ], [ -70.621397557742497, -33.429544743980102 ], [ -70.621504243593606, -33.429467804265201 ], [ -70.6217002250078, -33.429589889948602 ], [ -70.622209039854795, -33.429905367310802 ], [ -70.622102660213301, -33.430012919922603 ], [ -70.622019392154002, -33.430130367150497 ], [ -70.621897964440393, -33.430265761194804 ], [ -70.621873969463095, -33.430292515858497 ], [ -70.621873078024294, -33.430293509613399 ], [ -70.621818064022406, -33.430354851221203 ], [ -70.622170330196994, -33.430634064412303 ], [ -70.622077669478003, -33.430733979383902 ], [ -70.622329640313794, -33.430935598222497 ], [ -70.622489167275404, -33.430766870454597 ], [ -70.622500079224494, -33.430755328518899 ], [ -70.622718133309505, -33.430911320247397 ], [ -70.622769231163701, -33.430947874662898 ], [ -70.622599557307595, -33.431113241863898 ], [ -70.6227236312061, -33.431213378242703 ], [ -70.622736271969103, -33.4312235802782 ], [ -70.622857543065706, -33.431321454425699 ], [ -70.623054373569403, -33.431143066996597 ], [ -70.6230663276055, -33.431131056848798 ], [ -70.623218970003407, -33.4312531796973 ], [ -70.623262192732497, -33.431287760973198 ], [ -70.623293996180706, -33.431255459466698 ], [ -70.623318004976397, -33.431231074367801 ], [ -70.623517469108407, -33.431395256745098 ], [ -70.623374695886497, -33.431552700092503 ], [ -70.623654639895506, -33.431743663602603 ], [ -70.623506729938399, -33.431894379058797 ], [ -70.623511573741396, -33.431898503745302 ], [ -70.623639746711504, -33.4320076479951 ], [ -70.6238102343478, -33.431840774403497 ], [ -70.623999266185805, -33.431937616622001 ], [ -70.623995205025906, -33.431942075258299 ], [ -70.6239585217821, -33.431982349913902 ], [ -70.623914625248602, -33.432037384612698 ], [ -70.624462995773399, -33.432468120324799 ], [ -70.624515411826494, -33.432509293029597 ], [ -70.624577403170605, -33.432459239048903 ], [ -70.624833359889294, -33.432653165433301 ], [ -70.624794483295901, -33.432682920350203 ], [ -70.624593530179993, -33.432836079868899 ], [ -70.6248843881299, -33.433062558569198 ], [ -70.624950166541495, -33.433009835857803 ], [ -70.625107637264506, -33.433137058658801 ], [ -70.625026617457394, -33.433210831539199 ], [ -70.6251855476619, -33.4333399839593 ], [ -70.6254249623004, -33.433151995618402 ], [ -70.625626196029302, -33.433322485675703 ], [ -70.625616879191199, -33.433330157051202 ], [ -70.625568962673697, -33.433371648113599 ], [ -70.625484581291403, -33.433471003412798 ], [ -70.625337769238698, -33.433749394187799 ], [ -70.625288044698706, -33.433829673155103 ], [ -70.625744908600694, -33.434015543004698 ], [ -70.625897002955298, -33.434068365627802 ], [ -70.626339609087495, -33.434160624365902 ], [ -70.626255326855599, -33.4344293012362 ], [ -70.626226776522103, -33.434520316007301 ], [ -70.626594189778402, -33.434613943229699 ], [ -70.626634531175995, -33.434488144296203 ], [ -70.626907343873199, -33.434695734121597 ], [ -70.627248192444, -33.434395708016901 ], [ -70.627371761012995, -33.434286937070098 ], [ -70.627366930333906, -33.434283186628797 ], [ -70.6273225003318, -33.4342486921391 ], [ -70.627151320339095, -33.434105237947101 ], [ -70.627021618986504, -33.433995519633299 ], [ -70.626798111885506, -33.433784182634902 ], [ -70.626521007192807, -33.433546774735902 ], [ -70.626190261340099, -33.433213813657503 ], [ -70.626019168938697, -33.433047974117102 ], [ -70.626009641111295, -33.433038738052801 ], [ -70.626002455269301, -33.433031772749402 ], [ -70.625938140969396, -33.432969433818897 ], [ -70.625812529317102, -33.432847677005498 ], [ -70.625799857771796, -33.432835395175502 ], [ -70.625686023095497, -33.432725053401398 ], [ -70.625465884444907, -33.4325221153359 ], [ -70.625326292039105, -33.432407139068602 ], [ -70.625283460022303, -33.432370857977901 ], [ -70.625223550100799, -33.432320109878802 ], [ -70.624461755648497, -33.431693086323499 ], [ -70.624454988642299, -33.431687516884203 ], [ -70.624302975176406, -33.431562395093003 ], [ -70.624300289125401, -33.431560183815897 ], [ -70.624046935417596, -33.431351647629398 ], [ -70.624045696712002, -33.431350627648399 ], [ -70.623901195231696, -33.4312316873078 ], [ -70.623613584988803, -33.430995351635097 ], [ -70.623389180097803, -33.4308265989661 ], [ -70.623379058764996, -33.430817750128803 ], [ -70.623361769301397, -33.430802634512801 ], [ -70.623250302520603, -33.430705181719503 ], [ -70.6232433279406, -33.430699084650698 ], [ -70.623123709302106, -33.430594504855897 ], [ -70.623120230219897, -33.430591463425003 ], [ -70.623083752300403, -33.4305595714468 ], [ -70.622935086713895, -33.430429595499298 ], [ -70.6238773940117, -33.429514817356001 ], [ -70.623398958369506, -33.429161077645098 ], [ -70.623396505698594, -33.429159264606 ], [ -70.623119306790798, -33.428954310307198 ], [ -70.623053827693397, -33.429017004195003 ], [ -70.622932532081094, -33.429132807893701 ], [ -70.6228673643745, -33.429195025952197 ], [ -70.622804373551702, -33.429256207240599 ], [ -70.622768146899205, -33.429278629217102 ], [ -70.6227330837377, -33.429293353249001 ], [ -70.622700475556996, -33.4292992676125 ], [ -70.622680845075706, -33.4292995244951 ], [ -70.622649406857704, -33.429297740826598 ], [ -70.622609969638205, -33.429288380012302 ], [ -70.622569219515498, -33.429279037266497 ], [ -70.6225349587978, -33.429266317006103 ], [ -70.622512444537605, -33.429252344608898 ], [ -70.6224792850835, -33.429228637330297 ], [ -70.622310475256995, -33.429089281731301 ], [ -70.622180804552201, -33.428976022452701 ], [ -70.622165300227607, -33.428962479546399 ], [ -70.622051135243495, -33.428862762110597 ], [ -70.621784090497599, -33.428618617165696 ], [ -70.621631493829796, -33.4284469532288 ], [ -70.621478896206497, -33.428214252171898 ], [ -70.621265258781506, -33.427870922128797 ], [ -70.620715905576802, -33.4269954325583 ], [ -70.620648171263497, -33.426881791330999 ], [ -70.6198439256477, -33.427685219793197 ], [ -70.619785677406796, -33.427743422903397 ], [ -70.619329599714206, -33.427422079868698 ], [ -70.619246116718401, -33.427496992248102 ], [ -70.619005368760796, -33.427319567010599 ], [ -70.619014054237297, -33.427311316374301 ], [ -70.6190755035054, -33.427252940157999 ], [ -70.618867332443997, -33.427098589259302 ], [ -70.6188033181962, -33.427153963287303 ], [ -70.618613288696594, -33.427016354840497 ], [ -70.618557100450303, -33.426964983910601 ], [ -70.618540637644003, -33.426949932550301 ], [ -70.618376575793107, -33.426823358712397 ], [ -70.618406177828803, -33.426796034623301 ], [ -70.618234863505407, -33.426654180782101 ], [ -70.618182046144199, -33.426610445696397 ], [ -70.618108328506494, -33.426694914681597 ], [ -70.617067291157795, -33.425882604915998 ], [ -70.6171136391511, -33.425843923314702 ], [ -70.616682250224599, -33.4254749587014 ], [ -70.616841166595805, -33.425338468533603 ], [ -70.616799130920299, -33.425301193676297 ], [ -70.616487593069493, -33.425024174117702 ], [ -70.616335793438395, -33.424887808709499 ], [ -70.615946745165502, -33.424526157083697 ], [ -70.615585076105702, -33.424832011551203 ], [ -70.615133489645899, -33.424433636780101 ], [ -70.614489009982705, -33.423997504736697 ], [ -70.614463657534898, -33.424020101982698 ], [ -70.614411292490701, -33.424066772730299 ], [ -70.613884780181095, -33.423653530549998 ], [ -70.6138284337203, -33.423704392288997 ], [ -70.613483583751801, -33.4234440954028 ], [ -70.613454708186595, -33.4234222994804 ], [ -70.613296270607805, -33.423580303233102 ], [ -70.612824531667499, -33.423208096969397 ], [ -70.612801311506203, -33.423230801425902 ], [ -70.612789292567001, -33.423242231567301 ], [ -70.612515409576204, -33.423040154890103 ], [ -70.612515430730497, -33.423040135676501 ], [ -70.612514199245595, -33.423039259774299 ], [ -70.612513504523307, -33.4230398432763 ], [ -70.612313441533004, -33.422895895379597 ], [ -70.612264023770393, -33.422860194802197 ], [ -70.612274295138306, -33.422850047293601 ], [ -70.612010730798303, -33.422676028464302 ], [ -70.611744208528805, -33.4224967528204 ], [ -70.611870957486204, -33.422360807825001 ], [ -70.611129227998305, -33.421909859885503 ], [ -70.611396075488202, -33.421588030670002 ], [ -70.611411451730504, -33.421569486650696 ], [ -70.611130172248394, -33.421406674941601 ], [ -70.611109264226201, -33.4214317605567 ], [ -70.611086745375005, -33.421458778985198 ], [ -70.611072116366103, -33.421450128334797 ], [ -70.610864072297701, -33.421327095099002 ], [ -70.610897257997394, -33.421275124156402 ], [ -70.610507259519395, -33.421063851615401 ], [ -70.610545349520507, -33.4210196323818 ], [ -70.610583233141298, -33.4209756539016 ], [ -70.609858646938505, -33.420583918912499 ], [ -70.609686635694104, -33.420490923182101 ], [ -70.609517008745101, -33.420726156340997 ], [ -70.6093568908029, -33.420948201888102 ], [ -70.609142999366298, -33.420825899009799 ], [ -70.609068068418694, -33.4207830528184 ], [ -70.609061531126898, -33.420761272627502 ], [ -70.609049877391101, -33.4207224428771 ], [ -70.608993721794207, -33.420686186251103 ], [ -70.609017263571801, -33.420651282796399 ], [ -70.608935453277695, -33.4204664965525 ], [ -70.608462404217903, -33.4202261680799 ], [ -70.608202991093506, -33.420111725395998 ], [ -70.607935946491907, -33.419951506501903 ], [ -70.607814325407901, -33.419856787013103 ], [ -70.607802083212206, -33.419847251884804 ], [ -70.607539194489505, -33.419642511390698 ], [ -70.607180592265095, -33.419367848591101 ], [ -70.607027995540193, -33.419215258447402 ], [ -70.606913548582995, -33.419047406245902 ], [ -70.606794665029994, -33.4190858541739 ], [ -70.606406057415001, -33.419268756540802 ], [ -70.606367485886196, -33.419293447897999 ], [ -70.606308868132203, -33.419335472447202 ], [ -70.606192647008399, -33.419442727008303 ], [ -70.606138802773899, -33.419498641969298 ], [ -70.606104035120694, -33.419547406305497 ], [ -70.606058971899301, -33.419633116020201 ], [ -70.606026233252393, -33.419714395925602 ] ], [ [ -70.610871509592798, -33.423688761501303 ], [ -70.611197753185607, -33.423961092680898 ], [ -70.611201129597404, -33.423963911238097 ], [ -70.611264853209207, -33.424017103226099 ], [ -70.611265230078004, -33.424017418481 ], [ -70.611277064451599, -33.424027296731701 ], [ -70.611476205561004, -33.424193527250303 ], [ -70.610667905378094, -33.423974068206498 ], [ -70.610871509592798, -33.423688761501303 ] ], [ [ -70.6119950356088, -33.4246436681739 ], [ -70.612620681729396, -33.424994625596703 ], [ -70.612765648036998, -33.4250556613908 ], [ -70.612822330524395, -33.425077078688503 ], [ -70.612826452698997, -33.425078636655897 ], [ -70.612649955479498, -33.425422315111 ], [ -70.611779637463798, -33.425180471278303 ], [ -70.6119950356088, -33.4246436681739 ], [ -70.611541174478006, -33.424249895401999 ], [ -70.611573981837196, -33.424130807440498 ], [ -70.612126042585999, -33.424271122628902 ], [ -70.6120605397589, -33.424457394959397 ], [ -70.6119950356088, -33.4246436681739 ] ], [ [ -70.613072600463497, -33.425473264070902 ], [ -70.613174945514103, -33.425346995335303 ], [ -70.613595496449094, -33.425489133480298 ], [ -70.613509931639101, -33.425584350508998 ], [ -70.613072600463497, -33.425473264070902 ] ], [ [ -70.617885864987699, -33.428627588089903 ], [ -70.617992888154305, -33.428709250542497 ], [ -70.618149756705904, -33.428832234680797 ], [ -70.618130742358005, -33.428860004942798 ], [ -70.6178455267153, -33.4287449558799 ], [ -70.6178692948248, -33.4286537094371 ], [ -70.617885864987699, -33.428627588089903 ] ], [ [ -70.619071162179594, -33.429078201324202 ], [ -70.619405673049002, -33.428636805980403 ], [ -70.619413421133302, -33.4286378411052 ], [ -70.619703390106693, -33.428744955953597 ], [ -70.619498985284196, -33.428923480356602 ], [ -70.619513246553097, -33.428935381367801 ], [ -70.619275566894302, -33.4292170533327 ], [ -70.619071162179594, -33.429078201324202 ] ] ] ] } },
{ "type": "Feature", "properties": { "id": "ipt_13_prc_providencia_mono.264", "Name": null, "description": null, "timestamp": null, "begin": null, "end": null, "altitudeMode": null, "tessellate": -1, "extrude": 0, "visibility": -1, "drawOrder": null, "icon": null, "REG": "Metropolitana", "COM": "Providencia", "LOC": "Providencia", "ZONA": "Espacio Público", "NOM": "Espacio Público", "UPERM": "Espacio Público", "UPROH": "Espacio Público", "P_DO": "23/01/2007", "N_DOC": "101", "T_DO": "Decreto", "OBS": null }, "geometry": { "type": "MultiPolygon", "coordinates": [ [ [ [ -70.582325334204796, -33.433900077935299 ], [ -70.582383898201996, -33.433990075386397 ], [ -70.582461779615699, -33.434079139074001 ], [ -70.582625320028995, -33.434010900164999 ], [ -70.582946187286197, -33.4338026335206 ], [ -70.583117317068698, -33.433695525246002 ], [ -70.583516618771498, -33.4333920496762 ], [ -70.583595052740193, -33.433326594507498 ], [ -70.583737661037702, -33.433219485305003 ], [ -70.584044268359193, -33.432939810079397 ], [ -70.584243919408607, -33.432683936608697 ], [ -70.584607569057098, -33.432261446575403 ], [ -70.584657481187705, -33.432148385546498 ], [ -70.584463265536897, -33.432059627484101 ], [ -70.584381370147199, -33.432202146225201 ], [ -70.584084270617495, -33.432598850517302 ], [ -70.583614852508902, -33.433030265351299 ], [ -70.582503699981004, -33.433818706812701 ], [ -70.582325334204796, -33.433900077935299 ] ] ] ] } },
{ "type": "Feature", "properties": { "id": "ipt_13_prc_providencia_mono.265", "Name": null, "description": null, "timestamp": null, "begin": null, "end": null, "altitudeMode": null, "tessellate": -1, "extrude": 0, "visibility": -1, "drawOrder": null, "icon": null, "REG": "Metropolitana", "COM": "Providencia", "LOC": "Providencia", "ZONA": "PzC", "NOM": "PzC Plazas Comunales", "UPERM": "Según art. 2.3 de la Ordenanza Local", "UPROH": "Según art. 2.3 de la Ordenanza Local", "P_DO": "23/01/2007", "N_DOC": "101", "T_DO": "Decreto", "OBS": null }, "geometry": { "type": "MultiPolygon", "coordinates": [ [ [ [ -70.584933737024897, -33.4317606112064 ], [ -70.585161910260098, -33.431854356295901 ], [ -70.585161910472294, -33.431424401206101 ], [ -70.584912346317495, -33.431695155019099 ], [ -70.584933737024897, -33.4317606112064 ] ] ] ] } },
{ "type": "Feature", "properties": { "id": "ipt_13_prc_providencia_mono.266", "Name": null, "description": null, "timestamp": null, "begin": null, "end": null, "altitudeMode": null, "tessellate": -1, "extrude": 0, "visibility": -1, "drawOrder": null, "icon": null, "REG": "Metropolitana", "COM": "Providencia", "LOC": "Providencia", "ZONA": "PzV", "NOM": "PzV Plaxas Vecinales", "UPERM": "Según art. 2.3 de la Ordenanza Local", "UPROH": "Según art. 2.3 de la Ordenanza Local", "P_DO": "23/01/2007", "N_DOC": "101", "T_DO": "Decreto", "OBS": null }, "geometry": { "type": "MultiPolygon", "coordinates": [ [ [ [ -70.600397656087097, -33.427623148991898 ], [ -70.600490351234001, -33.427635050931201 ], [ -70.600561654760995, -33.427623148973602 ], [ -70.600604437037006, -33.427557688908699 ], [ -70.600597306973199, -33.427492229161899 ], [ -70.600504611835504, -33.427426769042697 ], [ -70.600362003861903, -33.427438671324403 ], [ -70.600319221454995, -33.4275041313104 ], [ -70.6003049609496, -33.427557688724399 ], [ -70.6003762649827, -33.427593394808802 ], [ -70.600368263915499, -33.427622331578497 ], [ -70.600397656087097, -33.427623148991898 ] ] ] ] } },
{ "type": "Feature", "properties": { "id": "ipt_13_prc_providencia_mono.267", "Name": null, "description": null, "timestamp": null, "begin": null, "end": null, "altitudeMode": null, "tessellate": -1, "extrude": 0, "visibility": -1, "drawOrder": null, "icon": null, "REG": "Metropolitana", "COM": "Providencia", "LOC": "Providencia", "ZONA": "Pzt", "NOM": "Pzt Plazas Comunales", "UPERM": "Según art. 2.3 de la Ordenanza Local", "UPROH": "Según art. 2.3 de la Ordenanza Local", "P_DO": "23/01/2007", "N_DOC": "101", "T_DO": "Decreto", "OBS": null }, "geometry": { "type": "MultiPolygon", "coordinates": [ [ [ [ -70.608695792100903, -33.427569847444801 ], [ -70.608817009221397, -33.427585716364298 ], [ -70.608887350500495, -33.427404704630902 ], [ -70.608695792100903, -33.427569847444801 ] ] ] ] } },
{ "type": "Feature", "properties": { "id": "ipt_13_prc_providencia_mono.268", "Name": null, "description": null, "timestamp": null, "begin": null, "end": null, "altitudeMode": null, "tessellate": -1, "extrude": 0, "visibility": -1, "drawOrder": null, "icon": null, "REG": "Metropolitana", "COM": "Providencia", "LOC": "Providencia", "ZONA": "Pzt", "NOM": "Pzt Plazas Comunales", "UPERM": "Según art. 2.3 de la Ordenanza Local", "UPROH": "Según art. 2.3 de la Ordenanza Local", "P_DO": "23/01/2007", "N_DOC": "101", "T_DO": "Decreto", "OBS": null }, "geometry": { "type": "MultiPolygon", "coordinates": [ [ [ [ -70.604522242361298, -33.443821365374902 ], [ -70.604536842236101, -33.443821365806102 ], [ -70.604554668761807, -33.443681545700301 ], [ -70.604565363843705, -33.443514950465001 ], [ -70.604280148393698, -33.4434614021296 ], [ -70.604522581372507, -33.443815415199403 ], [ -70.604522242361298, -33.443821365374902 ] ] ] ] } },
{ "type": "Feature", "properties": { "id": "ipt_13_prc_providencia_mono.269", "Name": null, "description": null, "timestamp": null, "begin": null, "end": null, "altitudeMode": null, "tessellate": -1, "extrude": 0, "visibility": -1, "drawOrder": null, "icon": null, "REG": "Metropolitana", "COM": "Providencia", "LOC": "Providencia", "ZONA": "PzV", "NOM": "PzV Plaxas Vecinales", "UPERM": "Según art. 2.3 de la Ordenanza Local", "UPROH": "Según art. 2.3 de la Ordenanza Local", "P_DO": "23/01/2007", "N_DOC": "101", "T_DO": "Decreto", "OBS": null }, "geometry": { "type": "MultiPolygon", "coordinates": [ [ [ [ -70.616248158323899, -33.446010825444702 ], [ -70.615565964615797, -33.446376487261901 ], [ -70.615812543825598, -33.446411823341002 ], [ -70.616059105956893, -33.446447156442701 ], [ -70.616072546058405, -33.446325918533702 ], [ -70.616672506678995, -33.445986427924701 ], [ -70.616876610876403, -33.446018859973499 ], [ -70.6169459580656, -33.445693356773297 ], [ -70.616789069065504, -33.445779163197201 ], [ -70.616654834966994, -33.445786689962198 ], [ -70.616248158323899, -33.446010825444702 ] ] ] ] } },
{ "type": "Feature", "properties": { "id": "ipt_13_prc_providencia_mono.270", "Name": null, "description": null, "timestamp": null, "begin": null, "end": null, "altitudeMode": null, "tessellate": -1, "extrude": 0, "visibility": -1, "drawOrder": null, "icon": null, "REG": "Metropolitana", "COM": "Providencia", "LOC": "Providencia", "ZONA": "PzV", "NOM": "PzV Plaxas Vecinales", "UPERM": "Según art. 2.3 de la Ordenanza Local", "UPROH": "Según art. 2.3 de la Ordenanza Local", "P_DO": "23/01/2007", "N_DOC": "101", "T_DO": "Decreto", "OBS": null }, "geometry": { "type": "MultiPolygon", "coordinates": [ [ [ [ -70.618013132289903, -33.445392868454199 ], [ -70.618130187573797, -33.445410860807399 ], [ -70.618216348743303, -33.4450596860231 ], [ -70.617995306206495, -33.445175704847799 ], [ -70.6178455682509, -33.445259000543302 ], [ -70.617745742564097, -33.445315523228103 ], [ -70.617777829175296, -33.445360145566497 ], [ -70.618013132289903, -33.445392868454199 ] ] ] ] } },
{ "type": "Feature", "properties": { "id": "ipt_13_prc_providencia_mono.271", "Name": null, "description": null, "timestamp": null, "begin": null, "end": null, "altitudeMode": null, "tessellate": -1, "extrude": 0, "visibility": -1, "drawOrder": null, "icon": null, "REG": "Metropolitana", "COM": "Providencia", "LOC": "Providencia", "ZONA": "PzC", "NOM": "PzC Plazas Comunales", "UPERM": "Según art. 2.3 de la Ordenanza Local", "UPROH": "Según art. 2.3 de la Ordenanza Local", "P_DO": "23/01/2007", "N_DOC": "101", "T_DO": "Decreto", "OBS": null }, "geometry": { "type": "MultiPolygon", "coordinates": [ [ [ [ -70.6242657716964, -33.441095427216801 ], [ -70.624190758578195, -33.441350725190802 ], [ -70.624990499033302, -33.441518745883599 ], [ -70.625031768085904, -33.441510311250703 ], [ -70.625061530484999, -33.441490981811299 ], [ -70.625083796295201, -33.441473324320803 ], [ -70.625131675514496, -33.441424630085599 ], [ -70.625037613673896, -33.441359770579901 ], [ -70.625026762333107, -33.441352288737498 ], [ -70.624921849307995, -33.441279946393003 ], [ -70.624686915519305, -33.441121680617997 ], [ -70.624525956635907, -33.4410208638744 ], [ -70.624317717650001, -33.440918636333002 ], [ -70.6242657716964, -33.441095427216801 ] ] ] ] } },
{ "type": "Feature", "properties": { "id": "ipt_13_prc_providencia_mono.272", "Name": null, "description": null, "timestamp": null, "begin": null, "end": null, "altitudeMode": null, "tessellate": -1, "extrude": 0, "visibility": -1, "drawOrder": null, "icon": null, "REG": "Metropolitana", "COM": "Providencia", "LOC": "Providencia", "ZONA": "Espacio Público", "NOM": "Espacio Público", "UPERM": "Espacio Público", "UPROH": "Espacio Público", "P_DO": "23/01/2007", "N_DOC": "101", "T_DO": "Decreto", "OBS": null }, "geometry": { "type": "MultiPolygon", "coordinates": [ [ [ [ -70.621599560984905, -33.439415933270602 ], [ -70.621493151482596, -33.439390765134398 ], [ -70.621210407421302, -33.4401293007055 ], [ -70.621335189143096, -33.440168967438403 ], [ -70.621555042666003, -33.439529336388503 ], [ -70.621599560984905, -33.439415933270602 ] ] ] ] } },
{ "type": "Feature", "properties": { "id": "ipt_13_prc_providencia_mono.273", "Name": null, "description": null, "timestamp": null, "begin": null, "end": null, "altitudeMode": null, "tessellate": -1, "extrude": 0, "visibility": -1, "drawOrder": null, "icon": null, "REG": "Metropolitana", "COM": "Providencia", "LOC": "Providencia", "ZONA": "Espacio Público", "NOM": "Espacio Público", "UPERM": "Espacio Público", "UPROH": "Espacio Público", "P_DO": "23/01/2007", "N_DOC": "101", "T_DO": "Decreto", "OBS": null }, "geometry": { "type": "MultiPolygon", "coordinates": [ [ [ [ -70.624895466713198, -33.435066744022798 ], [ -70.624956004971494, -33.435097962961798 ], [ -70.625305142726305, -33.434997040700701 ], [ -70.625317433656406, -33.434960920882297 ], [ -70.6253615757619, -33.4349573869507 ], [ -70.625404630219606, -33.4349619756237 ], [ -70.625422242841097, -33.434902068781 ], [ -70.625057170815793, -33.434774211771803 ], [ -70.624895466713198, -33.435066744022798 ] ] ] ] } },
{ "type": "Feature", "properties": { "id": "ipt_13_prc_providencia_mono.274", "Name": null, "description": null, "timestamp": null, "begin": null, "end": null, "altitudeMode": null, "tessellate": -1, "extrude": 0, "visibility": -1, "drawOrder": null, "icon": null, "REG": "Metropolitana", "COM": "Providencia", "LOC": "Providencia", "ZONA": "PzV", "NOM": "PzV Plaxas Vecinales", "UPERM": "Según art. 2.3 de la Ordenanza Local", "UPROH": "Según art. 2.3 de la Ordenanza Local", "P_DO": "23/01/2007", "N_DOC": "101", "T_DO": "Decreto", "OBS": null }, "geometry": { "type": "MultiPolygon", "coordinates": [ [ [ [ -70.624895466713198, -33.435066744022798 ], [ -70.624795391807496, -33.435227493765602 ], [ -70.625198174773999, -33.435311398896197 ], [ -70.625305142726305, -33.434997040700701 ], [ -70.624956004971494, -33.435097962961798 ], [ -70.624895466713198, -33.435066744022798 ] ] ] ] } },
{ "type": "Feature", "properties": { "id": "ipt_13_prc_providencia_mono.275", "Name": null, "description": null, "timestamp": null, "begin": null, "end": null, "altitudeMode": null, "tessellate": -1, "extrude": 0, "visibility": -1, "drawOrder": null, "icon": null, "REG": "Metropolitana", "COM": "Providencia", "LOC": "Providencia", "ZONA": "Pzt", "NOM": "Pzt Plazas Comunales", "UPERM": "Según art. 2.3 de la Ordenanza Local", "UPROH": "Según art. 2.3 de la Ordenanza Local", "P_DO": "23/01/2007", "N_DOC": "101", "T_DO": "Decreto", "OBS": null }, "geometry": { "type": "MultiPolygon", "coordinates": [ [ [ [ -70.628959826445595, -33.448794910327599 ], [ -70.628984783720298, -33.448794910645098 ], [ -70.6290097392082, -33.448771112629103 ], [ -70.629013304949794, -33.448735416492603 ], [ -70.628999043567205, -33.448711617963802 ], [ -70.628970522877097, -33.448705669117402 ], [ -70.628927740553905, -33.448708643675999 ], [ -70.628888522460002, -33.448750289590599 ], [ -70.628920610216895, -33.448788961326898 ], [ -70.628959826445595, -33.448794910327599 ] ] ] ] } },
{ "type": "Feature", "properties": { "id": "ipt_13_prc_providencia_mono.276", "Name": null, "description": null, "timestamp": null, "begin": null, "end": null, "altitudeMode": null, "tessellate": -1, "extrude": 0, "visibility": -1, "drawOrder": null, "icon": null, "REG": "Metropolitana", "COM": "Providencia", "LOC": "Providencia", "ZONA": "Pzt", "NOM": "Pzt Plazas Comunales", "UPERM": "Según art. 2.3 de la Ordenanza Local", "UPROH": "Según art. 2.3 de la Ordenanza Local", "P_DO": "23/01/2007", "N_DOC": "101", "T_DO": "Decreto", "OBS": null }, "geometry": { "type": "MultiPolygon", "coordinates": [ [ [ [ -70.626022467907802, -33.446155027921201 ], [ -70.626017639088502, -33.446153889117603 ], [ -70.625983482742498, -33.446158273593497 ], [ -70.625858700199998, -33.446220248845897 ], [ -70.625594281642904, -33.4462723078191 ], [ -70.625603195374396, -33.446289661175904 ], [ -70.625963140082703, -33.446367167802201 ], [ -70.6259715983484, -33.446364031229002 ], [ -70.626031018511696, -33.446195459313302 ], [ -70.626022467907802, -33.446155027921201 ] ] ] ] } },
{ "type": "Feature", "properties": { "id": "ipt_13_prc_providencia_mono.277", "Name": null, "description": null, "timestamp": null, "begin": null, "end": null, "altitudeMode": null, "tessellate": -1, "extrude": 0, "visibility": -1, "drawOrder": null, "icon": null, "REG": "Metropolitana", "COM": "Providencia", "LOC": "Providencia", "ZONA": "Espacio Público", "NOM": "Espacio Público", "UPERM": "Espacio Público", "UPROH": "Espacio Público", "P_DO": "23/01/2007", "N_DOC": "101", "T_DO": "Decreto", "OBS": null }, "geometry": { "type": "MultiPolygon", "coordinates": [ [ [ [ -70.626017639088502, -33.446153889117603 ], [ -70.626022467907802, -33.446155027921201 ], [ -70.6260221056924, -33.446153315588901 ], [ -70.626017639088502, -33.446153889117603 ] ] ] ] } },
{ "type": "Feature", "properties": { "id": "ipt_13_prc_providencia_mono.278", "Name": null, "description": null, "timestamp": null, "begin": null, "end": null, "altitudeMode": null, "tessellate": -1, "extrude": 0, "visibility": -1, "drawOrder": null, "icon": null, "REG": "Metropolitana", "COM": "Providencia", "LOC": "Providencia", "ZONA": "PzC", "NOM": "PzC Plazas Comunales", "UPERM": "Según art. 2.3 de la Ordenanza Local", "UPROH": "Según art. 2.3 de la Ordenanza Local", "P_DO": "23/01/2007", "N_DOC": "101", "T_DO": "Decreto", "OBS": null }, "geometry": { "type": "MultiPolygon", "coordinates": [ [ [ [ -70.619071162179594, -33.429078201324202 ], [ -70.619275566894302, -33.4292170533327 ], [ -70.619513246553097, -33.428935381367801 ], [ -70.619498985284196, -33.428923480356602 ], [ -70.619703390106693, -33.428744955953597 ], [ -70.619413421133302, -33.4286378411052 ], [ -70.619405673049002, -33.428636805980403 ], [ -70.619071162179594, -33.429078201324202 ] ] ] ] } },
{ "type": "Feature", "properties": { "id": "ipt_13_prc_providencia_mono.279", "Name": null, "description": null, "timestamp": null, "begin": null, "end": null, "altitudeMode": null, "tessellate": -1, "extrude": 0, "visibility": -1, "drawOrder": null, "icon": null, "REG": "Metropolitana", "COM": "Providencia", "LOC": "Providencia", "ZONA": "Pzt", "NOM": "Pzt Plazas Comunales", "UPERM": "Según art. 2.3 de la Ordenanza Local", "UPROH": "Según art. 2.3 de la Ordenanza Local", "P_DO": "23/01/2007", "N_DOC": "101", "T_DO": "Decreto", "OBS": null }, "geometry": { "type": "MultiPolygon", "coordinates": [ [ [ [ -70.6178455267153, -33.4287449558799 ], [ -70.618130742358005, -33.428860004942798 ], [ -70.618149756705904, -33.428832234680797 ], [ -70.617992888154305, -33.428709250542497 ], [ -70.617885864987699, -33.428627588089903 ], [ -70.6178692948248, -33.4286537094371 ], [ -70.6178455267153, -33.4287449558799 ] ] ] ] } },
{ "type": "Feature", "properties": { "id": "ipt_13_prc_providencia_mono.280", "Name": null, "description": null, "timestamp": null, "begin": null, "end": null, "altitudeMode": null, "tessellate": -1, "extrude": 0, "visibility": -1, "drawOrder": null, "icon": null, "REG": "Metropolitana", "COM": "Providencia", "LOC": "Providencia", "ZONA": "PzV", "NOM": "PzV Plaxas Vecinales", "UPERM": "Según art. 2.3 de la Ordenanza Local", "UPROH": "Según art. 2.3 de la Ordenanza Local", "P_DO": "23/01/2007", "N_DOC": "101", "T_DO": "Decreto", "OBS": null }, "geometry": { "type": "MultiPolygon", "coordinates": [ [ [ [ -70.613072600463497, -33.425473264070902 ], [ -70.613509931639101, -33.425584350508998 ], [ -70.613595496449094, -33.425489133480298 ], [ -70.613174945514103, -33.425346995335303 ], [ -70.613072600463497, -33.425473264070902 ] ] ] ] } }
]
}
