{
"type": "FeatureCollection",
"name": "IPT_07_PRC_Constitucion",
"crs": { "type": "name", "properties": { "name": "urn:ogc:def:crs:OGC:1.3:CRS84" } },
"features": [
{ "type": "Feature", "properties": { "id": "monoparte.1", "Name": null, "description": null, "timestamp": null, "begin": null, "end": null, "altitudeMode": null, "tessellate": -1, "extrude": 0, "visibility": -1, "drawOrder": null, "icon": null, "SECTOR": "Constitución", "REG": "Maule", "COM": "Constitución", "LOC": "Constitución", "ZONA": "Z1", "NOM": "Z1 Casco antiguo, área central y sur-poniente", "UPERM": "Vivienda, Equipamiento Interurbano, Comunal y Vecinal de todo tipo, a excepción de los señalados como prohibidos.", "UPROH": "Industria y almacenamiento, equipamiento de servicios artesanales comunal (garages y talleres), transporte, terminales rodovarios, depósitos de buses y/o camiones.", "P_DO": "04/12/1987", "N_DOC": "189", "T_DO": "Decreto", "OBS": null }, "geometry": { "type": "Polygon", "coordinates": [ [ [ -72.406261028528306, -35.330660025555503 ], [ -72.406202888492899, -35.330840031921397 ], [ -72.406181477112398, -35.330963587920003 ], [ -72.406193158278498, -35.3315085551693 ], [ -72.406205426868695, -35.331670993472699 ], [ -72.406234336015302, -35.3317259636421 ], [ -72.406231469047697, -35.331865528391297 ], [ -72.4062146174997, -35.332087746707302 ], [ -72.406199281362106, -35.332138250643702 ], [ -72.406162899047501, -35.332207230018099 ], [ -72.406153421734302, -35.332293333160997 ], [ -72.406088925772494, -35.332420330294902 ], [ -72.406032540247907, -35.332636510266397 ], [ -72.405944881489305, -35.3329394090145 ], [ -72.405855570582403, -35.333203012214597 ], [ -72.405797083517797, -35.333369180922503 ], [ -72.405731911073801, -35.333480102190997 ], [ -72.405613293046997, -35.333669426143999 ], [ -72.405216410276395, -35.334091916156801 ], [ -72.405023531145204, -35.334279756094702 ], [ -72.404850648140297, -35.334424114899598 ], [ -72.404783598626196, -35.334490382803402 ], [ -72.404743902656904, -35.334520594348596 ], [ -72.404127997105107, -35.335387876242699 ], [ -72.406336342356099, -35.3363198656061 ], [ -72.410236653312694, -35.337940797387198 ], [ -72.410362025482399, -35.338015939565402 ], [ -72.410362817824506, -35.338026226474597 ], [ -72.410499355149895, -35.337974705803902 ], [ -72.411529209534095, -35.336171673478098 ], [ -72.412420728258894, -35.334677737170701 ], [ -72.413352297118806, -35.333030065631696 ], [ -72.414584525124198, -35.333548390903097 ], [ -72.4153183632219, -35.332457552737502 ], [ -72.415405896081893, -35.332347160319102 ], [ -72.415525632346103, -35.332146913337503 ], [ -72.415625446877996, -35.332237079005502 ], [ -72.415763143460595, -35.332397702632697 ], [ -72.415834405030907, -35.3326388874994 ], [ -72.415878608387999, -35.332859379302199 ], [ -72.415891539773099, -35.332959155839902 ], [ -72.4160099965125, -35.333077404723298 ], [ -72.416321463723804, -35.333218805756403 ], [ -72.417097120021694, -35.333397142233899 ], [ -72.418189355227199, -35.333630888625102 ], [ -72.418567865086104, -35.333706008814502 ], [ -72.418764190257704, -35.333807745301399 ], [ -72.418990588171297, -35.334001617890699 ], [ -72.419076586797104, -35.334178007106303 ], [ -72.419380586713103, -35.334763095180797 ], [ -72.419573915645501, -35.335087782508303 ], [ -72.419578396328504, -35.335088496399003 ], [ -72.420610451154701, -35.333619135607599 ], [ -72.421130283679204, -35.332974948691302 ], [ -72.421191203836401, -35.332901692337998 ], [ -72.422391816038896, -35.3334971313176 ], [ -72.422825545011506, -35.333570672971803 ], [ -72.423149827590905, -35.333532868681601 ], [ -72.424107427513107, -35.3333340477216 ], [ -72.424339516227505, -35.333317928426801 ], [ -72.424479011665895, -35.333313972478599 ], [ -72.424621724502998, -35.333386223427297 ], [ -72.4247448091064, -35.333544866144301 ], [ -72.4247553062592, -35.333793401434299 ], [ -72.424842848897995, -35.333721326633501 ], [ -72.425008667351804, -35.333513956762502 ], [ -72.425045218539296, -35.333346017555897 ], [ -72.425067992504594, -35.333196351690901 ], [ -72.425070480207793, -35.333083026366602 ], [ -72.425078220748901, -35.332921865499102 ], [ -72.425028091261595, -35.332768306319799 ], [ -72.424972203978896, -35.332650675561801 ], [ -72.424822624642204, -35.332553584686202 ], [ -72.424753716214695, -35.332472088260403 ], [ -72.424670530138997, -35.332396956973902 ], [ -72.4245663014337, -35.332340304967097 ], [ -72.424382407146197, -35.332291873238802 ], [ -72.424177220936102, -35.332255965508601 ], [ -72.423936713117897, -35.332244903598401 ], [ -72.423804932743593, -35.3322247963807 ], [ -72.423687935194096, -35.332210231045799 ], [ -72.423599998293895, -35.332194842576698 ], [ -72.423453939132898, -35.332181100959602 ], [ -72.423320399564105, -35.332119317658098 ], [ -72.423157297039097, -35.332046451741299 ], [ -72.4229864264572, -35.331961883470697 ], [ -72.422839111245395, -35.331918372690602 ], [ -72.4227857418268, -35.331860277445301 ], [ -72.422835592988406, -35.3318350206576 ], [ -72.422994925146497, -35.331818582795698 ], [ -72.423203355366098, -35.331759027456499 ], [ -72.423433831329504, -35.331704807022 ], [ -72.423714157722003, -35.331625329935399 ], [ -72.423923339831802, -35.331583633735498 ], [ -72.424178375890094, -35.331594284660902 ], [ -72.424390071787201, -35.331612125260598 ], [ -72.424505561081801, -35.331590967558498 ], [ -72.424692443934006, -35.331537981006399 ], [ -72.424896120833196, -35.3315381655691 ], [ -72.425087027760895, -35.331580436491798 ], [ -72.425213804899201, -35.331654331053301 ], [ -72.425332310703993, -35.3317046172752 ], [ -72.425487898207393, -35.331771733137302 ], [ -72.425611434689003, -35.331835565848401 ], [ -72.425852668875606, -35.331471213230799 ], [ -72.426944649126298, -35.329771207130896 ], [ -72.427843485533103, -35.328321066763202 ], [ -72.428170460515005, -35.327798561585801 ], [ -72.427837851860602, -35.327808003321799 ], [ -72.427431524046398, -35.3278314578817 ], [ -72.427342459261396, -35.327789279291402 ], [ -72.426777000247895, -35.327489405037902 ], [ -72.426428008621102, -35.327320483835997 ], [ -72.426051970561204, -35.327200015463198 ], [ -72.425713515882094, -35.327108283727704 ], [ -72.425282128162493, -35.327054951267002 ], [ -72.4248154226145, -35.327026462610597 ], [ -72.424374029881506, -35.327080705211102 ], [ -72.424151084163697, -35.327140673828602 ], [ -72.423891310333701, -35.327189765696602 ], [ -72.423682641956304, -35.3272433675006 ], [ -72.423447677754694, -35.327363284505701 ], [ -72.423150596422104, -35.327562451614803 ], [ -72.4230586660222, -35.327624665525597 ], [ -72.422917138054004, -35.327718089225101 ], [ -72.422647104233505, -35.327868801884897 ], [ -72.422476766406803, -35.327969002794603 ], [ -72.422348009161198, -35.328020337565199 ], [ -72.422132574570099, -35.328086050851397 ], [ -72.421773851007799, -35.328203510613498 ], [ -72.421249539727299, -35.328361425019402 ], [ -72.420726231824204, -35.328543152545102 ], [ -72.4203214200476, -35.328775168611102 ], [ -72.419979856367206, -35.328954725371901 ], [ -72.419691783052897, -35.329195354683698 ], [ -72.419482618679496, -35.329409906050202 ], [ -72.419282475851105, -35.329665927123798 ], [ -72.419014448948005, -35.330037125855299 ], [ -72.418802032082695, -35.330347140649401 ], [ -72.418564026816796, -35.330222741013699 ], [ -72.418195292145498, -35.330111101681801 ], [ -72.417082948424607, -35.329606109574698 ], [ -72.415934793271404, -35.329114042133803 ], [ -72.414868070959102, -35.328655424954803 ], [ -72.412784638870207, -35.327802317203499 ], [ -72.410976185841605, -35.327001012911701 ], [ -72.408196846730306, -35.325836935819503 ], [ -72.408006400771299, -35.3263130105952 ], [ -72.4074775316802, -35.327713232627403 ], [ -72.407133368461601, -35.328524078482097 ], [ -72.407050846159393, -35.328731549390703 ], [ -72.407049088904998, -35.3287906801472 ], [ -72.406975724221198, -35.3289834974589 ], [ -72.4068431826026, -35.329207276550001 ], [ -72.406821791018203, -35.329295255052699 ], [ -72.406734268648805, -35.329514698207198 ], [ -72.406518706769603, -35.329882348566002 ], [ -72.406473724927096, -35.330014938619101 ], [ -72.406463752869001, -35.330226303958703 ], [ -72.406368287046803, -35.330447163196503 ], [ -72.406288133691703, -35.330549504674401 ], [ -72.406261028528306, -35.330660025555503 ] ] ] } },
{ "type": "Feature", "properties": { "id": "monoparte.2", "Name": null, "description": null, "timestamp": null, "begin": null, "end": null, "altitudeMode": null, "tessellate": -1, "extrude": 0, "visibility": -1, "drawOrder": null, "icon": null, "SECTOR": "Constitución", "REG": "Maule", "COM": "Constitución", "LOC": "Constitución", "ZONA": "E0", "NOM": "E0 Área Especial de Resguardo de playas fiscales y marítimas de preservación", "UPERM": "Uso asimilable a Espacio Público", "UPROH": "Sin información.", "P_DO": "04/12/1987", "N_DOC": "189", "T_DO": "Decreto", "OBS": null }, "geometry": { "type": "Polygon", "coordinates": [ [ [ -72.435977193076397, -35.331397598860903 ], [ -72.4360720167506, -35.331403841929301 ], [ -72.436147796366001, -35.331389763317098 ], [ -72.436229073366505, -35.331333803886103 ], [ -72.436256494516599, -35.331294278454997 ], [ -72.436276019442005, -35.331240076235403 ], [ -72.436280004181, -35.331162472601498 ], [ -72.436310048337504, -35.331099029782301 ], [ -72.436368899922499, -35.331028806039001 ], [ -72.436417989045296, -35.330985683840701 ], [ -72.436427372968694, -35.330949651791002 ], [ -72.436448537612804, -35.3309341480035 ], [ -72.436435495470405, -35.330883852670503 ], [ -72.436400531852001, -35.330831200153597 ], [ -72.436307448953201, -35.330780202433303 ], [ -72.436160256283003, -35.330739684728201 ], [ -72.436068686117395, -35.330724408778103 ], [ -72.436011275554606, -35.330729865972202 ], [ -72.435931660009601, -35.330752150500203 ], [ -72.435875053041897, -35.330789526177803 ], [ -72.435790899737995, -35.330863449708403 ], [ -72.435742314800393, -35.330918478683699 ], [ -72.435673800977696, -35.330932349405899 ], [ -72.435600923384897, -35.331014893251599 ], [ -72.435577513632097, -35.3310632456663 ], [ -72.435553221060104, -35.331090760569801 ], [ -72.435536318981903, -35.331121045322497 ], [ -72.435530820150603, -35.331162927015697 ], [ -72.435583441033302, -35.331203155157901 ], [ -72.435638954334806, -35.331268644144103 ], [ -72.435751318916104, -35.331302692758001 ], [ -72.435880854771, -35.331355633805799 ], [ -72.435977193076397, -35.331397598860903 ] ] ] } },
{ "type": "Feature", "properties": { "id": "monoparte.3", "Name": null, "description": null, "timestamp": null, "begin": null, "end": null, "altitudeMode": null, "tessellate": -1, "extrude": 0, "visibility": -1, "drawOrder": null, "icon": null, "SECTOR": "Constitución", "REG": "Maule", "COM": "Constitución", "LOC": "Constitución", "ZONA": "E0", "NOM": "E0 Área Especial de Resguardo de playas fiscales y marítimas de preservación", "UPERM": "Uso asimilable a Espacio Público", "UPROH": "Sin información.", "P_DO": "04/12/1987", "N_DOC": "189", "T_DO": "Decreto", "OBS": null }, "geometry": { "type": "Polygon", "coordinates": [ [ [ -72.415804153596795, -35.317200415693897 ], [ -72.415679300698898, -35.317220152314498 ], [ -72.415613422958202, -35.317210093011298 ], [ -72.415553682961601, -35.317173037913001 ], [ -72.415446099394998, -35.317122432345002 ], [ -72.415347158776299, -35.317104367445602 ], [ -72.415270180568399, -35.317155606189402 ], [ -72.4152173552486, -35.317196700613898 ], [ -72.415230813879703, -35.317277540874599 ], [ -72.415221672049299, -35.317319524984697 ], [ -72.415228060436803, -35.3173849137887 ], [ -72.415168175563693, -35.317434846359703 ], [ -72.4151005386517, -35.3174713121536 ], [ -72.415013223184104, -35.317447020167897 ], [ -72.414918240200393, -35.317471165198 ], [ -72.414775315070301, -35.3174966647587 ], [ -72.414733280264699, -35.317570873494297 ], [ -72.414642609504895, -35.317557640545203 ], [ -72.414563858250801, -35.317552714489103 ], [ -72.414451534246595, -35.317643698390498 ], [ -72.414306593865305, -35.317845701051603 ], [ -72.414029581651405, -35.318129328041302 ], [ -72.413893569021099, -35.318215431716801 ], [ -72.413670461352694, -35.318305785798103 ], [ -72.413519118528797, -35.318338675267903 ], [ -72.413429093866995, -35.318376984977398 ], [ -72.413280454818704, -35.318474174084699 ], [ -72.413196291421599, -35.318548082416399 ], [ -72.413063584002899, -35.3186090574901 ], [ -72.412956575727193, -35.318658575152 ], [ -72.412780131334003, -35.318717209158699 ], [ -72.4126384052296, -35.318771284293099 ], [ -72.412567166944697, -35.318841251177403 ], [ -72.412479695512701, -35.318940287706802 ], [ -72.412291075871906, -35.319124441949697 ], [ -72.412239674355902, -35.319147353601601 ], [ -72.412105612991695, -35.319176176379898 ], [ -72.412019344509005, -35.319200072996402 ], [ -72.411935629874407, -35.3192846970612 ], [ -72.411846504699497, -35.319344438713102 ], [ -72.411744454371998, -35.3194081221421 ], [ -72.411700565930303, -35.319505926956097 ], [ -72.411649615743002, -35.319539554862899 ], [ -72.411482037252696, -35.319601512408497 ], [ -72.410984107367995, -35.319797978111403 ], [ -72.410547118924597, -35.319990932078198 ], [ -72.410272826992795, -35.3201095495128 ], [ -72.410110204505898, -35.320185671231798 ], [ -72.409948782898098, -35.320290370770401 ], [ -72.409779545149306, -35.320416750181899 ], [ -72.409590010119103, -35.320683185377703 ], [ -72.409434742226395, -35.320934347861801 ], [ -72.409417152585604, -35.321034986216198 ], [ -72.409413029359797, -35.321051574082297 ], [ -72.409472206459796, -35.321315841321599 ], [ -72.409479212787801, -35.321482547104097 ], [ -72.409514026312195, -35.321618662773403 ], [ -72.409541323796205, -35.321749030322799 ], [ -72.409571124894597, -35.321938936432097 ], [ -72.409628482055396, -35.3220922982837 ], [ -72.409681085851801, -35.322132538802101 ], [ -72.4097579912181, -35.322058837682398 ], [ -72.409826631647306, -35.321961526892203 ], [ -72.409853436632304, -35.321907122025202 ], [ -72.409858949708706, -35.321865240706103 ], [ -72.409863461726502, -35.321799543772102 ], [ -72.409859958138895, -35.321716191369397 ], [ -72.409856204294798, -35.321626884836199 ], [ -72.4098506986941, -35.321495902098 ], [ -72.409823900233803, -35.321377442027099 ], [ -72.409761417573407, -35.3211090616918 ], [ -72.409772846123701, -35.320965678440302 ], [ -72.409809923240005, -35.320878795816199 ], [ -72.409896100174706, -35.320714228099298 ], [ -72.410075058832106, -35.320542271658702 ], [ -72.410186883548704, -35.320434203440598 ], [ -72.410288886415103, -35.320369331271102 ], [ -72.410717535281606, -35.320185554131697 ], [ -72.4125208822975, -35.319486074748603 ], [ -72.4129733677686, -35.319315923169498 ], [ -72.413224057078395, -35.319281816361702 ], [ -72.413371545087998, -35.319260957637901 ], [ -72.413727238510901, -35.319210370037602 ], [ -72.414083332334897, -35.319169308881399 ], [ -72.414318390390804, -35.319155510511401 ], [ -72.414480506105093, -35.319136621386399 ], [ -72.414584007133101, -35.319107467772703 ], [ -72.414912145181503, -35.319024275826102 ], [ -72.415279757779899, -35.318911354849 ], [ -72.415768102660095, -35.318764021896897 ], [ -72.416187497078198, -35.3186546008981 ], [ -72.416357451161801, -35.318631910859999 ], [ -72.416677071976196, -35.318622869292703 ], [ -72.416946219265895, -35.3186241962078 ], [ -72.417115173140601, -35.318664121761699 ], [ -72.417365914610201, -35.318746439489701 ], [ -72.417576703210102, -35.318829887244398 ], [ -72.417777850001897, -35.318943411570899 ], [ -72.417939421241698, -35.319066996872799 ], [ -72.418118656486996, -35.319264591807297 ], [ -72.418407047773997, -35.3195499996962 ], [ -72.419335055385005, -35.320516205384699 ], [ -72.419886622148397, -35.321092197806699 ], [ -72.420815983711705, -35.322089646258199 ], [ -72.422312808953194, -35.323607480009898 ], [ -72.423047686505598, -35.324389870921003 ], [ -72.423791654652206, -35.325128783190401 ], [ -72.423948746972101, -35.325318055014101 ], [ -72.424091185305102, -35.325504761972198 ], [ -72.424105978136794, -35.3255967356138 ], [ -72.424141068486406, -35.325738799565499 ], [ -72.424134821171293, -35.325849251459204 ], [ -72.4240937471221, -35.3259100240967 ], [ -72.424106780652806, -35.325960321276803 ], [ -72.424212130469101, -35.326043766051598 ], [ -72.424383114851295, -35.326131309853601 ], [ -72.424475922337805, -35.326089932841398 ], [ -72.424601545769704, -35.326050605297901 ], [ -72.424777645743504, -35.326000905755997 ], [ -72.425054987593299, -35.325957458828597 ], [ -72.4252511338467, -35.325951895607098 ], [ -72.425505000775999, -35.3259697307736 ], [ -72.425838231915705, -35.3260067714684 ], [ -72.426096909684603, -35.326035198086601 ], [ -72.426513863631996, -35.326091320876003 ], [ -72.426857321873001, -35.326163834578701 ], [ -72.427196875485393, -35.326247187275797 ], [ -72.427546807314101, -35.3263695853569 ], [ -72.427966481180206, -35.326490002700801 ], [ -72.428191649195199, -35.3265515634873 ], [ -72.428394873276801, -35.326610171036201 ], [ -72.428593738492395, -35.326668901086599 ], [ -72.428752242805004, -35.3267019538292 ], [ -72.428939239367594, -35.326789632908103 ], [ -72.429065969476795, -35.326896905545503 ], [ -72.429198115125104, -35.327029058389797 ], [ -72.429303352422096, -35.327144093555603 ], [ -72.429392211958302, -35.327284629654201 ], [ -72.429494904435003, -35.327442654483399 ], [ -72.429579406581794, -35.327583313265897 ], [ -72.429733649918106, -35.327721991261903 ], [ -72.429928635806107, -35.327895276938399 ], [ -72.430099410538503, -35.328012026550503 ], [ -72.430233652682006, -35.3280904727593 ], [ -72.430438165098593, -35.328179439705401 ], [ -72.430732502500305, -35.328328442416201 ], [ -72.431237880988803, -35.328514365589903 ], [ -72.4315816791635, -35.328697725822899 ], [ -72.431764476276797, -35.328789096298998 ], [ -72.431997792609906, -35.328939829887098 ], [ -72.432187066370204, -35.329081085627401 ], [ -72.432525476806106, -35.329343278741902 ], [ -72.432697921407296, -35.329499317829899 ], [ -72.432857290063296, -35.3296557283712 ], [ -72.432949913016301, -35.329781847826098 ], [ -72.433032030344407, -35.329969065911598 ], [ -72.433106991224406, -35.330090323669602 ], [ -72.433175853916097, -35.3301706242245 ], [ -72.433253737762897, -35.3302578216217 ], [ -72.433447527344896, -35.330402523503999 ], [ -72.433654243102794, -35.3305432808163 ], [ -72.433861262107897, -35.3306911824953 ], [ -72.434064225085905, -35.330846351606901 ], [ -72.434211050631305, -35.331015633927699 ], [ -72.434271802867499, -35.331110471184701 ], [ -72.434282789585396, -35.331163805363303 ], [ -72.434294382583303, -35.331231429029799 ], [ -72.4343055206309, -35.331288335583899 ], [ -72.434296830966801, -35.331392300221502 ], [ -72.434258534750597, -35.331518565171102 ], [ -72.434179041086495, -35.331599508476799 ], [ -72.434100001082996, -35.331691167980601 ], [ -72.434034794221702, -35.331800316560397 ], [ -72.433926903451194, -35.331932137237303 ], [ -72.433864995546102, -35.332016156038001 ], [ -72.433814076354096, -35.3321535098748 ], [ -72.433791551602795, -35.332239985394502 ], [ -72.433762578150294, -35.332380291834198 ], [ -72.433769385093896, -35.3325410391041 ], [ -72.433861208567905, -35.332751227515701 ], [ -72.433897320368004, -35.332882529749703 ], [ -72.433958527655193, -35.332988083323698 ], [ -72.434047856042, -35.333139330400698 ], [ -72.434090142140704, -35.333313375355502 ], [ -72.434080544475705, -35.333395906598 ], [ -72.434014579989295, -35.3334871942211 ], [ -72.433926062840101, -35.333561240655698 ], [ -72.433751723531103, -35.333669915897303 ], [ -72.433538907162799, -35.333797567510899 ], [ -72.433398910901104, -35.3338927477784 ], [ -72.433327527018605, -35.333959154166799 ], [ -72.433277636749295, -35.334017796026501 ], [ -72.433259168055599, -35.334097003669299 ], [ -72.433224018742493, -35.334194567195802 ], [ -72.433210238744095, -35.334384511492601 ], [ -72.433214199243395, -35.334581104746597 ], [ -72.4331879736433, -35.334889426228202 ], [ -72.433227665964907, -35.335208391423997 ], [ -72.433272248741901, -35.335539734572997 ], [ -72.4333376918445, -35.335745308764999 ], [ -72.433397746300301, -35.336029718638002 ], [ -72.433472665769401, -35.336252905778501 ], [ -72.433585335712095, -35.336542971831101 ], [ -72.433687092551395, -35.336781489354301 ], [ -72.433822771547199, -35.337099512457797 ], [ -72.433971831075098, -35.337424308191103 ], [ -72.434062102294703, -35.337700704857198 ], [ -72.434121677905907, -35.337870681241 ], [ -72.4341892165357, -35.338022547699701 ], [ -72.434249368325396, -35.338103096006698 ], [ -72.434338099492905, -35.338240053777803 ], [ -72.434472240656305, -35.338418638186901 ], [ -72.434613436020499, -35.338557680089799 ], [ -72.434744551486503, -35.338664821137101 ], [ -72.434866267868301, -35.3387561348056 ], [ -72.434991510699405, -35.338827677634903 ], [ -72.435152537491604, -35.338919660547703 ], [ -72.435300637931306, -35.339015587685601 ], [ -72.435378381915697, -35.3390992115229 ], [ -72.435457337043502, -35.3392114115697 ], [ -72.435527724300599, -35.339327432020703 ], [ -72.435615777845996, -35.339448314312797 ], [ -72.435657466114804, -35.339608068710099 ], [ -72.435691646164997, -35.339796648353698 ], [ -72.435695947431299, -35.340104101347599 ], [ -72.435737729514301, -35.340575005066597 ], [ -72.435758832022003, -35.340763957684601 ], [ -72.435811512153506, -35.340977045754201 ], [ -72.435866854948301, -35.341046999933901 ], [ -72.4360101759315, -35.341064380559601 ], [ -72.436513765854002, -35.340999977598102 ], [ -72.436852600056497, -35.340961721575901 ], [ -72.436862075865506, -35.340979334327301 ], [ -72.436913168792401, -35.341154914157997 ], [ -72.4369637642789, -35.341421708396901 ], [ -72.437064619860706, -35.341844435672698 ], [ -72.437161572315105, -35.342278003955201 ], [ -72.437282974242805, -35.342773463815703 ], [ -72.437369088703207, -35.343157269630602 ], [ -72.437464984473195, -35.343565831781902 ], [ -72.437602803757301, -35.344139505146998 ], [ -72.437702303650198, -35.344530081914698 ], [ -72.437757870825294, -35.344811039824101 ], [ -72.437825304285397, -35.345063048218599 ], [ -72.4378742395877, -35.345290548380603 ], [ -72.437942053800597, -35.345551486164403 ], [ -72.4380048266203, -35.345796474674799 ], [ -72.438071085039894, -35.346123621041599 ], [ -72.438167292177496, -35.346539326783599 ], [ -72.438247843803595, -35.346894678427397 ], [ -72.438303153132907, -35.347066561519298 ], [ -72.438383368097305, -35.347311052088997 ], [ -72.438505551034893, -35.347618723790802 ], [ -72.438614922322799, -35.347830195513403 ], [ -72.438756330248395, -35.348076519524099 ], [ -72.438897890673402, -35.3483264156649 ], [ -72.439070274601207, -35.348582586916002 ], [ -72.439237844607604, -35.348828165007902 ], [ -72.4394133781324, -35.349055633510602 ], [ -72.439520521779997, -35.349157317368601 ], [ -72.439635191165806, -35.349013022914399 ], [ -72.439883447351903, -35.348691221655699 ], [ -72.439529718809197, -35.347651293478599 ], [ -72.439462651898594, -35.347613863488498 ], [ -72.439224307531603, -35.347037691217402 ], [ -72.439102163106796, -35.346628090810398 ], [ -72.439042872421098, -35.346465262754101 ], [ -72.438967622939302, -35.346234936981801 ], [ -72.438835659675604, -35.345902508467297 ], [ -72.438769509376797, -35.345680864583002 ], [ -72.438721480615797, -35.345474798183801 ], [ -72.438658671065696, -35.345126094850301 ], [ -72.438616903451901, -35.344758909703103 ], [ -72.4385407467813, -35.344507150245299 ], [ -72.438440864094105, -35.344107643953102 ], [ -72.438310505277897, -35.343607076102003 ], [ -72.438214033291302, -35.343287941690001 ], [ -72.4381389073056, -35.342957471096099 ], [ -72.438040357746203, -35.342486397356701 ], [ -72.438012734376201, -35.342143843936597 ], [ -72.4379655856537, -35.3418554929791 ], [ -72.437891556556295, -35.341653743058998 ], [ -72.437823250072697, -35.341484018408799 ], [ -72.437794449809104, -35.341216604044497 ], [ -72.437777743491495, -35.340925598278801 ], [ -72.437700989159097, -35.340659549228803 ], [ -72.437647580146304, -35.340532317668497 ], [ -72.4376135135266, -35.340243594896897 ], [ -72.437606275639396, -35.340175847735601 ], [ -72.437688618373699, -35.340059056929299 ], [ -72.437730547623403, -35.340018522404897 ], [ -72.437737347288305, -35.339973026952997 ], [ -72.437693121702196, -35.339959383768097 ], [ -72.437687973234901, -35.339923766300899 ], [ -72.437690092108596, -35.339887941020002 ], [ -72.437696094951605, -35.339857966282601 ], [ -72.437731792960903, -35.339842048436999 ], [ -72.437809823959498, -35.339795120536301 ], [ -72.437929808032294, -35.339708253884197 ], [ -72.438090384677594, -35.339635132724602 ], [ -72.438106908533598, -35.339595917149801 ], [ -72.438143335199896, -35.339511429554001 ], [ -72.438130668935102, -35.339470065053398 ], [ -72.438188038005805, -35.339450548980302 ], [ -72.438248029616204, -35.339407115503299 ], [ -72.438303883555903, -35.339351877574003 ], [ -72.438341951232402, -35.339306088254197 ], [ -72.438339804914804, -35.339255482965903 ], [ -72.438290683471195, -35.339212175585899 ], [ -72.438228293300398, -35.339199050746601 ], [ -72.438170545667305, -35.339209636376303 ], [ -72.438090749073098, -35.3392148886904 ], [ -72.438064182775094, -35.339188821438498 ], [ -72.438066047927407, -35.339147043153602 ], [ -72.438092459432397, -35.3390837033363 ], [ -72.438148565787003, -35.339034419418702 ], [ -72.438183758327398, -35.3390065935927 ], [ -72.438183729737304, -35.338920163944501 ], [ -72.4381635459808, -35.338873052379398 ], [ -72.438164401100593, -35.3388074592525 ], [ -72.438123653907596, -35.3387043065825 ], [ -72.438061137886905, -35.338688204214002 ], [ -72.437941000811506, -35.338685663831001 ], [ -72.437890898365197, -35.3387049728736 ], [ -72.437805603341403, -35.338752107623399 ], [ -72.437734713214894, -35.338795851173401 ], [ -72.437682590993603, -35.3387675313286 ], [ -72.437692209359795, -35.338694026191 ], [ -72.437599511830101, -35.3386953866205 ], [ -72.437539394128905, -35.338735843249196 ], [ -72.437508843754898, -35.338787379435701 ], [ -72.437485307108005, -35.338832755712602 ], [ -72.437514523754999, -35.338921335424899 ], [ -72.437437882871905, -35.339001007490097 ], [ -72.437373753661007, -35.339032637007399 ], [ -72.437277783954301, -35.338999604128503 ], [ -72.437200988972407, -35.338989868932003 ], [ -72.437216249951902, -35.338920885583498 ], [ -72.437314788103293, -35.338757139908097 ], [ -72.437281685671294, -35.338662709629702 ], [ -72.437339531618306, -35.3385686712572 ], [ -72.437441224555201, -35.338479344816299 ], [ -72.437431938962206, -35.338431923752601 ], [ -72.437443355398003, -35.338368217040902 ], [ -72.437408600366197, -35.338310391818602 ], [ -72.437312505366293, -35.338274383295897 ], [ -72.437219439400707, -35.338309816594702 ], [ -72.437111869597203, -35.338432094094202 ], [ -72.437062173041397, -35.338546762981203 ], [ -72.437004619741103, -35.338610071686503 ], [ -72.436948949857893, -35.338621514953097 ], [ -72.436894268926807, -35.338717793442797 ], [ -72.4368359837013, -35.338725474894702 ], [ -72.436789867763295, -35.3387111408069 ], [ -72.436739623403994, -35.3386948110048 ], [ -72.436689516165401, -35.338659404369501 ], [ -72.436689532595295, -35.338658883936503 ], [ -72.436615420988602, -35.338647400339099 ], [ -72.436566805578906, -35.338616000071298 ], [ -72.436485367891507, -35.338582552928401 ], [ -72.436411322639401, -35.338551876352099 ], [ -72.436276250503994, -35.338454387588698 ], [ -72.436063978494303, -35.3382518015637 ], [ -72.435990412120603, -35.338146601009903 ], [ -72.435908571662793, -35.338017793131797 ], [ -72.435851151979804, -35.337864447563199 ], [ -72.435818279104396, -35.337689539967897 ], [ -72.435770874286206, -35.337515046761098 ], [ -72.435727481696205, -35.337349379707099 ], [ -72.435682222886399, -35.337225490950097 ], [ -72.435677555459606, -35.337115349576102 ], [ -72.435624955815399, -35.336904046878701 ], [ -72.435587895720502, -35.336544474929497 ], [ -72.435549095738693, -35.336229658692403 ], [ -72.435518443901401, -35.335935472304698 ], [ -72.435475242850302, -35.335602600446201 ], [ -72.435462401768802, -35.335385397494797 ], [ -72.435441414235598, -35.335147563695799 ], [ -72.435427337472206, -35.334987023498698 ], [ -72.435376204458294, -35.3344669110393 ], [ -72.435361510050399, -35.3342917842849 ], [ -72.435341178003995, -35.334155264753797 ], [ -72.435331491931606, -35.334012482105599 ], [ -72.435345089288205, -35.333818370552898 ], [ -72.435354954385303, -35.3337078156584 ], [ -72.435381670668903, -35.333394114477201 ], [ -72.435357555482298, -35.333168291843798 ], [ -72.435375858138201, -35.3329993787574 ], [ -72.435392836554101, -35.332799209860298 ], [ -72.435407569954606, -35.332631889722101 ], [ -72.435445460121898, -35.3324102623505 ], [ -72.4354380193368, -35.332234631812703 ], [ -72.435440719761203, -35.332040830246399 ], [ -72.435429962084697, -35.3318727439082 ], [ -72.435479556663793, -35.331841529058003 ], [ -72.435515125620896, -35.331822634597202 ], [ -72.435532784537202, -35.331810210818198 ], [ -72.435569110181206, -35.331809177319101 ], [ -72.435663555968205, -35.331806490195397 ], [ -72.435786811777604, -35.331797023038497 ], [ -72.435883629568593, -35.331764464380299 ], [ -72.4359475016348, -35.331726881961004 ], [ -72.4359810522988, -35.331660358421701 ], [ -72.435966370614693, -35.331571365467099 ], [ -72.435912866363907, -35.3315102991196 ], [ -72.435822910648, -35.331447290691898 ], [ -72.435660051920095, -35.331380395294602 ], [ -72.435505466762905, -35.331337107023799 ], [ -72.4354006270962, -35.331352011080902 ], [ -72.435248060870293, -35.331356351424198 ], [ -72.435203713265494, -35.331339730520703 ], [ -72.435187974851601, -35.331139896670699 ], [ -72.435130585995296, -35.331072980220199 ], [ -72.435156986993405, -35.331007621814301 ], [ -72.435183703356401, -35.330902177389099 ], [ -72.435298492102405, -35.330829772599301 ], [ -72.435359721743197, -35.330755574270697 ], [ -72.435425581729007, -35.330717971631799 ], [ -72.435466435093304, -35.3306482765732 ], [ -72.435491984343997, -35.3306332438721 ], [ -72.435476134957199, -35.330473033373501 ], [ -72.435488773110507, -35.330427967548303 ], [ -72.435399197289101, -35.330373889199898 ], [ -72.435347081467995, -35.330345567959903 ], [ -72.435233716601402, -35.330330910485699 ], [ -72.4351882357943, -35.330287498030202 ], [ -72.435161295295202, -35.330252500294499 ], [ -72.435017610148407, -35.330208901248703 ], [ -72.434777397492297, -35.330110068299703 ], [ -72.434649595747004, -35.330113585366298 ], [ -72.434492873099501, -35.3301228118195 ], [ -72.434459476824102, -35.330021236377497 ], [ -72.434417967272196, -35.3299341975044 ], [ -72.434446989488507, -35.329795081768097 ], [ -72.4344574539966, -35.329726902857303 ], [ -72.434432743039906, -35.329492020359901 ], [ -72.434462116472801, -35.329224801775403 ], [ -72.434508667910805, -35.329034615564098 ], [ -72.434530459732997, -35.328906899595097 ], [ -72.434515516629602, -35.3286823422699 ], [ -72.434627491210506, -35.328664255120003 ], [ -72.434726930540904, -35.328607780157398 ], [ -72.434813958343696, -35.3285158931144 ], [ -72.434893571554795, -35.328334805237901 ], [ -72.435068966519594, -35.328010914573298 ], [ -72.435196430342899, -35.327843367765297 ], [ -72.435222715092095, -35.3277770511285 ], [ -72.435170348928196, -35.327742776639099 ], [ -72.4350905388972, -35.327661595478702 ], [ -72.434931824906002, -35.327606502314701 ], [ -72.434891056298099, -35.327640063869602 ], [ -72.434796451724694, -35.327611106207797 ], [ -72.434688330821402, -35.327600247810203 ], [ -72.434556831001004, -35.327682737130999 ], [ -72.434462514849102, -35.3276883996853 ], [ -72.434407421818406, -35.327761495725298 ], [ -72.434284574585703, -35.327866323429802 ], [ -72.434245739852898, -35.327977220073201 ], [ -72.434171764183802, -35.328036432729299 ], [ -72.434036884499605, -35.3281147785966 ], [ -72.433926422952197, -35.328168586299 ], [ -72.433866562686006, -35.3282149938887 ], [ -72.4338119729547, -35.328299997648301 ], [ -72.433532403146202, -35.328310927097199 ], [ -72.4334025181047, -35.3283354826928 ], [ -72.433237412470007, -35.3283744144438 ], [ -72.432945463222396, -35.328363379180502 ], [ -72.432655730840395, -35.328306046407 ], [ -72.432483621391697, -35.328278154577497 ], [ -72.432314262222803, -35.3282293207725 ], [ -72.432241739893598, -35.328234363064702 ], [ -72.432149670253494, -35.328207175933699 ], [ -72.431959882459296, -35.328105275526397 ], [ -72.431873565616996, -35.328042159612501 ], [ -72.431793274266994, -35.328035500127697 ], [ -72.431692952788396, -35.328071136018004 ], [ -72.431622067919704, -35.328114875696102 ], [ -72.431575602157693, -35.328134078644702 ], [ -72.431508959604599, -35.328106168457701 ], [ -72.4314791234344, -35.328002702078997 ], [ -72.431485546045806, -35.327916462789702 ], [ -72.431451662175903, -35.327869365176099 ], [ -72.431425227856707, -35.327846272634197 ], [ -72.431373491722596, -35.327826880060996 ], [ -72.431304476847302, -35.327828841092 ], [ -72.431217922259805, -35.327873721469203 ], [ -72.431158319301503, -35.327898562985297 ], [ -72.431055497868201, -35.3279610922892 ], [ -72.430959689659801, -35.328017461105603 ], [ -72.430872763851198, -35.3280258919171 ], [ -72.430792668839302, -35.327980954984 ], [ -72.430731646375406, -35.327956881314897 ], [ -72.430609006503801, -35.327894796378501 ], [ -72.430388525629695, -35.327755021042897 ], [ -72.430326503873999, -35.327664390909199 ], [ -72.430273957701502, -35.327588893241497 ], [ -72.430210433234194, -35.327523721037501 ], [ -72.430078438249296, -35.327388299310797 ], [ -72.429993111898497, -35.327262565827702 ], [ -72.429949379310898, -35.327174396123702 ], [ -72.4299043879832, -35.3270564591039 ], [ -72.429858766215702, -35.326923636641403 ], [ -72.429834832853103, -35.326873649769702 ], [ -72.429800253005595, -35.3268299264194 ], [ -72.429681121711695, -35.326764760687801 ], [ -72.429559113824297, -35.326717559078503 ], [ -72.429447896506105, -35.326709158401897 ], [ -72.429426933801693, -35.326681881835 ], [ -72.429247804413095, -35.326606004252803 ], [ -72.429267294427802, -35.326524669303701 ], [ -72.429299338607905, -35.326422426068603 ], [ -72.429317986307396, -35.326347386181503 ], [ -72.429379843841403, -35.326262178858997 ], [ -72.429428917217095, -35.326132628169603 ], [ -72.429413255337906, -35.326106250006902 ], [ -72.429328956390194, -35.326090761346897 ], [ -72.429239280233702, -35.326120130808903 ], [ -72.429162138399306, -35.326187890420698 ], [ -72.429067840997703, -35.326279979931002 ], [ -72.428975345408105, -35.326279834370297 ], [ -72.428880954764495, -35.326246541222503 ], [ -72.428839866724999, -35.326220884018902 ], [ -72.428895215771902, -35.326153744287502 ], [ -72.428957451149699, -35.326077466821097 ], [ -72.429041858205807, -35.326009501943801 ], [ -72.4290569066237, -35.325951356448201 ], [ -72.429016415433296, -35.325923792627897 ], [ -72.428956536132802, -35.325883767499398 ], [ -72.428878763912095, -35.325936642398801 ], [ -72.428783963077393, -35.326016824579 ], [ -72.428718184136201, -35.326103337881698 ], [ -72.4286612097236, -35.3261359066382 ], [ -72.428583212033502, -35.326171544119802 ], [ -72.4285053145652, -35.3262214422206 ], [ -72.428458471476304, -35.326231712490802 ], [ -72.428378182060499, -35.326225051513603 ], [ -72.428316180688398, -35.326220850530497 ], [ -72.428253676033606, -35.326204742395497 ], [ -72.428186910304206, -35.326173853656101 ], [ -72.428134422107803, -35.326136598422003 ], [ -72.428056678235095, -35.326099416666999 ], [ -72.428012988294896, -35.326068516203399 ], [ -72.427949750343004, -35.326017855824503 ], [ -72.427911470745201, -35.326007021008699 ], [ -72.427869580582694, -35.325979598333802 ], [ -72.4277889087803, -35.325929433627998 ], [ -72.427717155351999, -35.325883783750598 ], [ -72.427666647848497, -35.325858990056503 ], [ -72.427657025055396, -35.325837803924998 ], [ -72.427667943621501, -35.325820803684202 ], [ -72.427702813867498, -35.325819813941401 ], [ -72.427731571230396, -35.325811845211 ], [ -72.427747899292896, -35.325785154472797 ], [ -72.427755005999003, -35.325746803162197 ], [ -72.427764013420799, -35.325684555081097 ], [ -72.427737747023599, -35.3256137712673 ], [ -72.427709983624894, -35.325576410606203 ], [ -72.427670295307905, -35.325532235020702 ], [ -72.427621097398102, -35.325538399436702 ], [ -72.427563382719498, -35.325549575385999 ], [ -72.427509255611298, -35.325573102579597 ], [ -72.427482080839994, -35.325639338431102 ], [ -72.427451846144905, -35.325697410125798 ], [ -72.427405096212098, -35.325728122797202 ], [ -72.427394780291294, -35.325759411785498 ], [ -72.427394792570198, -35.325828556343502 ], [ -72.427396805223694, -35.325876185768102 ], [ -72.427445211707095, -35.325920114006102 ], [ -72.427446821835801, -35.325958217003098 ], [ -72.427442921800704, -35.326003629774803 ], [ -72.427412366387102, -35.326037877655303 ], [ -72.427333907547506, -35.326040104401599 ], [ -72.427228592079103, -35.326026402950902 ], [ -72.427165959509196, -35.325990031740403 ], [ -72.427152121548104, -35.325937968976902 ], [ -72.427138137424905, -35.325904722922502 ], [ -72.427072869299707, -35.325921780384498 ], [ -72.4269417082415, -35.325909644803801 ], [ -72.426782259302698, -35.325860245083902 ], [ -72.426728947744294, -35.325837915018703 ], [ -72.426665917093501, -35.325792554971301 ], [ -72.426496669369001, -35.325738271071003 ], [ -72.426220824270104, -35.325604204800797 ], [ -72.4258481414915, -35.325372927684199 ], [ -72.425628873657601, -35.325209861579999 ], [ -72.425478150369401, -35.3250853830897 ], [ -72.425359934177607, -35.324903951961502 ], [ -72.425212107549797, -35.3247102459788 ], [ -72.425085124271405, -35.324527870966101 ], [ -72.425008055275697, -35.324425146595303 ], [ -72.424992811273299, -35.324339743600397 ], [ -72.424961440752298, -35.324285793298401 ], [ -72.4249396720124, -35.3241147400065 ], [ -72.4249372475782, -35.323988440230799 ], [ -72.424962384665506, -35.323894738609397 ], [ -72.424948277082507, -35.3236984320544 ], [ -72.424981105231296, -35.323442378597399 ], [ -72.425005124921299, -35.323253336361297 ], [ -72.425015802388998, -35.322954993422599 ], [ -72.425054018747701, -35.322895493791698 ], [ -72.425076048448403, -35.3227971122474 ], [ -72.425078843742, -35.322725503520601 ], [ -72.425060794725098, -35.322642563628598 ], [ -72.425062192400702, -35.322606759714603 ], [ -72.425045552259405, -35.3225571605727 ], [ -72.425046949943507, -35.3225213566581 ], [ -72.425062574446798, -35.322477994965098 ], [ -72.425063569933698, -35.322432665496898 ], [ -72.425068274589506, -35.322406303852702 ], [ -72.4250925163076, -35.322360314201703 ], [ -72.425102429519498, -35.322319499847801 ], [ -72.425089198132795, -35.322281726360501 ], [ -72.425035788860001, -35.322257013763199 ], [ -72.424981183008498, -35.322272868284301 ], [ -72.424947621265304, -35.322304815434897 ], [ -72.424932700520699, -35.322364846611897 ], [ -72.424927602479002, -35.322450827438502 ], [ -72.424908278574904, -35.322544363296203 ], [ -72.424855205339696, -35.322609857873601 ], [ -72.424817707421894, -35.3226041553729 ], [ -72.424749467842204, -35.322572710724501 ], [ -72.424633395289305, -35.322556257881701 ], [ -72.4245544798856, -35.322571086658598 ], [ -72.424510894226799, -35.322572322586801 ], [ -72.424427430910896, -35.322593764079002 ], [ -72.424369718786707, -35.322604937479902 ], [ -72.424278141863596, -35.322640914825399 ], [ -72.424144184323197, -35.322706705522698 ], [ -72.424026264060501, -35.3228078056733 ], [ -72.423872259096299, -35.322812171951803 ], [ -72.423781577327006, -35.322800436931601 ], [ -72.4237252160503, -35.322757364325099 ], [ -72.423579736319098, -35.322730136320097 ], [ -72.423501399854302, -35.322641476936901 ], [ -72.423409512270794, -35.3226011640145 ], [ -72.423340871144205, -35.322560192067797 ], [ -72.423269123143399, -35.322514539213302 ], [ -72.423142960295706, -35.322420358500501 ], [ -72.422909269723604, -35.322190934343197 ], [ -72.422723185158901, -35.322055533779398 ], [ -72.422607750919695, -35.322008734146102 ], [ -72.422477416188002, -35.3219964493235 ], [ -72.422332616602404, -35.3219517846779 ], [ -72.422227675415002, -35.321934640054302 ], [ -72.422165496137495, -35.321930309270698 ], [ -72.422117218114906, -35.3218974575611 ], [ -72.422045471398604, -35.321851804802499 ], [ -72.421979133626806, -35.321796460865301 ], [ -72.421931436837298, -35.3217691996215 ], [ -72.421855787158094, -35.321768959521897 ], [ -72.421806453995501, -35.321775030721597 ], [ -72.421702078015201, -35.321711322019802 ], [ -72.421591552606799, -35.321642923887097 ], [ -72.421451894085493, -35.321573562201202 ], [ -72.4212695248969, -35.321474414908501 ], [ -72.421071622327403, -35.321351863556103 ], [ -72.420831885748399, -35.321204290189499 ], [ -72.420674689278201, -35.321079968740001 ], [ -72.420500456184101, -35.320915020468803 ], [ -72.420358411219098, -35.320737237977902 ], [ -72.420224635659096, -35.320583065807902 ], [ -72.419998543682098, -35.320309309487797 ], [ -72.419875728685795, -35.320156316121803 ], [ -72.419760107726802, -35.319915197199997 ], [ -72.419678060048795, -35.3197864520438 ], [ -72.419642235995795, -35.319706926087598 ], [ -72.419570340147203, -35.319640412304899 ], [ -72.419515839746296, -35.319382660013503 ], [ -72.419459902637499, -35.319177105727 ], [ -72.419470409877604, -35.318995002702401 ], [ -72.419518742129796, -35.318847594886698 ], [ -72.419491547654403, -35.318633775093097 ], [ -72.419421529258997, -35.3185254824891 ], [ -72.419292771129307, -35.318403951262802 ], [ -72.419184681998402, -35.318341442013697 ], [ -72.419059625266399, -35.318307727476501 ], [ -72.418937384907196, -35.318254559925002 ], [ -72.4188533465408, -35.318245017429199 ], [ -72.418714828419297, -35.318237017018902 ], [ -72.418513688049799, -35.318209926201703 ], [ -72.418325946837598, -35.318155631847603 ], [ -72.418178910225095, -35.318118067816698 ], [ -72.418005948054798, -35.318069314952403 ], [ -72.417800924638996, -35.318036371636403 ], [ -72.417746291140205, -35.318098678482002 ], [ -72.417671676622604, -35.318075794425297 ], [ -72.417576613314907, -35.3179771506938 ], [ -72.417491948346793, -35.317952722461598 ], [ -72.417313222603795, -35.3178534656737 ], [ -72.417213528504107, -35.317817541020503 ], [ -72.417106320364994, -35.317775867694401 ], [ -72.417058351912303, -35.317759342210003 ], [ -72.4170088790368, -35.317707094875502 ], [ -72.416881998290606, -35.3174573500254 ], [ -72.4166766544013, -35.3171576672719 ], [ -72.416493917777402, -35.3168767168846 ], [ -72.416426157796195, -35.316735574214199 ], [ -72.4164757542177, -35.316577999045499 ], [ -72.4164862725315, -35.316430357964997 ], [ -72.416555704530097, -35.316260127177898 ], [ -72.416550799702506, -35.316231402616502 ], [ -72.416510849388303, -35.316206699115902 ], [ -72.416471050247495, -35.316177229586401 ], [ -72.416384727114703, -35.316146764571101 ], [ -72.416303309869406, -35.3161450240367 ], [ -72.416302550891402, -35.316168856903303 ], [ -72.416100170370896, -35.316493650195603 ], [ -72.416030027829805, -35.316522698696502 ], [ -72.416103784996196, -35.316592691079499 ], [ -72.416123322939796, -35.316624923629199 ], [ -72.416153883275797, -35.3166598236512 ], [ -72.416155888656803, -35.316707453708403 ], [ -72.416126835389804, -35.316794707700197 ], [ -72.416058582686802, -35.316900952163301 ], [ -72.415970104393807, -35.3170450244723 ], [ -72.415897217027407, -35.317127556996702 ], [ -72.415804153596795, -35.317200415693897 ] ] ] } },
{ "type": "Feature", "properties": { "id": "monoparte.4", "Name": null, "description": null, "timestamp": null, "begin": null, "end": null, "altitudeMode": null, "tessellate": -1, "extrude": 0, "visibility": -1, "drawOrder": null, "icon": null, "SECTOR": "Constitución", "REG": "Maule", "COM": "Constitución", "LOC": "Constitución", "ZONA": "E4", "NOM": "E4 Área Especial de protección de la ribera del Río Maule, por alto riesgo para asentamientos humanos.", "UPERM": "Uso asimilable a Área Verde.", "UPROH": "Todos los no mencionados como permitidos.", "P_DO": "04/12/1987", "N_DOC": "189", "T_DO": "Decreto", "OBS": null }, "geometry": { "type": "Polygon", "coordinates": [ [ [ -72.403627681571194, -35.3353384116635 ], [ -72.403564689000206, -35.335397412038901 ], [ -72.403500644025698, -35.335465978163398 ], [ -72.4033896904524, -35.335595474787098 ], [ -72.403261907351094, -35.335670607113698 ], [ -72.403121090967602, -35.335781870224899 ], [ -72.403001218164604, -35.335906849827801 ], [ -72.402921332720197, -35.336014011962 ], [ -72.402843854907999, -35.336109184698998 ], [ -72.402730400758699, -35.336179142827902 ], [ -72.402651523330306, -35.336240973970099 ], [ -72.402555714729701, -35.336246058237897 ], [ -72.402488761756004, -35.336314705803403 ], [ -72.402361675125306, -35.336406508060101 ], [ -72.402279640840902, -35.336462466720498 ], [ -72.402149347388203, -35.336547204778199 ], [ -72.402074283594601, -35.336561242103002 ], [ -72.401981580869105, -35.336571006478302 ], [ -72.401954615425097, -35.336621837589597 ], [ -72.401909459313401, -35.336689870751997 ], [ -72.401835084945105, -35.336789724410799 ], [ -72.401762019249404, -35.336851391268603 ], [ -72.401658089751507, -35.336871008709402 ], [ -72.401580918340102, -35.336904179156697 ], [ -72.401453838760006, -35.336926833958401 ], [ -72.401338583853303, -35.336953923603801 ], [ -72.401253991458105, -35.337018299339803 ], [ -72.401130308275597, -35.337121925094401 ], [ -72.400996807405903, -35.337199599761803 ], [ -72.400946191547405, -35.337241559776899 ], [ -72.400902486421202, -35.337309551722299 ], [ -72.400831725592695, -35.337356847139802 ], [ -72.400664756013697, -35.337399699565502 ], [ -72.400543588255601, -35.337424570517697 ], [ -72.400419404112597, -35.337516288180197 ], [ -72.400285391365401, -35.337651200467 ], [ -72.400135554316506, -35.337720989465197 ], [ -72.399955249228498, -35.337792827531302 ], [ -72.399815533507606, -35.337861138911997 ], [ -72.399728331946605, -35.337932739639498 ], [ -72.399497608592796, -35.3380512999559 ], [ -72.399399180799193, -35.338132753546603 ], [ -72.399303758173801, -35.338216507843001 ], [ -72.399141288920305, -35.338297380546798 ], [ -72.3990219164737, -35.338365117460199 ], [ -72.398949984861403, -35.338354236725799 ], [ -72.398879147490604, -35.338384907607001 ], [ -72.398722995944198, -35.338555218295099 ], [ -72.398602225090897, -35.338589614114099 ], [ -72.398568957039799, -35.3385595540135 ], [ -72.398538084994698, -35.3385866504535 ], [ -72.398451280846103, -35.338667777050098 ], [ -72.398273767156994, -35.338806296050002 ], [ -72.3981298321265, -35.338912873331203 ], [ -72.398000229001497, -35.339014279060699 ], [ -72.397896184949104, -35.339100658505998 ], [ -72.397763501020194, -35.339197977394797 ], [ -72.397653998667707, -35.339258282720898 ], [ -72.397551457141901, -35.339345811847302 ], [ -72.3974729779641, -35.339382593287297 ], [ -72.397371389291607, -35.339458173940201 ], [ -72.397244080787701, -35.339614353860902 ], [ -72.397209041301394, -35.339680908514197 ], [ -72.397140786233393, -35.3397013081754 ], [ -72.397064003002797, -35.339778575170598 ], [ -72.396961415518007, -35.339830339660502 ], [ -72.396880384602596, -35.339840964998999 ], [ -72.396823652244194, -35.339875941093503 ], [ -72.396645328364002, -35.3400299788632 ], [ -72.396503042977699, -35.340141276867499 ], [ -72.396401652003505, -35.3402216201548 ], [ -72.3963043291579, -35.340260122257703 ], [ -72.396216269958998, -35.340328764548701 ], [ -72.396116845102796, -35.340351828282202 ], [ -72.396077244901804, -35.340413742844198 ], [ -72.396034755647506, -35.340508688876703 ], [ -72.395939951887797, -35.340609543600401 ], [ -72.395867538899907, -35.340664531805501 ], [ -72.395821121969803, -35.340690376898401 ], [ -72.395787856793703, -35.340734738729303 ], [ -72.395755479075703, -35.340816565893597 ], [ -72.395705931827905, -35.3408007921253 ], [ -72.395657469568306, -35.340769251664803 ], [ -72.395602486680701, -35.3407819822975 ], [ -72.3955548111566, -35.3408193480454 ], [ -72.395503990664807, -35.340856542681301 ], [ -72.395476318976407, -35.3409045302284 ], [ -72.395439349092001, -35.341147341863199 ], [ -72.395418832491998, -35.341199421343802 ], [ -72.395374721659707, -35.341244256578598 ], [ -72.395317950416697, -35.341276609802897 ], [ -72.395204038259493, -35.341323486187299 ], [ -72.394908676411305, -35.341524922780202 ], [ -72.394844533184198, -35.3415943434619 ], [ -72.394839866997202, -35.341599394123499 ], [ -72.3948218229324, -35.341618923267902 ], [ -72.394760829289893, -35.341705043176098 ], [ -72.394674889144, -35.341737502489302 ], [ -72.394549125106096, -35.341769874696702 ], [ -72.394404572106197, -35.341920584435996 ], [ -72.394265644645102, -35.342032063108199 ], [ -72.394050249057798, -35.342213439945702 ], [ -72.393816251608598, -35.342430188286301 ], [ -72.393698904551499, -35.3424546865729 ], [ -72.393643717601506, -35.342497886011301 ], [ -72.393542386075097, -35.342510271109099 ], [ -72.393489469892103, -35.342497452337703 ], [ -72.393455105225499, -35.342441194102399 ], [ -72.3933791489182, -35.342445798938002 ], [ -72.3933569887338, -35.342456053403602 ], [ -72.393343325047098, -35.3424736451841 ], [ -72.393316995814104, -35.342569061686604 ], [ -72.393555768553099, -35.342657436636699 ], [ -72.393690499439899, -35.342595307402597 ], [ -72.393817989499098, -35.3425821869114 ], [ -72.393937272895499, -35.342512072013399 ], [ -72.394184474452402, -35.342300069982599 ], [ -72.394274692084295, -35.342230772737103 ], [ -72.394349664215596, -35.342214359094903 ], [ -72.394392578441995, -35.342127316589803 ], [ -72.394494620908105, -35.3420624548286 ], [ -72.3945742095177, -35.342017299243103 ], [ -72.394642769560306, -35.341986759685099 ], [ -72.394664426459101, -35.341948000839601 ], [ -72.3946686430982, -35.341909733226402 ], [ -72.394743016436394, -35.341879030173402 ], [ -72.394814996066003, -35.341791170336201 ], [ -72.394841268320405, -35.3417236696746 ], [ -72.394861927711901, -35.341661095792901 ], [ -72.394845957600793, -35.341599809536902 ], [ -72.394898017134494, -35.341619547531799 ], [ -72.394974085677006, -35.341629330225899 ], [ -72.395023296820696, -35.341623177552698 ], [ -72.395164433823098, -35.3415190669335 ], [ -72.395306867194506, -35.3414459162057 ], [ -72.395430963465103, -35.341351821515403 ], [ -72.395491002052296, -35.341326290099197 ], [ -72.395566172537698, -35.341314638218002 ], [ -72.395590735552901, -35.341275798394697 ], [ -72.395588441171697, -35.341221023373102 ], [ -72.395603286512596, -35.341158612885401 ], [ -72.395644888308496, -35.341109755938497 ], [ -72.395661728752998, -35.341094976328499 ], [ -72.395729776228407, -35.341121674624397 ], [ -72.395757430591303, -35.341156662349498 ], [ -72.395781381289893, -35.341172679253603 ], [ -72.395813452338899, -35.341174160865997 ], [ -72.395853146084406, -35.341149201457803 ], [ -72.396096533814102, -35.340915843526197 ], [ -72.396272517880007, -35.340744109438901 ], [ -72.396346335493206, -35.340595991975597 ], [ -72.396417766244696, -35.340477746764897 ], [ -72.396499207348199, -35.340424788739597 ], [ -72.396567238699106, -35.3403990310767 ], [ -72.396628393209596, -35.340295976499299 ], [ -72.396786145080398, -35.340154438994801 ], [ -72.396897164158602, -35.3400261384541 ], [ -72.397088984094594, -35.339916426540597 ], [ -72.397261016994193, -35.339768526353602 ], [ -72.397439441440099, -35.339599583214799 ], [ -72.397587850782799, -35.339495562676099 ], [ -72.398006512579201, -35.339200641641703 ], [ -72.398713526217406, -35.338712816557702 ], [ -72.398876152074706, -35.338600943518202 ], [ -72.3989894122724, -35.338526225348403 ], [ -72.399184859517305, -35.338416409047497 ], [ -72.399523634483103, -35.338211654057503 ], [ -72.399627117891598, -35.338164033744398 ], [ -72.399653935505597, -35.338109631447999 ], [ -72.399867919614394, -35.338008232633598 ], [ -72.400123126120107, -35.3378490452899 ], [ -72.4003899797342, -35.337707412147502 ], [ -72.400731876489502, -35.337533859836597 ], [ -72.401062123550204, -35.337342752917003 ], [ -72.401444670932904, -35.337141230506397 ], [ -72.401538502901005, -35.337123684700501 ], [ -72.401668351923703, -35.337097674247801 ], [ -72.401728862604202, -35.337066165348503 ], [ -72.401778099634399, -35.337026032673798 ], [ -72.401866675001102, -35.336969889149501 ], [ -72.402070388984299, -35.3367972468969 ], [ -72.402679382764603, -35.3364015738793 ], [ -72.403531992315294, -35.335700989545103 ], [ -72.403935585898395, -35.335351335922098 ], [ -72.404127997105107, -35.335387876242699 ], [ -72.404743902656904, -35.334520594348596 ], [ -72.404720157493401, -35.3345386653383 ], [ -72.404640179987098, -35.334608874402299 ], [ -72.404467445559803, -35.334756804318502 ], [ -72.404364920561207, -35.334809766218001 ], [ -72.404215491335407, -35.334889085591499 ], [ -72.404112965956102, -35.334942046394403 ], [ -72.404054033737197, -35.334993779105901 ], [ -72.403921309520399, -35.335137297425199 ], [ -72.403896624817506, -35.3351949242983 ], [ -72.403841603129393, -35.335235816519997 ], [ -72.403751105267204, -35.335263402754798 ], [ -72.403627681571194, -35.3353384116635 ] ] ] } },
{ "type": "Feature", "properties": { "id": "monoparte.5", "Name": null, "description": null, "timestamp": null, "begin": null, "end": null, "altitudeMode": null, "tessellate": -1, "extrude": 0, "visibility": -1, "drawOrder": null, "icon": null, "SECTOR": "Constitución", "REG": "Maule", "COM": "Constitución", "LOC": "Constitución", "ZONA": "E4", "NOM": "E4 Área Especial de protección de la ribera del Río Maule, por alto riesgo para asentamientos humanos.", "UPERM": "Uso asimilable a Área Verde.", "UPROH": "Todos los no mencionados como permitidos.", "P_DO": "04/12/1987", "N_DOC": "189", "T_DO": "Decreto", "OBS": null }, "geometry": { "type": "Polygon", "coordinates": [ [ [ -72.407308836719096, -35.324923231749302 ], [ -72.407209162487803, -35.324940276912798 ], [ -72.407128935081403, -35.324936552134801 ], [ -72.407163877481494, -35.324989213494199 ], [ -72.407358180731904, -35.325003329975097 ], [ -72.407321563294104, -35.325106961509299 ], [ -72.407284608719607, -35.3251795340245 ], [ -72.407276582051296, -35.325334742629501 ], [ -72.407244941955895, -35.325533832765899 ], [ -72.4072359204403, -35.325578794029497 ], [ -72.407218758305206, -35.325603121226699 ], [ -72.407217002002596, -35.325647877510796 ], [ -72.407162134650406, -35.325726915674402 ], [ -72.407085348653695, -35.3258035929519 ], [ -72.407010812179607, -35.325933853900203 ], [ -72.407022078824994, -35.326028908908199 ], [ -72.407029352441498, -35.326106048785199 ], [ -72.406935769409699, -35.326138639113204 ], [ -72.4069386453764, -35.3262071077028 ], [ -72.406951543443299, -35.3262544307102 ], [ -72.406940640170703, -35.326341169825099 ], [ -72.406892037151593, -35.3263961890639 ], [ -72.406839550733196, -35.326445355738898 ], [ -72.406829766756999, -35.326645319728001 ], [ -72.406834248525598, -35.326831969391201 ], [ -72.406779395539502, -35.327006955702899 ], [ -72.406728904130205, -35.327129887590203 ], [ -72.406693958169697, -35.327312776918298 ], [ -72.406669321781806, -35.327355176861303 ], [ -72.406624952345695, -35.327468700886001 ], [ -72.406604456532094, -35.327563657935499 ], [ -72.406664931598499, -35.327674662313598 ], [ -72.406706588237995, -35.3278281917543 ], [ -72.406722361449397, -35.327880998351901 ], [ -72.406703084540396, -35.327937823433203 ], [ -72.406689167146496, -35.328009071839602 ], [ -72.4067104516662, -35.328071536634702 ], [ -72.406771080093506, -35.328177774863697 ], [ -72.406809812230904, -35.3284228224123 ], [ -72.406851800518396, -35.328748073548098 ], [ -72.406881489159701, -35.328950226665697 ], [ -72.406866446486603, -35.329111593443599 ], [ -72.4068431826026, -35.329207276550001 ], [ -72.406975724221198, -35.3289834974589 ], [ -72.407049088904998, -35.3287906801472 ], [ -72.407051499759504, -35.328709545265099 ], [ -72.407024849675494, -35.328629229382699 ], [ -72.406979973153298, -35.328392062930597 ], [ -72.4069477209447, -35.328178382373103 ], [ -72.406888620355005, -35.327879623405401 ], [ -72.406838332626094, -35.327652146532202 ], [ -72.406846765263097, -35.327437318140603 ], [ -72.406879446386796, -35.327245649553703 ], [ -72.406888879337799, -35.327054636823902 ], [ -72.406916548301993, -35.326882184557803 ], [ -72.406963763761397, -35.326620959620101 ], [ -72.406982208860597, -35.326505991457097 ], [ -72.407040538194295, -35.326370823134603 ], [ -72.407097265654201, -35.3261975510176 ], [ -72.407167217945599, -35.326062054724297 ], [ -72.4072241461229, -35.3258935449497 ], [ -72.407297908213593, -35.325710254221597 ], [ -72.407389715333593, -35.325402469510799 ], [ -72.407425796267702, -35.325291772652299 ], [ -72.407457865734401, -35.325224105989598 ], [ -72.407551272574096, -35.3249544249976 ], [ -72.407694784605795, -35.3246308751865 ], [ -72.407779367366899, -35.324428203939803 ], [ -72.407658748280497, -35.3244006047601 ], [ -72.407590526151097, -35.324454112367803 ], [ -72.407538664505793, -35.324561380434602 ], [ -72.407308836719096, -35.324923231749302 ] ] ] } },
{ "type": "Feature", "properties": { "id": "monoparte.6", "Name": null, "description": null, "timestamp": null, "begin": null, "end": null, "altitudeMode": null, "tessellate": -1, "extrude": 0, "visibility": -1, "drawOrder": null, "icon": null, "SECTOR": "Constitución", "REG": "Maule", "COM": "Constitución", "LOC": "Constitución", "ZONA": "E4", "NOM": "E4 Área Especial de protección de la ribera del Río Maule, por alto riesgo para asentamientos humanos.", "UPERM": "Uso asimilable a Área Verde.", "UPROH": "Todos los no mencionados como permitidos.", "P_DO": "04/12/1987", "N_DOC": "189", "T_DO": "Decreto", "OBS": null }, "geometry": { "type": "Polygon", "coordinates": [ [ [ -72.407850580832005, -35.323978848671203 ], [ -72.407846716870097, -35.324036977327196 ], [ -72.4082025483537, -35.323975160386901 ], [ -72.408363875184094, -35.323937226535897 ], [ -72.408619189959893, -35.323920483614003 ], [ -72.408705764807493, -35.323903734065901 ], [ -72.408751257158997, -35.3238786070361 ], [ -72.408790538190701, -35.323844117397698 ], [ -72.408805371158095, -35.323781705887299 ], [ -72.408814592239494, -35.323724221734601 ], [ -72.408806579575099, -35.323671992981502 ], [ -72.408817602033594, -35.323657374988997 ], [ -72.408880729385402, -35.323636519100297 ], [ -72.408926222594502, -35.323611391084 ], [ -72.408953078736104, -35.323558178091197 ], [ -72.408994568542994, -35.323437790232099 ], [ -72.409038218964398, -35.323368842858002 ], [ -72.409064274270506, -35.323296577524196 ], [ -72.409107165021894, -35.323209530978801 ], [ -72.409127809662195, -35.323146955379798 ], [ -72.409114384126298, -35.323104416457902 ], [ -72.409100559376398, -35.323052351790899 ], [ -72.409104970159007, -35.323018846387399 ], [ -72.409144449731102, -35.322989119998297 ], [ -72.409155473179595, -35.322974502851302 ], [ -72.409170105573097, -35.322907328007801 ], [ -72.409202372954397, -35.322844424299902 ], [ -72.409216604994398, -35.322767724642297 ], [ -72.409236648937494, -35.322690860015697 ], [ -72.409250680703707, -35.322609396150298 ], [ -72.409271123867299, -35.322542058162099 ], [ -72.409268321375293, -35.322475375487002 ], [ -72.409247483681298, -35.322394896867202 ], [ -72.409244481075703, -35.322323451783298 ], [ -72.4092593135085, -35.322261040239397 ], [ -72.409250299894396, -35.322184995884903 ], [ -72.409189381540003, -35.322119953760897 ], [ -72.409175155543196, -35.3220583634075 ], [ -72.409218445954096, -35.321980842563597 ], [ -72.409245279601606, -35.321726330961603 ], [ -72.409216165753307, -35.3218434371489 ], [ -72.409158376098404, -35.321869058348 ], [ -72.409040385223804, -35.322003528107103 ], [ -72.408940429421406, -35.322134506739502 ], [ -72.408884314997096, -35.3221837775246 ], [ -72.408814047055102, -35.322242389124 ], [ -72.4088136675621, -35.322319890889197 ], [ -72.408772957292598, -35.322389588768402 ], [ -72.408671750866105, -35.322490799215501 ], [ -72.408579121452107, -35.3226230622152 ], [ -72.408466136363401, -35.322790173606002 ], [ -72.408402876712699, -35.322929058397001 ], [ -72.408317568143005, -35.3231490366312 ], [ -72.408250050642806, -35.323273138973398 ], [ -72.4081343075989, -35.3234611907586 ], [ -72.408052635821207, -35.323594633787501 ], [ -72.408036483268404, -35.323719972869398 ], [ -72.407964574245298, -35.323749120823003 ], [ -72.407927620780796, -35.323821693481499 ], [ -72.407850580832005, -35.323978848671203 ] ] ] } },
{ "type": "Feature", "properties": { "id": "monoparte.7", "Name": null, "description": null, "timestamp": null, "begin": null, "end": null, "altitudeMode": null, "tessellate": -1, "extrude": 0, "visibility": -1, "drawOrder": null, "icon": null, "SECTOR": "Constitución", "REG": "Maule", "COM": "Constitución", "LOC": "Constitución", "ZONA": "ZE4", "NOM": "ZE4 Camping Potrerillos", "UPERM": "Equipamiento de Escala Interurbana, comunal y vecinal. Camping o zonas de Picnic, Deportes, Áreas Verdes", "UPROH": "Todos los no mencionados como permitidos.", "P_DO": "04/12/1987", "N_DOC": "189", "T_DO": "Decreto", "OBS": null }, "geometry": { "type": "Polygon", "coordinates": [ [ [ -72.439239618361796, -35.348997394881899 ], [ -72.439379797912096, -35.349012117448098 ], [ -72.439237844607604, -35.348828165007902 ], [ -72.439070274601207, -35.348582586916002 ], [ -72.438897890673402, -35.3483264156649 ], [ -72.438756330248395, -35.348076519524099 ], [ -72.438614922322799, -35.347830195513403 ], [ -72.438505551034893, -35.347618723790802 ], [ -72.438383368097305, -35.347311052088997 ], [ -72.438303153132907, -35.347066561519298 ], [ -72.438247843803595, -35.346894678427397 ], [ -72.438167292177496, -35.346539326783599 ], [ -72.438071085039894, -35.346123621041599 ], [ -72.4380048266203, -35.345796474674799 ], [ -72.437942053800597, -35.345551486164403 ], [ -72.4378742395877, -35.345290548380603 ], [ -72.437825304285397, -35.345063048218599 ], [ -72.437757870825294, -35.344811039824101 ], [ -72.437702303650198, -35.344530081914698 ], [ -72.437602803757301, -35.344139505146998 ], [ -72.437464984473195, -35.343565831781902 ], [ -72.437369088703207, -35.343157269630602 ], [ -72.437282974242805, -35.342773463815703 ], [ -72.437161572315105, -35.342278003955201 ], [ -72.437064619860706, -35.341844435672698 ], [ -72.4369637642789, -35.341421708396901 ], [ -72.436913168792401, -35.341154914157997 ], [ -72.436862075865506, -35.340979334327301 ], [ -72.436852600056497, -35.340961721575901 ], [ -72.436513765854002, -35.340999977598102 ], [ -72.436069706397802, -35.341056767654997 ], [ -72.436148995619902, -35.341652328983798 ], [ -72.436201026421301, -35.342193277493898 ], [ -72.436203907645904, -35.3426044880554 ], [ -72.436133876543906, -35.343011813454098 ], [ -72.436094875692405, -35.343293079254501 ], [ -72.436054412807493, -35.343711484459597 ], [ -72.436050480702605, -35.343961948372197 ], [ -72.436036758112493, -35.3441530832472 ], [ -72.436079398971003, -35.344300888865 ], [ -72.436189382814803, -35.344664344991997 ], [ -72.436262351043396, -35.344841091204998 ], [ -72.436340621459706, -35.345142862875598 ], [ -72.436434181164799, -35.345462080864102 ], [ -72.436519213818499, -35.345751737639901 ], [ -72.436689479419201, -35.346164144573699 ], [ -72.436929365098607, -35.346845783745202 ], [ -72.437117198202799, -35.347329218757402 ], [ -72.437248808693994, -35.347516216017603 ], [ -72.437477662758994, -35.347766012220902 ], [ -72.437801741495804, -35.348030979797102 ], [ -72.438117039858696, -35.348260431564299 ], [ -72.438557387603197, -35.348522084907501 ], [ -72.438731593120906, -35.348684024514597 ], [ -72.439239618361796, -35.348997394881899 ] ] ] } },
{ "type": "Feature", "properties": { "id": "monoparte.8", "Name": null, "description": null, "timestamp": null, "begin": null, "end": null, "altitudeMode": null, "tessellate": -1, "extrude": 0, "visibility": -1, "drawOrder": null, "icon": null, "SECTOR": "Constitución", "REG": "Maule", "COM": "Constitución", "LOC": "Constitución", "ZONA": "E1", "NOM": "E1 Área Especial de alto riesgo para asentamientos, por posibles deslizamientos e inestabilidad y eventuales derrumbes.", "UPERM": "Uso asimilable a Área Verde.", "UPROH": "Todos los no mencionados como permitidos.", "P_DO": "04/12/1987", "N_DOC": "189", "T_DO": "Decreto", "OBS": null }, "geometry": { "type": "Polygon", "coordinates": [ [ [ -72.424633952209803, -35.3263461169024 ], [ -72.424354398830303, -35.326443456302798 ], [ -72.424044528388706, -35.326511850662698 ], [ -72.423634710456298, -35.326624803255903 ], [ -72.423317071894203, -35.3266814945787 ], [ -72.422943827060706, -35.326799369266503 ], [ -72.422794030050696, -35.326869183415901 ], [ -72.422774747994495, -35.326929337978903 ], [ -72.422780526816098, -35.327066272873502 ], [ -72.422745961557794, -35.327108978014202 ], [ -72.422616954608401, -35.327154359847199 ], [ -72.422303332603093, -35.327306307978603 ], [ -72.421924073920096, -35.327454154077301 ], [ -72.421537926292302, -35.3276111346023 ], [ -72.421325254678806, -35.327742337388599 ], [ -72.420977814592902, -35.327954847476398 ], [ -72.420514886834297, -35.328188510443098 ], [ -72.420101304302094, -35.328385009861002 ], [ -72.419494091651501, -35.328819461341503 ], [ -72.419316497370701, -35.329092726554201 ], [ -72.419041960895299, -35.329481991344103 ], [ -72.418693530178899, -35.330016407568003 ], [ -72.418564026816796, -35.330222741013699 ], [ -72.418802032082695, -35.330347140649401 ], [ -72.419014448948005, -35.330037125855299 ], [ -72.419282475851105, -35.329665927123798 ], [ -72.419482618679496, -35.329409906050202 ], [ -72.419691783052897, -35.329195354683698 ], [ -72.419979856367206, -35.328954725371901 ], [ -72.4203214200476, -35.328775168611102 ], [ -72.420726231824204, -35.328543152545102 ], [ -72.421249539727299, -35.328361425019402 ], [ -72.421773851007799, -35.328203510613498 ], [ -72.422132574570099, -35.328086050851397 ], [ -72.422348009161198, -35.328020337565199 ], [ -72.422476766406803, -35.327969002794603 ], [ -72.422647104233505, -35.327868801884897 ], [ -72.422917138054004, -35.327718089225101 ], [ -72.4230586660222, -35.327624665525597 ], [ -72.423150596422104, -35.327562451614803 ], [ -72.423447677754694, -35.327363284505701 ], [ -72.423682641956304, -35.3272433675006 ], [ -72.423891310333701, -35.327189765696602 ], [ -72.424151084163697, -35.327140673828602 ], [ -72.424374029881506, -35.327080705211102 ], [ -72.4248154226145, -35.327026462610597 ], [ -72.425282128162493, -35.327054951267002 ], [ -72.425713515882094, -35.327108283727704 ], [ -72.426051970561204, -35.327200015463198 ], [ -72.426428008621102, -35.327320483835997 ], [ -72.426777000247895, -35.327489405037902 ], [ -72.427342459261396, -35.327789279291402 ], [ -72.427431524046398, -35.3278314578817 ], [ -72.427837851860602, -35.327808003321799 ], [ -72.428251946805503, -35.327796248300899 ], [ -72.428367931657405, -35.327786994401002 ], [ -72.4284060174774, -35.3278276385075 ], [ -72.428394256455803, -35.327893541482197 ], [ -72.428368720945798, -35.327977717170498 ], [ -72.428329158183999, -35.328074213390302 ], [ -72.428360230528099, -35.328121017770002 ], [ -72.428421621347994, -35.328196764446702 ], [ -72.428497038476394, -35.328260192363203 ], [ -72.428478263846401, -35.328332254718497 ], [ -72.428399860994006, -35.328370245744303 ], [ -72.428309695793303, -35.328474138824198 ], [ -72.428268875477499, -35.328540865867303 ], [ -72.428210789126794, -35.328715378405199 ], [ -72.428216074129494, -35.328840404464401 ], [ -72.428215856613406, -35.329007312998002 ], [ -72.428301558799504, -35.329141978351899 ], [ -72.428391758125898, -35.329210946891102 ], [ -72.428585681252997, -35.329324656958399 ], [ -72.429302249653603, -35.329757329280604 ], [ -72.429959950816894, -35.330173787535898 ], [ -72.430149470322505, -35.330183305797398 ], [ -72.430170761973997, -35.330170779600202 ], [ -72.430243160357307, -35.3301627619025 ], [ -72.430306782280994, -35.330119229292201 ], [ -72.430347602606005, -35.330052500692503 ], [ -72.430381661129701, -35.329997886460497 ], [ -72.430415719609698, -35.329943272221001 ], [ -72.430450785400296, -35.329912472144201 ], [ -72.430501136479705, -35.329899120369099 ], [ -72.430579791517602, -35.329867081948997 ], [ -72.4306146053421, -35.329830327837897 ], [ -72.430766163097502, -35.329802179309901 ], [ -72.430817521504807, -35.329812641571003 ], [ -72.430920993990497, -35.329851427094098 ], [ -72.431076078059306, -35.329906628625899 ], [ -72.431172790221495, -35.329957527397603 ], [ -72.4312574906874, -35.330068376148901 ], [ -72.431313636640695, -35.330191956706898 ], [ -72.431353739296796, -35.330280228945703 ], [ -72.431481780172206, -35.3303838848216 ], [ -72.431806731936405, -35.330499826249998 ], [ -72.431940778320794, -35.330573507018997 ], [ -72.432060797888099, -35.330659507682 ], [ -72.432100902710204, -35.330747779576299 ], [ -72.432172084383097, -35.330882854615602 ], [ -72.432193669711396, -35.331049142292997 ], [ -72.432204756963799, -35.331311102127003 ], [ -72.432231843107303, -35.331435508139897 ], [ -72.432314279803904, -35.331492772811103 ], [ -72.432425776694302, -35.331549211392002 ], [ -72.432558061319099, -35.331581216188603 ], [ -72.432689084789104, -35.331583451881102 ], [ -72.432848918518403, -35.331578908163301 ], [ -72.432964907890593, -35.331569650470598 ], [ -72.433016519704395, -35.331586065688199 ], [ -72.433069644915193, -35.331638201997798 ], [ -72.433079681970497, -35.3317034855842 ], [ -72.4330528902927, -35.331757893941301 ], [ -72.433041636881896, -35.331835704200998 ], [ -72.433044409417604, -35.331901193418901 ], [ -72.433068724538401, -35.3319601099344 ], [ -72.433146291319204, -35.3320741401334 ], [ -72.4332029447921, -35.332209627513997 ], [ -72.433207229911702, -35.332310838754303 ], [ -72.433220293083394, -35.332447564553704 ], [ -72.433224326214798, -35.332542822715702 ], [ -72.4331857758593, -35.332663134357901 ], [ -72.433160496411304, -35.332753264782099 ], [ -72.433113925098397, -35.332855921932897 ], [ -72.433117706084303, -35.332945226126299 ], [ -72.433126736234499, -35.332986694663497 ], [ -72.433184146668694, -35.333140043018901 ], [ -72.433179149603006, -35.333193831745596 ], [ -72.433137071072196, -35.333230793139499 ], [ -72.433057404651805, -35.333239018379899 ], [ -72.432969465375507, -35.333223636008299 ], [ -72.432752011206205, -35.333241740317099 ], [ -72.432628501683993, -35.333245251408599 ], [ -72.432542830683005, -35.3332834509051 ], [ -72.432429609918998, -35.333358198507099 ], [ -72.432380769236104, -35.333407273246898 ], [ -72.432320421160497, -35.333528204250797 ], [ -72.432316684682107, -35.333611761027498 ], [ -72.432329493662095, -35.333742533926703 ], [ -72.432364604102503, -35.333884595181502 ], [ -72.432449310650895, -35.333995441811702 ], [ -72.4324824051929, -35.334089873903402 ], [ -72.432471655147495, -35.334179591185901 ], [ -72.432451623030104, -35.334221885900803 ], [ -72.432342642497005, -35.334224983738103 ], [ -72.432233661947393, -35.334228081477498 ], [ -72.432117919572406, -35.334243292692904 ], [ -72.431967615319607, -35.3343012114087 ], [ -72.431896473476897, -35.334338998432301 ], [ -72.431862162467098, -35.334387660026202 ], [ -72.431835873177405, -35.334453975248302 ], [ -72.431810842714498, -35.334550059494902 ], [ -72.431792322089805, -35.3346280761996 ], [ -72.431752258023195, -35.334712665417598 ], [ -72.431668852878303, -35.334804447516198 ], [ -72.431591956399402, -35.334878162066701 ], [ -72.431507291074197, -35.334940175967702 ], [ -72.431474743343898, -35.335030512642 ], [ -72.431464496060599, -35.335132136955501 ], [ -72.431483562171195, -35.335238889374203 ], [ -72.431509390287303, -35.335333527337298 ], [ -72.431573056662202, -35.335462855012402 ], [ -72.431628199645402, -35.335562621875901 ], [ -72.431675571729699, -35.335650687277202 ], [ -72.431655538886304, -35.335692981895498 ], [ -72.431584899628604, -35.3357426749646 ], [ -72.431522282211702, -35.335810023446903 ], [ -72.431459412705493, -35.335871417921702 ], [ -72.431369496063397, -35.335981267414098 ], [ -72.431323172851506, -35.336089877142797 ], [ -72.431314437156203, -35.336227223532397 ], [ -72.431352024774696, -35.336255959292401 ], [ -72.431417414361206, -35.336254101057797 ], [ -72.431517871829698, -35.336221442295503 ], [ -72.431668684970404, -35.336175430961703 ], [ -72.431863090528907, -35.3361281804752 ], [ -72.432000127322993, -35.336100441901898 ], [ -72.4321875196338, -35.336059351377997 ], [ -72.432208056315204, -35.336028963734996 ], [ -72.432397628039894, -35.335695732229198 ], [ -72.432497133623102, -35.335468778305099 ], [ -72.432521911429603, -35.335366740883899 ], [ -72.432511620997701, -35.335295504240698 ], [ -72.432485035614206, -35.3351830055337 ], [ -72.432481507028598, -35.335099654388699 ], [ -72.432549372665207, -35.334984470735201 ], [ -72.432624756008806, -35.334875033575003 ], [ -72.432737473377699, -35.334788378679796 ], [ -72.432915831879399, -35.334705817758604 ], [ -72.432928345918995, -35.334657775573397 ], [ -72.432939852785097, -35.3345859192669 ], [ -72.432950602324397, -35.334496201973998 ], [ -72.432960343590196, -35.334382670590799 ], [ -72.432955806368398, -35.334275505386401 ], [ -72.432929977029701, -35.334180867796 ], [ -72.432926700196106, -35.334103470649097 ], [ -72.432892598014703, -35.333985224585099 ], [ -72.432895325624003, -35.333877852834199 ], [ -72.432906832467197, -35.3338059965279 ], [ -72.432998508107602, -35.333737821252498 ], [ -72.433120002870893, -35.333686681533102 ], [ -72.433380040946702, -35.333643522970597 ], [ -72.433597748112504, -35.333631372346602 ], [ -72.433761878398201, -35.333663585785601 ], [ -72.433926062840101, -35.333561240655698 ], [ -72.434014579989295, -35.3334871942211 ], [ -72.434080544475705, -35.333395906598 ], [ -72.434090142140704, -35.333313375355502 ], [ -72.434047856042, -35.333139330400698 ], [ -72.433958527655193, -35.332988083323698 ], [ -72.433897320368004, -35.332882529749703 ], [ -72.433861208567905, -35.332751227515701 ], [ -72.433769385093896, -35.3325410391041 ], [ -72.433762578150294, -35.332380291834198 ], [ -72.433791551602795, -35.332239985394502 ], [ -72.433814076354096, -35.3321535098748 ], [ -72.433864995546102, -35.332016156038001 ], [ -72.433871713375694, -35.332007039064599 ], [ -72.433926903451194, -35.331932137237303 ], [ -72.433991489641002, -35.3318532247836 ], [ -72.434034794221702, -35.331800316560397 ], [ -72.434100001082996, -35.331691167980601 ], [ -72.434179041086495, -35.331599508476799 ], [ -72.434258534750597, -35.331518565171102 ], [ -72.434296830966801, -35.331392300221502 ], [ -72.4343055206309, -35.331288335583899 ], [ -72.4342998329126, -35.3312592737988 ], [ -72.434226391489801, -35.3311964009362 ], [ -72.434158223530403, -35.331098197871199 ], [ -72.434095665380298, -35.330995067216897 ], [ -72.433985804779695, -35.330874207860298 ], [ -72.433884872762803, -35.330792435310997 ], [ -72.433611150451199, -35.330683983303402 ], [ -72.433472358841499, -35.330670047167601 ], [ -72.4333764006997, -35.330637011395297 ], [ -72.433308747221304, -35.330585287368798 ], [ -72.433284683400004, -35.330532324882597 ], [ -72.433244073350593, -35.3304321463973 ], [ -72.433189941775495, -35.330356195086601 ], [ -72.433099737308595, -35.330287230449997 ], [ -72.432993237852301, -35.330177002804497 ], [ -72.432681008937905, -35.329846114403601 ], [ -72.432438450480504, -35.329614578824099 ], [ -72.4322803424988, -35.329487934885599 ], [ -72.431990711249497, -35.329347148029399 ], [ -72.431820342296703, -35.329274499511001 ], [ -72.431650478573204, -35.329213757774099 ], [ -72.431526973937395, -35.329217267425598 ], [ -72.4314445413019, -35.329160002004897 ], [ -72.431425729269705, -35.329059203395097 ], [ -72.431458779025206, -35.328980773867698 ], [ -72.4314898134798, -35.328854716038002 ], [ -72.431431905009802, -35.328689459389302 ], [ -72.431275816686806, -35.328610444002102 ], [ -72.431120483165401, -35.328549288594999 ], [ -72.430958767225206, -35.328509177880001 ], [ -72.430849794189399, -35.328512273939097 ], [ -72.430734564311393, -35.328539390443702 ], [ -72.430665189580196, -35.328618851762897 ], [ -72.430633146519398, -35.328721095281999 ], [ -72.430516443183905, -35.328885351737 ], [ -72.430440306266206, -35.328976926433903 ], [ -72.430269222418303, -35.329059276806603 ], [ -72.430054799962207, -35.329148818207699 ], [ -72.429916263083499, -35.329140831789601 ], [ -72.429791247597294, -35.329108617479001 ], [ -72.429701550840207, -35.329051557142499 ], [ -72.429568768900694, -35.3290076426753 ], [ -72.429471555268506, -35.3289448344905 ], [ -72.429374593553803, -35.328887980218603 ], [ -72.429314208286101, -35.328836048316802 ], [ -72.429331975218901, -35.328740170769301 ], [ -72.429395093119993, -35.328684731566199 ], [ -72.429435410094399, -35.3286060961602 ], [ -72.429589195025301, -35.328458670124498 ], [ -72.429619980516193, -35.328326658614301 ], [ -72.4295956680605, -35.328267741201898 ], [ -72.429512734194006, -35.328198567221797 ], [ -72.429401495641599, -35.328148078647203 ], [ -72.429312052012506, -35.328096971939097 ], [ -72.4292581763751, -35.3280269725756 ], [ -72.429255659003701, -35.327967436157302 ], [ -72.429288962307794, -35.327894961120897 ], [ -72.429329782533799, -35.3278282328614 ], [ -72.429354813479705, -35.327732149024001 ], [ -72.429364057418596, -35.327606710453601 ], [ -72.429322698658794, -35.327488669145197 ], [ -72.429289862822301, -35.327400189743003 ], [ -72.4292773123356, -35.3272753700763 ], [ -72.429199630105202, -35.327158360195099 ], [ -72.429122451538404, -35.327053257356503 ], [ -72.429008949461206, -35.326949185871896 ], [ -72.428865884689102, -35.326834032266298 ], [ -72.428724583218397, -35.326760553779799 ], [ -72.428549978487396, -35.326759550873703 ], [ -72.428223317175096, -35.326774784955802 ], [ -72.427896404062395, -35.326784065048599 ], [ -72.427692236360897, -35.3267719786515 ], [ -72.427543922356705, -35.326704658042402 ], [ -72.427447217383701, -35.326653755958702 ], [ -72.4272234892358, -35.326523007102303 ], [ -72.427043852538603, -35.326402928881301 ], [ -72.426939883038798, -35.3263522316239 ], [ -72.426829151639595, -35.326313648467099 ], [ -72.426508498987005, -35.326298904262003 ], [ -72.426306847536793, -35.326346351152999 ], [ -72.426154792241505, -35.326362586636002 ], [ -72.426023272750797, -35.326348436239797 ], [ -72.425905779517194, -35.326321965470399 ], [ -72.425773255287396, -35.326283998664103 ], [ -72.425663781737299, -35.326275182729098 ], [ -72.425575096760198, -35.326241934165701 ], [ -72.425326335973295, -35.326207263993297 ], [ -72.425237902593295, -35.326179968298099 ], [ -72.425143461219406, -35.3261826469396 ], [ -72.425026975207103, -35.3261799904719 ], [ -72.424875924312403, -35.326220038693599 ], [ -72.424804534179799, -35.3262518673302 ], [ -72.424633952209803, -35.3263461169024 ] ] ] } },
{ "type": "Feature", "properties": { "id": "monoparte.9", "Name": null, "description": null, "timestamp": null, "begin": null, "end": null, "altitudeMode": null, "tessellate": -1, "extrude": 0, "visibility": -1, "drawOrder": null, "icon": null, "SECTOR": "Constitución", "REG": "Maule", "COM": "Constitución", "LOC": "Constitución", "ZONA": "E3", "NOM": "E3 Área Especial de protección de vertientes y cauces naturales.", "UPERM": "Uso asimilable a Área Verde.", "UPROH": "Todos los no mencionados como permitidos.", "P_DO": "04/12/1987", "N_DOC": "189", "T_DO": "Decreto", "OBS": null }, "geometry": { "type": "Polygon", "coordinates": [ [ [ -72.424505561081801, -35.331590967558498 ], [ -72.424390071787201, -35.331612125260598 ], [ -72.424178375890094, -35.331594284660902 ], [ -72.423923339831802, -35.331583633735498 ], [ -72.423714157722003, -35.331625329935399 ], [ -72.423433831329504, -35.331704807022 ], [ -72.423203355366098, -35.331759027456499 ], [ -72.422994925146497, -35.331818582795698 ], [ -72.422835592988406, -35.3318350206576 ], [ -72.4227857418268, -35.331860277445301 ], [ -72.422839111245395, -35.331918372690602 ], [ -72.4229864264572, -35.331961883470697 ], [ -72.423157297039097, -35.332046451741299 ], [ -72.423320399564105, -35.332119317658098 ], [ -72.423453939132898, -35.332181100959602 ], [ -72.423599998293895, -35.332194842576698 ], [ -72.423687935194096, -35.332210231045799 ], [ -72.423804932743593, -35.3322247963807 ], [ -72.423936713117897, -35.332244903598401 ], [ -72.424177220936102, -35.332255965508601 ], [ -72.424382407146197, -35.332291873238802 ], [ -72.4245663014337, -35.332340304967097 ], [ -72.424670530138997, -35.332396956973902 ], [ -72.424753716214695, -35.332472088260403 ], [ -72.424822624642204, -35.332553584686202 ], [ -72.424972203978896, -35.332650675561801 ], [ -72.425028091261595, -35.332768306319799 ], [ -72.425078220748901, -35.332921865499102 ], [ -72.425070480207793, -35.333083026366602 ], [ -72.425067992504594, -35.333196351690901 ], [ -72.425045218539296, -35.333346017555897 ], [ -72.425008667351804, -35.333513956762502 ], [ -72.424842848897995, -35.333721326633501 ], [ -72.424617900395106, -35.333906530467502 ], [ -72.424312025073803, -35.334070185163498 ], [ -72.4241101027675, -35.334111676338601 ], [ -72.423805709388503, -35.334138190141402 ], [ -72.423527109161995, -35.334086481335703 ], [ -72.423003370291994, -35.334086426752201 ], [ -72.422742318113905, -35.334105748085499 ], [ -72.422394582264999, -35.334139448044503 ], [ -72.422128273962201, -35.334206603617197 ], [ -72.421899297448803, -35.334296543538798 ], [ -72.4217507423744, -35.334396126465201 ], [ -72.421682610033201, -35.334505350848097 ], [ -72.421637027959903, -35.334631819692298 ], [ -72.421612237496007, -35.334733855618097 ], [ -72.421609493874001, -35.334841227978799 ], [ -72.421593978116107, -35.334990687686002 ], [ -72.421579217113504, -35.3351580076882 ], [ -72.421548165467101, -35.3352840647674 ], [ -72.421509345236402, -35.3353984196429 ], [ -72.421461501399605, -35.335471305662303 ], [ -72.421363802465706, -35.335569446238999 ], [ -72.421206723459804, -35.3356394660738 ], [ -72.420940911513696, -35.335718526535899 ], [ -72.420682867398298, -35.335809287797197 ], [ -72.420461275227197, -35.335901996981001 ], [ -72.4202578563157, -35.3360806220334 ], [ -72.420154648240896, -35.336220644082402 ], [ -72.420102299179703, -35.336359225517 ], [ -72.420088287409101, -35.336544406776298 ], [ -72.420093059145998, -35.3366575265363 ], [ -72.420133154778398, -35.336745802906997 ], [ -72.420196052453505, -35.336857277145803 ], [ -72.420332863170898, -35.336996460793401 ], [ -72.420440359671801, -35.337130514405402 ], [ -72.420471934989806, -35.3371892279851 ], [ -72.420652329480703, -35.337223458674501 ], [ -72.420922521422497, -35.337282564580399 ], [ -72.421088489392204, -35.3373541607289 ], [ -72.421303771820007, -35.337491120747103 ], [ -72.421461331744197, -35.337639252051098 ], [ -72.421619695258201, -35.337806436072398 ], [ -72.421768043816897, -35.3380120514948 ], [ -72.422013013268796, -35.3383007646271 ], [ -72.422125682668096, -35.338488317711899 ], [ -72.422272826402306, -35.3386653548136 ], [ -72.422360236337198, -35.338805937006804 ], [ -72.422365061908707, -35.338920247262301 ], [ -72.4223674747047, -35.338977402389098 ], [ -72.4223590656255, -35.338982008647001 ], [ -72.422460170014006, -35.338944494299199 ], [ -72.422570390882697, -35.338798311289203 ], [ -72.422737732844197, -35.3386266652629 ], [ -72.422804609866503, -35.338487670971098 ], [ -72.422885013727594, -35.338324450359501 ], [ -72.422887754287302, -35.338217078140602 ], [ -72.422851653429603, -35.338051199919001 ], [ -72.422847471781793, -35.3379521541694 ], [ -72.422730366018897, -35.337854831587599 ], [ -72.422411029183294, -35.337527694639 ], [ -72.422086694777903, -35.3372889181556 ], [ -72.4216993291504, -35.337073385295497 ], [ -72.421556511347205, -35.336998749528 ], [ -72.421325299779198, -35.336898007346299 ], [ -72.421142481328104, -35.336702903963001 ], [ -72.421100672511699, -35.336539570357097 ], [ -72.421067281757601, -35.336368845732302 ], [ -72.421116278199804, -35.336288774701501 ], [ -72.421253667832701, -35.336234811850098 ], [ -72.421469224892107, -35.336171480560097 ], [ -72.421554603202907, -35.336126143626998 ], [ -72.421621337932606, -35.336052722261599 ], [ -72.421696490349504, -35.335971910735502 ], [ -72.421824256297498, -35.335896760686403 ], [ -72.421925865351795, -35.335822350875503 ], [ -72.422052424697796, -35.335718623019297 ], [ -72.422145917225095, -35.335658749843098 ], [ -72.422168455238094, -35.335572275782503 ], [ -72.422290490564194, -35.335361381324198 ], [ -72.422431770793494, -35.335192858947202 ], [ -72.422521041556294, -35.335032963972303 ], [ -72.422604608573806, -35.334944759125896 ], [ -72.422698402512495, -35.334892030400901 ], [ -72.422819713176096, -35.334905282096997 ], [ -72.422951246421604, -35.334919435217103 ], [ -72.423016886866293, -35.334923535621002 ], [ -72.423146158031201, -35.334884106724097 ], [ -72.423267911712102, -35.334838928752603 ], [ -72.423360855154598, -35.334800529517899 ], [ -72.423476348179193, -35.334779372569798 ], [ -72.423556268966607, -35.334777106650002 ], [ -72.423732148550201, -35.334807885059597 ], [ -72.4238516650001, -35.334881985891002 ], [ -72.424031064733796, -35.334996114836599 ], [ -72.424112997096401, -35.335041478054301 ], [ -72.424208704941407, -35.335068568000601 ], [ -72.424302905289807, -35.335059935481297 ], [ -72.424403365783704, -35.335027282530298 ], [ -72.424459728770202, -35.334983958698203 ], [ -72.4245376380225, -35.334934062621599 ], [ -72.424609287114805, -35.334908187766402 ], [ -72.424770385008202, -35.334933422708303 ], [ -72.424918712600302, -35.335000745031401 ], [ -72.425031970391402, -35.3350988658894 ], [ -72.425100628968195, -35.335174408895497 ], [ -72.425197344347595, -35.335225312279 ], [ -72.425278271503103, -35.335246860375001 ], [ -72.425357185404906, -35.335220778093102 ], [ -72.425377976095803, -35.335196345495902 ], [ -72.425345141742994, -35.335107865014301 ], [ -72.425342375090295, -35.335042375302201 ], [ -72.425339105386698, -35.3349649775503 ], [ -72.425387448408898, -35.334903998240001 ], [ -72.425407232919298, -35.334855750465302 ], [ -72.425389934417495, -35.334790672988902 ], [ -72.425373643052893, -35.334749408854499 ], [ -72.425391918469003, -35.334665439666502 ], [ -72.425389654846001, -35.334611857091701 ], [ -72.425357575276706, -35.3345412368528 ], [ -72.425303572410499, -35.334468259273201 ], [ -72.425340123243103, -35.334300320009298 ], [ -72.425334338597594, -35.334163386545697 ], [ -72.425301253286506, -35.334068951992897 ], [ -72.425327547910499, -35.334002636996402 ], [ -72.425361862897503, -35.3339539779465 ], [ -72.425448544434204, -35.333939597601898 ], [ -72.425519437737293, -35.333895860210099 ], [ -72.425622130485095, -35.333743927079198 ], [ -72.425700289373907, -35.333699984369602 ], [ -72.425765425777897, -35.333692176189999 ], [ -72.425838079492806, -35.333690114955502 ], [ -72.425911487804299, -35.333705913928803 ], [ -72.426036005136595, -35.333726224825497 ], [ -72.426213895553602, -35.333804628220001 ], [ -72.426319385143998, -35.3338910468919 ], [ -72.426432139692693, -35.333977259313997 ], [ -72.426558418691897, -35.334039245030702 ], [ -72.4266110374367, -35.334079477218197 ], [ -72.426669664055098, -35.334089734929698 ], [ -72.426728038001997, -35.3340940395315 ], [ -72.4268217335689, -35.3340734980005 ], [ -72.426826483254004, -35.334013755290698 ], [ -72.426734769809499, -35.333909063582503 ], [ -72.426686145001099, -35.333791227628801 ], [ -72.426644786149794, -35.333673185459403 ], [ -72.426619467507194, -35.3335904532074 ], [ -72.426609686861696, -35.3335311228319 ], [ -72.426688095443694, -35.333493132666398 ], [ -72.426796069225304, -35.333466225734597 ], [ -72.426852934135098, -35.333434808000597 ], [ -72.426880485362304, -35.333398261000298 ], [ -72.426878220862704, -35.333344678497902 ], [ -72.426802548263794, -35.333275296697103 ], [ -72.426416197782402, -35.333083593648901 ], [ -72.426279888548393, -35.3329563232449 ], [ -72.426161882380498, -35.332917946163199 ], [ -72.426086713878803, -35.332860470985402 ], [ -72.426082940639006, -35.332771166132098 ], [ -72.426145058718902, -35.332691914058799 ], [ -72.426198903587505, -35.332589052079697 ], [ -72.426195884933506, -35.332517608382403 ], [ -72.426192111621404, -35.3324283035343 ], [ -72.426137481810997, -35.332340441646501 ], [ -72.426039511796702, -35.332259770547203 ], [ -72.425950065319995, -35.332208661511203 ], [ -72.425909588873097, -35.332111456672997 ], [ -72.425900563606405, -35.332069987344802 ], [ -72.425847190898295, -35.332011893616297 ], [ -72.425794825432007, -35.3319776141063 ], [ -72.425778283056204, -35.331930396870803 ], [ -72.425673803895194, -35.3318677926761 ], [ -72.425487898207393, -35.331771733137302 ], [ -72.425332310703993, -35.3317046172752 ], [ -72.425213804899201, -35.331654331053301 ], [ -72.425087027760895, -35.331580436491798 ], [ -72.424896120833196, -35.3315381655691 ], [ -72.424692443934006, -35.331537981006399 ], [ -72.424505561081801, -35.331590967558498 ] ] ] } },
{ "type": "Feature", "properties": { "id": "monoparte.10", "Name": null, "description": null, "timestamp": null, "begin": null, "end": null, "altitudeMode": null, "tessellate": -1, "extrude": 0, "visibility": -1, "drawOrder": null, "icon": null, "SECTOR": "Constitución", "REG": "Maule", "COM": "Constitución", "LOC": "Constitución", "ZONA": "ZE1", "NOM": "ZE1 Hosterías y Quinta Scheppeler", "UPERM": "Equipamiento de escala interurbana y comunal: Culto, Cultura, ]Esparcimiento y turismo, Deportes, Áreas Verdes.", "UPROH": "Todos los no mencionados como permitidos.", "P_DO": "04/12/1987", "N_DOC": "189", "T_DO": "Decreto", "OBS": null }, "geometry": { "type": "Polygon", "coordinates": [ [ [ -72.409189381540003, -35.322119953760897 ], [ -72.409250299894396, -35.322184995884903 ], [ -72.4092593135085, -35.322261040239397 ], [ -72.409244481075703, -35.322323451783298 ], [ -72.409247483681298, -35.322394896867202 ], [ -72.409268321375293, -35.322475375487002 ], [ -72.409271123867299, -35.322542058162099 ], [ -72.409250680703707, -35.322609396150298 ], [ -72.409236648937494, -35.322690860015697 ], [ -72.409216604994398, -35.322767724642297 ], [ -72.409202372954397, -35.322844424299902 ], [ -72.409170105573097, -35.322907328007801 ], [ -72.409155473179595, -35.322974502851302 ], [ -72.409144449731102, -35.322989119998297 ], [ -72.409104970159007, -35.323018846387399 ], [ -72.409100559376398, -35.323052351790899 ], [ -72.409114384126298, -35.323104416457902 ], [ -72.409127809662195, -35.323146955379798 ], [ -72.409107165021894, -35.323209530978801 ], [ -72.409064274270506, -35.323296577524196 ], [ -72.409038218964398, -35.323368842858002 ], [ -72.408994568542994, -35.323437790232099 ], [ -72.408953078736104, -35.323558178091197 ], [ -72.408926222594502, -35.323611391084 ], [ -72.408880729385402, -35.323636519100297 ], [ -72.408817602033594, -35.323657374988997 ], [ -72.408806579575099, -35.323671992981502 ], [ -72.408814592239494, -35.323724221734601 ], [ -72.408805371158095, -35.323781705887299 ], [ -72.408790538190701, -35.323844117397698 ], [ -72.408751257158997, -35.3238786070361 ], [ -72.408705764807493, -35.323903734065901 ], [ -72.408619189959893, -35.323920483614003 ], [ -72.408363875184094, -35.323937226535897 ], [ -72.4082025483537, -35.323975160386901 ], [ -72.407846716870097, -35.324036977327196 ], [ -72.407844560478296, -35.3240694025694 ], [ -72.407667503121104, -35.324386260821697 ], [ -72.407660064045501, -35.324399573649799 ], [ -72.407658748280497, -35.3244006047601 ], [ -72.407779367366899, -35.324428203939803 ], [ -72.407694784605795, -35.3246308751865 ], [ -72.407551272574096, -35.3249544249976 ], [ -72.407457865734401, -35.325224105989598 ], [ -72.407425796267702, -35.325291772652299 ], [ -72.407389715333593, -35.325402469510799 ], [ -72.407297908213593, -35.325710254221597 ], [ -72.4072241461229, -35.3258935449497 ], [ -72.407167217945599, -35.326062054724297 ], [ -72.407097265654201, -35.3261975510176 ], [ -72.407040538194295, -35.326370823134603 ], [ -72.406982208860597, -35.326505991457097 ], [ -72.406963763761397, -35.326620959620101 ], [ -72.406916548301993, -35.326882184557803 ], [ -72.406888879337799, -35.327054636823902 ], [ -72.406879446386796, -35.327245649553703 ], [ -72.406846765263097, -35.327437318140603 ], [ -72.406838332626094, -35.327652146532202 ], [ -72.406888620355005, -35.327879623405401 ], [ -72.4069477209447, -35.328178382373103 ], [ -72.406979973153298, -35.328392062930597 ], [ -72.407024849675494, -35.328629229382699 ], [ -72.407051499759504, -35.328709545265099 ], [ -72.407050846159393, -35.328731549390703 ], [ -72.407133368461601, -35.328524078482097 ], [ -72.4074775316802, -35.327713232627403 ], [ -72.408006400771299, -35.3263130105952 ], [ -72.408259152396198, -35.325681183018801 ], [ -72.408429018054207, -35.325292511331199 ], [ -72.408572326812802, -35.3249641973472 ], [ -72.408946308787606, -35.324448162554098 ], [ -72.409393635214499, -35.3238776012222 ], [ -72.409711894135796, -35.323420361237801 ], [ -72.409781639693904, -35.323280100455598 ], [ -72.409690142003498, -35.322123859947197 ], [ -72.409681085851801, -35.322132538802101 ], [ -72.409628482055396, -35.3220922982837 ], [ -72.409571124894597, -35.321938936432097 ], [ -72.409541323796205, -35.321749030322799 ], [ -72.409514026312195, -35.321618662773403 ], [ -72.409479212787801, -35.321482547104097 ], [ -72.409472206459796, -35.321315841321599 ], [ -72.409413029359797, -35.321051574082297 ], [ -72.409245279601606, -35.321726330961603 ], [ -72.409218445954096, -35.321980842563597 ], [ -72.409175155543196, -35.3220583634075 ], [ -72.409189381540003, -35.322119953760897 ] ] ] } },
{ "type": "Feature", "properties": { "id": "monoparte.11", "Name": null, "description": null, "timestamp": null, "begin": null, "end": null, "altitudeMode": null, "tessellate": -1, "extrude": 0, "visibility": -1, "drawOrder": null, "icon": null, "SECTOR": "Constitución", "REG": "Maule", "COM": "Constitución", "LOC": "Constitución", "ZONA": "Z3", "NOM": "Z3 Zona Industrial", "UPERM": "Industria y almacenamiento, de carácter inofensivo, molesto e insalubre. Transporte: terminales ferroviarios, rodoviarios, depósitos de buses y/o camiones.", "UPROH": "Vivienda, industria, almacenamiento de carácter peligroso y equipamiento de todo tipo.", "P_DO": "04/12/1987", "N_DOC": "189", "T_DO": "Decreto", "OBS": null }, "geometry": { "type": "Polygon", "coordinates": [ [ [ -72.419853055190401, -35.326976839562498 ], [ -72.420285624898597, -35.327074182468003 ], [ -72.420764205041706, -35.3271083135335 ], [ -72.421100086739401, -35.327070186877897 ], [ -72.424190809998194, -35.326026879103999 ], [ -72.424106780652806, -35.325960321276803 ], [ -72.4240937471221, -35.3259100240967 ], [ -72.424134821171293, -35.325849251459204 ], [ -72.424141068486406, -35.325738799565499 ], [ -72.424105978136794, -35.3255967356138 ], [ -72.424091185305102, -35.325504761972198 ], [ -72.423948746972101, -35.325318055014101 ], [ -72.423791654652206, -35.325128783190401 ], [ -72.423047686505598, -35.324389870921003 ], [ -72.422312808953194, -35.323607480009898 ], [ -72.420815983711705, -35.322089646258199 ], [ -72.419886622148397, -35.321092197806699 ], [ -72.419335055385005, -35.320516205384699 ], [ -72.418407047773997, -35.3195499996962 ], [ -72.418118656486996, -35.319264591807297 ], [ -72.417939421241698, -35.319066996872799 ], [ -72.417777850001897, -35.318943411570899 ], [ -72.417576703210102, -35.318829887244398 ], [ -72.417365914610201, -35.318746439489701 ], [ -72.417115173140601, -35.318664121761699 ], [ -72.416946219265895, -35.3186241962078 ], [ -72.416677071976196, -35.318622869292703 ], [ -72.416357451161801, -35.318631910859999 ], [ -72.416187497078198, -35.3186546008981 ], [ -72.415768102660095, -35.318764021896897 ], [ -72.415279757779899, -35.318911354849 ], [ -72.414912145181503, -35.319024275826102 ], [ -72.414584007133101, -35.319107467772703 ], [ -72.414480506105093, -35.319136621386399 ], [ -72.414318390390804, -35.319155510511401 ], [ -72.414083332334897, -35.319169308881399 ], [ -72.413727238510901, -35.319210370037602 ], [ -72.413371545087998, -35.319260957637901 ], [ -72.413224057078395, -35.319281816361702 ], [ -72.4129733677686, -35.319315923169498 ], [ -72.4125208822975, -35.319486074748603 ], [ -72.412371130988802, -35.319544162147302 ], [ -72.412688812532195, -35.3200860160727 ], [ -72.412714362150197, -35.3200709881554 ], [ -72.412826181973699, -35.320032063033601 ], [ -72.412945816543896, -35.319971458491203 ], [ -72.413127372642904, -35.319930563284203 ], [ -72.413364777269507, -35.319931006348 ], [ -72.4135060549645, -35.319969931231 ], [ -72.413736606763507, -35.3200564038492 ], [ -72.413889607789798, -35.320166526647498 ], [ -72.414044713865394, -35.320326661001999 ], [ -72.414159241175895, -35.320559472022303 ], [ -72.414176677343093, -35.320766415795298 ], [ -72.414171871543303, -35.321066977440303 ], [ -72.414191714529096, -35.321331076940297 ], [ -72.414226585559604, -35.321537527795101 ], [ -72.414306246386701, -35.321771324270003 ], [ -72.414391618457998, -35.321933429484503 ], [ -72.414487211201106, -35.322131010068098 ], [ -72.414552743646198, -35.322236452290099 ], [ -72.414662463730295, -35.3223549510463 ], [ -72.414906252820501, -35.322548341005898 ], [ -72.415147491269096, -35.322888438665103 ], [ -72.415316737769999, -35.323176925587703 ], [ -72.415390393025206, -35.323475267274297 ], [ -72.415407834672706, -35.323682210543502 ], [ -72.415380485304198, -35.323861808663899 ], [ -72.415336001715104, -35.324049044762099 ], [ -72.415275586986894, -35.324272495770302 ], [ -72.415144829001804, -35.324483630076301 ], [ -72.415029100181897, -35.324637114609601 ], [ -72.414861667132996, -35.324806367920999 ], [ -72.414649441838094, -35.324948275652901 ], [ -72.414419179089194, -35.325076387068101 ], [ -72.414255949924197, -35.325138225732204 ], [ -72.4143112629597, -35.325208191614202 ], [ -72.414386116579294, -35.325327676235503 ], [ -72.414496744348, -35.325467607786898 ], [ -72.414686431369006, -35.325619610638597 ], [ -72.414752869595503, -35.325746485468599 ], [ -72.414786242027503, -35.325917213053998 ], [ -72.414777829213307, -35.326132040881802 ], [ -72.415326027104896, -35.326216680017701 ], [ -72.419830494844305, -35.326971763291802 ], [ -72.419853000197804, -35.3269755353395 ], [ -72.419853055190401, -35.326976839562498 ] ] ] } },
{ "type": "Feature", "properties": { "id": "monoparte.12", "Name": null, "description": null, "timestamp": null, "begin": null, "end": null, "altitudeMode": null, "tessellate": -1, "extrude": 0, "visibility": -1, "drawOrder": null, "icon": null, "SECTOR": "Constitución", "REG": "Maule", "COM": "Constitución", "LOC": "Constitución", "ZONA": "Z2", "NOM": "Z2 Sectores oriente, sur-oriente y nor-poniente del área consolidada", "UPERM": "Vivienda. Equipamiento interurbano, comunal y vecinal. Industria y Almacenamiento inofensivos. Transporte: terminales rodoviarios, agropecuarios, fluviales y depósitos de buses o camiones.", "UPROH": "Industria y almacenamiento de carácter molesto, insalubre y peligroso.", "P_DO": "04/12/1987", "N_DOC": "189", "T_DO": "Decreto", "OBS": null }, "geometry": { "type": "Polygon", "coordinates": [ [ [ -72.419830883886107, -35.328064032514099 ], [ -72.419698271764702, -35.3280485301255 ], [ -72.4194616836987, -35.328026617789199 ], [ -72.419273194323196, -35.3280069189043 ], [ -72.419167525662104, -35.327984875695698 ], [ -72.418659471141396, -35.3278383177379 ], [ -72.418683666678803, -35.327791138329403 ], [ -72.418813666823596, -35.327562139199202 ], [ -72.419203900457205, -35.326866738346901 ], [ -72.415326027104896, -35.326216680017701 ], [ -72.414777829213307, -35.326132040881802 ], [ -72.414786242027503, -35.325917213053998 ], [ -72.414752869595503, -35.325746485468599 ], [ -72.414686431369006, -35.325619610638597 ], [ -72.414496744348, -35.325467607786898 ], [ -72.414386116579294, -35.325327676235503 ], [ -72.4143112629597, -35.325208191614202 ], [ -72.414266782522802, -35.325151927129198 ], [ -72.414110942145697, -35.325173321643597 ], [ -72.413754421303693, -35.325204858671903 ], [ -72.413562633582998, -35.325210279926097 ], [ -72.413514836379505, -35.325249780743498 ], [ -72.413488032965802, -35.3253041854231 ], [ -72.413452210491002, -35.325317119430103 ], [ -72.413400606077701, -35.3253006962779 ], [ -72.413267836651301, -35.325256762129001 ], [ -72.413091479761405, -35.325214059716899 ], [ -72.412936415258997, -35.325158833827899 ], [ -72.412852496047805, -35.325065832754802 ], [ -72.4127119611437, -35.325010195952999 ], [ -72.4125604051236, -35.324865458008603 ], [ -72.412269068114696, -35.324682943870002 ], [ -72.411876278075098, -35.324509255558901 ], [ -72.411447165366397, -35.324336592875497 ], [ -72.411144306981399, -35.324225931122399 ], [ -72.410927624334704, -35.324088990809301 ], [ -72.410827801464606, -35.323963652195303 ], [ -72.410762425482702, -35.323792634843599 ], [ -72.410740385203098, -35.323614432366398 ], [ -72.410728615228905, -35.3235074705267 ], [ -72.410701063580305, -35.323371149327102 ], [ -72.410568304262398, -35.323154348002298 ], [ -72.410299527675704, -35.322816209625401 ], [ -72.4101023915008, -35.322625068559802 ], [ -72.409953475533896, -35.322456409518097 ], [ -72.409880587650605, -35.322279642479003 ], [ -72.409853288278597, -35.322149275087597 ], [ -72.409832078127593, -35.321950471743897 ], [ -72.409826631647306, -35.321961526892203 ], [ -72.4097579912181, -35.322058837682398 ], [ -72.409690142003498, -35.322123859947197 ], [ -72.409781639693904, -35.323280100455598 ], [ -72.409711894135796, -35.323420361237801 ], [ -72.409393635214499, -35.3238776012222 ], [ -72.408946308787606, -35.324448162554098 ], [ -72.408572326812802, -35.3249641973472 ], [ -72.408429018054207, -35.325292511331199 ], [ -72.408259152396198, -35.325681183018801 ], [ -72.408196846730306, -35.325836935819503 ], [ -72.410976185841605, -35.327001012911701 ], [ -72.412784638870207, -35.327802317203499 ], [ -72.414868070959102, -35.328655424954803 ], [ -72.415934793271404, -35.329114042133803 ], [ -72.417082948424607, -35.329606109574698 ], [ -72.418195292145498, -35.330111101681801 ], [ -72.418564026816796, -35.330222741013699 ], [ -72.418693530178899, -35.330016407568003 ], [ -72.419041960895299, -35.329481991344103 ], [ -72.419316497370701, -35.329092726554201 ], [ -72.419494091651501, -35.328819461341503 ], [ -72.419505934838099, -35.3288109876096 ], [ -72.419591007945002, -35.328628136704197 ], [ -72.419714847691907, -35.328460112335897 ], [ -72.419792386655004, -35.328229021112101 ], [ -72.419830883886107, -35.328064032514099 ] ] ] } },
{ "type": "Feature", "properties": { "id": "monoparte.13", "Name": null, "description": null, "timestamp": null, "begin": null, "end": null, "altitudeMode": null, "tessellate": -1, "extrude": 0, "visibility": -1, "drawOrder": null, "icon": null, "SECTOR": "Constitución", "REG": "Maule", "COM": "Constitución", "LOC": "Constitución", "ZONA": "ZE3", "NOM": "ZE3 Cerros Mutrún y Centínela", "UPERM": "Equipamiento de escala interurbana y comunal: Turismo y esparcimiento, Cultura, Culto, Áreas Verdes, Deportes.", "UPROH": "Todos los no mencionados como permitidos.", "P_DO": "04/12/1987", "N_DOC": "189", "T_DO": "Decreto", "OBS": null }, "geometry": { "type": "Polygon", "coordinates": [ [ [ -72.412118378907095, -35.321152431442997 ], [ -72.411878780165694, -35.3211621806796 ], [ -72.411602108422798, -35.3211550949299 ], [ -72.411453564920706, -35.321168231404897 ], [ -72.411112140134804, -35.321177875237602 ], [ -72.410981005892396, -35.321172638540702 ], [ -72.410885506647304, -35.321106786052603 ], [ -72.410787566365798, -35.321026099889501 ], [ -72.410684112597906, -35.320987295900601 ], [ -72.410589425544501, -35.3209840096101 ], [ -72.410445516225494, -35.321020857843401 ], [ -72.410312876643999, -35.321066329017903 ], [ -72.410227831901693, -35.321119397462098 ], [ -72.410143037333697, -35.321178419979901 ], [ -72.410073021419905, -35.321242985448201 ], [ -72.410013902080607, -35.321307243210299 ], [ -72.409976450917796, -35.3213679089979 ], [ -72.409956909901098, -35.321422108790699 ], [ -72.409955655489298, -35.321478771506797 ], [ -72.409947636788999, -35.321547547601803 ], [ -72.409983004763703, -35.321610329716002 ], [ -72.4100171954627, -35.321645129696201 ], [ -72.410054393472905, -35.321664942215698 ], [ -72.410080444515899, -35.321679109176401 ], [ -72.410095348505095, -35.321687628786002 ], [ -72.410574675153299, -35.321671113339299 ], [ -72.410669112719305, -35.321668446372101 ], [ -72.410738499334698, -35.321675428149398 ], [ -72.410782837217894, -35.321692058651202 ], [ -72.410809889674795, -35.321730040138497 ], [ -72.410834311578398, -35.321791938881702 ], [ -72.410837065216498, -35.321857430630899 ], [ -72.410846329525498, -35.321991287264098 ], [ -72.410832802176301, -35.322015512278902 ], [ -72.410835680990303, -35.322083980636997 ], [ -72.410840687640103, -35.322203055883399 ], [ -72.410847448732497, -35.322277375786598 ], [ -72.410857216988703, -35.322336708227098 ], [ -72.410849198996999, -35.322405483435503 ], [ -72.410848070447003, -35.322465123630103 ], [ -72.410822453974504, -35.322547808772498 ], [ -72.410803038472395, -35.322604985288798 ], [ -72.410807294156498, -35.322706199063198 ], [ -72.410809672357701, -35.322762760071498 ], [ -72.4108126763889, -35.322834205033601 ], [ -72.410826702479, -35.322908318848803 ], [ -72.410850624151294, -35.3229583102151 ], [ -72.410881934923694, -35.3230110739309 ], [ -72.410934790256903, -35.323057267049798 ], [ -72.410948941714494, -35.323134358350501 ], [ -72.410969105333294, -35.323181475684201 ], [ -72.411007055360201, -35.3232191493138 ], [ -72.411066924460499, -35.323259183978401 ], [ -72.411122659853405, -35.323287413887201 ], [ -72.411160234447095, -35.323316156732403 ], [ -72.411194677850403, -35.323356909489704 ], [ -72.411240768271, -35.3234152159242 ], [ -72.411267822675299, -35.323453197224403 ], [ -72.411279845243698, -35.323479681636201 ], [ -72.411293496345607, -35.323544864633 ], [ -72.411302764403601, -35.323592289664099 ], [ -72.411333700124601, -35.323636121600899 ], [ -72.411374782838905, -35.323661785132302 ], [ -72.411415113305907, -35.3236695872274 ], [ -72.411505920052605, -35.3236670221022 ], [ -72.411564036935602, -35.323665380370201 ], [ -72.4116186470428, -35.323666817819401 ], [ -72.411688661461596, -35.323688683786401 ], [ -72.411733125841906, -35.323708290469099 ], [ -72.411789613021796, -35.323754381482402 ], [ -72.4118389615316, -35.323803654288803 ], [ -72.411855744285901, -35.323856827253799 ], [ -72.411877161857802, -35.323933713131098 ], [ -72.411911605893096, -35.3239744656452 ], [ -72.411942041239797, -35.324006390069499 ], [ -72.411989636969693, -35.324013986704898 ], [ -72.412064474173704, -35.324020813662401 ], [ -72.412139876795607, -35.323997820455503 ], [ -72.412207762763302, -35.323969078392999 ], [ -72.412275900248503, -35.323946290375602 ], [ -72.412361447253502, -35.323905127738598 ], [ -72.412451128197503, -35.323875770609199 ], [ -72.412618087711905, -35.323868071762099 ], [ -72.4126953686619, -35.323889731793699 ], [ -72.412788179436902, -35.323934794960799 ], [ -72.412869217695999, -35.323959328841703 ], [ -72.412946998691197, -35.323992896049198 ], [ -72.413023527159694, -35.323996693568198 ], [ -72.413104064516105, -35.3240093199705 ], [ -72.413203389138602, -35.324036316954597 ], [ -72.413280293444203, -35.324049045015798 ], [ -72.4133471776573, -35.324082919937098 ], [ -72.413484328721907, -35.324144611965103 ], [ -72.413531549845302, -35.324186493364103 ], [ -72.413606200427907, -35.324232070084101 ], [ -72.413677844395494, -35.324292633354801 ], [ -72.413741096982804, -35.324326610700403 ], [ -72.413809235520901, -35.324390253118302 ], [ -72.4138731146585, -35.324439114290101 ], [ -72.413925219777894, -35.324467445469303 ], [ -72.413970060953005, -35.324495981971701 ], [ -72.414032687363104, -35.3245150752469 ], [ -72.414111180820498, -35.324515778692799 ], [ -72.414108727679206, -35.324507262676903 ], [ -72.414170852896902, -35.324514447679199 ], [ -72.414238990144796, -35.324491657659699 ], [ -72.414295477438898, -35.324451316121497 ], [ -72.414348208420094, -35.324408098814501 ], [ -72.414353719217601, -35.324366217425599 ], [ -72.414366744599207, -35.324330084764497 ], [ -72.414401313375507, -35.324287380926698 ], [ -72.414475711895406, -35.324240571723699 ], [ -72.414537834856304, -35.324161324396002 ], [ -72.414558626408805, -35.324136893602997 ], [ -72.414600836024107, -35.324102915900802 ], [ -72.414646677534193, -35.324068834592602 ], [ -72.414654941835906, -35.3240060125474 ], [ -72.414674980326097, -35.323877288170799 ], [ -72.414676481936397, -35.323826578804798 ], [ -72.414745493459506, -35.323738195282203 ], [ -72.414843813278495, -35.323654944181698 ], [ -72.4148853959436, -35.323606082509102 ], [ -72.414894914316704, -35.323573028204102 ], [ -72.414892031959894, -35.323504561053099 ], [ -72.414852701543694, -35.323434142578002 ], [ -72.414804477139796, -35.323325231031902 ], [ -72.414771785337393, -35.3232397241052 ], [ -72.414696257937194, -35.3231733100952 ], [ -72.414531927779606, -35.3230706613828 ], [ -72.414243348919896, -35.322953643383499 ], [ -72.414135445976697, -35.322895595090799 ], [ -72.414107639844701, -35.322839753061203 ], [ -72.414098871471396, -35.322804236531297 ], [ -72.414070063116, -35.322724579882703 ], [ -72.414045513141801, -35.322659704456598 ], [ -72.413981009001802, -35.322595959385303 ], [ -72.413845362465906, -35.322483557489697 ], [ -72.413821064424098, -35.322424636073997 ], [ -72.413810918169204, -35.322356373291697 ], [ -72.413797515874407, -35.322297143875701 ], [ -72.413765451968104, -35.322226520490901 ], [ -72.413714474857102, -35.3221385490451 ], [ -72.413673768276396, -35.322035385651702 ], [ -72.413647526856096, -35.321843890593399 ], [ -72.413604691837605, -35.321776551749103 ], [ -72.413575633864099, -35.321690940817703 ], [ -72.413584651607593, -35.321645980178602 ], [ -72.413592792456498, -35.321580180619002 ], [ -72.413608698102294, -35.321526083959803 ], [ -72.413608823659402, -35.321442629192902 ], [ -72.413606318371905, -35.321383091734603 ], [ -72.413567867056003, -35.3213335107205 ], [ -72.4135507069726, -35.321271407330798 ], [ -72.413549078228201, -35.321059844265697 ], [ -72.413561727781598, -35.321014780975197 ], [ -72.413585023383902, -35.320963455586799 ], [ -72.413590158667901, -35.320912642594301 ], [ -72.413570995608893, -35.320802909016003 ], [ -72.413533170284794, -35.320681781435198 ], [ -72.413503862384204, -35.320590217240202 ], [ -72.413447814487398, -35.320468114143999 ], [ -72.413390451020007, -35.320401185813097 ], [ -72.413337221582495, -35.3203460629909 ], [ -72.413270340588795, -35.320312187872901 ], [ -72.413215732780898, -35.320310751045099 ], [ -72.413143591038406, -35.320324711341499 ], [ -72.413093993759006, -35.320355917144198 ], [ -72.413028739965995, -35.320447173671703 ], [ -72.412991166218404, -35.320504862747597 ], [ -72.412918899046005, -35.320602278606898 ], [ -72.412840118326699, -35.320717760257097 ], [ -72.412700342156, -35.320852848123003 ], [ -72.412595885414504, -35.320963094875701 ], [ -72.412471765414594, -35.321038131806297 ], [ -72.412298860777696, -35.321120508188898 ], [ -72.412118378907095, -35.321152431442997 ] ] ] } },
{ "type": "Feature", "properties": { "id": "monoparte.14", "Name": null, "description": null, "timestamp": null, "begin": null, "end": null, "altitudeMode": null, "tessellate": -1, "extrude": 0, "visibility": -1, "drawOrder": null, "icon": null, "SECTOR": "Constitución", "REG": "Maule", "COM": "Constitución", "LOC": "Constitución", "ZONA": "E5", "NOM": "E5 Área Especial de protección de líneas de alta tensión.", "UPERM": "Uso asimilable a Área Verde.", "UPROH": "Todos los no mencionados como permitidos.", "P_DO": "04/12/1987", "N_DOC": "189", "T_DO": "Decreto", "OBS": null }, "geometry": { "type": "Polygon", "coordinates": [ [ [ -72.412371130988802, -35.319544162147302 ], [ -72.410717535281606, -35.320185554131697 ], [ -72.410288886415103, -35.320369331271102 ], [ -72.410186883548704, -35.320434203440598 ], [ -72.410075058832106, -35.320542271658702 ], [ -72.409896100174706, -35.320714228099298 ], [ -72.409809923240005, -35.320878795816199 ], [ -72.409772846123701, -35.320965678440302 ], [ -72.409761417573407, -35.3211090616918 ], [ -72.409823900233803, -35.321377442027099 ], [ -72.4098506986941, -35.321495902098 ], [ -72.409856204294798, -35.321626884836199 ], [ -72.409859958138895, -35.321716191369397 ], [ -72.409863461726502, -35.321799543772102 ], [ -72.409858949708706, -35.321865240706103 ], [ -72.409853436632304, -35.321907122025202 ], [ -72.409832078127593, -35.321950471743897 ], [ -72.409853288278597, -35.322149275087597 ], [ -72.409880587650605, -35.322279642479003 ], [ -72.409953475533896, -35.322456409518097 ], [ -72.4101023915008, -35.322625068559802 ], [ -72.410299527675704, -35.322816209625401 ], [ -72.410568304262398, -35.323154348002298 ], [ -72.410701063580305, -35.323371149327102 ], [ -72.410728615228905, -35.3235074705267 ], [ -72.410740385203098, -35.323614432366398 ], [ -72.410762425482702, -35.323792634843599 ], [ -72.410827801464606, -35.323963652195303 ], [ -72.410927624334704, -35.324088990809301 ], [ -72.411144306981399, -35.324225931122399 ], [ -72.411447165366397, -35.324336592875497 ], [ -72.411876278075098, -35.324509255558901 ], [ -72.412269068114696, -35.324682943870002 ], [ -72.4125604051236, -35.324865458008603 ], [ -72.4127119611437, -35.325010195952999 ], [ -72.412852496047805, -35.325065832754802 ], [ -72.412936415258997, -35.325158833827899 ], [ -72.413091479761405, -35.325214059716899 ], [ -72.413267836651301, -35.325256762129001 ], [ -72.413400606077701, -35.3253006962779 ], [ -72.413452210491002, -35.325317119430103 ], [ -72.413488032965802, -35.3253041854231 ], [ -72.413514836379505, -35.325249780743498 ], [ -72.413562633582998, -35.325210279926097 ], [ -72.413754421303693, -35.325204858671903 ], [ -72.414110942145697, -35.325173321643597 ], [ -72.414266782522802, -35.325151927129198 ], [ -72.414255949924197, -35.325138225732204 ], [ -72.414419179089194, -35.325076387068101 ], [ -72.414649441838094, -35.324948275652901 ], [ -72.414861667132996, -35.324806367920999 ], [ -72.415029100181897, -35.324637114609601 ], [ -72.415144829001804, -35.324483630076301 ], [ -72.415275586986894, -35.324272495770302 ], [ -72.415336001715104, -35.324049044762099 ], [ -72.415380485304198, -35.323861808663899 ], [ -72.415407834672706, -35.323682210543502 ], [ -72.415390393025206, -35.323475267274297 ], [ -72.415316737769999, -35.323176925587703 ], [ -72.415147491269096, -35.322888438665103 ], [ -72.414906252820501, -35.322548341005898 ], [ -72.414662463730295, -35.3223549510463 ], [ -72.414552743646198, -35.322236452290099 ], [ -72.414487211201106, -35.322131010068098 ], [ -72.414391618457998, -35.321933429484503 ], [ -72.414306246386701, -35.321771324270003 ], [ -72.414226585559604, -35.321537527795101 ], [ -72.414191714529096, -35.321331076940297 ], [ -72.414171871543303, -35.321066977440303 ], [ -72.414176677343093, -35.320766415795298 ], [ -72.414159241175895, -35.320559472022303 ], [ -72.414044713865394, -35.320326661001999 ], [ -72.413889607789798, -35.320166526647498 ], [ -72.413736606763507, -35.3200564038492 ], [ -72.4135060549645, -35.319969931231 ], [ -72.413364777269507, -35.319931006348 ], [ -72.413127372642904, -35.319930563284203 ], [ -72.412945816543896, -35.319971458491203 ], [ -72.412826181973699, -35.320032063033601 ], [ -72.412714362150197, -35.3200709881554 ], [ -72.412688812532195, -35.3200860160727 ], [ -72.412371130988802, -35.319544162147302 ] ], [ [ -72.414238990144796, -35.324491657659699 ], [ -72.414170852896902, -35.324514447679199 ], [ -72.414108727679206, -35.324507262676903 ], [ -72.414111180820498, -35.324515778692799 ], [ -72.414032687363104, -35.3245150752469 ], [ -72.413970060953005, -35.324495981971701 ], [ -72.413925219777894, -35.324467445469303 ], [ -72.4138731146585, -35.324439114290101 ], [ -72.413809235520901, -35.324390253118302 ], [ -72.413741096982804, -35.324326610700403 ], [ -72.413677844395494, -35.324292633354801 ], [ -72.413606200427907, -35.324232070084101 ], [ -72.413531549845302, -35.324186493364103 ], [ -72.413484328721907, -35.324144611965103 ], [ -72.4133471776573, -35.324082919937098 ], [ -72.413280293444203, -35.324049045015798 ], [ -72.413203389138602, -35.324036316954597 ], [ -72.413104064516105, -35.3240093199705 ], [ -72.413023527159694, -35.323996693568198 ], [ -72.412946998691197, -35.323992896049198 ], [ -72.412869217695999, -35.323959328841703 ], [ -72.412788179436902, -35.323934794960799 ], [ -72.4126953686619, -35.323889731793699 ], [ -72.412618087711905, -35.323868071762099 ], [ -72.412451128197503, -35.323875770609199 ], [ -72.412361447253502, -35.323905127738598 ], [ -72.412275900248503, -35.323946290375602 ], [ -72.412207762763302, -35.323969078392999 ], [ -72.412139876795607, -35.323997820455503 ], [ -72.412064474173704, -35.324020813662401 ], [ -72.411989636969693, -35.324013986704898 ], [ -72.411942041239797, -35.324006390069499 ], [ -72.411911605893096, -35.3239744656452 ], [ -72.411877161857802, -35.323933713131098 ], [ -72.411855744285901, -35.323856827253799 ], [ -72.4118389615316, -35.323803654288803 ], [ -72.411789613021796, -35.323754381482402 ], [ -72.411733125841906, -35.323708290469099 ], [ -72.411688661461596, -35.323688683786401 ], [ -72.4116186470428, -35.323666817819401 ], [ -72.411564036935602, -35.323665380370201 ], [ -72.411505920052605, -35.3236670221022 ], [ -72.411415113305907, -35.3236695872274 ], [ -72.411374782838905, -35.323661785132302 ], [ -72.411333700124601, -35.323636121600899 ], [ -72.411302764403601, -35.323592289664099 ], [ -72.411293496345607, -35.323544864633 ], [ -72.411279845243698, -35.323479681636201 ], [ -72.411267822675299, -35.323453197224403 ], [ -72.411240768271, -35.3234152159242 ], [ -72.411194677850403, -35.323356909489704 ], [ -72.411160234447095, -35.323316156732403 ], [ -72.411122659853405, -35.323287413887201 ], [ -72.411066924460499, -35.323259183978401 ], [ -72.411007055360201, -35.3232191493138 ], [ -72.410969105333294, -35.323181475684201 ], [ -72.410948941714494, -35.323134358350501 ], [ -72.410934790256903, -35.323057267049798 ], [ -72.410881934923694, -35.3230110739309 ], [ -72.410850624151294, -35.3229583102151 ], [ -72.410826702479, -35.322908318848803 ], [ -72.4108126763889, -35.322834205033601 ], [ -72.410809672357701, -35.322762760071498 ], [ -72.410807294156498, -35.322706199063198 ], [ -72.410803038472395, -35.322604985288798 ], [ -72.410822453974504, -35.322547808772498 ], [ -72.410848070447003, -35.322465123630103 ], [ -72.410849198996999, -35.322405483435503 ], [ -72.410857216988703, -35.322336708227098 ], [ -72.410847448732497, -35.322277375786598 ], [ -72.410840687640103, -35.322203055883399 ], [ -72.410835680990303, -35.322083980636997 ], [ -72.410832802176301, -35.322015512278902 ], [ -72.410846329525498, -35.321991287264098 ], [ -72.410837065216498, -35.321857430630899 ], [ -72.410834311578398, -35.321791938881702 ], [ -72.410809889674795, -35.321730040138497 ], [ -72.410782837217894, -35.321692058651202 ], [ -72.410738499334698, -35.321675428149398 ], [ -72.410669112719305, -35.321668446372101 ], [ -72.410574675153299, -35.321671113339299 ], [ -72.410095348505095, -35.321687628786002 ], [ -72.410080444515899, -35.321679109176401 ], [ -72.410054393472905, -35.321664942215698 ], [ -72.4100171954627, -35.321645129696201 ], [ -72.409983004763703, -35.321610329716002 ], [ -72.409947636788999, -35.321547547601803 ], [ -72.409955655489298, -35.321478771506797 ], [ -72.409956909901098, -35.321422108790699 ], [ -72.409976450917796, -35.3213679089979 ], [ -72.410013902080607, -35.321307243210299 ], [ -72.410073021419905, -35.321242985448201 ], [ -72.410143037333697, -35.321178419979901 ], [ -72.410227831901693, -35.321119397462098 ], [ -72.410312876643999, -35.321066329017903 ], [ -72.410445516225494, -35.321020857843401 ], [ -72.410589425544501, -35.3209840096101 ], [ -72.410684112597906, -35.320987295900601 ], [ -72.410787566365798, -35.321026099889501 ], [ -72.410885506647304, -35.321106786052603 ], [ -72.410981005892396, -35.321172638540702 ], [ -72.411112140134804, -35.321177875237602 ], [ -72.411453564920706, -35.321168231404897 ], [ -72.411602108422798, -35.3211550949299 ], [ -72.411878780165694, -35.3211621806796 ], [ -72.412118378907095, -35.321152431442997 ], [ -72.412298860777696, -35.321120508188898 ], [ -72.412471765414594, -35.321038131806297 ], [ -72.412595885414504, -35.320963094875701 ], [ -72.412700342156, -35.320852848123003 ], [ -72.412840118326699, -35.320717760257097 ], [ -72.412918899046005, -35.320602278606898 ], [ -72.412991166218404, -35.320504862747597 ], [ -72.413028739965995, -35.320447173671703 ], [ -72.413093993759006, -35.320355917144198 ], [ -72.413143591038406, -35.320324711341499 ], [ -72.413215732780898, -35.320310751045099 ], [ -72.413270340588795, -35.320312187872901 ], [ -72.413337221582495, -35.3203460629909 ], [ -72.413390451020007, -35.320401185813097 ], [ -72.413447814487398, -35.320468114143999 ], [ -72.413503862384204, -35.320590217240202 ], [ -72.413533170284794, -35.320681781435198 ], [ -72.413570995608893, -35.320802909016003 ], [ -72.413590158667901, -35.320912642594301 ], [ -72.413585023383902, -35.320963455586799 ], [ -72.413561727781598, -35.321014780975197 ], [ -72.413549078228201, -35.321059844265697 ], [ -72.4135507069726, -35.321271407330798 ], [ -72.413567867056003, -35.3213335107205 ], [ -72.413606318371905, -35.321383091734603 ], [ -72.413608823659402, -35.321442629192902 ], [ -72.413608698102294, -35.321526083959803 ], [ -72.413592792456498, -35.321580180619002 ], [ -72.413584651607593, -35.321645980178602 ], [ -72.413575633864099, -35.321690940817703 ], [ -72.413604691837605, -35.321776551749103 ], [ -72.413647526856096, -35.321843890593399 ], [ -72.413673768276396, -35.322035385651702 ], [ -72.413714474857102, -35.3221385490451 ], [ -72.413765451968104, -35.322226520490901 ], [ -72.413797515874407, -35.322297143875701 ], [ -72.413810918169204, -35.322356373291697 ], [ -72.413821064424098, -35.322424636073997 ], [ -72.413845362465906, -35.322483557489697 ], [ -72.413981009001802, -35.322595959385303 ], [ -72.414045513141801, -35.322659704456598 ], [ -72.414070063116, -35.322724579882703 ], [ -72.414098871471396, -35.322804236531297 ], [ -72.414107639844701, -35.322839753061203 ], [ -72.414135445976697, -35.322895595090799 ], [ -72.414243348919896, -35.322953643383499 ], [ -72.414531927779606, -35.3230706613828 ], [ -72.414696257937194, -35.3231733100952 ], [ -72.414771785337393, -35.3232397241052 ], [ -72.414804477139796, -35.323325231031902 ], [ -72.414852701543694, -35.323434142578002 ], [ -72.414892031959894, -35.323504561053099 ], [ -72.414894914316704, -35.323573028204102 ], [ -72.4148853959436, -35.323606082509102 ], [ -72.414843813278495, -35.323654944181698 ], [ -72.414745493459506, -35.323738195282203 ], [ -72.414676481936397, -35.323826578804798 ], [ -72.414674980326097, -35.323877288170799 ], [ -72.414654941835906, -35.3240060125474 ], [ -72.414646677534193, -35.324068834592602 ], [ -72.414600836024107, -35.324102915900802 ], [ -72.414558626408805, -35.324136893602997 ], [ -72.414537834856304, -35.324161324396002 ], [ -72.414475711895406, -35.324240571723699 ], [ -72.414401313375507, -35.324287380926698 ], [ -72.414366744599207, -35.324330084764497 ], [ -72.414353719217601, -35.324366217425599 ], [ -72.414348208420094, -35.324408098814501 ], [ -72.414295477438898, -35.324451316121497 ], [ -72.414238990144796, -35.324491657659699 ] ] ] } },
{ "type": "Feature", "properties": { "id": "monoparte.15", "Name": null, "description": null, "timestamp": null, "begin": null, "end": null, "altitudeMode": null, "tessellate": -1, "extrude": 0, "visibility": -1, "drawOrder": null, "icon": null, "SECTOR": "Constitución", "REG": "Maule", "COM": "Constitución", "LOC": "Constitución", "ZONA": "ZE2", "NOM": "ZE2 Estadio Municipal", "UPERM": "Equipamiento de escala interurbana, comunal y vecinal: Deportivo, Cultura, Áreas Verdes.", "UPROH": "Todos los no mencionados como permitidos.", "P_DO": "04/12/1987", "N_DOC": "189", "T_DO": "Decreto", "OBS": null }, "geometry": { "type": "Polygon", "coordinates": [ [ [ -72.407948303309396, -35.342851649488701 ], [ -72.408477697832097, -35.3430617908 ], [ -72.410737157636206, -35.3414109574571 ], [ -72.4109922257649, -35.341248771183601 ], [ -72.410582370413906, -35.340763613662901 ], [ -72.410185096975098, -35.340312275774998 ], [ -72.410008709806704, -35.340131279306704 ], [ -72.409844951547399, -35.339973769742699 ], [ -72.409762172375494, -35.339804436151397 ], [ -72.409733713203494, -35.339681254409399 ], [ -72.409725499707307, -35.339485972135002 ], [ -72.409809889324706, -35.339278535998503 ], [ -72.409911517667695, -35.339065845834703 ], [ -72.410330149114202, -35.338364951371503 ], [ -72.410374849889095, -35.338182479678601 ], [ -72.410362025482399, -35.338015939565402 ], [ -72.410236653312694, -35.337940797387198 ], [ -72.407904723963398, -35.336971693600603 ], [ -72.404955453576704, -35.341691485048997 ], [ -72.405339343133605, -35.341843370760401 ], [ -72.407948303309396, -35.342851649488701 ] ] ] } },
{ "type": "Feature", "properties": { "id": "monoparte.16", "Name": null, "description": null, "timestamp": null, "begin": null, "end": null, "altitudeMode": null, "tessellate": -1, "extrude": 0, "visibility": -1, "drawOrder": null, "icon": null, "SECTOR": "Constitución", "REG": "Maule", "COM": "Constitución", "LOC": "Constitución", "ZONA": "Z4", "NOM": "Z4 Zona de Extensión Sur", "UPERM": "Vivienda. Equipamiento escala interurbana o regional", "UPROH": "Equipamiento industrial y de almacenamiento comunal, y transporte.", "P_DO": "04/12/1987", "N_DOC": "189", "T_DO": "Decreto", "OBS": null }, "geometry": { "type": "Polygon", "coordinates": [ [ [ -72.428367931657405, -35.327786994401002 ], [ -72.428251946805503, -35.327796248300899 ], [ -72.428170460515005, -35.327798561585801 ], [ -72.427843485533103, -35.328321066763202 ], [ -72.426944649126298, -35.329771207130896 ], [ -72.425852668875606, -35.331471213230799 ], [ -72.425611434689003, -35.331835565848401 ], [ -72.425673803895194, -35.3318677926761 ], [ -72.425778283056204, -35.331930396870803 ], [ -72.425794825432007, -35.3319776141063 ], [ -72.425847190898295, -35.332011893616297 ], [ -72.425900563606405, -35.332069987344802 ], [ -72.425909588873097, -35.332111456672997 ], [ -72.425950065319995, -35.332208661511203 ], [ -72.426039511796702, -35.332259770547203 ], [ -72.426137481810997, -35.332340441646501 ], [ -72.426192111621404, -35.3324283035343 ], [ -72.426195884933506, -35.332517608382403 ], [ -72.426198903587505, -35.332589052079697 ], [ -72.426145058718902, -35.332691914058799 ], [ -72.426082940639006, -35.332771166132098 ], [ -72.426086713878803, -35.332860470985402 ], [ -72.426161882380498, -35.332917946163199 ], [ -72.426279888548393, -35.3329563232449 ], [ -72.426416197782402, -35.333083593648901 ], [ -72.426802548263794, -35.333275296697103 ], [ -72.426878220862704, -35.333344678497902 ], [ -72.426880485362304, -35.333398261000298 ], [ -72.426852934135098, -35.333434808000597 ], [ -72.426796069225304, -35.333466225734597 ], [ -72.426688095443694, -35.333493132666398 ], [ -72.426609686861696, -35.3335311228319 ], [ -72.426619467507194, -35.3335904532074 ], [ -72.426644786149794, -35.333673185459403 ], [ -72.426686145001099, -35.333791227628801 ], [ -72.426734769809499, -35.333909063582503 ], [ -72.426826483254004, -35.334013755290698 ], [ -72.4268217335689, -35.3340734980005 ], [ -72.426728038001997, -35.3340940395315 ], [ -72.426669664055098, -35.334089734929698 ], [ -72.4266110374367, -35.334079477218197 ], [ -72.426558418691897, -35.334039245030702 ], [ -72.426432139692693, -35.333977259313997 ], [ -72.426319385143998, -35.3338910468919 ], [ -72.426213895553602, -35.333804628220001 ], [ -72.426036005136595, -35.333726224825497 ], [ -72.425911487804299, -35.333705913928803 ], [ -72.425838079492806, -35.333690114955502 ], [ -72.425765425777897, -35.333692176189999 ], [ -72.425700289373907, -35.333699984369602 ], [ -72.425622130485095, -35.333743927079198 ], [ -72.425519437737293, -35.333895860210099 ], [ -72.425448544434204, -35.333939597601898 ], [ -72.425361862897503, -35.3339539779465 ], [ -72.425327547910499, -35.334002636996402 ], [ -72.425301253286506, -35.334068951992897 ], [ -72.425334338597594, -35.334163386545697 ], [ -72.425340123243103, -35.334300320009298 ], [ -72.425303572410499, -35.334468259273201 ], [ -72.425357575276706, -35.3345412368528 ], [ -72.425389654846001, -35.334611857091701 ], [ -72.425391918469003, -35.334665439666502 ], [ -72.425373643052893, -35.334749408854499 ], [ -72.425389934417495, -35.334790672988902 ], [ -72.425407232919298, -35.334855750465302 ], [ -72.425387448408898, -35.334903998240001 ], [ -72.425339105386698, -35.3349649775503 ], [ -72.425342375090295, -35.335042375302201 ], [ -72.425345141742994, -35.335107865014301 ], [ -72.425377976095803, -35.335196345495902 ], [ -72.425357185404906, -35.335220778093102 ], [ -72.425278271503103, -35.335246860375001 ], [ -72.425197344347595, -35.335225312279 ], [ -72.425100628968195, -35.335174408895497 ], [ -72.425031970391402, -35.3350988658894 ], [ -72.424918712600302, -35.335000745031401 ], [ -72.424770385008202, -35.334933422708303 ], [ -72.424609287114805, -35.334908187766402 ], [ -72.4245376380225, -35.334934062621599 ], [ -72.424459728770202, -35.334983958698203 ], [ -72.424403365783704, -35.335027282530298 ], [ -72.424302905289807, -35.335059935481297 ], [ -72.424208704941407, -35.335068568000601 ], [ -72.424112997096401, -35.335041478054301 ], [ -72.424031064733796, -35.334996114836599 ], [ -72.4238516650001, -35.334881985891002 ], [ -72.423732148550201, -35.334807885059597 ], [ -72.423556268966607, -35.334777106650002 ], [ -72.423476348179193, -35.334779372569798 ], [ -72.423360855154598, -35.334800529517899 ], [ -72.423267911712102, -35.334838928752603 ], [ -72.423146158031201, -35.334884106724097 ], [ -72.423016886866293, -35.334923535621002 ], [ -72.422951246421604, -35.334919435217103 ], [ -72.422819713176096, -35.334905282096997 ], [ -72.422698402512495, -35.334892030400901 ], [ -72.422604608573806, -35.334944759125896 ], [ -72.422521041556294, -35.335032963972303 ], [ -72.422431770793494, -35.335192858947202 ], [ -72.422290490564194, -35.335361381324198 ], [ -72.422168455238094, -35.335572275782503 ], [ -72.422145917225095, -35.335658749843098 ], [ -72.422052424697796, -35.335718623019297 ], [ -72.421925865351795, -35.335822350875503 ], [ -72.421824256297498, -35.335896760686403 ], [ -72.421696490349504, -35.335971910735502 ], [ -72.421621337932606, -35.336052722261599 ], [ -72.421554603202907, -35.336126143626998 ], [ -72.421469224892107, -35.336171480560097 ], [ -72.421253667832701, -35.336234811850098 ], [ -72.421116278199804, -35.336288774701501 ], [ -72.421067281757601, -35.336368845732302 ], [ -72.421100672511699, -35.336539570357097 ], [ -72.421142481328104, -35.336702903963001 ], [ -72.421325299779198, -35.336898007346299 ], [ -72.421556511347205, -35.336998749528 ], [ -72.4216993291504, -35.337073385295497 ], [ -72.422086694777903, -35.3372889181556 ], [ -72.422411029183294, -35.337527694639 ], [ -72.422730366018897, -35.337854831587599 ], [ -72.422938442194507, -35.338027757073696 ], [ -72.423454125368593, -35.338456620191501 ], [ -72.425005585502802, -35.339846787874301 ], [ -72.426646557612798, -35.341288040232897 ], [ -72.426512183751498, -35.341413453941698 ], [ -72.4260245832414, -35.3418564672751 ], [ -72.4255191215248, -35.342496691728797 ], [ -72.425097073986706, -35.343045135225303 ], [ -72.424810608631006, -35.343496743905803 ], [ -72.424593594697001, -35.343939229581203 ], [ -72.424312556662798, -35.344519436004198 ], [ -72.424116631468095, -35.345254593393598 ], [ -72.4239711795327, -35.345737965204698 ], [ -72.423866338646306, -35.346356092208197 ], [ -72.423779576238303, -35.347020168275002 ], [ -72.424214061422504, -35.3470819851945 ], [ -72.425228304093693, -35.347221309321299 ], [ -72.425856307319293, -35.347310784296504 ], [ -72.426734489134205, -35.3474324971097 ], [ -72.427195607998996, -35.347498090807001 ], [ -72.427841204506507, -35.347590632559097 ], [ -72.428301871504502, -35.347645505642298 ], [ -72.428689325182404, -35.347723914485201 ], [ -72.4292556145775, -35.3477990303968 ], [ -72.4305332844161, -35.347973744028202 ], [ -72.4323513193293, -35.348229646580002 ], [ -72.433215983409795, -35.348340966687999 ], [ -72.433905191105893, -35.348432235313602 ], [ -72.434757384535203, -35.348558204724 ], [ -72.435872692928299, -35.348712445145402 ], [ -72.436606263248095, -35.348820318039799 ], [ -72.436838515239302, -35.348852708496601 ], [ -72.436559067655807, -35.348232365514697 ], [ -72.4357130319747, -35.346604121946399 ], [ -72.435088717250295, -35.345262832539802 ], [ -72.434772813725203, -35.344606598714101 ], [ -72.434706932595702, -35.344494026471203 ], [ -72.434602330154604, -35.344085709482201 ], [ -72.434233825728199, -35.342393796501803 ], [ -72.433917467485699, -35.341108115779299 ], [ -72.433730657203796, -35.340201430149598 ], [ -72.433541336624202, -35.339441451217297 ], [ -72.433527278384005, -35.339377474337198 ], [ -72.431969343426104, -35.338456121954501 ], [ -72.431471988040798, -35.338151951572002 ], [ -72.430821603722194, -35.337841398992801 ], [ -72.430826996330396, -35.337762563206297 ], [ -72.431378099986603, -35.3362552182939 ], [ -72.431352024774696, -35.336255959292401 ], [ -72.431314437156203, -35.336227223532397 ], [ -72.431323172851506, -35.336089877142797 ], [ -72.431369496063397, -35.335981267414098 ], [ -72.431459412705493, -35.335871417921702 ], [ -72.431522282211702, -35.335810023446903 ], [ -72.431584899628604, -35.3357426749646 ], [ -72.431655538886304, -35.335692981895498 ], [ -72.431675571729699, -35.335650687277202 ], [ -72.431628199645402, -35.335562621875901 ], [ -72.431573056662202, -35.335462855012402 ], [ -72.431509390287303, -35.335333527337298 ], [ -72.431483562171195, -35.335238889374203 ], [ -72.431464496060599, -35.335132136955501 ], [ -72.431474743343898, -35.335030512642 ], [ -72.431507291074197, -35.334940175967702 ], [ -72.431591956399402, -35.334878162066701 ], [ -72.431668852878303, -35.334804447516198 ], [ -72.431752258023195, -35.334712665417598 ], [ -72.431792322089805, -35.3346280761996 ], [ -72.431810842714498, -35.334550059494902 ], [ -72.431835873177405, -35.334453975248302 ], [ -72.431862162467098, -35.334387660026202 ], [ -72.431896473476897, -35.334338998432301 ], [ -72.431967615319607, -35.3343012114087 ], [ -72.432117919572406, -35.334243292692904 ], [ -72.432233661947393, -35.334228081477498 ], [ -72.432342642497005, -35.334224983738103 ], [ -72.432451623030104, -35.334221885900803 ], [ -72.432471655147495, -35.334179591185901 ], [ -72.4324824051929, -35.334089873903402 ], [ -72.432449310650895, -35.333995441811702 ], [ -72.432364604102503, -35.333884595181502 ], [ -72.432329493662095, -35.333742533926703 ], [ -72.432316684682107, -35.333611761027498 ], [ -72.432320421160497, -35.333528204250797 ], [ -72.432380769236104, -35.333407273246898 ], [ -72.432429609918998, -35.333358198507099 ], [ -72.432542830683005, -35.3332834509051 ], [ -72.432628501683993, -35.333245251408599 ], [ -72.432752011206205, -35.333241740317099 ], [ -72.432969465375507, -35.333223636008299 ], [ -72.433057404651805, -35.333239018379899 ], [ -72.433137071072196, -35.333230793139499 ], [ -72.433179149603006, -35.333193831745596 ], [ -72.433184146668694, -35.333140043018901 ], [ -72.433126736234499, -35.332986694663497 ], [ -72.433117706084303, -35.332945226126299 ], [ -72.433113925098397, -35.332855921932897 ], [ -72.433160496411304, -35.332753264782099 ], [ -72.4331857758593, -35.332663134357901 ], [ -72.433224326214798, -35.332542822715702 ], [ -72.433220293083394, -35.332447564553704 ], [ -72.433207229911702, -35.332310838754303 ], [ -72.4332029447921, -35.332209627513997 ], [ -72.433146291319204, -35.3320741401334 ], [ -72.433068724538401, -35.3319601099344 ], [ -72.433044409417604, -35.331901193418901 ], [ -72.433041636881896, -35.331835704200998 ], [ -72.4330528902927, -35.331757893941301 ], [ -72.433079681970497, -35.3317034855842 ], [ -72.433069644915193, -35.331638201997798 ], [ -72.433016519704395, -35.331586065688199 ], [ -72.432964907890593, -35.331569650470598 ], [ -72.432848918518403, -35.331578908163301 ], [ -72.432689084789104, -35.331583451881102 ], [ -72.432558061319099, -35.331581216188603 ], [ -72.432425776694302, -35.331549211392002 ], [ -72.432314279803904, -35.331492772811103 ], [ -72.432231843107303, -35.331435508139897 ], [ -72.432204756963799, -35.331311102127003 ], [ -72.432193669711396, -35.331049142292997 ], [ -72.432172084383097, -35.330882854615602 ], [ -72.432100902710204, -35.330747779576299 ], [ -72.432060797888099, -35.330659507682 ], [ -72.431940778320794, -35.330573507018997 ], [ -72.431806731936405, -35.330499826249998 ], [ -72.431481780172206, -35.3303838848216 ], [ -72.431353739296796, -35.330280228945703 ], [ -72.431313636640695, -35.330191956706898 ], [ -72.4312574906874, -35.330068376148901 ], [ -72.431172790221495, -35.329957527397603 ], [ -72.431076078059306, -35.329906628625899 ], [ -72.430920993990497, -35.329851427094098 ], [ -72.430817521504807, -35.329812641571003 ], [ -72.430766163097502, -35.329802179309901 ], [ -72.4306146053421, -35.329830327837897 ], [ -72.430579791517602, -35.329867081948997 ], [ -72.430501136479705, -35.329899120369099 ], [ -72.430450785400296, -35.329912472144201 ], [ -72.430415719609698, -35.329943272221001 ], [ -72.430381661129701, -35.329997886460497 ], [ -72.430347602606005, -35.330052500692503 ], [ -72.430306782280994, -35.330119229292201 ], [ -72.430243160357307, -35.3301627619025 ], [ -72.430170761973997, -35.330170779600202 ], [ -72.430149470322505, -35.330183305797398 ], [ -72.429959950816894, -35.330173787535898 ], [ -72.429302249653603, -35.329757329280604 ], [ -72.428585681252997, -35.329324656958399 ], [ -72.428391758125898, -35.329210946891102 ], [ -72.428301558799504, -35.329141978351899 ], [ -72.428215856613406, -35.329007312998002 ], [ -72.428216074129494, -35.328840404464401 ], [ -72.428210789126794, -35.328715378405199 ], [ -72.428268875477499, -35.328540865867303 ], [ -72.428309695793303, -35.328474138824198 ], [ -72.428399860994006, -35.328370245744303 ], [ -72.428478263846401, -35.328332254718497 ], [ -72.428497038476394, -35.328260192363203 ], [ -72.428421621347994, -35.328196764446702 ], [ -72.428360230528099, -35.328121017770002 ], [ -72.428329158183999, -35.328074213390302 ], [ -72.428368720945798, -35.327977717170498 ], [ -72.428394256455803, -35.327893541482197 ], [ -72.4284060174774, -35.3278276385075 ], [ -72.428367931657405, -35.327786994401002 ] ] ] } },
{ "type": "Feature", "properties": { "id": "monoparte.17", "Name": null, "description": null, "timestamp": null, "begin": null, "end": null, "altitudeMode": null, "tessellate": -1, "extrude": 0, "visibility": -1, "drawOrder": null, "icon": null, "SECTOR": "Constitución", "REG": "Maule", "COM": "Constitución", "LOC": "Constitución", "ZONA": "E5", "NOM": "E5 Área Especial de protección de líneas de alta tensión.", "UPERM": "Uso asimilable a Área Verde.", "UPROH": "Todos los no mencionados como permitidos.", "P_DO": "04/12/1987", "N_DOC": "189", "T_DO": "Decreto", "OBS": null }, "geometry": { "type": "Polygon", "coordinates": [ [ [ -72.431517871829698, -35.336221442295503 ], [ -72.431417414361206, -35.336254101057797 ], [ -72.431378099986603, -35.3362552182939 ], [ -72.430826996330396, -35.337762563206297 ], [ -72.430821603722194, -35.337841398992801 ], [ -72.431471988040798, -35.338151951572002 ], [ -72.431969343426104, -35.338456121954501 ], [ -72.433527278384005, -35.339377474337198 ], [ -72.433541336624202, -35.339441451217297 ], [ -72.433730657203796, -35.340201430149598 ], [ -72.433917467485699, -35.341108115779299 ], [ -72.434233825728199, -35.342393796501803 ], [ -72.434602330154604, -35.344085709482201 ], [ -72.434706932595702, -35.344494026471203 ], [ -72.434772813725203, -35.344606598714101 ], [ -72.435088717250295, -35.345262832539802 ], [ -72.4357130319747, -35.346604121946399 ], [ -72.436559067655807, -35.348232365514697 ], [ -72.436838515239302, -35.348852708496601 ], [ -72.437001001429095, -35.348875368794701 ], [ -72.436932420712495, -35.348691683835597 ], [ -72.435329979499699, -35.345489868543702 ], [ -72.434982918068101, -35.344716498782198 ], [ -72.434899597528101, -35.3446044228182 ], [ -72.434893542192597, -35.344461536111098 ], [ -72.435364155666207, -35.3446484284853 ], [ -72.435892475915693, -35.344754994366802 ], [ -72.436267612593298, -35.3448613750937 ], [ -72.436262351043396, -35.344841091204998 ], [ -72.436222629191903, -35.344744876505402 ], [ -72.4350492831216, -35.344428493588303 ], [ -72.434861631818194, -35.3443265392238 ], [ -72.434761175671795, -35.344222103095703 ], [ -72.434722907961302, -35.343937074663899 ], [ -72.434580551814804, -35.343461879252402 ], [ -72.434508558790895, -35.342998986972802 ], [ -72.434345683269299, -35.342245410122302 ], [ -72.433959965821501, -35.340764996689501 ], [ -72.433675470300301, -35.339406879504899 ], [ -72.433537120552501, -35.339231990582498 ], [ -72.432629608217098, -35.338724900702502 ], [ -72.430956839859604, -35.337771033977297 ], [ -72.431549240288703, -35.3362118727078 ], [ -72.431517871829698, -35.336221442295503 ] ] ] } },
{ "type": "Feature", "properties": { "id": "monoparte.18", "Name": null, "description": null, "timestamp": null, "begin": null, "end": null, "altitudeMode": null, "tessellate": -1, "extrude": 0, "visibility": -1, "drawOrder": null, "icon": null, "SECTOR": "Constitución", "REG": "Maule", "COM": "Constitución", "LOC": "Constitución", "ZONA": "Z4", "NOM": "Z4 Zona de Extensión Sur", "UPERM": "Vivienda. Equipamiento escala interurbana o regional", "UPROH": "Equipamiento industrial y de almacenamiento comunal, y transporte.", "P_DO": "04/12/1987", "N_DOC": "189", "T_DO": "Decreto", "OBS": null }, "geometry": { "type": "Polygon", "coordinates": [ [ [ -72.438270516266996, -35.349051895870602 ], [ -72.4394694340142, -35.3492216029193 ], [ -72.439520521779997, -35.349157317368601 ], [ -72.4394133781324, -35.349055633510602 ], [ -72.439379797912096, -35.349012117448098 ], [ -72.439239618361796, -35.348997394881899 ], [ -72.438731593120906, -35.348684024514597 ], [ -72.438557387603197, -35.348522084907501 ], [ -72.438117039858696, -35.348260431564299 ], [ -72.437801741495804, -35.348030979797102 ], [ -72.437477662758994, -35.347766012220902 ], [ -72.437248808693994, -35.347516216017603 ], [ -72.437117198202799, -35.347329218757402 ], [ -72.436929365098607, -35.346845783745202 ], [ -72.436689479419201, -35.346164144573699 ], [ -72.436519213818499, -35.345751737639901 ], [ -72.436434181164799, -35.345462080864102 ], [ -72.436340621459706, -35.345142862875598 ], [ -72.436267612593298, -35.3448613750937 ], [ -72.435892475915693, -35.344754994366802 ], [ -72.435364155666207, -35.3446484284853 ], [ -72.434893542192597, -35.344461536111098 ], [ -72.434899597528101, -35.3446044228182 ], [ -72.434982918068101, -35.344716498782198 ], [ -72.435329979499699, -35.345489868543702 ], [ -72.436932420712495, -35.348691683835597 ], [ -72.437001001429095, -35.348875368794701 ], [ -72.437458160348797, -35.348939123168897 ], [ -72.438270516266996, -35.349051895870602 ] ] ] } },
{ "type": "Feature", "properties": { "id": "monoparte.19", "Name": null, "description": null, "timestamp": null, "begin": null, "end": null, "altitudeMode": null, "tessellate": -1, "extrude": 0, "visibility": -1, "drawOrder": null, "icon": null, "SECTOR": "Constitución", "REG": "Maule", "COM": "Constitución", "LOC": "Constitución", "ZONA": "Z4", "NOM": "Z4 Zona de Extensión Sur", "UPERM": "Vivienda. Equipamiento escala interurbana o regional", "UPROH": "Equipamiento industrial y de almacenamiento comunal, y transporte.", "P_DO": "04/12/1987", "N_DOC": "189", "T_DO": "Decreto", "OBS": null }, "geometry": { "type": "Polygon", "coordinates": [ [ [ -72.433959965821501, -35.340764996689501 ], [ -72.434345683269299, -35.342245410122302 ], [ -72.434508558790895, -35.342998986972802 ], [ -72.434580551814804, -35.343461879252402 ], [ -72.434722907961302, -35.343937074663899 ], [ -72.434761175671795, -35.344222103095703 ], [ -72.434861631818194, -35.3443265392238 ], [ -72.4350492831216, -35.344428493588303 ], [ -72.436222629191903, -35.344744876505402 ], [ -72.436189382814803, -35.344664344991997 ], [ -72.436079398971003, -35.344300888865 ], [ -72.436036758112493, -35.3441530832472 ], [ -72.436050480702605, -35.343961948372197 ], [ -72.436054412807493, -35.343711484459597 ], [ -72.436094875692405, -35.343293079254501 ], [ -72.436133876543906, -35.343011813454098 ], [ -72.436203907645904, -35.3426044880554 ], [ -72.436201026421301, -35.342193277493898 ], [ -72.436148995619902, -35.341652328983798 ], [ -72.436069706397802, -35.341056767654997 ], [ -72.4360101759315, -35.341064380559601 ], [ -72.435866854948301, -35.341046999933901 ], [ -72.435811512153506, -35.340977045754201 ], [ -72.435758832022003, -35.340763957684601 ], [ -72.435737729514301, -35.340575005066597 ], [ -72.435695947431299, -35.340104101347599 ], [ -72.435691646164997, -35.339796648353698 ], [ -72.435657466114804, -35.339608068710099 ], [ -72.435615777845996, -35.339448314312797 ], [ -72.435527724300599, -35.339327432020703 ], [ -72.435457337043502, -35.3392114115697 ], [ -72.435378381915697, -35.3390992115229 ], [ -72.435300637931306, -35.339015587685601 ], [ -72.435152537491604, -35.338919660547703 ], [ -72.434991510699405, -35.338827677634903 ], [ -72.434866267868301, -35.3387561348056 ], [ -72.434744551486503, -35.338664821137101 ], [ -72.434613436020499, -35.338557680089799 ], [ -72.434472240656305, -35.338418638186901 ], [ -72.434338099492905, -35.338240053777803 ], [ -72.434249368325396, -35.338103096006698 ], [ -72.4341892165357, -35.338022547699701 ], [ -72.434121677905907, -35.337870681241 ], [ -72.434062102294703, -35.337700704857198 ], [ -72.433971831075098, -35.337424308191103 ], [ -72.433822771547199, -35.337099512457797 ], [ -72.433687092551395, -35.336781489354301 ], [ -72.433585335712095, -35.336542971831101 ], [ -72.433472665769401, -35.336252905778501 ], [ -72.433397746300301, -35.336029718638002 ], [ -72.4333376918445, -35.335745308764999 ], [ -72.433272248741901, -35.335539734572997 ], [ -72.433227665964907, -35.335208391423997 ], [ -72.4331879736433, -35.334889426228202 ], [ -72.433214199243395, -35.334581104746597 ], [ -72.433210238744095, -35.334384511492601 ], [ -72.433224018742493, -35.334194567195802 ], [ -72.433259168055599, -35.334097003669299 ], [ -72.433277636749295, -35.334017796026501 ], [ -72.433327527018605, -35.333959154166799 ], [ -72.433398910901104, -35.3338927477784 ], [ -72.433538907162799, -35.333797567510899 ], [ -72.433751723531103, -35.333669915897303 ], [ -72.433761878398201, -35.333663585785601 ], [ -72.433597748112504, -35.333631372346602 ], [ -72.433380040946702, -35.333643522970597 ], [ -72.433120002870893, -35.333686681533102 ], [ -72.432998508107602, -35.333737821252498 ], [ -72.432906832467197, -35.3338059965279 ], [ -72.432895325624003, -35.333877852834199 ], [ -72.432892598014703, -35.333985224585099 ], [ -72.432926700196106, -35.334103470649097 ], [ -72.432929977029701, -35.334180867796 ], [ -72.432955806368398, -35.334275505386401 ], [ -72.432960343590196, -35.334382670590799 ], [ -72.432950602324397, -35.334496201973998 ], [ -72.432939852785097, -35.3345859192669 ], [ -72.432928345918995, -35.334657775573397 ], [ -72.432915831879399, -35.334705817758604 ], [ -72.432737473377699, -35.334788378679796 ], [ -72.432624756008806, -35.334875033575003 ], [ -72.432549372665207, -35.334984470735201 ], [ -72.432481507028598, -35.335099654388699 ], [ -72.432485035614206, -35.3351830055337 ], [ -72.432511620997701, -35.335295504240698 ], [ -72.432521911429603, -35.335366740883899 ], [ -72.432497133623102, -35.335468778305099 ], [ -72.432397628039894, -35.335695732229198 ], [ -72.432208056315204, -35.336028963734996 ], [ -72.4321875196338, -35.336059351377997 ], [ -72.432000127322993, -35.336100441901898 ], [ -72.431863090528907, -35.3361281804752 ], [ -72.431668684970404, -35.336175430961703 ], [ -72.431549240288703, -35.3362118727078 ], [ -72.430956839859604, -35.337771033977297 ], [ -72.432629608217098, -35.338724900702502 ], [ -72.433537120552501, -35.339231990582498 ], [ -72.433675470300301, -35.339406879504899 ], [ -72.433959965821501, -35.340764996689501 ] ] ] } },
{ "type": "Feature", "properties": { "id": "monoparte.20", "Name": null, "description": null, "timestamp": null, "begin": null, "end": null, "altitudeMode": null, "tessellate": -1, "extrude": 0, "visibility": -1, "drawOrder": null, "icon": null, "SECTOR": "Constitución", "REG": "Maule", "COM": "Constitución", "LOC": "Constitución", "ZONA": "E5", "NOM": "E5 Área Especial de protección de líneas de alta tensión.", "UPERM": "Uso asimilable a Área Verde.", "UPROH": "Todos los no mencionados como permitidos.", "P_DO": "04/12/1987", "N_DOC": "189", "T_DO": "Decreto", "OBS": null }, "geometry": { "type": "Polygon", "coordinates": [ [ [ -72.403984816273805, -35.340805143342997 ], [ -72.402843203069096, -35.341510897012199 ], [ -72.401816830537598, -35.342189549667602 ], [ -72.400930773344996, -35.342745024978797 ], [ -72.399569287686006, -35.342202158842397 ], [ -72.399529540393104, -35.342259812508701 ], [ -72.399502575346204, -35.342301759444297 ], [ -72.400857746184499, -35.342842454828997 ], [ -72.400913241968297, -35.342913502972301 ], [ -72.401029377625903, -35.3428410925953 ], [ -72.402269528736099, -35.342072971220396 ], [ -72.403650907821799, -35.341186407964301 ], [ -72.403673936506806, -35.341195229123798 ], [ -72.403734482847597, -35.341080438054398 ], [ -72.403876306903101, -35.340992988625501 ], [ -72.403984816273805, -35.340805143342997 ] ] ] } },
{ "type": "Feature", "properties": { "id": "monoparte.21", "Name": null, "description": null, "timestamp": null, "begin": null, "end": null, "altitudeMode": null, "tessellate": -1, "extrude": 0, "visibility": -1, "drawOrder": null, "icon": null, "SECTOR": "Constitución", "REG": "Maule", "COM": "Constitución", "LOC": "Constitución", "ZONA": "E6", "NOM": "E6 Área Especial", "UPERM": "Equipamiento de Cementerios.", "UPROH": "Todos los no mencionados como permitidos.", "P_DO": "04/12/1987", "N_DOC": "189", "T_DO": "Decreto", "OBS": null }, "geometry": { "type": "Polygon", "coordinates": [ [ [ -72.397315266153399, -35.344182291444397 ], [ -72.397608950480702, -35.3443051190213 ], [ -72.398016633019097, -35.343791239452997 ], [ -72.397861540544895, -35.343735995741 ], [ -72.397990646934105, -35.343344907408401 ], [ -72.3969310543972, -35.3430587978741 ], [ -72.396636542462502, -35.343899689807103 ], [ -72.397315266153399, -35.344182291444397 ] ] ] } },
{ "type": "Feature", "properties": { "id": "monoparte.22", "Name": null, "description": null, "timestamp": null, "begin": null, "end": null, "altitudeMode": null, "tessellate": -1, "extrude": 0, "visibility": -1, "drawOrder": null, "icon": null, "SECTOR": "Constitución", "REG": "Maule", "COM": "Constitución", "LOC": "Constitución", "ZONA": "Z2", "NOM": "Z2 Sectores oriente, sur-oriente y nor-poniente del área consolidada", "UPERM": "Vivienda. Equipamiento interurbano, comunal y vecinal. Industria y Almacenamiento inofensivos. Transporte: terminales rodoviarios, agropecuarios, fluviales y depósitos de buses o camiones.", "UPROH": "Industria y almacenamiento de carácter molesto, insalubre y peligroso.", "P_DO": "04/12/1987", "N_DOC": "189", "T_DO": "Decreto", "OBS": null }, "geometry": { "type": "Polygon", "coordinates": [ [ [ -72.396897164158602, -35.3400261384541 ], [ -72.396786145080398, -35.340154438994801 ], [ -72.396628393209596, -35.340295976499299 ], [ -72.396567238699106, -35.3403990310767 ], [ -72.396499207348199, -35.340424788739597 ], [ -72.396417766244696, -35.340477746764897 ], [ -72.396346335493206, -35.340595991975597 ], [ -72.396272517880007, -35.340744109438901 ], [ -72.396096533814102, -35.340915843526197 ], [ -72.395853146084406, -35.341149201457803 ], [ -72.395813452338899, -35.341174160865997 ], [ -72.395781381289893, -35.341172679253603 ], [ -72.395757430591303, -35.341156662349498 ], [ -72.395729776228407, -35.341121674624397 ], [ -72.395661728752998, -35.341094976328499 ], [ -72.395644888308496, -35.341109755938497 ], [ -72.395603286512596, -35.341158612885401 ], [ -72.395588441171697, -35.341221023373102 ], [ -72.395590735552901, -35.341275798394697 ], [ -72.395566172537698, -35.341314638218002 ], [ -72.395491002052296, -35.341326290099197 ], [ -72.395430963465103, -35.341351821515403 ], [ -72.395306867194506, -35.3414459162057 ], [ -72.395164433823098, -35.3415190669335 ], [ -72.395023296820696, -35.341623177552698 ], [ -72.394974085677006, -35.341629330225899 ], [ -72.394898017134494, -35.341619547531799 ], [ -72.394845957600793, -35.341599809536902 ], [ -72.394861927711901, -35.341661095792901 ], [ -72.394841268320405, -35.3417236696746 ], [ -72.394814996066003, -35.341791170336201 ], [ -72.394743016436394, -35.341879030173402 ], [ -72.3946686430982, -35.341909733226402 ], [ -72.394664426459101, -35.341948000839601 ], [ -72.394642769560306, -35.341986759685099 ], [ -72.3945742095177, -35.342017299243103 ], [ -72.394494620908105, -35.3420624548286 ], [ -72.394392578441995, -35.342127316589803 ], [ -72.394349664215596, -35.342214359094903 ], [ -72.394274692084295, -35.342230772737103 ], [ -72.394184474452402, -35.342300069982599 ], [ -72.393937272895499, -35.342512072013399 ], [ -72.393817989499098, -35.3425821869114 ], [ -72.393690499439899, -35.342595307402597 ], [ -72.393555768553099, -35.342657436636699 ], [ -72.393667256342795, -35.3426987008636 ], [ -72.396111426716899, -35.343683260046603 ], [ -72.396591126904596, -35.343880779526998 ], [ -72.396636542462502, -35.343899689807103 ], [ -72.3969310543972, -35.3430587978741 ], [ -72.397990646934105, -35.343344907408401 ], [ -72.397861540544895, -35.343735995741 ], [ -72.398016633019097, -35.343791239452997 ], [ -72.397608950480702, -35.3443051190213 ], [ -72.398252729255901, -35.344574360995402 ], [ -72.398926278959905, -35.344158409795 ], [ -72.399162675545298, -35.344022046526 ], [ -72.399741237363898, -35.3436624132585 ], [ -72.400191845124695, -35.343374333052701 ], [ -72.400395573106906, -35.343236265072299 ], [ -72.400913241968297, -35.342913502972301 ], [ -72.400857746184499, -35.342842454828997 ], [ -72.399502575346204, -35.342301759444297 ], [ -72.399447587881397, -35.342387297054898 ], [ -72.3993691864694, -35.342479375747999 ], [ -72.399258387418698, -35.342559527609303 ], [ -72.399109288541993, -35.342647177498897 ], [ -72.398951675317505, -35.342705261779201 ], [ -72.398750463081697, -35.3427645731444 ], [ -72.398482106089205, -35.3427840483916 ], [ -72.398198467586397, -35.342786071322799 ], [ -72.398015060618604, -35.342749507366598 ], [ -72.397802089505802, -35.342701852690801 ], [ -72.397519977327207, -35.342566731409399 ], [ -72.397363141934605, -35.342469810267502 ], [ -72.397155191940499, -35.342368365864402 ], [ -72.396966297255702, -35.342200816193703 ], [ -72.396843298931202, -35.342043333865703 ], [ -72.396735333583607, -35.341897350003698 ], [ -72.396637161100301, -35.341637834774502 ], [ -72.3965873261631, -35.341490215453902 ], [ -72.396499913843797, -35.341313848916499 ], [ -72.396465110607707, -35.341177728204499 ], [ -72.396446337614705, -35.341076922015098 ], [ -72.396440600234001, -35.340939983676897 ], [ -72.396471443511004, -35.340807977551897 ], [ -72.3965306038683, -35.340657292131901 ], [ -72.396619825160201, -35.340529604993598 ], [ -72.396701780610499, -35.340402121292598 ], [ -72.396792249784696, -35.340304202280699 ], [ -72.396919548600195, -35.340217169497897 ], [ -72.3970696426979, -35.340153338295103 ], [ -72.397285382171304, -35.340093621131203 ], [ -72.397596080556895, -35.340043153122899 ], [ -72.3978140651421, -35.340037019123898 ], [ -72.398076394553698, -35.3400475185773 ], [ -72.398339473873605, -35.340075879971998 ], [ -72.398479277430198, -35.340113670880697 ], [ -72.398686723657605, -35.340203205803697 ], [ -72.398924482642897, -35.3403216903858 ], [ -72.399111129654798, -35.340435653058101 ], [ -72.3993017717046, -35.3406448768215 ], [ -72.399403472730896, -35.340814877698598 ], [ -72.399529219117696, -35.341037849611197 ], [ -72.399643430176496, -35.341332675194302 ], [ -72.399662957373806, -35.341451342242998 ], [ -72.399684730813902, -35.341623594165497 ], [ -72.399682707660702, -35.341748828288701 ], [ -72.399685704004, -35.341820273854403 ], [ -72.399668399417095, -35.341928056441503 ], [ -72.399643579427803, -35.342030089429599 ], [ -72.399604976042099, -35.342150393208797 ], [ -72.399569287686006, -35.342202158842397 ], [ -72.400930773344996, -35.342745024978797 ], [ -72.401816830537598, -35.342189549667602 ], [ -72.402843203069096, -35.341510897012199 ], [ -72.403984816273805, -35.340805143342997 ], [ -72.403876306903101, -35.340992988625501 ], [ -72.403734482847597, -35.341080438054398 ], [ -72.403673936506806, -35.341195229123798 ], [ -72.404529285427202, -35.341522870570302 ], [ -72.404955453576704, -35.341691485048997 ], [ -72.407904723963398, -35.336971693600603 ], [ -72.406336342356099, -35.3363198656061 ], [ -72.404127997105107, -35.335387876242699 ], [ -72.403935585898395, -35.335351335922098 ], [ -72.403531992315294, -35.335700989545103 ], [ -72.402679382764603, -35.3364015738793 ], [ -72.402070388984299, -35.3367972468969 ], [ -72.401866675001102, -35.336969889149501 ], [ -72.401778099634399, -35.337026032673798 ], [ -72.401728862604202, -35.337066165348503 ], [ -72.401668351923703, -35.337097674247801 ], [ -72.401538502901005, -35.337123684700501 ], [ -72.401444670932904, -35.337141230506397 ], [ -72.401062123550204, -35.337342752917003 ], [ -72.400731876489502, -35.337533859836597 ], [ -72.4003899797342, -35.337707412147502 ], [ -72.400123126120107, -35.3378490452899 ], [ -72.399867919614394, -35.338008232633598 ], [ -72.399653935505597, -35.338109631447999 ], [ -72.399627117891598, -35.338164033744398 ], [ -72.399523634483103, -35.338211654057503 ], [ -72.399184859517305, -35.338416409047497 ], [ -72.3989894122724, -35.338526225348403 ], [ -72.398876152074706, -35.338600943518202 ], [ -72.398713526217406, -35.338712816557702 ], [ -72.398006512579201, -35.339200641641703 ], [ -72.397587850782799, -35.339495562676099 ], [ -72.397439441440099, -35.339599583214799 ], [ -72.397261016994193, -35.339768526353602 ], [ -72.397088984094594, -35.339916426540597 ], [ -72.396897164158602, -35.3400261384541 ] ] ] } },
{ "type": "Feature", "properties": { "id": "monoparte.23", "Name": null, "description": null, "timestamp": null, "begin": null, "end": null, "altitudeMode": null, "tessellate": -1, "extrude": 0, "visibility": -1, "drawOrder": null, "icon": null, "SECTOR": "Constitución", "REG": "Maule", "COM": "Constitución", "LOC": "Constitución", "ZONA": "E5", "NOM": "E5 Área Especial de protección de líneas de alta tensión.", "UPERM": "Uso asimilable a Área Verde.", "UPROH": "Todos los no mencionados como permitidos.", "P_DO": "04/12/1987", "N_DOC": "189", "T_DO": "Decreto", "OBS": null }, "geometry": { "type": "Polygon", "coordinates": [ [ [ -72.396972716277503, -35.341275333435398 ], [ -72.399506200364399, -35.342296120626102 ], [ -72.399529540393104, -35.342259812508701 ], [ -72.399569492926503, -35.342201860185199 ], [ -72.396966478993093, -35.341126487697402 ], [ -72.396972716277503, -35.341275333435398 ] ] ] } },
{ "type": "Feature", "properties": { "id": "monoparte.24", "Name": null, "description": null, "timestamp": null, "begin": null, "end": null, "altitudeMode": null, "tessellate": -1, "extrude": 0, "visibility": -1, "drawOrder": null, "icon": null, "SECTOR": "Constitución", "REG": "Maule", "COM": "Constitución", "LOC": "Constitución", "ZONA": "ZE3", "NOM": "ZE3 Cerros Mutrún y Centínela", "UPERM": "Equipamiento de escala interurbana y comunal: Turismo y esparcimiento, Cultura, Culto, Áreas Verdes, Deportes.", "UPROH": "Todos los no mencionados como permitidos.", "P_DO": "04/12/1987", "N_DOC": "189", "T_DO": "Decreto", "OBS": null }, "geometry": { "type": "Polygon", "coordinates": [ [ [ -72.396446337614705, -35.341076922015098 ], [ -72.396465110607707, -35.341177728204499 ], [ -72.396499913843797, -35.341313848916499 ], [ -72.3965873261631, -35.341490215453902 ], [ -72.396637161100301, -35.341637834774502 ], [ -72.396735333583607, -35.341897350003698 ], [ -72.396843298931202, -35.342043333865703 ], [ -72.396966297255702, -35.342200816193703 ], [ -72.397155191940499, -35.342368365864402 ], [ -72.397363141934605, -35.342469810267502 ], [ -72.397519977327207, -35.342566731409399 ], [ -72.397802089505802, -35.342701852690801 ], [ -72.398015060618604, -35.342749507366598 ], [ -72.398198467586397, -35.342786071322799 ], [ -72.398482106089205, -35.3427840483916 ], [ -72.398750463081697, -35.3427645731444 ], [ -72.398951675317505, -35.342705261779201 ], [ -72.399109288541993, -35.342647177498897 ], [ -72.399258387418698, -35.342559527609303 ], [ -72.3993691864694, -35.342479375747999 ], [ -72.399447587881397, -35.342387297054898 ], [ -72.399506200364399, -35.342296120626102 ], [ -72.396972716277503, -35.341275333435398 ], [ -72.396966478993093, -35.341126487697402 ], [ -72.399569492926503, -35.342201860185199 ], [ -72.399604976042099, -35.342150393208797 ], [ -72.399643579427803, -35.342030089429599 ], [ -72.399668399417095, -35.341928056441503 ], [ -72.399685704004, -35.341820273854403 ], [ -72.399682707660702, -35.341748828288701 ], [ -72.399684730813902, -35.341623594165497 ], [ -72.399662957373806, -35.341451342242998 ], [ -72.399643430176496, -35.341332675194302 ], [ -72.399529219117696, -35.341037849611197 ], [ -72.399403472730896, -35.340814877698598 ], [ -72.3993017717046, -35.3406448768215 ], [ -72.399111129654798, -35.340435653058101 ], [ -72.398924482642897, -35.3403216903858 ], [ -72.398686723657605, -35.340203205803697 ], [ -72.398479277430198, -35.340113670880697 ], [ -72.398339473873605, -35.340075879971998 ], [ -72.398076394553698, -35.3400475185773 ], [ -72.3978140651421, -35.340037019123898 ], [ -72.397596080556895, -35.340043153122899 ], [ -72.397285382171304, -35.340093621131203 ], [ -72.3970696426979, -35.340153338295103 ], [ -72.396919548600195, -35.340217169497897 ], [ -72.396792249784696, -35.340304202280699 ], [ -72.396701780610499, -35.340402121292598 ], [ -72.396619825160201, -35.340529604993598 ], [ -72.3965306038683, -35.340657292131901 ], [ -72.396471443511004, -35.340807977551897 ], [ -72.396440600234001, -35.340939983676897 ], [ -72.396446337614705, -35.341076922015098 ] ] ] } },
{ "type": "Feature", "properties": { "id": "monoparte.25", "Name": null, "description": null, "timestamp": null, "begin": null, "end": null, "altitudeMode": null, "tessellate": -1, "extrude": 0, "visibility": -1, "drawOrder": null, "icon": null, "SECTOR": "Constitución", "REG": "Maule", "COM": "Constitución", "LOC": "Constitución", "ZONA": "Z2", "NOM": "Z2 Sectores oriente, sur-oriente y nor-poniente del área consolidada", "UPERM": "Vivienda. Equipamiento interurbano, comunal y vecinal. Industria y Almacenamiento inofensivos. Transporte: terminales rodoviarios, agropecuarios, fluviales y depósitos de buses o camiones.", "UPROH": "Industria y almacenamiento de carácter molesto, insalubre y peligroso.", "P_DO": "04/12/1987", "N_DOC": "189", "T_DO": "Decreto", "OBS": null }, "geometry": { "type": "Polygon", "coordinates": [ [ [ -72.415311145830202, -35.3324682806212 ], [ -72.414584525124198, -35.333548390903097 ], [ -72.413352297118806, -35.333030065631696 ], [ -72.412420728258894, -35.334677737170701 ], [ -72.411529209534095, -35.336171673478098 ], [ -72.410499355149895, -35.337974705803902 ], [ -72.410362817824506, -35.338026226474597 ], [ -72.410374849889095, -35.338182479678601 ], [ -72.410330149114202, -35.338364951371503 ], [ -72.409911517667695, -35.339065845834703 ], [ -72.409809889324706, -35.339278535998503 ], [ -72.409725499707307, -35.339485972135002 ], [ -72.409733713203494, -35.339681254409399 ], [ -72.409762172375494, -35.339804436151397 ], [ -72.409844951547399, -35.339973769742699 ], [ -72.410008709806704, -35.340131279306704 ], [ -72.410185096975098, -35.340312275774998 ], [ -72.410582370413906, -35.340763613662901 ], [ -72.4109922257649, -35.341248771183601 ], [ -72.410737157636206, -35.3414109574571 ], [ -72.408477697832097, -35.3430617908 ], [ -72.408949313856397, -35.343248993570903 ], [ -72.411838967750001, -35.3443386719618 ], [ -72.413475885467406, -35.344961207224003 ], [ -72.414406508332405, -35.345292541486401 ], [ -72.415404346086007, -35.345716743658599 ], [ -72.415953852050706, -35.345808491517701 ], [ -72.416613260647594, -35.345918586989399 ], [ -72.417047000935298, -35.345956382151897 ], [ -72.417570199155406, -35.346045291295901 ], [ -72.417974325063199, -35.3461053806463 ], [ -72.418101365453097, -35.346116089961001 ], [ -72.4182641891542, -35.346147245318399 ], [ -72.418566530271406, -35.346174450112002 ], [ -72.418996213474998, -35.346219506450502 ], [ -72.419691121205304, -35.346446602388902 ], [ -72.420152381657701, -35.346515795191401 ], [ -72.4202413375003, -35.346528226308401 ], [ -72.420248529712595, -35.346397835017797 ], [ -72.420174248636997, -35.346292644760702 ], [ -72.420153191145204, -35.346207406010102 ], [ -72.420234636985299, -35.345861756793902 ], [ -72.420321208748703, -35.345637562735902 ], [ -72.420385841298099, -35.345514131308001 ], [ -72.420378605370203, -35.345342665755602 ], [ -72.420309682309806, -35.344743770457001 ], [ -72.420242614559598, -35.344602610685897 ], [ -72.420220954640499, -35.344503083106197 ], [ -72.420283174775705, -35.3443224965553 ], [ -72.420345093204006, -35.344134766033697 ], [ -72.420450006790105, -35.343931510667701 ], [ -72.420486066864299, -35.343751665131201 ], [ -72.420524238351405, -35.343621830801403 ], [ -72.420555498603903, -35.343535109902099 ], [ -72.420562536217503, -35.343288133852703 ], [ -72.420552888584496, -35.3430595121728 ], [ -72.420578721882606, -35.342844192082303 ], [ -72.420692352347402, -35.342640689587498 ], [ -72.420868827762007, -35.342478324988399 ], [ -72.420915717045503, -35.342348243551797 ], [ -72.421049499588094, -35.342208546693499 ], [ -72.421142396958103, -35.342134385090802 ], [ -72.421279194145995, -35.342066131972302 ], [ -72.421363372331598, -35.341992217274601 ], [ -72.421595451644507, -35.341699522231103 ], [ -72.421651360794797, -35.3415763374215 ], [ -72.421716591712894, -35.3414671951952 ], [ -72.421801673608996, -35.341414712970199 ], [ -72.421867205768507, -35.341312714620699 ], [ -72.421889443547997, -35.341219095731397 ], [ -72.421954070674403, -35.341095663722498 ], [ -72.421951054808503, -35.341024219808098 ], [ -72.4219729897722, -35.340923456999299 ], [ -72.422079102082705, -35.340748779057002 ], [ -72.4221695851314, -35.340617460740503 ], [ -72.422224888508097, -35.340479987889097 ], [ -72.422237501164702, -35.340365182485897 ], [ -72.422249510629797, -35.340236089201298 ], [ -72.422295794540304, -35.340091718575501 ], [ -72.422308708706396, -35.339984058008 ], [ -72.422305089442503, -35.339898325326601 ], [ -72.422327626984099, -35.339811851260301 ], [ -72.422130227087194, -35.339685116585102 ], [ -72.4219146345947, -35.3395410145787 ], [ -72.421850887464203, -35.339478444269197 ], [ -72.421822015635598, -35.3394148855757 ], [ -72.421834628865994, -35.339300081075301 ], [ -72.4218718919617, -35.339148812847299 ], [ -72.421960865986307, -35.338981773220603 ], [ -72.421999032364695, -35.338851938631102 ], [ -72.421968050867704, -35.338738369622298 ], [ -72.421876034896897, -35.338626530320496 ], [ -72.421537149449506, -35.338249874023397 ], [ -72.4214159643779, -35.338067330562097 ], [ -72.421233745856895, -35.337886517209803 ], [ -72.421124596666502, -35.337782315214298 ], [ -72.420936977182805, -35.337680337230701 ], [ -72.420733427529001, -35.337614573612299 ], [ -72.420520858479804, -35.3375419135497 ], [ -72.420095720273594, -35.3373965904646 ], [ -72.419998909101196, -35.337377874172297 ], [ -72.419823927809702, -35.337368524280301 ], [ -72.419518465277704, -35.337370021898998 ], [ -72.419245467767297, -35.337313376733 ], [ -72.418998627708504, -35.337255989379003 ], [ -72.418856414331501, -35.337195639131401 ], [ -72.418764856274095, -35.3370945134957 ], [ -72.418725462007899, -35.336988335078701 ], [ -72.418721244379398, -35.336888312292302 ], [ -72.418735669475595, -35.336816374374202 ], [ -72.418811729335104, -35.336756997262398 ], [ -72.418903419085296, -35.336654259856701 ], [ -72.418959629790194, -35.336538221076303 ], [ -72.419039888264095, -35.336371430253699 ], [ -72.419069641574893, -35.3362489871785 ], [ -72.4191192246642, -35.335975770205103 ], [ -72.419113500370997, -35.335840026699202 ], [ -72.4191246109242, -35.3356894996965 ], [ -72.419137830383406, -35.335588983174901 ], [ -72.419140524068297, -35.3354458479008 ], [ -72.419145928166799, -35.3353670128784 ], [ -72.419141409017101, -35.335259846139898 ], [ -72.419102919153204, -35.335175100605902 ], [ -72.419004586003695, -35.334913224398001 ], [ -72.418764629768404, -35.3343978525239 ], [ -72.418551451277494, -35.334103463047803 ], [ -72.418329873057701, -35.334023900424299 ], [ -72.417421925876297, -35.3338135518811 ], [ -72.416415282139596, -35.333580953655201 ], [ -72.416053609285896, -35.333491043488998 ], [ -72.415722898725306, -35.333307268358098 ], [ -72.415627286475399, -35.3331096899987 ], [ -72.415602927958801, -35.332945860455801 ], [ -72.415500104337895, -35.332784250300797 ], [ -72.415443881855396, -35.3326928524857 ], [ -72.415370824491006, -35.332616235815898 ], [ -72.415311145830202, -35.3324682806212 ] ] ] } },
{ "type": "Feature", "properties": { "id": "monoparte.26", "Name": null, "description": null, "timestamp": null, "begin": null, "end": null, "altitudeMode": null, "tessellate": -1, "extrude": 0, "visibility": -1, "drawOrder": null, "icon": null, "SECTOR": "Constitución", "REG": "Maule", "COM": "Constitución", "LOC": "Constitución", "ZONA": "E2", "NOM": "E2 Área Especial de protección de la quebrada del Estero del Carbón.", "UPERM": "Uso asimilable a Área Verde.", "UPROH": "Todos los no mencionados como permitidos.", "P_DO": "04/12/1987", "N_DOC": "189", "T_DO": "Decreto", "OBS": null }, "geometry": { "type": "Polygon", "coordinates": [ [ [ -72.415525632346103, -35.332146913337503 ], [ -72.415405896081893, -35.332347160319102 ], [ -72.415434402259095, -35.332311210591897 ], [ -72.415506556631996, -35.332366394338997 ], [ -72.415632833497696, -35.332601254296101 ], [ -72.415714618507394, -35.3328850602324 ], [ -72.415840494564804, -35.333110395178103 ], [ -72.415915057654303, -35.3332227332873 ], [ -72.416151563523599, -35.333311415162399 ], [ -72.416575670304297, -35.333432938436999 ], [ -72.417256324210499, -35.333566275100701 ], [ -72.417902104968604, -35.333700594942101 ], [ -72.418478542236301, -35.3338464113545 ], [ -72.418717662979304, -35.3339970065758 ], [ -72.418876816657004, -35.334183246197099 ], [ -72.4190680589941, -35.334578397493097 ], [ -72.419232436862899, -35.334888473726302 ], [ -72.419273738662199, -35.335039900162798 ], [ -72.419573915645501, -35.335087782508303 ], [ -72.419380586713103, -35.334763095180797 ], [ -72.419076586797104, -35.334178007106303 ], [ -72.418990588171297, -35.334001617890699 ], [ -72.418764190257704, -35.333807745301399 ], [ -72.418567865086104, -35.333706008814502 ], [ -72.418189355227199, -35.333630888625102 ], [ -72.417097120021694, -35.333397142233899 ], [ -72.416321463723804, -35.333218805756403 ], [ -72.4160099965125, -35.333077404723298 ], [ -72.415891539773099, -35.332959155839902 ], [ -72.415878608387999, -35.332859379302199 ], [ -72.415834405030907, -35.3326388874994 ], [ -72.415763143460595, -35.332397702632697 ], [ -72.415625446877996, -35.332237079005502 ], [ -72.415525632346103, -35.332146913337503 ] ] ] } },
{ "type": "Feature", "properties": { "id": "monoparte.27", "Name": null, "description": null, "timestamp": null, "begin": null, "end": null, "altitudeMode": null, "tessellate": -1, "extrude": 0, "visibility": -1, "drawOrder": null, "icon": null, "SECTOR": "Constitución", "REG": "Maule", "COM": "Constitución", "LOC": "Constitución", "ZONA": "E2", "NOM": "E2 Área Especial de protección de la quebrada del Estero del Carbón.", "UPERM": "Uso asimilable a Área Verde.", "UPROH": "Todos los no mencionados como permitidos.", "P_DO": "04/12/1987", "N_DOC": "189", "T_DO": "Decreto", "OBS": null }, "geometry": { "type": "Polygon", "coordinates": [ [ [ -72.4202413375003, -35.346528226308401 ], [ -72.420480150077395, -35.346561598328201 ], [ -72.420376907300394, -35.346120716633003 ], [ -72.420464065192107, -35.345772521904102 ], [ -72.4205567512561, -35.345555306962297 ], [ -72.420600308830203, -35.345208346487702 ], [ -72.420561193198907, -35.344971023679001 ], [ -72.420524087803898, -35.344781328655401 ], [ -72.420488489063402, -35.344627356977803 ], [ -72.420465916628601, -35.344437251097901 ], [ -72.420614470141103, -35.344164806563903 ], [ -72.420679093387903, -35.3439722303346 ], [ -72.420731194032598, -35.343827695431997 ], [ -72.420719133683605, -35.343541918631502 ], [ -72.420745142858394, -35.343123925853497 ], [ -72.420794730409199, -35.342919854144299 ], [ -72.4210527559094, -35.342483366132299 ], [ -72.4214029982368, -35.3421634804657 ], [ -72.421709640584297, -35.341844829455702 ], [ -72.422010751283807, -35.341395197145602 ], [ -72.422223158367004, -35.3409123132123 ], [ -72.422435563127095, -35.340429429015998 ], [ -72.422513707159396, -35.340212625856303 ], [ -72.422489622874394, -35.339986798077803 ], [ -72.422539204711001, -35.3397827259206 ], [ -72.4224605129601, -35.339641897695103 ], [ -72.422179380844298, -35.339530650094801 ], [ -72.422069113586502, -35.339331107628702 ], [ -72.422047042640699, -35.339152910105398 ], [ -72.4223674747047, -35.338977402389098 ], [ -72.422365061908707, -35.338920247262301 ], [ -72.422360236337198, -35.338805937006804 ], [ -72.422272826402306, -35.3386653548136 ], [ -72.422125682668096, -35.338488317711899 ], [ -72.422013013268796, -35.3383007646271 ], [ -72.421768043816897, -35.3380120514948 ], [ -72.421619695258201, -35.337806436072398 ], [ -72.421461331744197, -35.337639252051098 ], [ -72.421303771820007, -35.337491120747103 ], [ -72.421088489392204, -35.3373541607289 ], [ -72.420922521422497, -35.337282564580399 ], [ -72.420652329480703, -35.337223458674501 ], [ -72.420471934989806, -35.3371892279851 ], [ -72.420464182854204, -35.337174812770797 ], [ -72.420245034243607, -35.3371079122265 ], [ -72.420010120427307, -35.337057342526201 ], [ -72.419805877584906, -35.337044052449599 ], [ -72.419571766625296, -35.337012533969499 ], [ -72.419454913135098, -35.337001536417198 ], [ -72.419208976751605, -35.336965583175797 ], [ -72.419166682685301, -35.3369286320521 ], [ -72.4192147774869, -35.3368271288738 ], [ -72.419297948258304, -35.3367294004439 ], [ -72.419356663141997, -35.336603753616401 ], [ -72.419419584817803, -35.336439837973202 ], [ -72.419453843640895, -35.3362862709686 ], [ -72.419476679719196, -35.336137796369499 ], [ -72.419499890188803, -35.335722267139801 ], [ -72.419551950101095, -35.335162861916501 ], [ -72.419563089714501, -35.335086055176397 ], [ -72.419273738662199, -35.335039900162798 ], [ -72.419232436862899, -35.334888473726302 ], [ -72.4190680589941, -35.334578397493097 ], [ -72.418876816657004, -35.334183246197099 ], [ -72.418717662979304, -35.3339970065758 ], [ -72.418478542236301, -35.3338464113545 ], [ -72.417902104968604, -35.333700594942101 ], [ -72.417256324210499, -35.333566275100701 ], [ -72.416575670304297, -35.333432938436999 ], [ -72.416151563523599, -35.333311415162399 ], [ -72.415915057654303, -35.3332227332873 ], [ -72.415840494564804, -35.333110395178103 ], [ -72.415714618507394, -35.3328850602324 ], [ -72.415632833497696, -35.332601254296101 ], [ -72.415506556631996, -35.332366394338997 ], [ -72.415434402259095, -35.332311210591897 ], [ -72.4153183632219, -35.332457552737502 ], [ -72.415311145830202, -35.3324682806212 ], [ -72.415370824491006, -35.332616235815898 ], [ -72.415443881855396, -35.3326928524857 ], [ -72.415500104337895, -35.332784250300797 ], [ -72.415602927958801, -35.332945860455801 ], [ -72.415627286475399, -35.3331096899987 ], [ -72.415722898725306, -35.333307268358098 ], [ -72.416053609285896, -35.333491043488998 ], [ -72.416415282139596, -35.333580953655201 ], [ -72.417421925876297, -35.3338135518811 ], [ -72.418329873057701, -35.334023900424299 ], [ -72.418551451277494, -35.334103463047803 ], [ -72.418764629768404, -35.3343978525239 ], [ -72.419004586003695, -35.334913224398001 ], [ -72.419102919153204, -35.335175100605902 ], [ -72.419141409017101, -35.335259846139898 ], [ -72.419145928166799, -35.3353670128784 ], [ -72.419140524068297, -35.3354458479008 ], [ -72.419137830383406, -35.335588983174901 ], [ -72.4191246109242, -35.3356894996965 ], [ -72.419113500370997, -35.335840026699202 ], [ -72.4191192246642, -35.335975770205103 ], [ -72.419069641574893, -35.3362489871785 ], [ -72.419039888264095, -35.336371430253699 ], [ -72.418959629790194, -35.336538221076303 ], [ -72.418903419085296, -35.336654259856701 ], [ -72.418811729335104, -35.336756997262398 ], [ -72.418735669475595, -35.336816374374202 ], [ -72.418721244379398, -35.336888312292302 ], [ -72.418725462007899, -35.336988335078701 ], [ -72.418764856274095, -35.3370945134957 ], [ -72.418856414331501, -35.337195639131401 ], [ -72.418998627708504, -35.337255989379003 ], [ -72.419245467767297, -35.337313376733 ], [ -72.419518465277704, -35.337370021898998 ], [ -72.419823927809702, -35.337368524280301 ], [ -72.419998909101196, -35.337377874172297 ], [ -72.420095720273594, -35.3373965904646 ], [ -72.420520858479804, -35.3375419135497 ], [ -72.420733427529001, -35.337614573612299 ], [ -72.420936977182805, -35.337680337230701 ], [ -72.421124596666502, -35.337782315214298 ], [ -72.421233745856895, -35.337886517209803 ], [ -72.4214159643779, -35.338067330562097 ], [ -72.421537149449506, -35.338249874023397 ], [ -72.421876034896897, -35.338626530320496 ], [ -72.421968050867704, -35.338738369622298 ], [ -72.421999032364695, -35.338851938631102 ], [ -72.421960865986307, -35.338981773220603 ], [ -72.4218718919617, -35.339148812847299 ], [ -72.421834628865994, -35.339300081075301 ], [ -72.421822015635598, -35.3394148855757 ], [ -72.421850887464203, -35.339478444269197 ], [ -72.4219146345947, -35.3395410145787 ], [ -72.422130227087194, -35.339685116585102 ], [ -72.422327626984099, -35.339811851260301 ], [ -72.422305089442503, -35.339898325326601 ], [ -72.422308708706396, -35.339984058008 ], [ -72.422295794540304, -35.340091718575501 ], [ -72.422249510629797, -35.340236089201298 ], [ -72.422237501164702, -35.340365182485897 ], [ -72.422224888508097, -35.340479987889097 ], [ -72.4221695851314, -35.340617460740503 ], [ -72.422079102082705, -35.340748779057002 ], [ -72.4219729897722, -35.340923456999299 ], [ -72.421951054808503, -35.341024219808098 ], [ -72.421954070674403, -35.341095663722498 ], [ -72.421889443547997, -35.341219095731397 ], [ -72.421867205768507, -35.341312714620699 ], [ -72.421801673608996, -35.341414712970199 ], [ -72.421716591712894, -35.3414671951952 ], [ -72.421651360794797, -35.3415763374215 ], [ -72.421595451644507, -35.341699522231103 ], [ -72.421363372331598, -35.341992217274601 ], [ -72.421279194145995, -35.342066131972302 ], [ -72.421142396958103, -35.342134385090802 ], [ -72.421049499588094, -35.342208546693499 ], [ -72.420915717045503, -35.342348243551797 ], [ -72.420868827762007, -35.342478324988399 ], [ -72.420692352347402, -35.342640689587498 ], [ -72.420578721882606, -35.342844192082303 ], [ -72.420552888584496, -35.3430595121728 ], [ -72.420562536217503, -35.343288133852703 ], [ -72.420555498603903, -35.343535109902099 ], [ -72.420524238351405, -35.343621830801403 ], [ -72.420486066864299, -35.343751665131201 ], [ -72.420450006790105, -35.343931510667701 ], [ -72.420345093204006, -35.344134766033697 ], [ -72.420283174775705, -35.3443224965553 ], [ -72.420220954640499, -35.344503083106197 ], [ -72.420242614559598, -35.344602610685897 ], [ -72.420309682309806, -35.344743770457001 ], [ -72.420378605370203, -35.345342665755602 ], [ -72.420385841298099, -35.345514131308001 ], [ -72.420321208748703, -35.345637562735902 ], [ -72.420234636985299, -35.345861756793902 ], [ -72.420153191145204, -35.346207406010102 ], [ -72.420174248636997, -35.346292644760702 ], [ -72.420248529712595, -35.346397835017797 ], [ -72.4202413375003, -35.346528226308401 ] ] ] } },
{ "type": "Feature", "properties": { "id": "monoparte.28", "Name": null, "description": null, "timestamp": null, "begin": null, "end": null, "altitudeMode": null, "tessellate": -1, "extrude": 0, "visibility": -1, "drawOrder": null, "icon": null, "SECTOR": "Constitución", "REG": "Maule", "COM": "Constitución", "LOC": "Constitución", "ZONA": "ZE1", "NOM": "ZE1 Hosterías y Quinta Scheppeler", "UPERM": "Equipamiento de escala interurbana y comunal: Culto, Cultura, ]Esparcimiento y turismo, Deportes, Áreas Verdes.", "UPROH": "Todos los no mencionados como permitidos.", "P_DO": "04/12/1987", "N_DOC": "189", "T_DO": "Decreto", "OBS": null }, "geometry": { "type": "Polygon", "coordinates": [ [ [ -72.420610451154701, -35.333619135607599 ], [ -72.419578396328504, -35.335088496399003 ], [ -72.419563089714501, -35.335086055176397 ], [ -72.419551950101095, -35.335162861916501 ], [ -72.419499890188803, -35.335722267139801 ], [ -72.419476679719196, -35.336137796369499 ], [ -72.419453843640895, -35.3362862709686 ], [ -72.419419584817803, -35.336439837973202 ], [ -72.419356663141997, -35.336603753616401 ], [ -72.419297948258304, -35.3367294004439 ], [ -72.4192147774869, -35.3368271288738 ], [ -72.419166682685301, -35.3369286320521 ], [ -72.419208976751605, -35.336965583175797 ], [ -72.419454913135098, -35.337001536417198 ], [ -72.419571766625296, -35.337012533969499 ], [ -72.419805877584906, -35.337044052449599 ], [ -72.420010120427307, -35.337057342526201 ], [ -72.420245034243607, -35.3371079122265 ], [ -72.420464182854204, -35.337174812770797 ], [ -72.420440359671801, -35.337130514405402 ], [ -72.420332863170898, -35.336996460793401 ], [ -72.420196052453505, -35.336857277145803 ], [ -72.420133154778398, -35.336745802906997 ], [ -72.420093059145998, -35.3366575265363 ], [ -72.420088287409101, -35.336544406776298 ], [ -72.420102299179703, -35.336359225517 ], [ -72.420154648240896, -35.336220644082402 ], [ -72.4202578563157, -35.3360806220334 ], [ -72.420461275227197, -35.335901996981001 ], [ -72.420682867398298, -35.335809287797197 ], [ -72.420940911513696, -35.335718526535899 ], [ -72.421206723459804, -35.3356394660738 ], [ -72.421363802465706, -35.335569446238999 ], [ -72.421461501399605, -35.335471305662303 ], [ -72.421509345236402, -35.3353984196429 ], [ -72.421548165467101, -35.3352840647674 ], [ -72.421579217113504, -35.3351580076882 ], [ -72.421593978116107, -35.334990687686002 ], [ -72.421609493874001, -35.334841227978799 ], [ -72.421612237496007, -35.334733855618097 ], [ -72.421637027959903, -35.334631819692298 ], [ -72.421682610033201, -35.334505350848097 ], [ -72.4217507423744, -35.334396126465201 ], [ -72.421899297448803, -35.334296543538798 ], [ -72.422128273962201, -35.334206603617197 ], [ -72.422394582264999, -35.334139448044503 ], [ -72.422742318113905, -35.334105748085499 ], [ -72.423003370291994, -35.334086426752201 ], [ -72.423527109161995, -35.334086481335703 ], [ -72.423805709388503, -35.334138190141402 ], [ -72.4241101027675, -35.334111676338601 ], [ -72.424312025073803, -35.334070185163498 ], [ -72.424617900395106, -35.333906530467502 ], [ -72.4247553062592, -35.333793401434299 ], [ -72.4247448091064, -35.333544866144301 ], [ -72.424621724502998, -35.333386223427297 ], [ -72.424479011665895, -35.333313972478599 ], [ -72.424339516227505, -35.333317928426801 ], [ -72.424107427513107, -35.3333340477216 ], [ -72.423149827590905, -35.333532868681601 ], [ -72.422825545011506, -35.333570672971803 ], [ -72.422391816038896, -35.3334971313176 ], [ -72.421191203836401, -35.332901692337998 ], [ -72.421130283679204, -35.332974948691302 ], [ -72.420610451154701, -35.333619135607599 ] ] ] } },
{ "type": "Feature", "properties": { "id": "monoparte.29", "Name": null, "description": null, "timestamp": null, "begin": null, "end": null, "altitudeMode": null, "tessellate": -1, "extrude": 0, "visibility": -1, "drawOrder": null, "icon": null, "SECTOR": "Constitución", "REG": "Maule", "COM": "Constitución", "LOC": "Constitución", "ZONA": "E2", "NOM": "E2 Área Especial de protección de la quebrada del Estero del Carbón.", "UPERM": "Uso asimilable a Área Verde.", "UPROH": "Todos los no mencionados como permitidos.", "P_DO": "04/12/1987", "N_DOC": "189", "T_DO": "Decreto", "OBS": null }, "geometry": { "type": "Polygon", "coordinates": [ [ [ -72.420480150077395, -35.346561598328201 ], [ -72.420739330572104, -35.346597815380399 ], [ -72.420730490658499, -35.346495527636399 ], [ -72.420622233047396, -35.3464127595918 ], [ -72.420593661871905, -35.3463563455635 ], [ -72.420585822233207, -35.346170591281101 ], [ -72.420654047989203, -35.345925457513502 ], [ -72.4207075487504, -35.345745117804597 ], [ -72.420752932072602, -35.345579313942103 ], [ -72.420773362762006, -35.3454428297037 ], [ -72.420805176899805, -35.344955527593903 ], [ -72.420774192860307, -35.344841957541099 ], [ -72.420725770745406, -35.344728882440101 ], [ -72.420719740377507, -35.344585994512499 ], [ -72.4207485885144, -35.3444421174935 ], [ -72.420794875825706, -35.3442977472709 ], [ -72.420837544721195, -35.344067644283101 ], [ -72.420868201678104, -35.343966633624902 ], [ -72.420934942965204, -35.343893213218102 ], [ -72.420976103675301, -35.343627387774198 ], [ -72.421001935894495, -35.343412067663003 ], [ -72.420978466302302, -35.343269672961704 ], [ -72.420997991756707, -35.343111755058104 ], [ -72.421060510864194, -35.342938313075898 ], [ -72.421101092255, -35.342865632920201 ], [ -72.421156098246598, -35.342721015535297 ], [ -72.421307017127603, -35.342573680339903 ], [ -72.421549325921205, -35.342316460629597 ], [ -72.421722179883602, -35.342068361303099 ], [ -72.421954862362597, -35.341789955282898 ], [ -72.422162138840704, -35.341530150606999 ], [ -72.422332273695304, -35.341217751561999 ], [ -72.422351494691398, -35.341052688733399 ], [ -72.422457606265297, -35.340878009597603 ], [ -72.422537257620604, -35.340696927934502 ], [ -72.422607585675706, -35.340501805534402 ], [ -72.4226376361311, -35.3403865058037 ], [ -72.422692638007106, -35.340241887918999 ], [ -72.422771081727902, -35.340032228603903 ], [ -72.422821558409495, -35.339780444432797 ], [ -72.422791177503399, -35.339681164539599 ], [ -72.422630010953696, -35.339585592004099 ], [ -72.422514550923196, -35.339538793800799 ], [ -72.422320921483006, -35.339501364513197 ], [ -72.4222382268959, -35.3394035672111 ], [ -72.422203534006997, -35.339271028671199 ], [ -72.422244405544205, -35.339136348416702 ], [ -72.422345818055405, -35.3390571757187 ], [ -72.4223614412969, -35.3389811266645 ], [ -72.4223590656255, -35.338982008647001 ], [ -72.422047042640699, -35.339152910105398 ], [ -72.422069113586502, -35.339331107628702 ], [ -72.422179380844298, -35.339530650094801 ], [ -72.4224605129601, -35.339641897695103 ], [ -72.422539204711001, -35.3397827259206 ], [ -72.422489622874394, -35.339986798077803 ], [ -72.422513707159396, -35.340212625856303 ], [ -72.422435563127095, -35.340429429015998 ], [ -72.422223158367004, -35.3409123132123 ], [ -72.422010751283807, -35.341395197145602 ], [ -72.421709640584297, -35.341844829455702 ], [ -72.4214029982368, -35.3421634804657 ], [ -72.4210527559094, -35.342483366132299 ], [ -72.420794730409199, -35.342919854144299 ], [ -72.420745142858394, -35.343123925853497 ], [ -72.420719133683605, -35.343541918631502 ], [ -72.420731194032598, -35.343827695431997 ], [ -72.420679093387903, -35.3439722303346 ], [ -72.420614470141103, -35.344164806563903 ], [ -72.420465916628601, -35.344437251097901 ], [ -72.420488489063402, -35.344627356977803 ], [ -72.420524087803898, -35.344781328655401 ], [ -72.420561193198907, -35.344971023679001 ], [ -72.420600308830203, -35.345208346487702 ], [ -72.4205567512561, -35.345555306962297 ], [ -72.420464065192107, -35.345772521904102 ], [ -72.420376907300394, -35.346120716633003 ], [ -72.420480150077395, -35.346561598328201 ] ] ] } },
{ "type": "Feature", "properties": { "id": "monoparte.30", "Name": null, "description": null, "timestamp": null, "begin": null, "end": null, "altitudeMode": null, "tessellate": -1, "extrude": 0, "visibility": -1, "drawOrder": null, "icon": null, "SECTOR": "Constitución", "REG": "Maule", "COM": "Constitución", "LOC": "Constitución", "ZONA": "Z2", "NOM": "Z2 Sectores oriente, sur-oriente y nor-poniente del área consolidada", "UPERM": "Vivienda. Equipamiento interurbano, comunal y vecinal. Industria y Almacenamiento inofensivos. Transporte: terminales rodoviarios, agropecuarios, fluviales y depósitos de buses o camiones.", "UPROH": "Industria y almacenamiento de carácter molesto, insalubre y peligroso.", "P_DO": "04/12/1987", "N_DOC": "189", "T_DO": "Decreto", "OBS": null }, "geometry": { "type": "Polygon", "coordinates": [ [ [ -72.423291833145797, -35.346950773512198 ], [ -72.423779576238303, -35.347020168275002 ], [ -72.423866338646306, -35.346356092208197 ], [ -72.4239711795327, -35.345737965204698 ], [ -72.424116631468095, -35.345254593393598 ], [ -72.424312556662798, -35.344519436004198 ], [ -72.424593594697001, -35.343939229581203 ], [ -72.424810608631006, -35.343496743905803 ], [ -72.425097073986706, -35.343045135225303 ], [ -72.4255191215248, -35.342496691728797 ], [ -72.4260245832414, -35.3418564672751 ], [ -72.426512183751498, -35.341413453941698 ], [ -72.426646557612798, -35.341288040232897 ], [ -72.425005585502802, -35.339846787874301 ], [ -72.423454125368593, -35.338456620191501 ], [ -72.422938442194507, -35.338027757073696 ], [ -72.422847471781793, -35.3379521541694 ], [ -72.422851653429603, -35.338051199919001 ], [ -72.422887754287302, -35.338217078140602 ], [ -72.422885013727594, -35.338324450359501 ], [ -72.422804609866503, -35.338487670971098 ], [ -72.422737732844197, -35.3386266652629 ], [ -72.422570390882697, -35.338798311289203 ], [ -72.422460170014006, -35.338944494299199 ], [ -72.4223614412969, -35.3389811266645 ], [ -72.422345818055405, -35.3390571757187 ], [ -72.422244405544205, -35.339136348416702 ], [ -72.422203534006997, -35.339271028671199 ], [ -72.4222382268959, -35.3394035672111 ], [ -72.422320921483006, -35.339501364513197 ], [ -72.422514550923196, -35.339538793800799 ], [ -72.422630010953696, -35.339585592004099 ], [ -72.422791177503399, -35.339681164539599 ], [ -72.422821558409495, -35.339780444432797 ], [ -72.422771081727902, -35.340032228603903 ], [ -72.422692638007106, -35.340241887918999 ], [ -72.4226376361311, -35.3403865058037 ], [ -72.422607585675706, -35.340501805534402 ], [ -72.422537257620604, -35.340696927934502 ], [ -72.422457606265297, -35.340878009597603 ], [ -72.422351494691398, -35.341052688733399 ], [ -72.422332273695304, -35.341217751561999 ], [ -72.422162138840704, -35.341530150606999 ], [ -72.421954862362597, -35.341789955282898 ], [ -72.421722179883602, -35.342068361303099 ], [ -72.421549325921205, -35.342316460629597 ], [ -72.421307017127603, -35.342573680339903 ], [ -72.421156098246598, -35.342721015535297 ], [ -72.421101092255, -35.342865632920201 ], [ -72.421060510864194, -35.342938313075898 ], [ -72.420997991756707, -35.343111755058104 ], [ -72.420978466302302, -35.343269672961704 ], [ -72.421001935894495, -35.343412067663003 ], [ -72.420976103675301, -35.343627387774198 ], [ -72.420934942965204, -35.343893213218102 ], [ -72.420868201678104, -35.343966633624902 ], [ -72.420837544721195, -35.344067644283101 ], [ -72.420794875825706, -35.3442977472709 ], [ -72.4207485885144, -35.3444421174935 ], [ -72.420719740377507, -35.344585994512499 ], [ -72.420725770745406, -35.344728882440101 ], [ -72.420774192860307, -35.344841957541099 ], [ -72.420805176899805, -35.344955527593903 ], [ -72.420773362762006, -35.3454428297037 ], [ -72.420752932072602, -35.345579313942103 ], [ -72.4207075487504, -35.345745117804597 ], [ -72.420654047989203, -35.345925457513502 ], [ -72.420585822233207, -35.346170591281101 ], [ -72.420593661871905, -35.3463563455635 ], [ -72.420622233047396, -35.3464127595918 ], [ -72.420730490658499, -35.346495527636399 ], [ -72.420739330572104, -35.346597815380399 ], [ -72.420982289169501, -35.346631765516697 ], [ -72.421926236044598, -35.346760591651702 ], [ -72.423291833145797, -35.346950773512198 ] ] ] } },
{ "type": "Feature", "properties": { "id": "monoparte.31", "Name": null, "description": null, "timestamp": null, "begin": null, "end": null, "altitudeMode": null, "tessellate": -1, "extrude": 0, "visibility": -1, "drawOrder": null, "icon": null, "SECTOR": "Constitución", "REG": "Maule", "COM": "Constitución", "LOC": "Constitución", "ZONA": "Z1", "NOM": "Z1 Casco antiguo, área central y sur-poniente", "UPERM": "Vivienda, Equipamiento Interurbano, Comunal y Vecinal de todo tipo, a excepción de los señalados como prohibidos.", "UPROH": "Industria y almacenamiento, equipamiento de servicios artesanales comunal (garages y talleres), transporte, terminales rodovarios, depósitos de buses y/o camiones.", "P_DO": "04/12/1987", "N_DOC": "189", "T_DO": "Decreto", "OBS": null }, "geometry": { "type": "Polygon", "coordinates": [ [ [ -72.424190809998194, -35.326026879103999 ], [ -72.421100086739401, -35.327070186877897 ], [ -72.420764205041706, -35.3271083135335 ], [ -72.420285624898597, -35.327074182468003 ], [ -72.419853055190401, -35.326976839562498 ], [ -72.419855108896499, -35.327025545855697 ], [ -72.419859646603399, -35.327340148254102 ], [ -72.419879510207394, -35.327604245491401 ], [ -72.419866311238295, -35.327912196754902 ], [ -72.419792386655004, -35.328229021112101 ], [ -72.419714847691907, -35.328460112335897 ], [ -72.419591007945002, -35.328628136704197 ], [ -72.419505934838099, -35.3288109876096 ], [ -72.420101304302094, -35.328385009861002 ], [ -72.420514886834297, -35.328188510443098 ], [ -72.420977814592902, -35.327954847476398 ], [ -72.421325254678806, -35.327742337388599 ], [ -72.421537926292302, -35.3276111346023 ], [ -72.421924073920096, -35.327454154077301 ], [ -72.422303332603093, -35.327306307978603 ], [ -72.422616954608401, -35.327154359847199 ], [ -72.422745961557794, -35.327108978014202 ], [ -72.422780526816098, -35.327066272873502 ], [ -72.422774747994495, -35.326929337978903 ], [ -72.422794030050696, -35.326869183415901 ], [ -72.422943827060706, -35.326799369266503 ], [ -72.423317071894203, -35.3266814945787 ], [ -72.423634710456298, -35.326624803255903 ], [ -72.424044528388706, -35.326511850662698 ], [ -72.424354398830303, -35.326443456302798 ], [ -72.424633952209803, -35.3263461169024 ], [ -72.424804534179799, -35.3262518673302 ], [ -72.424875924312403, -35.326220038693599 ], [ -72.425026975207103, -35.3261799904719 ], [ -72.425143461219406, -35.3261826469396 ], [ -72.425237902593295, -35.326179968298099 ], [ -72.425326335973295, -35.326207263993297 ], [ -72.425575096760198, -35.326241934165701 ], [ -72.425663781737299, -35.326275182729098 ], [ -72.425773255287396, -35.326283998664103 ], [ -72.425905779517194, -35.326321965470399 ], [ -72.426023272750797, -35.326348436239797 ], [ -72.426154792241505, -35.326362586636002 ], [ -72.426306847536793, -35.326346351152999 ], [ -72.426508498987005, -35.326298904262003 ], [ -72.426829151639595, -35.326313648467099 ], [ -72.426939883038798, -35.3263522316239 ], [ -72.427043852538603, -35.326402928881301 ], [ -72.4272234892358, -35.326523007102303 ], [ -72.427447217383701, -35.326653755958702 ], [ -72.427543922356705, -35.326704658042402 ], [ -72.427692236360897, -35.3267719786515 ], [ -72.427896404062395, -35.326784065048599 ], [ -72.428223317175096, -35.326774784955802 ], [ -72.428549978487396, -35.326759550873703 ], [ -72.428724583218397, -35.326760553779799 ], [ -72.428865884689102, -35.326834032266298 ], [ -72.429008949461206, -35.326949185871896 ], [ -72.429122451538404, -35.327053257356503 ], [ -72.429199630105202, -35.327158360195099 ], [ -72.4292773123356, -35.3272753700763 ], [ -72.429289862822301, -35.327400189743003 ], [ -72.429322698658794, -35.327488669145197 ], [ -72.429364057418596, -35.327606710453601 ], [ -72.429354813479705, -35.327732149024001 ], [ -72.429329782533799, -35.3278282328614 ], [ -72.429288962307794, -35.327894961120897 ], [ -72.429255659003701, -35.327967436157302 ], [ -72.4292581763751, -35.3280269725756 ], [ -72.429312052012506, -35.328096971939097 ], [ -72.429401495641599, -35.328148078647203 ], [ -72.429512734194006, -35.328198567221797 ], [ -72.4295956680605, -35.328267741201898 ], [ -72.429619980516193, -35.328326658614301 ], [ -72.429589195025301, -35.328458670124498 ], [ -72.429435410094399, -35.3286060961602 ], [ -72.429395093119993, -35.328684731566199 ], [ -72.429331975218901, -35.328740170769301 ], [ -72.429314208286101, -35.328836048316802 ], [ -72.429374593553803, -35.328887980218603 ], [ -72.429471555268506, -35.3289448344905 ], [ -72.429568768900694, -35.3290076426753 ], [ -72.429701550840207, -35.329051557142499 ], [ -72.429791247597294, -35.329108617479001 ], [ -72.429916263083499, -35.329140831789601 ], [ -72.430054799962207, -35.329148818207699 ], [ -72.430269222418303, -35.329059276806603 ], [ -72.430440306266206, -35.328976926433903 ], [ -72.430516443183905, -35.328885351737 ], [ -72.430633146519398, -35.328721095281999 ], [ -72.430665189580196, -35.328618851762897 ], [ -72.430734564311393, -35.328539390443702 ], [ -72.430849794189399, -35.328512273939097 ], [ -72.430958767225206, -35.328509177880001 ], [ -72.431120483165401, -35.328549288594999 ], [ -72.431275816686806, -35.328610444002102 ], [ -72.431431905009802, -35.328689459389302 ], [ -72.4314898134798, -35.328854716038002 ], [ -72.431458779025206, -35.328980773867698 ], [ -72.431425729269705, -35.329059203395097 ], [ -72.4314445413019, -35.329160002004897 ], [ -72.431526973937395, -35.329217267425598 ], [ -72.431650478573204, -35.329213757774099 ], [ -72.431820342296703, -35.329274499511001 ], [ -72.431990711249497, -35.329347148029399 ], [ -72.4322803424988, -35.329487934885599 ], [ -72.432438450480504, -35.329614578824099 ], [ -72.432681008937905, -35.329846114403601 ], [ -72.432993237852301, -35.330177002804497 ], [ -72.433099737308595, -35.330287230449997 ], [ -72.433189941775495, -35.330356195086601 ], [ -72.433244073350593, -35.3304321463973 ], [ -72.433284683400004, -35.330532324882597 ], [ -72.433308747221304, -35.330585287368798 ], [ -72.4333764006997, -35.330637011395297 ], [ -72.433472358841499, -35.330670047167601 ], [ -72.433611150451199, -35.330683983303402 ], [ -72.433884872762803, -35.330792435310997 ], [ -72.433985804779695, -35.330874207860298 ], [ -72.434095665380298, -35.330995067216897 ], [ -72.434158223530403, -35.331098197871199 ], [ -72.434226391489801, -35.3311964009362 ], [ -72.4342998329126, -35.3312592737988 ], [ -72.434294382583303, -35.331231429029799 ], [ -72.434282789585396, -35.331163805363303 ], [ -72.434271802867499, -35.331110471184701 ], [ -72.434211050631305, -35.331015633927699 ], [ -72.434064225085905, -35.330846351606901 ], [ -72.433861262107897, -35.3306911824953 ], [ -72.433654243102794, -35.3305432808163 ], [ -72.433447527344896, -35.330402523503999 ], [ -72.433253737762897, -35.3302578216217 ], [ -72.433175853916097, -35.3301706242245 ], [ -72.433106991224406, -35.330090323669602 ], [ -72.433032030344407, -35.329969065911598 ], [ -72.432949913016301, -35.329781847826098 ], [ -72.432857290063296, -35.3296557283712 ], [ -72.432697921407296, -35.329499317829899 ], [ -72.432525476806106, -35.329343278741902 ], [ -72.432187066370204, -35.329081085627401 ], [ -72.431997792609906, -35.328939829887098 ], [ -72.431764476276797, -35.328789096298998 ], [ -72.4315816791635, -35.328697725822899 ], [ -72.431237880988803, -35.328514365589903 ], [ -72.430732502500305, -35.328328442416201 ], [ -72.430438165098593, -35.328179439705401 ], [ -72.430233652682006, -35.3280904727593 ], [ -72.430099410538503, -35.328012026550503 ], [ -72.429928635806107, -35.327895276938399 ], [ -72.429733649918106, -35.327721991261903 ], [ -72.429579406581794, -35.327583313265897 ], [ -72.429494904435003, -35.327442654483399 ], [ -72.429392211958302, -35.327284629654201 ], [ -72.429303352422096, -35.327144093555603 ], [ -72.429198115125104, -35.327029058389797 ], [ -72.429065969476795, -35.326896905545503 ], [ -72.428939239367594, -35.326789632908103 ], [ -72.428752242805004, -35.3267019538292 ], [ -72.428593738492395, -35.326668901086599 ], [ -72.428394873276801, -35.326610171036201 ], [ -72.428191649195199, -35.3265515634873 ], [ -72.427966481180206, -35.326490002700801 ], [ -72.427546807314101, -35.3263695853569 ], [ -72.427196875485393, -35.326247187275797 ], [ -72.426857321873001, -35.326163834578701 ], [ -72.426513863631996, -35.326091320876003 ], [ -72.426096909684603, -35.326035198086601 ], [ -72.425838231915705, -35.3260067714684 ], [ -72.425505000775999, -35.3259697307736 ], [ -72.4252511338467, -35.325951895607098 ], [ -72.425054987593299, -35.325957458828597 ], [ -72.424777645743504, -35.326000905755997 ], [ -72.424601545769704, -35.326050605297901 ], [ -72.424475922337805, -35.326089932841398 ], [ -72.424383114851295, -35.326131309853601 ], [ -72.424212130469101, -35.326043766051598 ], [ -72.424190809998194, -35.326026879103999 ] ] ] } },
{ "type": "Feature", "properties": { "id": "monoparte.32", "Name": null, "description": null, "timestamp": null, "begin": null, "end": null, "altitudeMode": null, "tessellate": -1, "extrude": 0, "visibility": -1, "drawOrder": null, "icon": null, "SECTOR": "Constitución", "REG": "Maule", "COM": "Constitución", "LOC": "Constitución", "ZONA": "E6", "NOM": "E6 Área Especial", "UPERM": "Equipamiento de Cementerios.", "UPROH": "Todos los no mencionados como permitidos.", "P_DO": "04/12/1987", "N_DOC": "189", "T_DO": "Decreto", "OBS": null }, "geometry": { "type": "Polygon", "coordinates": [ [ [ -72.419830883886107, -35.328064032514099 ], [ -72.419866311238295, -35.327912196754902 ], [ -72.419879510207394, -35.327604245491401 ], [ -72.419859646603399, -35.327340148254102 ], [ -72.419855108896499, -35.327025545855697 ], [ -72.419853000197804, -35.3269755353395 ], [ -72.419203900457205, -35.326866738346901 ], [ -72.418813666823596, -35.327562139199202 ], [ -72.418683666678803, -35.327791138329403 ], [ -72.418659471141396, -35.3278383177379 ], [ -72.419167525662104, -35.327984875695698 ], [ -72.419273194323196, -35.3280069189043 ], [ -72.4194616836987, -35.328026617789199 ], [ -72.419698271764702, -35.3280485301255 ], [ -72.419830883886107, -35.328064032514099 ] ] ] } }
]
}
