{
"type": "FeatureCollection",
"name": "IPT_05_PRC_Limache",
"crs": { "type": "name", "properties": { "name": "urn:ogc:def:crs:OGC:1.3:CRS84" } },
"features": [
{ "type": "Feature", "properties": { "id": "monoparte.1", "Name": null, "description": null, "timestamp": null, "begin": null, "end": null, "altitudeMode": null, "tessellate": -1, "extrude": 0, "visibility": -1, "drawOrder": null, "icon": null, "OBJECTID": 1.0, "REG": "Valparaíso", "COM": "Limache", "SHAPE_Leng": 6313.3452389800004, "SHAPE_Area": 480115.27398499998, "LOC": "Limache", "ZONA": "ZR2", "NOM": "ZR2 – Zona Residencial Mixto 2", "UPERM": "Residencial: Vivienda, hospedaje, hogares de Acogida; Equipamiento: comercio, culto y cultura, seguridad, social, educación. Ver destinos o actividades específicas en Ordenanza Local; Infraestrctura: Sanitaria, Ver destinos o actividades específicas e", "UPROH": "Equipamiento: Científico y esparcimiento, de comercio, culto y cultura, deporte, educación , salud, en este casos todos, excepto los permitidos. Y, carceles y centro de detención, centro de orientación o rehabilitación conductual; Actividades produc", "P_DO": "08/05/2025", "N_DO": "31/4/117", "T_DO": "Resolución", "OBS": null }, "geometry": { "type": "Polygon", "coordinates": [ [ [ -71.261390308538296, -33.0074554170778 ], [ -71.260303197258807, -33.007798497349299 ], [ -71.260396228900305, -33.007958123104402 ], [ -71.260722710211994, -33.008545696536601 ], [ -71.260775057078405, -33.008655095017303 ], [ -71.260890060938905, -33.008861775824798 ], [ -71.260953441079707, -33.008848697116797 ], [ -71.261108048256702, -33.009081501452002 ], [ -71.261119575617997, -33.009117081145298 ], [ -71.261316486302505, -33.0090657944219 ], [ -71.261465313375695, -33.009349402059797 ], [ -71.261504260885005, -33.009469064203003 ], [ -71.261540174399101, -33.0095447615616 ], [ -71.261545774453595, -33.009586651781298 ], [ -71.261467546310698, -33.009628152539101 ], [ -71.261325574414798, -33.009657447433902 ], [ -71.261238629390107, -33.009712467259703 ], [ -71.261132352252503, -33.009720119559901 ], [ -71.2610685609217, -33.009706005473198 ], [ -71.261020961254005, -33.009704960027896 ], [ -71.260997149869098, -33.009837091974802 ], [ -71.260960871429205, -33.009835840433801 ], [ -71.260929340492495, -33.009754338276302 ], [ -71.2608617757909, -33.009681122409503 ], [ -71.2607713727853, -33.009600687051197 ], [ -71.260744395603993, -33.009608810105703 ], [ -71.260740450613696, -33.009631786014097 ], [ -71.260587206537096, -33.0094856840524 ], [ -71.260834212770604, -33.0091338238554 ], [ -71.260935795758499, -33.009034002567802 ], [ -71.260380675068902, -33.0080534429529 ], [ -71.260256263322901, -33.007813308508403 ], [ -71.259453051169899, -33.008066785573597 ], [ -71.258587162234704, -33.008423645216297 ], [ -71.257827083147106, -33.008686521855402 ], [ -71.257990062091395, -33.009163488011602 ], [ -71.258047670347494, -33.009312756221597 ], [ -71.2583774351382, -33.0102515972169 ], [ -71.258728513361902, -33.011193034154601 ], [ -71.258872434337306, -33.011145692609396 ], [ -71.259334845429393, -33.012205001850397 ], [ -71.259346055566397, -33.012269814030503 ], [ -71.259377253558796, -33.012324144793901 ], [ -71.259372168883104, -33.012313877587999 ], [ -71.260065765519798, -33.012084199362697 ], [ -71.260270108420201, -33.012545743753797 ], [ -71.259671527142004, -33.012749065526101 ], [ -71.259893585812904, -33.013307298839401 ], [ -71.259076043486999, -33.013563080211803 ], [ -71.259955535373706, -33.016025736461103 ], [ -71.262532962747102, -33.015534237791897 ], [ -71.262597690760998, -33.015684567356701 ], [ -71.262706234992194, -33.015942659031197 ], [ -71.262692447756805, -33.015957224350103 ], [ -71.262606449161694, -33.015971906403998 ], [ -71.262594015312004, -33.015984062043003 ], [ -71.262592220461897, -33.0160246543049 ], [ -71.262481439055904, -33.016343984931403 ], [ -71.262457501248505, -33.016349191126203 ], [ -71.262425039489003, -33.0163533588956 ], [ -71.262406975470995, -33.016366808736699 ], [ -71.262378051501202, -33.016620236542799 ], [ -71.262329363481101, -33.016841365978998 ], [ -71.262293163912901, -33.0170316996713 ], [ -71.2622815255815, -33.017185800275797 ], [ -71.262277675876405, -33.0174355270251 ], [ -71.262311480394601, -33.017495037987501 ], [ -71.262335315005899, -33.017563318895903 ], [ -71.262350218390495, -33.017614583483301 ], [ -71.262362910999698, -33.017645846824003 ], [ -71.262480087701206, -33.017842703964398 ], [ -71.262687870078807, -33.0181939541079 ], [ -71.262928151264006, -33.018608680737302 ], [ -71.263389374135897, -33.018461689175098 ], [ -71.263300576172597, -33.018311557918402 ], [ -71.263679792555607, -33.018190155091801 ], [ -71.263697184534493, -33.018338717931698 ], [ -71.263516624537402, -33.018387803147803 ], [ -71.263636146175301, -33.018676234947002 ], [ -71.263637133915495, -33.018714867705903 ], [ -71.263645610436399, -33.018780563965898 ], [ -71.263152014988606, -33.018981981741703 ], [ -71.263104459100205, -33.018982844521901 ], [ -71.263060994986304, -33.019010832451599 ], [ -71.262991668186899, -33.018957692253601 ], [ -71.2629716893872, -33.018973801004002 ], [ -71.2629653345641, -33.018991094572101 ], [ -71.262947236517505, -33.019014327269097 ], [ -71.262950361827805, -33.019070100447301 ], [ -71.262558785914806, -33.0192422466274 ], [ -71.262621953361503, -33.019349148239399 ], [ -71.263003540381305, -33.019181839690702 ], [ -71.263046826324398, -33.0192798299909 ], [ -71.262877186050304, -33.019357346698797 ], [ -71.262878575790097, -33.019411719386703 ], [ -71.262826254050594, -33.019425552685398 ], [ -71.262792922716102, -33.019384642678801 ], [ -71.262765784351402, -33.019386566035003 ], [ -71.262670170922505, -33.0194307492417 ], [ -71.262869001777801, -33.0197672382536 ], [ -71.263440788316501, -33.020693846191399 ], [ -71.264426580170095, -33.020370562842302 ], [ -71.264426367576704, -33.020387862202497 ], [ -71.264430854913897, -33.020094183746799 ], [ -71.264390994553594, -33.019753726951002 ], [ -71.264375987149705, -33.0197205968731 ], [ -71.263991347548995, -33.019851644452501 ], [ -71.263976035356606, -33.019806590646297 ], [ -71.264079247952793, -33.019745070402998 ], [ -71.264057298156303, -33.019661963432 ], [ -71.264238734713899, -33.019558463595899 ], [ -71.2643391159353, -33.019496994540603 ], [ -71.264157293507694, -33.019142413217899 ], [ -71.263974617787497, -33.018754444551398 ], [ -71.264182539652595, -33.018689021937099 ], [ -71.264316091994303, -33.018662261434898 ], [ -71.264293884144607, -33.018258974088397 ], [ -71.2642963185951, -33.018165911093199 ], [ -71.264270067158506, -33.018003193033799 ], [ -71.264270792717696, -33.0178986791095 ], [ -71.264300757530705, -33.017807948782099 ], [ -71.264329572263705, -33.017738712625501 ], [ -71.264329001349793, -33.017649968538599 ], [ -71.264317749757794, -33.017608658144098 ], [ -71.264278921337507, -33.0175521019992 ], [ -71.264257150099297, -33.017498099282101 ], [ -71.264207619134694, -33.017421696045403 ], [ -71.264142301491205, -33.0173503504612 ], [ -71.2640897337117, -33.017288078562601 ], [ -71.264074983692296, -33.017209612924198 ], [ -71.264072757900806, -33.017122568894202 ], [ -71.264122807635104, -33.017030997044898 ], [ -71.264176175958795, -33.016958452225403 ], [ -71.264195441762098, -33.016936629239297 ], [ -71.264296430026207, -33.016899008579102 ], [ -71.264432862226599, -33.016863129575299 ], [ -71.264535204684094, -33.0168230972195 ], [ -71.264611762592807, -33.016794493605701 ], [ -71.264753824561595, -33.016757319945903 ], [ -71.264858662047203, -33.016704119811202 ], [ -71.2649279029458, -33.016643215718901 ], [ -71.264958125725101, -33.016606879350697 ], [ -71.264979549957602, -33.016558772615298 ], [ -71.2649775738101, -33.016315448621 ], [ -71.264963555252606, -33.016265600280498 ], [ -71.264968563595502, -33.016018570428002 ], [ -71.264968152049306, -33.015875614018597 ], [ -71.264956424640701, -33.0158157029582 ], [ -71.264943233235698, -33.015698557535501 ], [ -71.264915378308203, -33.015606013787703 ], [ -71.264905839923998, -33.015498823148 ], [ -71.264881492673595, -33.015410509823099 ], [ -71.264853491548493, -33.015312243515403 ], [ -71.264796985020396, -33.015228809046398 ], [ -71.264702649899306, -33.014997218894898 ], [ -71.264639395319307, -33.0148492497623 ], [ -71.264613671467899, -33.014729229770303 ], [ -71.264610665124295, -33.014556308469402 ], [ -71.2646316926879, -33.014492700738302 ], [ -71.264842062463899, -33.014172628968502 ], [ -71.264895520074006, -33.014103660382801 ], [ -71.264912754226202, -33.013947072877798 ], [ -71.264817419011194, -33.013762704673297 ], [ -71.264783099163793, -33.013694137554701 ], [ -71.264733442491604, -33.013447563463501 ], [ -71.264707166999003, -33.013394597496401 ], [ -71.264674705228998, -33.013276846862603 ], [ -71.264660894148193, -33.013179753937898 ], [ -71.2646275044726, -33.013025754549702 ], [ -71.264584082294405, -33.012833764484 ], [ -71.264575755912503, -33.012779835121897 ], [ -71.264591607106198, -33.012779547384802 ], [ -71.264587976292106, -33.012726169420702 ], [ -71.264572487181198, -33.012652011322999 ], [ -71.264597787391494, -33.012579964128399 ], [ -71.2643232231936, -33.011942909802798 ], [ -71.264250753741294, -33.011877420027503 ], [ -71.263518709316102, -33.010242260000503 ], [ -71.263263070027094, -33.009657585528799 ], [ -71.262182533528701, -33.007220440607803 ], [ -71.261390308538296, -33.0074554170778 ] ], [ [ -71.261372932879496, -33.007949371053101 ], [ -71.260979878252897, -33.008081753913501 ], [ -71.260944194245994, -33.008070471341497 ], [ -71.260900168386797, -33.008054266686102 ], [ -71.260819869878006, -33.007914659376603 ], [ -71.260850342170301, -33.007860424262297 ], [ -71.261457080569301, -33.0076406632393 ], [ -71.261503073955694, -33.007639829560901 ], [ -71.261542676047895, -33.007665953177003 ], [ -71.261617240742297, -33.007813719263503 ], [ -71.261590230446501, -33.007864908812699 ], [ -71.261372932879496, -33.007949371053101 ] ], [ [ -71.259556070257204, -33.009802519526403 ], [ -71.259362720979396, -33.0098798663143 ], [ -71.259363303918093, -33.009877586956399 ], [ -71.259021766083706, -33.0089771356797 ], [ -71.259183297863402, -33.008926492894901 ], [ -71.259558924561901, -33.009775626364899 ], [ -71.259556070257204, -33.009802519526403 ] ], [ [ -71.259878914357799, -33.010746849495199 ], [ -71.259673181036206, -33.010804928917402 ], [ -71.2593708577147, -33.009979446112197 ], [ -71.259547897489497, -33.009926136847199 ], [ -71.259878914357799, -33.010746849495199 ] ], [ [ -71.262941734877003, -33.011168308732799 ], [ -71.262445123617397, -33.011308731043698 ], [ -71.262369494056898, -33.011159599855802 ], [ -71.262889047159305, -33.010990323304597 ], [ -71.262954180779005, -33.011101278769502 ], [ -71.262941734877003, -33.011168308732799 ] ], [ [ -71.2622920680666, -33.011232581063197 ], [ -71.262360640975402, -33.011367332036897 ], [ -71.261856185431398, -33.011531002500597 ], [ -71.261757629258, -33.011373494538297 ], [ -71.262246415507207, -33.011219092742202 ], [ -71.2622920680666, -33.011232581063197 ] ], [ [ -71.260600475280995, -33.014377840446997 ], [ -71.259982715456005, -33.014583721671897 ], [ -71.259939446916803, -33.014574961409998 ], [ -71.259937353175303, -33.0145736115484 ], [ -71.259937537914894, -33.014572252873698 ], [ -71.259858536315605, -33.014334021790702 ], [ -71.259914271569002, -33.014298655519298 ], [ -71.260537191298994, -33.014117494583999 ], [ -71.260626187560305, -33.014320113494101 ], [ -71.260627210364007, -33.014360177674703 ], [ -71.260600475280995, -33.014377840446997 ] ], [ [ -71.262686374513606, -33.015633066948403 ], [ -71.262887064891899, -33.015590656032103 ], [ -71.263008289080403, -33.015901603297699 ], [ -71.262997902721494, -33.015910738851701 ], [ -71.262828628166901, -33.015956041916802 ], [ -71.262686374513606, -33.015633066948403 ] ] ] } },
{ "type": "Feature", "properties": { "id": "monoparte.2", "Name": null, "description": null, "timestamp": null, "begin": null, "end": null, "altitudeMode": null, "tessellate": -1, "extrude": 0, "visibility": -1, "drawOrder": null, "icon": null, "OBJECTID": 2.0, "REG": "Valparaíso", "COM": "Limache", "SHAPE_Leng": 1356.8904451599999, "SHAPE_Area": 85716.097863000003, "LOC": "Limache", "ZONA": "ZR4", "NOM": "ZR4 - Zona Residencial Mixto 4", "UPERM": "Residencial: Vivienda, hospedaje, hogares de acogida; Equipamiento: Científico, comercio, culto y cultura, seguridad, social, esparcimiento, deporte, salud, educación, Todos excepto los prohibidos; Infraestructura: Sanitaria y Transporte, Ver destinos", "UPROH": "Equipamiento: Estaciones o centros de servicio automotor del tipo revisión técnica, discotecas, carceles o centros de detención, zoológicos, parques de entretenciones, cementerios, cementerios-parque, crematorios; Infraestructura: Sanitaria: Ver deta", "P_DO": "08/05/2025", "N_DO": "31/4/117", "T_DO": "Resolución", "OBS": null }, "geometry": { "type": "Polygon", "coordinates": [ [ [ -71.278195336696797, -32.977993604777097 ], [ -71.279524766626693, -32.979371036261398 ], [ -71.279711648748204, -32.979152894431699 ], [ -71.280006432990703, -32.978727594993103 ], [ -71.280181135843307, -32.978476272436602 ], [ -71.280483920972301, -32.977921988578501 ], [ -71.280869084676993, -32.9771149655299 ], [ -71.281069323348703, -32.976646060497004 ], [ -71.281268823842197, -32.9761485372645 ], [ -71.281755986672906, -32.974858388341602 ], [ -71.280072551000103, -32.9743522538215 ], [ -71.279363308313293, -32.975997149408897 ], [ -71.278596378133798, -32.977764272184402 ], [ -71.278195336696797, -32.977993604777097 ] ] ] } },
{ "type": "Feature", "properties": { "id": "monoparte.3", "Name": null, "description": null, "timestamp": null, "begin": null, "end": null, "altitudeMode": null, "tessellate": -1, "extrude": 0, "visibility": -1, "drawOrder": null, "icon": null, "OBJECTID": 4.0, "REG": "Valparaíso", "COM": "Limache", "SHAPE_Leng": 1795.1278991500001, "SHAPE_Area": 41545.4006429, "LOC": "Limache", "ZONA": "ZPP", "NOM": "ZPP - Plazas y Parques públicos proyectados", "UPERM": "REVISAR ORDENANZA LOCAL", "UPROH": "REVISAR ORDENANZA LOCAL", "P_DO": "08/05/2025", "N_DO": "31/4/117", "T_DO": "Resolución", "OBS": null }, "geometry": { "type": "Polygon", "coordinates": [ [ [ -71.282397157478997, -32.984638564178503 ], [ -71.281040289892601, -32.984914533886403 ], [ -71.281328840439897, -32.985016624497497 ], [ -71.281977185325204, -32.985019086990498 ], [ -71.282306953979699, -32.984962794579999 ], [ -71.282325282195302, -32.985014948269502 ], [ -71.2831745200764, -32.984821071681402 ], [ -71.283182591461895, -32.9848596946036 ], [ -71.283981645997798, -32.984695957113502 ], [ -71.285020380524799, -32.984449909497101 ], [ -71.285353521563493, -32.984370995620203 ], [ -71.282774233334194, -32.980285802973697 ], [ -71.282763256611005, -32.980258682602098 ], [ -71.282486791263693, -32.980364868610302 ], [ -71.282540613227596, -32.9804517604992 ], [ -71.282266828162506, -32.9805710805636 ], [ -71.282454845249404, -32.980851720717098 ], [ -71.283229571521105, -32.982135467398102 ], [ -71.284495128913093, -32.984209493294401 ], [ -71.282397157478997, -32.984638564178503 ] ] ] } },
{ "type": "Feature", "properties": { "id": "monoparte.4", "Name": null, "description": null, "timestamp": null, "begin": null, "end": null, "altitudeMode": null, "tessellate": -1, "extrude": 0, "visibility": -1, "drawOrder": null, "icon": null, "OBJECTID": 6.0, "REG": "Valparaíso", "COM": "Limache", "SHAPE_Leng": 2328.6644388, "SHAPE_Area": 238708.04028099999, "LOC": "Limache", "ZONA": "ZR3", "NOM": "ZR3 - Zona Residencial Mixto 3", "UPERM": "Residencial: Vivienda; Equipamiento: Científico, comercio, culto y cultura, seguridad, social, esparcimiento, deporte, salud, educación, Todos excepto los prohibidos; Infraestructura: Sanitaria y Transporte, Ver destinos o actividades específicas en O", "UPROH": "Equipamiento: Estaciones o centros de servicio automotor del tipo revisión técnica, discotecas, carceles o centros de detención, zoológicos, parques de entretenciones, cementerios, cementerios-parque, crematorios; Infraestructura: Transporte y Sanita", "P_DO": "08/05/2025", "N_DO": "31/4/117", "T_DO": "Resolución", "OBS": null }, "geometry": { "type": "Polygon", "coordinates": [ [ [ -71.277928328348906, -32.981786590199597 ], [ -71.277814475807602, -32.982115056604997 ], [ -71.277763731748706, -32.982391834567601 ], [ -71.277906996770696, -32.982389219957597 ], [ -71.278030882808906, -32.982363099538901 ], [ -71.278201951047393, -32.982300330122499 ], [ -71.278478456822199, -32.982154516307702 ], [ -71.278654938488302, -32.982082103364597 ], [ -71.278752293837002, -32.982059092491703 ], [ -71.279605797265205, -32.983213206616298 ], [ -71.279919141895107, -32.9836412361417 ], [ -71.279780048473896, -32.983780599019703 ], [ -71.279597989124497, -32.983966444363801 ], [ -71.279915005693994, -32.984184925459303 ], [ -71.280365747907396, -32.984498287117901 ], [ -71.280876431526394, -32.984871888439699 ], [ -71.280917613269906, -32.984877100881 ], [ -71.281040289892601, -32.984914533886403 ], [ -71.282397157478997, -32.984638564178503 ], [ -71.284495128913093, -32.984209493294401 ], [ -71.283229571521105, -32.982135467398102 ], [ -71.282454845249404, -32.980851720717098 ], [ -71.282266828162506, -32.9805710805636 ], [ -71.282540613227596, -32.9804517604992 ], [ -71.282486791263693, -32.980364868610302 ], [ -71.282763256611005, -32.980258682602098 ], [ -71.282734933271996, -32.980188701134402 ], [ -71.282663435359794, -32.9800504345382 ], [ -71.282353730326804, -32.979565800218197 ], [ -71.281165996981798, -32.977665181252199 ], [ -71.281135312771696, -32.977682504604999 ], [ -71.281013381946707, -32.978004441169603 ], [ -71.280962630737704, -32.978099192739897 ], [ -71.280719212435699, -32.978540257017002 ], [ -71.280457398444497, -32.978935728237197 ], [ -71.280181624606698, -32.979329664898799 ], [ -71.279866113487401, -32.979719554777901 ], [ -71.279546912753005, -32.980076108753302 ], [ -71.279134974558303, -32.980466485557301 ], [ -71.278761579329, -32.980807325943303 ], [ -71.278528500115996, -32.980990522131101 ], [ -71.278309813291202, -32.981182998388199 ], [ -71.278170779492797, -32.981390722608403 ], [ -71.277928328348906, -32.981786590199597 ] ] ] } },
{ "type": "Feature", "properties": { "id": "monoparte.5", "Name": null, "description": null, "timestamp": null, "begin": null, "end": null, "altitudeMode": null, "tessellate": -1, "extrude": 0, "visibility": -1, "drawOrder": null, "icon": null, "OBJECTID": 7.0, "REG": "Valparaíso", "COM": "Limache", "SHAPE_Leng": 1257.3313677000001, "SHAPE_Area": 26623.285215299999, "LOC": "Limache", "ZONA": "ZI", "NOM": "ZI - Zona de Infraestructura de Transporte", "UPERM": "Equipamiento: Comercio, servicios, culto y cultura; Infraestructura: Transporte, Sanitaria y Energética, ver en ordenanza local destinos y actividades específicas; Espacio Público y Áreas Verdes: Todas.", "UPROH": "Infraestructura: Instalaciones o recintos aeroportuarios, plantas de tratamiento de aguas servidas, plantas de transferencia de basuras, plantas de disposición transitoria de residuos, rellenos sanitarios, centrales de generación de energía y de gas,", "P_DO": "08/05/2025", "N_DO": "31/4/117", "T_DO": "Resolución", "OBS": null }, "geometry": { "type": "Polygon", "coordinates": [ [ [ -71.278522201410894, -32.9821365673915 ], [ -71.279576796964605, -32.983579348832798 ], [ -71.279320928275993, -32.983702122822301 ], [ -71.279257728801497, -32.983611301459 ], [ -71.278444728582599, -32.984044102128401 ], [ -71.278516288824093, -32.9841983111098 ], [ -71.278669668960006, -32.984383398078599 ], [ -71.278976671640393, -32.984625327674401 ], [ -71.279241976479298, -32.984783557613497 ], [ -71.279220222350304, -32.984818311457197 ], [ -71.279476403606594, -32.984916703423899 ], [ -71.280181514999796, -32.9852111241795 ], [ -71.280254424374803, -32.985068547894002 ], [ -71.280378984113696, -32.985123533012597 ], [ -71.280742059243593, -32.9852063690306 ], [ -71.281005856331603, -32.985226599477301 ], [ -71.281741066252494, -32.985084323289101 ], [ -71.281977185325204, -32.985019086990498 ], [ -71.281328840439897, -32.985016624497497 ], [ -71.281040289892601, -32.984914533886403 ], [ -71.280917613269906, -32.984877100881 ], [ -71.280876431526394, -32.984871888439699 ], [ -71.280365747907396, -32.984498287117901 ], [ -71.279915005693994, -32.984184925459303 ], [ -71.279597989124497, -32.983966444363801 ], [ -71.279780048473896, -32.983780599019703 ], [ -71.279919141895107, -32.9836412361417 ], [ -71.279605797265205, -32.983213206616298 ], [ -71.278752293837002, -32.982059092491703 ], [ -71.278654938488302, -32.982082103364597 ], [ -71.278522201410894, -32.9821365673915 ] ] ] } },
{ "type": "Feature", "properties": { "id": "monoparte.6", "Name": null, "description": null, "timestamp": null, "begin": null, "end": null, "altitudeMode": null, "tessellate": -1, "extrude": 0, "visibility": -1, "drawOrder": null, "icon": null, "OBJECTID": 8.0, "REG": "Valparaíso", "COM": "Limache", "SHAPE_Leng": 507.225904662, "SHAPE_Area": 14086.103735000001, "LOC": "Limache", "ZONA": "ZR3", "NOM": "ZR3 - Zona Residencial Mixto 3", "UPERM": "Residencial: Vivienda; Equipamiento: Científico, comercio, culto y cultura, seguridad, social, esparcimiento, deporte, salud, educación, Todos excepto los prohibidos; Infraestructura: Sanitaria y Transporte, Ver destinos o actividades específicas en O", "UPROH": "Equipamiento: Estaciones o centros de servicio automotor del tipo revisión técnica, discotecas, carceles o centros de detención, zoológicos, parques de entretenciones, cementerios, cementerios-parque, crematorios; Infraestructura: Transporte y Sanita", "P_DO": "08/05/2025", "N_DO": "31/4/117", "T_DO": "Resolución", "OBS": null }, "geometry": { "type": "Polygon", "coordinates": [ [ [ -71.279257728801497, -32.983611301459 ], [ -71.278386280564405, -32.982473285942099 ], [ -71.278271629677405, -32.982418117813999 ], [ -71.278177138127901, -32.982309434400499 ], [ -71.278030882808906, -32.982363099538901 ], [ -71.277906996770696, -32.982389219957597 ], [ -71.277861866125207, -32.982390043617002 ], [ -71.277860469184205, -32.982556006948101 ], [ -71.277864574341507, -32.982715785767198 ], [ -71.277864011682396, -32.982804073540301 ], [ -71.277869403607298, -32.983013932681502 ], [ -71.277876216013198, -32.983168890031102 ], [ -71.277880208842504, -32.983214148920801 ], [ -71.278035188962704, -32.983516713410197 ], [ -71.278194224494897, -32.9838669205187 ], [ -71.278196098966205, -32.983884779680601 ], [ -71.278298178611394, -32.983891267414499 ], [ -71.278312004662894, -32.983922711455698 ], [ -71.278377683456995, -32.983899623490203 ], [ -71.278444728582599, -32.984044102128401 ], [ -71.279257728801497, -32.983611301459 ] ] ] } },
{ "type": "Feature", "properties": { "id": "monoparte.7", "Name": null, "description": null, "timestamp": null, "begin": null, "end": null, "altitudeMode": null, "tessellate": -1, "extrude": 0, "visibility": -1, "drawOrder": null, "icon": null, "OBJECTID": 9.0, "REG": "Valparaíso", "COM": "Limache", "SHAPE_Leng": 402.39148726799999, "SHAPE_Area": 2968.4711119499998, "LOC": "Limache", "ZONA": "ZI", "NOM": "ZI - Zona de Infraestructura de Transporte", "UPERM": "Equipamiento: Comercio, servicios, culto y cultura; Infraestructura: Transporte, Sanitaria y Energética, ver en ordenanza local destinos y actividades específicas; Espacio Público y Áreas Verdes: Todas.", "UPROH": "Infraestructura: Instalaciones o recintos aeroportuarios, plantas de tratamiento de aguas servidas, plantas de transferencia de basuras, plantas de disposición transitoria de residuos, rellenos sanitarios, centrales de generación de energía y de gas,", "P_DO": "08/05/2025", "N_DO": "31/4/117", "T_DO": "Resolución", "OBS": null }, "geometry": { "type": "Polygon", "coordinates": [ [ [ -71.278312004662894, -32.983922711455698 ], [ -71.278298178611394, -32.983891267414499 ], [ -71.278196098966205, -32.983884779680601 ], [ -71.278194224494897, -32.9838669205187 ], [ -71.278035188962704, -32.983516713410197 ], [ -71.277880208842504, -32.983214148920801 ], [ -71.277876216013198, -32.983168890031102 ], [ -71.277869403607298, -32.983013932681502 ], [ -71.277864011682396, -32.982804073540301 ], [ -71.277864574341507, -32.982715785767198 ], [ -71.277860469184205, -32.982556006948101 ], [ -71.277861866125207, -32.982390043617002 ], [ -71.277763731748706, -32.982391834567601 ], [ -71.277744954810302, -32.982494248786097 ], [ -71.277668125466505, -32.9829857102457 ], [ -71.277661268738996, -32.983269755185198 ], [ -71.277766930879693, -32.983415751418299 ], [ -71.278118170351306, -32.9839908490328 ], [ -71.278312004662894, -32.983922711455698 ] ] ] } },
{ "type": "Feature", "properties": { "id": "monoparte.8", "Name": null, "description": null, "timestamp": null, "begin": null, "end": null, "altitudeMode": null, "tessellate": -1, "extrude": 0, "visibility": -1, "drawOrder": null, "icon": null, "OBJECTID": 10.0, "REG": "Valparaíso", "COM": "Limache", "SHAPE_Leng": 4078.5576135000001, "SHAPE_Area": 95326.845307800002, "LOC": "Limache", "ZONA": "ZNE", "NOM": "ZNE Zonas No edificables", "UPERM": "ZNE infraestructura ferroviaria. Fajas de terrenos adyacentes a trazados de ferrocarriles, según lo previsto en la Ley General de Ferrocarriles, D.S. Nº 1.157, del Ministerio de Fomento, de 1931.", "UPROH": null, "P_DO": "08/05/2025", "N_DO": "31/4/117", "T_DO": "Resolución", "OBS": null }, "geometry": { "type": "Polygon", "coordinates": [ [ [ -71.277026367801795, -32.983073911700103 ], [ -71.276691889566806, -32.983828583326797 ], [ -71.276919556118003, -32.983875130038399 ], [ -71.276960545359103, -32.983817717317898 ], [ -71.277206202522194, -32.983875864511099 ], [ -71.277265963222106, -32.983722674518397 ], [ -71.277495745029697, -32.984127063629003 ], [ -71.277760989978304, -32.984396598838501 ], [ -71.277952892512999, -32.984566073272902 ], [ -71.277873763021901, -32.9846540050101 ], [ -71.278074665719799, -32.984783549706002 ], [ -71.278492848426396, -32.985083098069801 ], [ -71.278928411944193, -32.985370398364097 ], [ -71.279430488767602, -32.985602004132801 ], [ -71.279886446896796, -32.985718933803497 ], [ -71.280333415703794, -32.985761467789096 ], [ -71.280853588286803, -32.985760909683201 ], [ -71.281125171915093, -32.985726122643101 ], [ -71.281594249657303, -32.9856432289548 ], [ -71.282345518458101, -32.985464867059498 ], [ -71.283502404497497, -32.985207503922602 ], [ -71.2844318845017, -32.985006026867403 ], [ -71.284318954032898, -32.984822198056101 ], [ -71.285132068611603, -32.984629877487102 ], [ -71.285466966830697, -32.984550664204797 ], [ -71.285353521563493, -32.984370995620203 ], [ -71.285020380524799, -32.984449909497101 ], [ -71.283981645997798, -32.984695957113502 ], [ -71.283182591461895, -32.9848596946036 ], [ -71.2831745200764, -32.984821071681402 ], [ -71.282325282195302, -32.985014948269502 ], [ -71.282306953979699, -32.984962794579999 ], [ -71.281977185325204, -32.985019086990498 ], [ -71.281741066252494, -32.985084323289101 ], [ -71.281005856331603, -32.985226599477301 ], [ -71.280742059243593, -32.9852063690306 ], [ -71.280378984113696, -32.985123533012597 ], [ -71.280254424374803, -32.985068547894002 ], [ -71.280181514999796, -32.9852111241795 ], [ -71.279476403606594, -32.984916703423899 ], [ -71.279220222350304, -32.984818311457197 ], [ -71.279241976479298, -32.984783557613497 ], [ -71.278976671640393, -32.984625327674401 ], [ -71.278669668960006, -32.984383398078599 ], [ -71.278516288824093, -32.9841983111098 ], [ -71.278377683456995, -32.983899623490203 ], [ -71.278118170351306, -32.9839908490328 ], [ -71.277766930879693, -32.983415751418299 ], [ -71.277661268738996, -32.983269755185198 ], [ -71.277668125466505, -32.9829857102457 ], [ -71.277744954810302, -32.982494248786097 ], [ -71.277814475807602, -32.982115056604997 ], [ -71.277928328348906, -32.981786590199597 ], [ -71.278170779492797, -32.981390722608403 ], [ -71.278309813291202, -32.981182998388199 ], [ -71.278528500115996, -32.980990522131101 ], [ -71.278761579329, -32.980807325943303 ], [ -71.279134974558303, -32.980466485557301 ], [ -71.279546912753005, -32.980076108753302 ], [ -71.279866113487401, -32.979719554777901 ], [ -71.280181624606698, -32.979329664898799 ], [ -71.280457398444497, -32.978935728237197 ], [ -71.280719212435699, -32.978540257017002 ], [ -71.280962630737704, -32.978099192739897 ], [ -71.281013381946707, -32.978004441169603 ], [ -71.281135312771696, -32.977682504604999 ], [ -71.281165996981798, -32.977665181252199 ], [ -71.281158939563397, -32.977653887793402 ], [ -71.281467599426605, -32.976943219685403 ], [ -71.281630569969806, -32.976533210019099 ], [ -71.282271948182697, -32.975013509381 ], [ -71.281853274335205, -32.974887637272502 ], [ -71.281387809534905, -32.975983214826798 ], [ -71.281116274484006, -32.976651451592403 ], [ -71.280749071881004, -32.977534822769698 ], [ -71.280456251742805, -32.9781187486684 ], [ -71.279837108815599, -32.979098726282103 ], [ -71.279528762814394, -32.979492062597899 ], [ -71.279097776254702, -32.979932374236903 ], [ -71.278675529663005, -32.980341209006497 ], [ -71.278031238141097, -32.9808808458234 ], [ -71.277880905234298, -32.981061933623501 ], [ -71.277747333083198, -32.981234365198503 ], [ -71.277572697139604, -32.981461228834199 ], [ -71.277361436716703, -32.981915418485002 ], [ -71.277312518753703, -32.982077357835301 ], [ -71.277253969690094, -32.982415431885698 ], [ -71.277212124478297, -32.982577242151102 ], [ -71.277026367801795, -32.983073911700103 ] ] ] } },
{ "type": "Feature", "properties": { "id": "monoparte.9", "Name": null, "description": null, "timestamp": null, "begin": null, "end": null, "altitudeMode": null, "tessellate": -1, "extrude": 0, "visibility": -1, "drawOrder": null, "icon": null, "OBJECTID": 11.0, "REG": "Valparaíso", "COM": "Limache", "SHAPE_Leng": 895.98639962499999, "SHAPE_Area": 25879.441075899998, "LOC": "Limache", "ZONA": "ZCH", "NOM": "ZCH - Zona de Conservación Histórica (Población CCU)", "UPERM": "Residencial: Vivienda, hospedaje, hospedaje de acogida; Equipamiento: Comercio, culto y cultura, educación, salud, social, Todos excepto los prohibidos.", "UPROH": "Residencial: Moteles; Equipamiento: Supermercados, estaciones y centros de servicio automotor del tipo revisión técnica, discotecas, centro orientación o de rehabilitación conductual, cementerios, cementerios.parque, crematorios.", "P_DO": "08/05/2025", "N_DO": "31/4/117", "T_DO": "Resolución", "OBS": null }, "geometry": { "type": "Polygon", "coordinates": [ [ [ -71.283697560872099, -32.985536149861097 ], [ -71.2835603547923, -32.985608717039902 ], [ -71.283526891019207, -32.985628416579701 ], [ -71.283481470304594, -32.985623521534698 ], [ -71.283367899492305, -32.985434729531299 ], [ -71.283364898353497, -32.985406154000202 ], [ -71.283556200470002, -32.985316358618803 ], [ -71.283488219010394, -32.985210659873701 ], [ -71.282345518458101, -32.985464867059498 ], [ -71.281594249657303, -32.9856432289548 ], [ -71.281125171915093, -32.985726122643101 ], [ -71.280954268407697, -32.985748013364997 ], [ -71.280993455393201, -32.9858423070024 ], [ -71.281670935222905, -32.986921461089899 ], [ -71.283933545746095, -32.985903059615602 ], [ -71.283697560872099, -32.985536149861097 ] ], [ [ -71.281646465856497, -32.9860756834779 ], [ -71.281338032756395, -32.9862086276678 ], [ -71.281164147001505, -32.985924646671897 ], [ -71.281466493733404, -32.985792669041999 ], [ -71.281646465856497, -32.9860756834779 ] ] ] } },
{ "type": "Feature", "properties": { "id": "monoparte.10", "Name": null, "description": null, "timestamp": null, "begin": null, "end": null, "altitudeMode": null, "tessellate": -1, "extrude": 0, "visibility": -1, "drawOrder": null, "icon": null, "OBJECTID": 12.0, "REG": "Valparaíso", "COM": "Limache", "SHAPE_Leng": 2583.079385, "SHAPE_Area": 150643.7945, "LOC": "Limache", "ZONA": "ZR3", "NOM": "ZR3 - Zona Residencial Mixto 3", "UPERM": "Residencial: Vivienda; Equipamiento: Científico, comercio, culto y cultura, seguridad, social, esparcimiento, deporte, salud, educación, Todos excepto los prohibidos; Infraestructura: Sanitaria y Transporte, Ver destinos o actividades específicas en O", "UPROH": "Equipamiento: Estaciones o centros de servicio automotor del tipo revisión técnica, discotecas, carceles o centros de detención, zoológicos, parques de entretenciones, cementerios, cementerios-parque, crematorios; Infraestructura: Transporte y Sanita", "P_DO": "08/05/2025", "N_DO": "31/4/117", "T_DO": "Resolución", "OBS": null }, "geometry": { "type": "Polygon", "coordinates": [ [ [ -71.283612028455707, -32.987598881449699 ], [ -71.283678314077605, -32.9875605941657 ], [ -71.283603467790201, -32.987424537662399 ], [ -71.283741396782702, -32.987371910083297 ], [ -71.283782582203102, -32.987520034646302 ], [ -71.284000605534999, -32.987411544178002 ], [ -71.284087631413101, -32.987558829689803 ], [ -71.283704574553298, -32.987735475224603 ], [ -71.284378507523897, -32.9888198973199 ], [ -71.284860816939002, -32.989612746538199 ], [ -71.285420027125397, -32.989320501516303 ], [ -71.285938068085002, -32.9890992676306 ], [ -71.286011655598102, -32.9892082662315 ], [ -71.284899667368407, -32.989733221671798 ], [ -71.283757128675205, -32.990278985168302 ], [ -71.283898858522207, -32.990508231075196 ], [ -71.284371916489306, -32.990738160049702 ], [ -71.2849352530164, -32.990900822364502 ], [ -71.285410008698904, -32.990921952322502 ], [ -71.285840472303903, -32.990872315770503 ], [ -71.2865216160301, -32.990663002938902 ], [ -71.287608182333599, -32.990168284560298 ], [ -71.287279001154005, -32.989640292531 ], [ -71.2844318845017, -32.985006026867403 ], [ -71.283502404497497, -32.985207503922602 ], [ -71.283488219010394, -32.985210659873701 ], [ -71.283933545746095, -32.985903059615602 ], [ -71.281892869450004, -32.986821571260499 ], [ -71.281670935222905, -32.986921461089899 ], [ -71.281867902810802, -32.987223053249998 ], [ -71.282434650021699, -32.988139826136901 ], [ -71.283612028455707, -32.987598881449699 ] ], [ [ -71.285112620596905, -32.988103370441401 ], [ -71.284917106541499, -32.9881902804673 ], [ -71.284797744200503, -32.987968965468497 ], [ -71.284990363186694, -32.987890880821801 ], [ -71.285112620596905, -32.988103370441401 ] ] ] } },
{ "type": "Feature", "properties": { "id": "monoparte.11", "Name": null, "description": null, "timestamp": null, "begin": null, "end": null, "altitudeMode": null, "tessellate": -1, "extrude": 0, "visibility": -1, "drawOrder": null, "icon": null, "OBJECTID": 13.0, "REG": "Valparaíso", "COM": "Limache", "SHAPE_Leng": 784.66660387399997, "SHAPE_Area": 33592.487511400002, "LOC": "Limache", "ZONA": "ZE1", "NOM": "ZE-1 – Zona de Equipamiento 1", "UPERM": "Equipamiento: Todos, exceptos los señalados como prohibidos; Espacio Público; Áreas Verdes", "UPROH": "Residencial: Todos; Equipamientos de los siguientes destinos: Zoológicos, Áreas de Camping. Centros Médicos o Dentales. Supermercados. Cementerios, Cementerios-Parque, Crematorios. Cárceles, Centro de Detención.; Infraestructura: todos; Actividades", "P_DO": "08/05/2025", "N_DO": "31/4/117", "T_DO": "Resolución", "OBS": null }, "geometry": { "type": "Polygon", "coordinates": [ [ [ -71.282434650021699, -32.988139826136901 ], [ -71.283757128675205, -32.990278985168302 ], [ -71.284926351169105, -32.989720475695997 ], [ -71.284378507523897, -32.9888198973199 ], [ -71.283617986217195, -32.987596143845799 ], [ -71.282434650021699, -32.988139826136901 ] ] ] } },
{ "type": "Feature", "properties": { "id": "monoparte.12", "Name": null, "description": null, "timestamp": null, "begin": null, "end": null, "altitudeMode": null, "tessellate": -1, "extrude": 0, "visibility": -1, "drawOrder": null, "icon": null, "OBJECTID": 14.0, "REG": "Valparaíso", "COM": "Limache", "SHAPE_Leng": 265.15127838000001, "SHAPE_Area": 1729.2173759, "LOC": "Limache", "ZONA": "AV", "NOM": "AV - Áreas verdes Existentes (Art.2.1.30)", "UPERM": "Se regirán según lo dispuesto en el Art. 2.1.30 de la OGUC y considerarán las siguientes normas urbanísticas.", "UPROH": null, "P_DO": "08/05/2025", "N_DO": "31/4/117", "T_DO": "Resolución", "OBS": null }, "geometry": { "type": "Polygon", "coordinates": [ [ [ -71.284860816939002, -32.989612746538199 ], [ -71.284926351169105, -32.989720475695997 ], [ -71.284899667368407, -32.989733221671798 ], [ -71.286011655598102, -32.9892082662315 ], [ -71.285938068085002, -32.9890992676306 ], [ -71.285420027125397, -32.989320501516303 ], [ -71.284860816939002, -32.989612746538199 ] ] ] } },
{ "type": "Feature", "properties": { "id": "monoparte.13", "Name": null, "description": null, "timestamp": null, "begin": null, "end": null, "altitudeMode": null, "tessellate": -1, "extrude": 0, "visibility": -1, "drawOrder": null, "icon": null, "OBJECTID": 15.0, "REG": "Valparaíso", "COM": "Limache", "SHAPE_Leng": 93.804609052199993, "SHAPE_Area": 539.81591412099999, "LOC": "Limache", "ZONA": "AV", "NOM": "AV - Áreas verdes Existentes (Art.2.1.30)", "UPERM": "Se regirán según lo dispuesto en el Art. 2.1.30 de la OGUC y considerarán las siguientes normas urbanísticas.", "UPROH": null, "P_DO": "08/05/2025", "N_DO": "31/4/117", "T_DO": "Resolución", "OBS": null }, "geometry": { "type": "Polygon", "coordinates": [ [ [ -71.284797744200503, -32.987968965468497 ], [ -71.284917106541499, -32.9881902804673 ], [ -71.285112620596905, -32.988103370441401 ], [ -71.284990363186694, -32.987890880821801 ], [ -71.284797744200503, -32.987968965468497 ] ] ] } },
{ "type": "Feature", "properties": { "id": "monoparte.14", "Name": null, "description": null, "timestamp": null, "begin": null, "end": null, "altitudeMode": null, "tessellate": -1, "extrude": 0, "visibility": -1, "drawOrder": null, "icon": null, "OBJECTID": 16.0, "REG": "Valparaíso", "COM": "Limache", "SHAPE_Leng": 155.99491508200001, "SHAPE_Area": 938.14889660400002, "LOC": "Limache", "ZONA": "AV", "NOM": "AV - Áreas verdes Existentes (Art.2.1.30)", "UPERM": "Se regirán según lo dispuesto en el Art. 2.1.30 de la OGUC y considerarán las siguientes normas urbanísticas.", "UPROH": null, "P_DO": "08/05/2025", "N_DO": "31/4/117", "T_DO": "Resolución", "OBS": null }, "geometry": { "type": "Polygon", "coordinates": [ [ [ -71.283612028455707, -32.987598881449699 ], [ -71.283617986217195, -32.987596143845799 ], [ -71.283704574553298, -32.987735475224603 ], [ -71.284087631413101, -32.987558829689803 ], [ -71.284000605534999, -32.987411544178002 ], [ -71.283782582203102, -32.987520034646302 ], [ -71.283741396782702, -32.987371910083297 ], [ -71.283603467790201, -32.987424537662399 ], [ -71.283678314077605, -32.9875605941657 ], [ -71.283612028455707, -32.987598881449699 ] ] ] } },
{ "type": "Feature", "properties": { "id": "monoparte.15", "Name": null, "description": null, "timestamp": null, "begin": null, "end": null, "altitudeMode": null, "tessellate": -1, "extrude": 0, "visibility": -1, "drawOrder": null, "icon": null, "OBJECTID": 17.0, "REG": "Valparaíso", "COM": "Limache", "SHAPE_Leng": 3771.3096273000001, "SHAPE_Area": 369380.87854000001, "LOC": "Limache", "ZONA": "ZC1b", "NOM": "ZC1b - Zona Centro Mixto Residencial 1b", "UPERM": "Residencia: vivienda, hospedaje, hogares de acogida; Equipamientos: Comercio, servicios, culto y cultura, seguridad, social, educación, salud, todos, excepto los señalados como prohibidos; Espacio Público; Áreas Verdes", "UPROH": "Equipamientos: Científicos, esparciniento, deporte. Y Estaciones de servicio automotor, Discotecas. Cárceles o Centros de Detención. Cementerios, Cementerios-Parque, Crematorios; Infraestructura; actividad Productiva", "P_DO": "08/05/2025", "N_DO": "31/4/117", "T_DO": "Resolución", "OBS": null }, "geometry": { "type": "Polygon", "coordinates": [ [ [ -71.271360838826695, -32.986351542308597 ], [ -71.271446346326599, -32.986289892641601 ], [ -71.272291491742394, -32.9859234627056 ], [ -71.272310546086004, -32.985205185696401 ], [ -71.273663221184194, -32.984578115871599 ], [ -71.274360578338801, -32.984992700753601 ], [ -71.275320943391606, -32.984531601999301 ], [ -71.276619664973197, -32.983954394308597 ], [ -71.276298936665697, -32.983370534356197 ], [ -71.276210805176603, -32.983080289074103 ], [ -71.275892266446107, -32.982581484114903 ], [ -71.275800197949096, -32.982468640872497 ], [ -71.275790332582403, -32.982415137870802 ], [ -71.275804369279697, -32.982400022016499 ], [ -71.275642215675603, -32.982326355231798 ], [ -71.275353093817301, -32.982173860012402 ], [ -71.2749592466743, -32.981883996982397 ], [ -71.274049528055201, -32.982340770088598 ], [ -71.272676368977002, -32.982940381170103 ], [ -71.271904369006194, -32.983294822096497 ], [ -71.270812983527506, -32.983782847654403 ], [ -71.270859135511699, -32.983873616675801 ], [ -71.270618849745304, -32.983975332216403 ], [ -71.270582911246393, -32.983910867089399 ], [ -71.269973660100504, -32.984163519980001 ], [ -71.267569031973295, -32.985257020880198 ], [ -71.267275463267197, -32.9853787855577 ], [ -71.265932881949198, -32.985977785146503 ], [ -71.264567031268797, -32.986594991654101 ], [ -71.263965654230802, -32.986880278789201 ], [ -71.262146370802299, -32.987655843604102 ], [ -71.262408856597006, -32.988131863201403 ], [ -71.263091868017398, -32.989282728375002 ], [ -71.2634552039125, -32.9899390584673 ], [ -71.263641211114802, -32.9898551611046 ], [ -71.2640580666625, -32.989660306634399 ], [ -71.264617534365399, -32.989400731528903 ], [ -71.266972726693893, -32.988345760188899 ], [ -71.267817724580993, -32.987955824050601 ], [ -71.2686215803095, -32.9875957387017 ], [ -71.269953072027803, -32.986984720162098 ], [ -71.271158054329902, -32.986442079242799 ], [ -71.271360838826695, -32.986351542308597 ] ], [ [ -71.269725032797595, -32.985540899596799 ], [ -71.269834471768306, -32.985503120656098 ], [ -71.269881068674593, -32.985598185980102 ], [ -71.269772767151593, -32.985646836510298 ], [ -71.269725032797595, -32.985540899596799 ] ], [ [ -71.269908918880702, -32.9849279383442 ], [ -71.270109720361106, -32.984809763051203 ], [ -71.270156133950906, -32.984897674431203 ], [ -71.269941763163203, -32.9849918232999 ], [ -71.269908918880702, -32.9849279383442 ] ], [ [ -71.269713445849106, -32.984590788850703 ], [ -71.270121384815795, -32.984402997091003 ], [ -71.270181929808004, -32.984512122995199 ], [ -71.269795915771795, -32.984730747424898 ], [ -71.269713445849106, -32.984590788850703 ] ], [ [ -71.270558011557995, -32.984053741493199 ], [ -71.270692328671799, -32.983992604817097 ], [ -71.270754682305693, -32.984105993467701 ], [ -71.270620625672393, -32.984165566349503 ], [ -71.270558011557995, -32.984053741493199 ] ], [ [ -71.270837153903798, -32.984077262835797 ], [ -71.270761423666201, -32.983971306348003 ], [ -71.270898806135307, -32.983897230390099 ], [ -71.270930611700905, -32.983945323611998 ], [ -71.270881817474503, -32.983963389751501 ], [ -71.270914356128699, -32.984040101084801 ], [ -71.270837153903798, -32.984077262835797 ] ] ] } },
{ "type": "Feature", "properties": { "id": "monoparte.16", "Name": null, "description": null, "timestamp": null, "begin": null, "end": null, "altitudeMode": null, "tessellate": -1, "extrude": 0, "visibility": -1, "drawOrder": null, "icon": null, "OBJECTID": 18.0, "REG": "Valparaíso", "COM": "Limache", "SHAPE_Leng": 8786.9311860399994, "SHAPE_Area": 142618.333644, "LOC": "Limache", "ZONA": "ZPP", "NOM": "ZPP - Plazas y Parques públicos proyectados", "UPERM": "REVISAR ORDENANZA LOCAL", "UPROH": "REVISAR ORDENANZA LOCAL", "P_DO": "08/05/2025", "N_DO": "31/4/117", "T_DO": "Resolución", "OBS": null }, "geometry": { "type": "Polygon", "coordinates": [ [ [ -71.246636065293302, -32.989291553317798 ], [ -71.246666469596207, -32.989272633624601 ], [ -71.246946789374107, -32.989162608268302 ], [ -71.247080321716595, -32.989069539799601 ], [ -71.2472121608387, -32.988909696074202 ], [ -71.247399144148801, -32.9886915986717 ], [ -71.247538335198996, -32.988598427834702 ], [ -71.247637908891306, -32.988505970350197 ], [ -71.247829365606194, -32.988464348146302 ], [ -71.247953875527799, -32.9884621055119 ], [ -71.248143302287801, -32.988563672952999 ], [ -71.248156435574899, -32.988635013150201 ], [ -71.248252069564103, -32.988833705343801 ], [ -71.248357933927394, -32.988989267982298 ], [ -71.248451027988196, -32.989087798278398 ], [ -71.248521241643203, -32.989177197467598 ], [ -71.2485630369234, -32.989262336553502 ], [ -71.248599535350493, -32.989361886411402 ], [ -71.248681189211098, -32.989455851456398 ], [ -71.2487977699477, -32.989587361059499 ], [ -71.249306344866397, -32.989993340981002 ], [ -71.249574647638298, -32.990079169111603 ], [ -71.249801396064896, -32.990089396965601 ], [ -71.250061497919006, -32.990075164455 ], [ -71.250315212042906, -32.990032415896501 ], [ -71.250495472726897, -32.989995762614903 ], [ -71.250759537333195, -32.989914651663703 ], [ -71.251029623711702, -32.989847746889403 ], [ -71.251245684065196, -32.989730698409403 ], [ -71.251573135945605, -32.989581637694897 ], [ -71.251838979492007, -32.9893477948605 ], [ -71.252075564806404, -32.989132374767799 ], [ -71.252216519736393, -32.988997413990298 ], [ -71.252385216269204, -32.988951423475598 ], [ -71.2525747714147, -32.988890740014497 ], [ -71.252885085775702, -32.988903033043499 ], [ -71.253460387890101, -32.988982117499198 ], [ -71.2538221852258, -32.989014952018501 ], [ -71.254063584883497, -32.988989118800902 ], [ -71.254172581759093, -32.988933467858899 ], [ -71.254457274133799, -32.988606229089001 ], [ -71.254657163146106, -32.988284101744803 ], [ -71.254803336922194, -32.988070667105497 ], [ -71.254985458394302, -32.987884855456102 ], [ -71.255186014701593, -32.987755972656302 ], [ -71.255576756573404, -32.987591442735599 ], [ -71.255905194197098, -32.9874817200783 ], [ -71.255996026173094, -32.987379870008901 ], [ -71.256096985378207, -32.987342257125597 ], [ -71.256257134947205, -32.987088604355002 ], [ -71.256322291106102, -32.9870069025989 ], [ -71.256379434529805, -32.9867493857491 ], [ -71.256470307974993, -32.986565818668403 ], [ -71.256528010588298, -32.986469340188499 ], [ -71.256552588132195, -32.986461737700203 ], [ -71.256589666009901, -32.986416928308202 ], [ -71.256721143026297, -32.986354903678603 ], [ -71.256987151885397, -32.986295218183002 ], [ -71.257138630538094, -32.986296057800999 ], [ -71.257103459996003, -32.986248975817198 ], [ -71.257031169613398, -32.986189442811003 ], [ -71.256994553886798, -32.986141193909603 ], [ -71.256951289695195, -32.986109767489602 ], [ -71.256900628846097, -32.986121419883503 ], [ -71.256793101002899, -32.986123364295402 ], [ -71.256667927325196, -32.986099383063703 ], [ -71.256583984075604, -32.986026938178703 ], [ -71.255983916652596, -32.985773130900498 ], [ -71.255909123237501, -32.985726446447103 ], [ -71.255769767824901, -32.985412118964 ], [ -71.255909973526997, -32.9854038586708 ], [ -71.2559822190548, -32.985394917657601 ], [ -71.256078557666299, -32.985442803307301 ], [ -71.256224795712896, -32.985493603942999 ], [ -71.256347910734505, -32.985525735033903 ], [ -71.256540278882895, -32.985520348108601 ], [ -71.256651153022403, -32.9855164344172 ], [ -71.256732792692802, -32.9855206843838 ], [ -71.256837749932103, -32.9855512351999 ], [ -71.257040144781897, -32.985583840093703 ], [ -71.257269247359204, -32.985627669074397 ], [ -71.257580835724397, -32.985679295456002 ], [ -71.257950940707403, -32.985716500233501 ], [ -71.258366904383493, -32.985775778612698 ], [ -71.258523879135396, -32.985803477709702 ], [ -71.258691027266494, -32.985874892502402 ], [ -71.258863772280705, -32.985988197664099 ], [ -71.259012725551599, -32.986083228165398 ], [ -71.259124815663498, -32.986127008269897 ], [ -71.259280256487997, -32.986183364787799 ], [ -71.259387673854903, -32.986221503110698 ], [ -71.259489833700201, -32.9862311058926 ], [ -71.259652579472004, -32.986218616179102 ], [ -71.259699729890301, -32.986202492224002 ], [ -71.259912352402594, -32.986103207229199 ], [ -71.260127336341895, -32.985954126757903 ], [ -71.260253546622806, -32.985907702181599 ], [ -71.260403747399707, -32.985858456947597 ], [ -71.260485260980005, -32.985835507184497 ], [ -71.260568431630404, -32.985822071496898 ], [ -71.260714858815504, -32.985846856831699 ], [ -71.260823754507499, -32.985898567355399 ], [ -71.260866563738404, -32.985912107181001 ], [ -71.260898756250299, -32.985909853963598 ], [ -71.260990680393206, -32.985917731934201 ], [ -71.261126503876397, -32.985915271275502 ], [ -71.261169271687805, -32.985904953199601 ], [ -71.261222433087696, -32.985858180150103 ], [ -71.261248636602403, -32.985864386473203 ], [ -71.261361750419994, -32.985770719045199 ], [ -71.261443196629699, -32.985678579381201 ], [ -71.261473379551504, -32.9856188622364 ], [ -71.261486207472004, -32.985589045127497 ], [ -71.261496468083095, -32.985502966457901 ], [ -71.261503719029307, -32.985487565709597 ], [ -71.261555346150402, -32.985513829748399 ], [ -71.261607082803096, -32.985544385921401 ], [ -71.261748774625403, -32.985538955198002 ], [ -71.2618534714248, -32.985514868435303 ], [ -71.261922199065197, -32.985498997366697 ], [ -71.262037708925504, -32.9854549129196 ], [ -71.262115892828803, -32.985412458055499 ], [ -71.262183922982302, -32.985371523581399 ], [ -71.262214544561104, -32.985328977586803 ], [ -71.262233735915899, -32.9852867334519 ], [ -71.262222218866, -32.985223715900297 ], [ -71.262180566071294, -32.985144543231897 ], [ -71.262054982208994, -32.9849380540129 ], [ -71.262027554785803, -32.984889869150898 ], [ -71.262026459478605, -32.984846943081898 ], [ -71.262049689130095, -32.984814312398498 ], [ -71.262205440094903, -32.984705318105398 ], [ -71.262234816081005, -32.984691663359897 ], [ -71.262365191883305, -32.984586706063702 ], [ -71.262395800131102, -32.984565871742703 ], [ -71.262429633724295, -32.984560486369404 ], [ -71.262481890297707, -32.984555960040801 ], [ -71.262552661150295, -32.984555870130301 ], [ -71.262588522003995, -32.9845689194415 ], [ -71.262607617929007, -32.984585035635099 ], [ -71.262669449650403, -32.984611829313302 ], [ -71.262745831439403, -32.984609729464303 ], [ -71.262834854866597, -32.984603820417099 ], [ -71.262869201724797, -32.984585303332302 ], [ -71.262909492642294, -32.9845666793681 ], [ -71.263149505432807, -32.984420605500297 ], [ -71.263253861416899, -32.984351049360598 ], [ -71.263335657383394, -32.984317117444903 ], [ -71.263422127507098, -32.984288827733401 ], [ -71.263489599493099, -32.984270425741897 ], [ -71.263598024656801, -32.984215015242697 ], [ -71.263719314093706, -32.984152707385903 ], [ -71.263841979678702, -32.984067452838801 ], [ -71.2639641345543, -32.983962166920499 ], [ -71.264009762809906, -32.983919825324499 ], [ -71.264058453086804, -32.983858793478397 ], [ -71.264119438672694, -32.983752708010101 ], [ -71.264221284736195, -32.983583847988697 ], [ -71.264287411749095, -32.983457389688901 ], [ -71.2643540562987, -32.983351201449899 ], [ -71.264417217469003, -32.983274899993503 ], [ -71.2644443565069, -32.983229075678501 ], [ -71.264450455212099, -32.983190791196201 ], [ -71.264471873815197, -32.983142684628 ], [ -71.264515123504495, -32.983118041400097 ], [ -71.264558737562893, -32.983107705945002 ], [ -71.264665843041101, -32.983004441829898 ], [ -71.264685072970806, -32.9829260742979 ], [ -71.264689790330806, -32.982878032673099 ], [ -71.264727514372794, -32.982858737829098 ], [ -71.264784451354998, -32.982826927016703 ], [ -71.264831402952794, -32.982803170563301 ], [ -71.264883155819305, -32.982767874727799 ], [ -71.264947303490501, -32.982696968329002 ], [ -71.264994931766395, -32.982622141486502 ], [ -71.265038042294606, -32.982536660364197 ], [ -71.265063917175297, -32.982496823046702 ], [ -71.265102904872805, -32.982416188790701 ], [ -71.265107406675895, -32.982370775160803 ], [ -71.265134696336503, -32.982330912154197 ], [ -71.265164968038306, -32.982296961007897 ], [ -71.265185610956294, -32.982273919951801 ], [ -71.265240939425397, -32.982278880884799 ], [ -71.265318036969305, -32.982304919188799 ], [ -71.265377853758196, -32.9823193418299 ], [ -71.265437761974994, -32.982337341832199 ], [ -71.265457538414793, -32.982335789857601 ], [ -71.265485833388496, -32.982335276275897 ], [ -71.265544340017101, -32.982298425608001 ], [ -71.265576414694706, -32.982294423958599 ], [ -71.265607219443098, -32.982270244326799 ], [ -71.2656356047667, -32.982251118734297 ], [ -71.265685084933807, -32.982226600982997 ], [ -71.265756121832496, -32.982181649572802 ], [ -71.265787409946, -32.982143145826697 ], [ -71.265820779178696, -32.982119635580297 ], [ -71.265860199820906, -32.982100309606103 ], [ -71.266057247849503, -32.982167593624197 ], [ -71.266332631990494, -32.982251168924201 ], [ -71.2663925927082, -32.982279546662497 ], [ -71.266478600319601, -32.9823218848097 ], [ -71.266548397548803, -32.982350201977503 ], [ -71.266597187073501, -32.982354088033397 ], [ -71.266671081904207, -32.982321252435803 ], [ -71.266750197098901, -32.982271143636197 ], [ -71.266892152000693, -32.982110142311797 ], [ -71.266986790037393, -32.981958590338898 ], [ -71.266999843120502, -32.981886704652702 ], [ -71.267006945576696, -32.981810227122502 ], [ -71.266976505233501, -32.981505386793799 ], [ -71.266922842417202, -32.981178062843199 ], [ -71.266889825933902, -32.980949617782301 ], [ -71.266840115849106, -32.980776828057898 ], [ -71.266811099348203, -32.980704823606999 ], [ -71.266793985768501, -32.980655508352598 ], [ -71.266779290994407, -32.980516248207103 ], [ -71.266782737383195, -32.980451767235998 ], [ -71.266778208005604, -32.980407471624801 ], [ -71.266729429211097, -32.9803596854753 ], [ -71.266721431348998, -32.980312589790699 ], [ -71.266735357558801, -32.980259370737201 ], [ -71.266761349850995, -32.980213089751402 ], [ -71.266761656950393, -32.9801586860467 ], [ -71.266743180403907, -32.980100328424598 ], [ -71.266730272985498, -32.980060479998102 ], [ -71.266617817708706, -32.979913642187199 ], [ -71.266622925835193, -32.979847699056002 ], [ -71.266658612977196, -32.979848482970098 ], [ -71.266717922240801, -32.979843110871201 ], [ -71.266759997675805, -32.979828031464997 ], [ -71.266811711491101, -32.979791304507501 ], [ -71.266878337910796, -32.979739990495503 ], [ -71.266955212961804, -32.979668806892299 ], [ -71.2670155390052, -32.979681072472196 ], [ -71.267070547254704, -32.979706794952101 ], [ -71.267123716813003, -32.979704875165801 ], [ -71.267157962849396, -32.979715705370197 ], [ -71.267216122590597, -32.979731827311198 ], [ -71.267274038440902, -32.979738410424901 ], [ -71.2673172415316, -32.9797452607705 ], [ -71.267407930540998, -32.9797493394843 ], [ -71.267509171478196, -32.979767541734098 ], [ -71.267527840642998, -32.979789152094298 ], [ -71.267642964760995, -32.979972396546103 ], [ -71.267849362338893, -32.980338936095599 ], [ -71.267948910350597, -32.980335219214503 ], [ -71.268037580036804, -32.9803488773724 ], [ -71.268074431973403, -32.980373021201899 ], [ -71.268132046503894, -32.980412057071199 ], [ -71.268139276454804, -32.980429104038699 ], [ -71.268310114008401, -32.980365447840498 ], [ -71.268379527477194, -32.980367764502702 ], [ -71.268481723768602, -32.980379029444002 ], [ -71.268571248776198, -32.980392910637597 ], [ -71.268656651387005, -32.980411638758298 ], [ -71.268716313696103, -32.980420097547501 ], [ -71.269111584386707, -32.980444923531003 ], [ -71.269324124403894, -32.980453942753797 ], [ -71.269413882196801, -32.980443721632 ], [ -71.269527077852501, -32.980420190972602 ], [ -71.269610972845598, -32.980380013764403 ], [ -71.269735502125798, -32.980334803454397 ], [ -71.269838145163504, -32.980297148226697 ], [ -71.269957800431897, -32.980260615505998 ], [ -71.270044615264197, -32.980201775494898 ], [ -71.270126335358697, -32.980143028087397 ], [ -71.270191947202306, -32.979985797705702 ], [ -71.270267268567196, -32.979809781271101 ], [ -71.270341367724598, -32.979652396442802 ], [ -71.270422231913003, -32.979429801998002 ], [ -71.270310419208002, -32.979175591772197 ], [ -71.270250818848993, -32.978970534821798 ], [ -71.270223401355295, -32.978762030334103 ], [ -71.270226786750101, -32.978674997652199 ], [ -71.270338122291093, -32.9784904529592 ], [ -71.270487795705506, -32.978366050096199 ], [ -71.270720721949601, -32.978231782352999 ], [ -71.270808977768098, -32.978204448943799 ], [ -71.2709633164487, -32.978195914908298 ], [ -71.271083847930498, -32.978193721916497 ], [ -71.271138575330696, -32.978208472508904 ], [ -71.271398387165803, -32.978206607947001 ], [ -71.271504898780194, -32.978187491333998 ], [ -71.271564096551302, -32.978177824858001 ], [ -71.271662339327307, -32.978167447762203 ], [ -71.271716040414105, -32.978142134893602 ], [ -71.271995813868998, -32.978108709753101 ], [ -71.272198649642903, -32.978070660877897 ], [ -71.272412379133598, -32.9779937625526 ], [ -71.272591485369603, -32.977957576129299 ], [ -71.272741275926606, -32.977908323949201 ], [ -71.272904222441895, -32.977838074656297 ], [ -71.273017386920998, -32.977747259244701 ], [ -71.273148785381295, -32.977638933342099 ], [ -71.273289755362597, -32.977440246302102 ], [ -71.273374353482893, -32.977361403059902 ], [ -71.273532179046299, -32.977223964905001 ], [ -71.273663929522698, -32.977139102813403 ], [ -71.274193156625898, -32.976852854560597 ], [ -71.273986551222194, -32.976615338389998 ], [ -71.273906278784295, -32.976658554451397 ], [ -71.273722906101199, -32.976682771228703 ], [ -71.2735605243181, -32.976697658246302 ], [ -71.273273824221604, -32.9766939327899 ], [ -71.273156884388897, -32.976687115278999 ], [ -71.273039256876004, -32.976653468696199 ], [ -71.272956233264594, -32.976589369218097 ], [ -71.272920331652998, -32.976569146549103 ], [ -71.272824994266301, -32.976576846694499 ], [ -71.272783699727199, -32.9766223344038 ], [ -71.272745789767995, -32.976661795399302 ], [ -71.272747088558802, -32.976712471735901 ], [ -71.272785969846893, -32.976848952403699 ], [ -71.272815157898194, -32.9770213972973 ], [ -71.272850196368907, -32.977146017755302 ], [ -71.272852106494597, -32.977220542351503 ], [ -71.272816182828095, -32.977337508666302 ], [ -71.272702450943498, -32.977455890795099 ], [ -71.272498939684695, -32.9776000652598 ], [ -71.272313026359697, -32.9776356594653 ], [ -71.272029682053102, -32.977680184089401 ], [ -71.271761939023904, -32.977670742052503 ], [ -71.2714382899524, -32.977633686237702 ], [ -71.271130885456898, -32.9775677034376 ], [ -71.270783726310299, -32.977441602909799 ], [ -71.270367748588001, -32.9772809644669 ], [ -71.270173103257605, -32.9771413518001 ], [ -71.270082696166, -32.977092892059098 ], [ -71.270029203754206, -32.976993657860298 ], [ -71.270005327806302, -32.976890305990203 ], [ -71.269976144378106, -32.976889226184703 ], [ -71.269904395971494, -32.976917252525197 ], [ -71.269827274323902, -32.977000729592497 ], [ -71.269657757215597, -32.977013356175902 ], [ -71.269429730489307, -32.977040406659 ], [ -71.269290663055799, -32.977092561046703 ], [ -71.269175566975704, -32.977108014697201 ], [ -71.269026372059301, -32.977118361077501 ], [ -71.268902270396794, -32.977135887187401 ], [ -71.268869001446504, -32.977163213495501 ], [ -71.268854474613207, -32.977215012604198 ], [ -71.268877890896704, -32.977245126565897 ], [ -71.268942587006805, -32.977295485632801 ], [ -71.269083540670394, -32.9774055376188 ], [ -71.269148284771504, -32.977457804705701 ], [ -71.269173165807103, -32.977545152245497 ], [ -71.269188846098203, -32.977626941828198 ], [ -71.269159500822596, -32.977719093174201 ], [ -71.269112534940007, -32.977830652194697 ], [ -71.269120887707203, -32.977891579529 ], [ -71.269137660207804, -32.9779275403261 ], [ -71.2692673945254, -32.978041613131701 ], [ -71.269487229448401, -32.978169972528299 ], [ -71.269580659670396, -32.978236988032599 ], [ -71.269650652686195, -32.978317312039401 ], [ -71.269838477168307, -32.978621675748698 ], [ -71.269900487577203, -32.978711916127601 ], [ -71.269939252166495, -32.978832891555101 ], [ -71.269957350941596, -32.978942789665801 ], [ -71.269959474661206, -32.979224762626203 ], [ -71.269947491971394, -32.9793538190155 ], [ -71.269927694020396, -32.979442933829702 ], [ -71.269888939441202, -32.9796540737551 ], [ -71.269840587334102, -32.979778517191299 ], [ -71.269776873142305, -32.979888233040498 ], [ -71.269676934902606, -32.9799652058337 ], [ -71.269560916820893, -32.980022191471299 ], [ -71.269342855121394, -32.980073873345901 ], [ -71.269055043150004, -32.980110122444501 ], [ -71.268800335177403, -32.980115492883201 ], [ -71.268696630115201, -32.980111651777499 ], [ -71.268549165813894, -32.9800570699744 ], [ -71.268338228424298, -32.979977874903199 ], [ -71.268168767522596, -32.979926556346697 ], [ -71.268063489905899, -32.979861187077503 ], [ -71.267905107357905, -32.9797781732019 ], [ -71.267808940053797, -32.979736974623997 ], [ -71.267597404682903, -32.979700735007199 ], [ -71.267357264733704, -32.9796750358 ], [ -71.267114680948794, -32.9796312472049 ], [ -71.266989209508395, -32.979595351403901 ], [ -71.266927898434204, -32.979588829818603 ], [ -71.266883358287004, -32.979618270240401 ], [ -71.266788611099599, -32.979721152095401 ], [ -71.266710849012199, -32.979779825484897 ], [ -71.266559238951103, -32.979784487669797 ], [ -71.266524192063002, -32.979830933035899 ], [ -71.266532494557893, -32.979889952473002 ], [ -71.266598703294704, -32.979999455454298 ], [ -71.266648774245297, -32.9800977992169 ], [ -71.266684971239002, -32.980184941769302 ], [ -71.266613248436201, -32.9803026756273 ], [ -71.266618946789606, -32.980348381097897 ], [ -71.266695888263598, -32.980434784631903 ], [ -71.2667102739738, -32.980627248299903 ], [ -71.266740985257599, -32.9807655493859 ], [ -71.266764335015296, -32.980815229320399 ], [ -71.266818177862604, -32.980994624190899 ], [ -71.266867973918593, -32.981281457683501 ], [ -71.266906584902202, -32.9816401609257 ], [ -71.266914595215894, -32.981687733384497 ], [ -71.266920468873593, -32.981828870628597 ], [ -71.266888445775507, -32.981993601535301 ], [ -71.2667812841254, -32.982142518728601 ], [ -71.266666111864794, -32.982243863369 ], [ -71.2665899785638, -32.982277693665303 ], [ -71.266400341407405, -32.982212423908102 ], [ -71.266196683908603, -32.982130230065003 ], [ -71.265934221795902, -32.982051011572601 ], [ -71.265849784959997, -32.982025822875499 ], [ -71.265788959810195, -32.982038379313799 ], [ -71.265596022663502, -32.982198395860699 ], [ -71.265470803266695, -32.982251875608597 ], [ -71.2653608532693, -32.982241941992498 ], [ -71.265239912659297, -32.982217295490798 ], [ -71.265161720242702, -32.982203803230902 ], [ -71.265123041846607, -32.9822134523532 ], [ -71.265089119628698, -32.982270732213003 ], [ -71.265008422266703, -32.982436227013302 ], [ -71.264898134704794, -32.982627732294397 ], [ -71.264843127430197, -32.982690763735903 ], [ -71.264774307572793, -32.982767168074602 ], [ -71.264716697356405, -32.982783721745001 ], [ -71.264633956740994, -32.982813853651102 ], [ -71.2646034105517, -32.982837073406202 ], [ -71.264609299865995, -32.982901385851299 ], [ -71.264600339981101, -32.982938529237501 ], [ -71.264540463671395, -32.983009502248599 ], [ -71.264479248241102, -32.983051173677701 ], [ -71.264409606570098, -32.983095383084702 ], [ -71.264366038357394, -32.983162977957299 ], [ -71.264298770883798, -32.983300194137499 ], [ -71.264241725889406, -32.983394278932103 ], [ -71.264208744472, -32.983433051092298 ], [ -71.264122583980793, -32.983606397725403 ], [ -71.263919964440603, -32.983897493775601 ], [ -71.263795373924907, -32.984007118869499 ], [ -71.263678600434801, -32.9840903565959 ], [ -71.263524982004, -32.984171877306402 ], [ -71.263463522800095, -32.984204008547003 ], [ -71.263303270260494, -32.984247474562899 ], [ -71.263216770160199, -32.984296761114599 ], [ -71.263116365637401, -32.984355842968398 ], [ -71.262998983353, -32.984415232581497 ], [ -71.262829420863795, -32.984537601431697 ], [ -71.262772828337006, -32.984538627464602 ], [ -71.262670414609403, -32.984519010770804 ], [ -71.262530667017302, -32.984478598278301 ], [ -71.262398805551996, -32.984488305405002 ], [ -71.262370570693506, -32.984491203248098 ], [ -71.262286655081994, -32.984530898184303 ], [ -71.262014768602597, -32.984748170593697 ], [ -71.261940438324999, -32.984830638404603 ], [ -71.261936239079503, -32.984887975737699 ], [ -71.261962982949399, -32.984937594170098 ], [ -71.262054839339598, -32.9850981698102 ], [ -71.262105378043202, -32.985192689792797 ], [ -71.262137538319706, -32.985232666773101 ], [ -71.262158380449506, -32.985272848888599 ], [ -71.262153207672199, -32.985292030020901 ], [ -71.262095185516102, -32.985347956858497 ], [ -71.261966299411796, -32.985400396842202 ], [ -71.261834584400304, -32.985452887963497 ], [ -71.261735667791598, -32.985459451726797 ], [ -71.261594002917505, -32.9854548616795 ], [ -71.261533425073495, -32.9854106274232 ], [ -71.261481822370399, -32.9853853178859 ], [ -71.261453707772802, -32.985392984517901 ], [ -71.261440046453401, -32.985412319433102 ], [ -71.261407003297904, -32.9854487059742 ], [ -71.261399031043396, -32.985580075134898 ], [ -71.261391879937904, -32.9856326938691 ], [ -71.261345418656703, -32.985697955038098 ], [ -71.261239899076301, -32.9857786006298 ], [ -71.261170495882098, -32.985832348123701 ], [ -71.260989645377506, -32.985860119730297 ], [ -71.260882924836693, -32.985838193586098 ], [ -71.260722159409198, -32.985778476404498 ], [ -71.260654498555496, -32.985761807621401 ], [ -71.2604740321012, -32.985762094241899 ], [ -71.260322697884703, -32.985794658735998 ], [ -71.260203577575595, -32.985841551039002 ], [ -71.260070385044997, -32.985891681056401 ], [ -71.259886111442697, -32.986020277536397 ], [ -71.259705071166394, -32.986136885033503 ], [ -71.259486378925004, -32.986164702996497 ], [ -71.259354898792907, -32.986143224692299 ], [ -71.259082964880804, -32.9860258705151 ], [ -71.258809969301097, -32.985866781102096 ], [ -71.258544731761802, -32.9857343931344 ], [ -71.258430709433895, -32.985703649818703 ], [ -71.258106074260994, -32.985656636934699 ], [ -71.257545622393394, -32.9856041464135 ], [ -71.257165333779795, -32.985539447993801 ], [ -71.256997877089205, -32.9854947583258 ], [ -71.256813266962695, -32.9854712550854 ], [ -71.256710008583596, -32.985446280627201 ], [ -71.256409130464206, -32.985442774325598 ], [ -71.256213984024001, -32.985422442774997 ], [ -71.255985184116994, -32.9853311434834 ], [ -71.255744416100001, -32.9853396704274 ], [ -71.255684437725293, -32.985346718645999 ], [ -71.255635525781599, -32.9853714621253 ], [ -71.255600610174696, -32.985389987538397 ], [ -71.255591212411204, -32.985437874551998 ], [ -71.255631940311204, -32.985508716045203 ], [ -71.255674488695206, -32.9856511003739 ], [ -71.255716507324294, -32.9857726177705 ], [ -71.255777196060095, -32.985932568575102 ], [ -71.255812017202899, -32.986188423020103 ], [ -71.255841906630707, -32.986250512229901 ], [ -71.255873845407507, -32.986393088225903 ], [ -71.255922027969206, -32.986478706241101 ], [ -71.255990137600904, -32.986624306632997 ], [ -71.256001267331897, -32.986727891800903 ], [ -71.256003816454296, -32.986828053916099 ], [ -71.255997875937396, -32.986928368589403 ], [ -71.255937758447203, -32.987069029491302 ], [ -71.255787048238304, -32.987154067424498 ], [ -71.255644007059303, -32.987206755960102 ], [ -71.255247624565797, -32.987182902660798 ], [ -71.254883964572599, -32.987132212264797 ], [ -71.254751332485895, -32.987148923843897 ], [ -71.254606431255596, -32.9872398196283 ], [ -71.2545129508825, -32.987348873780199 ], [ -71.254439682899601, -32.987696152223499 ], [ -71.254365629119107, -32.987990254904901 ], [ -71.254297813960505, -32.988262517112297 ], [ -71.254220295879904, -32.988420431891598 ], [ -71.254088865727596, -32.988506789653499 ], [ -71.253826086839496, -32.988593609508101 ], [ -71.253594402693594, -32.988567254575997 ], [ -71.253306155292805, -32.988454118556497 ], [ -71.2531459429607, -32.988388297494801 ], [ -71.252863974308696, -32.988392194766597 ], [ -71.252655178424902, -32.988419822278097 ], [ -71.2524837147933, -32.988468249114902 ], [ -71.252207125641107, -32.988501871514003 ], [ -71.251964069230695, -32.988518187752199 ], [ -71.251823065692605, -32.988539818512898 ], [ -71.251680971646095, -32.988518523668198 ], [ -71.251534412143201, -32.988432889730099 ], [ -71.251368106118605, -32.988349997872099 ], [ -71.251276955282506, -32.9883392349264 ], [ -71.251199791860799, -32.988332992590102 ], [ -71.251191464171697, -32.9883617734938 ], [ -71.2512055447107, -32.988470316117699 ], [ -71.251204166999202, -32.988594407879702 ], [ -71.251166553706895, -32.988629443177899 ], [ -71.251064695327202, -32.988720989644797 ], [ -71.251026889207694, -32.988748394132202 ], [ -71.251009886930305, -32.988795336808003 ], [ -71.2510205898799, -32.988860040285203 ], [ -71.251028896350505, -32.9890087700322 ], [ -71.251030107644794, -32.989056466294997 ], [ -71.251080978017697, -32.989097540707 ], [ -71.251231711787199, -32.989236066170399 ], [ -71.251265150497503, -32.989304176615299 ], [ -71.251269691114402, -32.989393804781798 ], [ -71.251210457523001, -32.989469313061598 ], [ -71.251116442625303, -32.9895130008927 ], [ -71.250860774207595, -32.989523338476701 ], [ -71.250781491961703, -32.9895228593575 ], [ -71.250558146504005, -32.989557426931398 ], [ -71.250266305624706, -32.989570324620402 ], [ -71.250113722217407, -32.9896221293832 ], [ -71.249802592552697, -32.989745124456299 ], [ -71.249707838143493, -32.989759716857002 ], [ -71.249581904456406, -32.9897505346743 ], [ -71.249385294713903, -32.989633829602802 ], [ -71.249218340561697, -32.989480800913498 ], [ -71.249067756531304, -32.989370423023303 ], [ -71.248982273962497, -32.989281776346999 ], [ -71.248926662384505, -32.989165392612698 ], [ -71.248886876854499, -32.9890701962428 ], [ -71.248830149065896, -32.988976737132802 ], [ -71.248717363554405, -32.9888631166856 ], [ -71.248646883792901, -32.988763225071999 ], [ -71.248586088970299, -32.988687971595397 ], [ -71.248494013754794, -32.9884510406727 ], [ -71.248438257075605, -32.988217273381501 ], [ -71.248408768525593, -32.988126185468197 ], [ -71.248365503718702, -32.988027712376997 ], [ -71.248324309570805, -32.987921565905097 ], [ -71.248323234736603, -32.987789883990601 ], [ -71.248339021940097, -32.987697981302503 ], [ -71.248315921928594, -32.987587881993001 ], [ -71.248286045595407, -32.987481532508397 ], [ -71.248276931530995, -32.9873900775058 ], [ -71.248249233876294, -32.987369580904598 ], [ -71.248208437407797, -32.987368406800996 ], [ -71.248177277090903, -32.987389964576103 ], [ -71.248158112723701, -32.987438027955399 ], [ -71.248144346485901, -32.987520350049898 ], [ -71.248118971349399, -32.987591429873 ], [ -71.248023515102304, -32.9876675891771 ], [ -71.247929016515599, -32.987692195873002 ], [ -71.247771750637597, -32.987653037293697 ], [ -71.247602584705305, -32.987591187345402 ], [ -71.247513474615801, -32.987560344259997 ], [ -71.2473935898756, -32.987566320264598 ], [ -71.247343022565204, -32.987626401300702 ], [ -71.247346882911202, -32.9876893193738 ], [ -71.247345014961596, -32.987794332620503 ], [ -71.247369201105897, -32.987854975664803 ], [ -71.247365505442005, -32.987977200253098 ], [ -71.247348604675494, -32.988025222756697 ], [ -71.247248426556993, -32.988093831359102 ], [ -71.247163816671602, -32.988119552545797 ], [ -71.247086396551197, -32.988192523333097 ], [ -71.246928195394204, -32.9884291895331 ], [ -71.246748502343294, -32.988711574583903 ], [ -71.246634306198104, -32.988897344911997 ], [ -71.246534368311799, -32.988975491919398 ], [ -71.246537835990594, -32.989034122929702 ], [ -71.246636065293302, -32.989291553317798 ] ] ] } },
{ "type": "Feature", "properties": { "id": "monoparte.17", "Name": null, "description": null, "timestamp": null, "begin": null, "end": null, "altitudeMode": null, "tessellate": -1, "extrude": 0, "visibility": -1, "drawOrder": null, "icon": null, "OBJECTID": 19.0, "REG": "Valparaíso", "COM": "Limache", "SHAPE_Leng": 816.53942133800001, "SHAPE_Area": 8080.7219319300002, "LOC": "Limache", "ZONA": "ZPP", "NOM": "ZPP - Plazas y Parques públicos proyectados", "UPERM": "REVISAR ORDENANZA LOCAL", "UPROH": "REVISAR ORDENANZA LOCAL", "P_DO": "08/05/2025", "N_DO": "31/4/117", "T_DO": "Resolución", "OBS": null }, "geometry": { "type": "Polygon", "coordinates": [ [ [ -71.275354697309496, -32.978283295230803 ], [ -71.275197398971599, -32.978076389558296 ], [ -71.274938440308006, -32.978231122715101 ], [ -71.275036100978696, -32.978341479745097 ], [ -71.274799365388304, -32.978492526115502 ], [ -71.274831834471698, -32.978544423383802 ], [ -71.274736767221398, -32.978590294763599 ], [ -71.274744298924404, -32.978608051813502 ], [ -71.274530491896499, -32.978748341283698 ], [ -71.274277634211302, -32.9789330821826 ], [ -71.274166230950499, -32.979004303191402 ], [ -71.273986975668194, -32.979134020451703 ], [ -71.273891061843699, -32.979206748101603 ], [ -71.273816073598496, -32.979262989238201 ], [ -71.273731671956099, -32.979338489137398 ], [ -71.273559946908904, -32.979485962949902 ], [ -71.273450792089903, -32.9795924332523 ], [ -71.273364322645094, -32.979664630498903 ], [ -71.273360260588802, -32.979682836859098 ], [ -71.273352705389996, -32.9796972897364 ], [ -71.2733287105833, -32.979733038365197 ], [ -71.273056316421005, -32.979928869847697 ], [ -71.272968344160603, -32.979995431214299 ], [ -71.273219171751805, -32.980243575822698 ], [ -71.273594313275794, -32.980036329214002 ], [ -71.2734011130661, -32.979787898641398 ], [ -71.273459357758298, -32.979741028901799 ], [ -71.273437848539899, -32.979697043788001 ], [ -71.273708843738106, -32.979468788442297 ], [ -71.273961660908896, -32.9792202857898 ], [ -71.274301502442796, -32.979623511579703 ], [ -71.274598941744998, -32.979445473358403 ], [ -71.274636408874997, -32.979383234479599 ], [ -71.274695505496794, -32.9793034239962 ], [ -71.274501084070806, -32.979073627696103 ], [ -71.274894561779803, -32.978853159018698 ], [ -71.274775157691707, -32.978700729386198 ], [ -71.274988692910298, -32.9785280563407 ], [ -71.2751333133439, -32.978427599535699 ], [ -71.275354697309496, -32.978283295230803 ] ] ] } },
{ "type": "Feature", "properties": { "id": "monoparte.18", "Name": null, "description": null, "timestamp": null, "begin": null, "end": null, "altitudeMode": null, "tessellate": -1, "extrude": 0, "visibility": -1, "drawOrder": null, "icon": null, "OBJECTID": 20.0, "REG": "Valparaíso", "COM": "Limache", "SHAPE_Leng": 433.64975449399998, "SHAPE_Area": 9525.683356, "LOC": "Limache", "ZONA": "ZR3", "NOM": "ZR3 - Zona Residencial Mixto 3", "UPERM": "Residencial: Vivienda; Equipamiento: Científico, comercio, culto y cultura, seguridad, social, esparcimiento, deporte, salud, educación, Todos excepto los prohibidos; Infraestructura: Sanitaria y Transporte, Ver destinos o actividades específicas en O", "UPROH": "Equipamiento: Estaciones o centros de servicio automotor del tipo revisión técnica, discotecas, carceles o centros de detención, zoológicos, parques de entretenciones, cementerios, cementerios-parque, crematorios; Infraestructura: Transporte y Sanita", "P_DO": "08/05/2025", "N_DO": "31/4/117", "T_DO": "Resolución", "OBS": null }, "geometry": { "type": "Polygon", "coordinates": [ [ [ -71.274736767221398, -32.978590294763599 ], [ -71.274831834471698, -32.978544423383802 ], [ -71.274799365388304, -32.978492526115502 ], [ -71.275036100978696, -32.978341479745097 ], [ -71.274938440308006, -32.978231122715101 ], [ -71.275197398971599, -32.978076389558296 ], [ -71.275090196114206, -32.977935378476303 ], [ -71.274540718193094, -32.977252412632197 ], [ -71.274437771568799, -32.977134065483 ], [ -71.273851547106304, -32.977468019547302 ], [ -71.273833276392097, -32.977484099631802 ], [ -71.273835377057395, -32.977499807714302 ], [ -71.273974149349399, -32.977679084074197 ], [ -71.274479278714097, -32.978286106364102 ], [ -71.274736767221398, -32.978590294763599 ] ] ] } },
{ "type": "Feature", "properties": { "id": "monoparte.19", "Name": null, "description": null, "timestamp": null, "begin": null, "end": null, "altitudeMode": null, "tessellate": -1, "extrude": 0, "visibility": -1, "drawOrder": null, "icon": null, "OBJECTID": 21.0, "REG": "Valparaíso", "COM": "Limache", "SHAPE_Leng": 1303.06280425, "SHAPE_Area": 66776.218226199999, "LOC": "Limache", "ZONA": "ZR4", "NOM": "ZR4 - Zona Residencial Mixto 4", "UPERM": "Residencial: Vivienda, hospedaje, hogares de acogida; Equipamiento: Científico, comercio, culto y cultura, seguridad, social, esparcimiento, deporte, salud, educación, Todos excepto los prohibidos; Infraestructura: Sanitaria y Transporte, Ver destinos", "UPROH": "Equipamiento: Estaciones o centros de servicio automotor del tipo revisión técnica, discotecas, carceles o centros de detención, zoológicos, parques de entretenciones, cementerios, cementerios-parque, crematorios; Infraestructura: Sanitaria: Ver deta", "P_DO": "08/05/2025", "N_DO": "31/4/117", "T_DO": "Resolución", "OBS": null }, "geometry": { "type": "Polygon", "coordinates": [ [ [ -71.270300413160498, -32.978552957430601 ], [ -71.270322843132504, -32.978639369972399 ], [ -71.270428756255697, -32.978795866574004 ], [ -71.270863451577796, -32.978526465714403 ], [ -71.271077048129399, -32.978820069584202 ], [ -71.271489667619207, -32.979346522593197 ], [ -71.271828009000203, -32.979752406785501 ], [ -71.272313491248994, -32.980271804444797 ], [ -71.272865204661201, -32.979995494166999 ], [ -71.272968344160603, -32.979995431214299 ], [ -71.273056316421005, -32.979928869847697 ], [ -71.2733287105833, -32.979733038365197 ], [ -71.273352705389996, -32.9796972897364 ], [ -71.273360260588802, -32.979682836859098 ], [ -71.273364322645094, -32.979664630498903 ], [ -71.273450792089903, -32.9795924332523 ], [ -71.273559946908904, -32.979485962949902 ], [ -71.273731671956099, -32.979338489137398 ], [ -71.273816073598496, -32.979262989238201 ], [ -71.273891061843699, -32.979206748101603 ], [ -71.273986975668194, -32.979134020451703 ], [ -71.274166230950499, -32.979004303191402 ], [ -71.274277634211302, -32.9789330821826 ], [ -71.274530491896499, -32.978748341283698 ], [ -71.274744298924404, -32.978608051813502 ], [ -71.274736767221398, -32.978590294763599 ], [ -71.274479278714097, -32.978286106364102 ], [ -71.273974149349399, -32.977679084074197 ], [ -71.273835377057395, -32.977499807714302 ], [ -71.273833276392097, -32.977484099631802 ], [ -71.273851547106304, -32.977468019547302 ], [ -71.274437771568799, -32.977134065483 ], [ -71.274193156625898, -32.976852854560597 ], [ -71.273663929522698, -32.977139102813403 ], [ -71.273532179046299, -32.977223964905001 ], [ -71.273374353482893, -32.977361403059902 ], [ -71.273289755362597, -32.977440246302102 ], [ -71.273148785381295, -32.977638933342099 ], [ -71.273017386920998, -32.977747259244701 ], [ -71.272904222441895, -32.977838074656297 ], [ -71.272741275926606, -32.977908323949201 ], [ -71.272591485369603, -32.977957576129299 ], [ -71.272412379133598, -32.9779937625526 ], [ -71.272198649642903, -32.978070660877897 ], [ -71.271995813868998, -32.978108709753101 ], [ -71.271716040414105, -32.978142134893602 ], [ -71.271662339327307, -32.978167447762203 ], [ -71.271564096551302, -32.978177824858001 ], [ -71.271504898780194, -32.978187491333998 ], [ -71.271398387165803, -32.978206607947001 ], [ -71.271138575330696, -32.978208472508904 ], [ -71.271083847930498, -32.978193721916497 ], [ -71.2709633164487, -32.978195914908298 ], [ -71.270808977768098, -32.978204448943799 ], [ -71.270720721949601, -32.978231782352999 ], [ -71.270487795705506, -32.978366050096199 ], [ -71.270338122291093, -32.9784904529592 ], [ -71.270300413160498, -32.978552957430601 ] ] ] } },
{ "type": "Feature", "properties": { "id": "monoparte.20", "Name": null, "description": null, "timestamp": null, "begin": null, "end": null, "altitudeMode": null, "tessellate": -1, "extrude": 0, "visibility": -1, "drawOrder": null, "icon": null, "OBJECTID": 22.0, "REG": "Valparaíso", "COM": "Limache", "SHAPE_Leng": 2157.95327137, "SHAPE_Area": 77184.342174699996, "LOC": "Limache", "ZONA": "ZR4", "NOM": "ZR4 - Zona Residencial Mixto 4", "UPERM": "Residencial: Vivienda, hospedaje, hogares de acogida; Equipamiento: Científico, comercio, culto y cultura, seguridad, social, esparcimiento, deporte, salud, educación, Todos excepto los prohibidos; Infraestructura: Sanitaria y Transporte, Ver destinos", "UPROH": "Equipamiento: Estaciones o centros de servicio automotor del tipo revisión técnica, discotecas, carceles o centros de detención, zoológicos, parques de entretenciones, cementerios, cementerios-parque, crematorios; Infraestructura: Sanitaria: Ver deta", "P_DO": "08/05/2025", "N_DO": "31/4/117", "T_DO": "Resolución", "OBS": null }, "geometry": { "type": "Polygon", "coordinates": [ [ [ -71.269761992330402, -32.981145087091001 ], [ -71.270013789504105, -32.981159973967898 ], [ -71.270216108472596, -32.9812672374117 ], [ -71.270619006208506, -32.981413798483899 ], [ -71.270802150644002, -32.981435518095097 ], [ -71.270967675754704, -32.981432506506799 ], [ -71.271123247879999, -32.981372414697702 ], [ -71.271243764159905, -32.981270014785999 ], [ -71.271354968557702, -32.981135574622897 ], [ -71.271394387207707, -32.981016756028701 ], [ -71.271425866633095, -32.980919554367397 ], [ -71.271403087410903, -32.980859128758802 ], [ -71.2713305981855, -32.980681506493198 ], [ -71.271092435935998, -32.980445820574701 ], [ -71.270907195792006, -32.9801211316611 ], [ -71.270586209658504, -32.979608041163701 ], [ -71.270487586447203, -32.979487558791398 ], [ -71.270422231913003, -32.979429801998002 ], [ -71.270341367724598, -32.979652396442802 ], [ -71.270267268567196, -32.979809781271101 ], [ -71.270191947202306, -32.979985797705702 ], [ -71.270126335358697, -32.980143028087397 ], [ -71.270044615264197, -32.980201775494898 ], [ -71.269957800431897, -32.980260615505998 ], [ -71.269838145163504, -32.980297148226697 ], [ -71.269735502125798, -32.980334803454397 ], [ -71.269610972845598, -32.980380013764403 ], [ -71.269527077852501, -32.980420190972602 ], [ -71.269413882196801, -32.980443721632 ], [ -71.269324124403894, -32.980453942753797 ], [ -71.269111584386707, -32.980444923531003 ], [ -71.268716313696103, -32.980420097547501 ], [ -71.268656651387005, -32.980411638758298 ], [ -71.268571248776198, -32.980392910637597 ], [ -71.268481723768602, -32.980379029444002 ], [ -71.268379527477194, -32.980367764502702 ], [ -71.268310114008401, -32.980365447840498 ], [ -71.268139276454804, -32.980429104038699 ], [ -71.268132046503894, -32.980412057071199 ], [ -71.268074431973403, -32.980373021201899 ], [ -71.268037580036804, -32.9803488773724 ], [ -71.267948910350597, -32.980335219214503 ], [ -71.267849362338893, -32.980338936095599 ], [ -71.267642964760995, -32.979972396546103 ], [ -71.267527840642998, -32.979789152094298 ], [ -71.267509171478196, -32.979767541734098 ], [ -71.267407930540998, -32.9797493394843 ], [ -71.2673172415316, -32.9797452607705 ], [ -71.267274038440902, -32.979738410424901 ], [ -71.267216122590597, -32.979731827311198 ], [ -71.267157962849396, -32.979715705370197 ], [ -71.267123716813003, -32.979704875165801 ], [ -71.267070547254704, -32.979706794952101 ], [ -71.2670155390052, -32.979681072472196 ], [ -71.266955212961804, -32.979668806892299 ], [ -71.266878337910796, -32.979739990495503 ], [ -71.266811711491101, -32.979791304507501 ], [ -71.266759997675805, -32.979828031464997 ], [ -71.266717922240801, -32.979843110871201 ], [ -71.266658612977196, -32.979848482970098 ], [ -71.266622925835193, -32.979847699056002 ], [ -71.266617817708706, -32.979913642187199 ], [ -71.266730272985498, -32.980060479998102 ], [ -71.266743180403907, -32.980100328424598 ], [ -71.266761656950393, -32.9801586860467 ], [ -71.266761349850995, -32.980213089751402 ], [ -71.266735357558801, -32.980259370737201 ], [ -71.266721431348998, -32.980312589790699 ], [ -71.266729429211097, -32.9803596854753 ], [ -71.266778208005604, -32.980407471624801 ], [ -71.266782737383195, -32.980451767235998 ], [ -71.266779290994407, -32.980516248207103 ], [ -71.266793985768501, -32.980655508352598 ], [ -71.266811099348203, -32.980704823606999 ], [ -71.266840115849106, -32.980776828057898 ], [ -71.266889825933902, -32.980949617782301 ], [ -71.266922842417202, -32.981178062843199 ], [ -71.266976505233501, -32.981505386793799 ], [ -71.267006945576696, -32.981810227122502 ], [ -71.266999843120502, -32.981886704652702 ], [ -71.266986790037393, -32.981958590338898 ], [ -71.266892152000693, -32.982110142311797 ], [ -71.266750197098901, -32.982271143636197 ], [ -71.266671081904207, -32.982321252435803 ], [ -71.266597187073501, -32.982354088033397 ], [ -71.266548397548803, -32.982350201977503 ], [ -71.266478600319601, -32.9823218848097 ], [ -71.2663925927082, -32.982279546662497 ], [ -71.266332631990494, -32.982251168924201 ], [ -71.266057247849503, -32.982167593624197 ], [ -71.265860199820906, -32.982100309606103 ], [ -71.265820779178696, -32.982119635580297 ], [ -71.265787409946, -32.982143145826697 ], [ -71.265756121832496, -32.982181649572802 ], [ -71.265696097195004, -32.9822196325376 ], [ -71.266151328291798, -32.982835155058098 ], [ -71.266205780094595, -32.982772611075099 ], [ -71.266245830605996, -32.982744684362601 ], [ -71.2662645427218, -32.982745776579797 ], [ -71.266295906478106, -32.982776700735698 ], [ -71.266318927388795, -32.9828135024893 ], [ -71.266318217752698, -32.982852166215999 ], [ -71.266307342609196, -32.982958297757598 ], [ -71.266315596603604, -32.983015409054801 ], [ -71.266406622043704, -32.983121121331799 ], [ -71.266550983592097, -32.983304407450703 ], [ -71.266709194328698, -32.983513401460897 ], [ -71.2668766559391, -32.983729861445497 ], [ -71.266928905442398, -32.983780447486197 ], [ -71.267042186764499, -32.983782207007003 ], [ -71.267089065015099, -32.983755587982998 ], [ -71.267237998342495, -32.983645995433299 ], [ -71.267387957472906, -32.9834483443816 ], [ -71.267460440487994, -32.983293853556397 ], [ -71.267531028272501, -32.9831980902552 ], [ -71.267632152155699, -32.983034489821698 ], [ -71.267769669244998, -32.9828646507423 ], [ -71.267785146985801, -32.982805677290003 ], [ -71.267803762873896, -32.982736625664103 ], [ -71.267785797410895, -32.982698300364198 ], [ -71.267767538096706, -32.982648528170003 ], [ -71.267535298624395, -32.982303334638203 ], [ -71.267290464968298, -32.9819394019692 ], [ -71.267584071345794, -32.981819545807703 ], [ -71.267766398953199, -32.981776149473902 ], [ -71.268130761868804, -32.981677910903002 ], [ -71.268304756369005, -32.981621591647098 ], [ -71.268430681267304, -32.981564427969197 ], [ -71.268497491028597, -32.981520267856098 ], [ -71.268209241275898, -32.980986295756303 ], [ -71.268300535373299, -32.980917160489803 ], [ -71.268465674715799, -32.980843775831502 ], [ -71.268487140153894, -32.980852929831102 ], [ -71.268535779872096, -32.980928393409002 ], [ -71.268573406131495, -32.981015987298498 ], [ -71.268676724296199, -32.980960427295003 ], [ -71.268784333165797, -32.981127869629503 ], [ -71.268890450439997, -32.981071064652298 ], [ -71.269008539120406, -32.980970500045203 ], [ -71.2691064733269, -32.980925773806803 ], [ -71.269249709262297, -32.980881416892302 ], [ -71.269350654951495, -32.980843793808802 ], [ -71.269305801287302, -32.9807503664953 ], [ -71.269486594058904, -32.9806802749574 ], [ -71.269761992330402, -32.981145087091001 ] ] ] } },
{ "type": "Feature", "properties": { "id": "monoparte.21", "Name": null, "description": null, "timestamp": null, "begin": null, "end": null, "altitudeMode": null, "tessellate": -1, "extrude": 0, "visibility": -1, "drawOrder": null, "icon": null, "OBJECTID": 23.0, "REG": "Valparaíso", "COM": "Limache", "SHAPE_Leng": 106.34676486399999, "SHAPE_Area": 722.40228717699995, "LOC": "Limache", "ZONA": "AV", "NOM": "AV - Áreas verdes Existentes (Art.2.1.30)", "UPERM": "Se regirán según lo dispuesto en el Art. 2.1.30 de la OGUC y considerarán las siguientes normas urbanísticas.", "UPROH": null, "P_DO": "08/05/2025", "N_DO": "31/4/117", "T_DO": "Resolución", "OBS": null }, "geometry": { "type": "Polygon", "coordinates": [ [ [ -71.268309062444601, -32.982944946511097 ], [ -71.268309397353704, -32.982945323668297 ], [ -71.268628263327997, -32.982807444361399 ], [ -71.268539349687401, -32.982651591430702 ], [ -71.268466347093494, -32.982652918280998 ], [ -71.268246361003904, -32.982751397240897 ], [ -71.268231666666694, -32.982774568742698 ], [ -71.268232728294194, -32.9828160642288 ], [ -71.268309062444601, -32.982944946511097 ] ] ] } },
{ "type": "Feature", "properties": { "id": "monoparte.22", "Name": null, "description": null, "timestamp": null, "begin": null, "end": null, "altitudeMode": null, "tessellate": -1, "extrude": 0, "visibility": -1, "drawOrder": null, "icon": null, "OBJECTID": 24.0, "REG": "Valparaíso", "COM": "Limache", "SHAPE_Leng": 106.078128276, "SHAPE_Area": 659.66398459200002, "LOC": "Limache", "ZONA": "AV", "NOM": "AV - Áreas verdes Existentes (Art.2.1.30)", "UPERM": "Se regirán según lo dispuesto en el Art. 2.1.30 de la OGUC y considerarán las siguientes normas urbanísticas.", "UPROH": null, "P_DO": "08/05/2025", "N_DO": "31/4/117", "T_DO": "Resolución", "OBS": null }, "geometry": { "type": "Polygon", "coordinates": [ [ [ -71.269070157604801, -32.983324401368101 ], [ -71.269118280129703, -32.983346430935001 ], [ -71.269422438198703, -32.983218683040299 ], [ -71.269344208510006, -32.983059834735499 ], [ -71.269005914194693, -32.983203411934099 ], [ -71.269070157604801, -32.983324401368101 ] ] ] } },
{ "type": "Feature", "properties": { "id": "monoparte.23", "Name": null, "description": null, "timestamp": null, "begin": null, "end": null, "altitudeMode": null, "tessellate": -1, "extrude": 0, "visibility": -1, "drawOrder": null, "icon": null, "OBJECTID": 25.0, "REG": "Valparaíso", "COM": "Limache", "SHAPE_Leng": 1096.18672631, "SHAPE_Area": 4456.9741346600003, "LOC": "Limache", "ZONA": "ZAV", "NOM": "ZAV - Zona de Área verde", "UPERM": "Para los efectos de la aplicación del Art. 2.1.31 de la OGUC, las condiciones de edificación para los usos complementarios son las siguientes: sup. subdivisón mínima: 2.500 m2; sistema de agrupamiento: aislado; Altura máxima: 3.5 metros; Antejardín", "UPROH": null, "P_DO": "08/05/2025", "N_DO": "31/4/117", "T_DO": "Resolución", "OBS": null }, "geometry": { "type": "Polygon", "coordinates": [ [ [ -71.267089065015099, -32.983755587982998 ], [ -71.267042186764499, -32.983782207007003 ], [ -71.266928905442398, -32.983780447486197 ], [ -71.2668766559391, -32.983729861445497 ], [ -71.266714033102005, -32.983519656496298 ], [ -71.266528481564904, -32.983624768029202 ], [ -71.266534160629007, -32.983647569363796 ], [ -71.266551467287897, -32.983660138386703 ], [ -71.266610852286405, -32.983657628861799 ], [ -71.2666416677434, -32.983667089486502 ], [ -71.266805755717797, -32.983840187932401 ], [ -71.266900287877306, -32.983950130247301 ], [ -71.266910094339494, -32.984001488074497 ], [ -71.266918202506105, -32.984052875844803 ], [ -71.266887152079207, -32.984100679813601 ], [ -71.266833248829997, -32.984184687512503 ], [ -71.266797397229396, -32.984244031794098 ], [ -71.266640565680106, -32.984337034404298 ], [ -71.266568050667601, -32.984379627149004 ], [ -71.266540978006603, -32.984383697842901 ], [ -71.266469836799899, -32.984391431862399 ], [ -71.266429657601094, -32.984414349966698 ], [ -71.266349134549998, -32.984453747923403 ], [ -71.2661582223989, -32.9845602845716 ], [ -71.266124418389296, -32.984575690667199 ], [ -71.2660948175605, -32.9845805231596 ], [ -71.266032940418597, -32.9845852256718 ], [ -71.265978922884798, -32.984598373730101 ], [ -71.265907462596402, -32.984626870625299 ], [ -71.265673226103402, -32.984633270066098 ], [ -71.2656556278708, -32.984653630939498 ], [ -71.265530773422995, -32.984686436966001 ], [ -71.265461926367706, -32.984695321790497 ], [ -71.265416227335805, -32.984723826923997 ], [ -71.265421266261498, -32.984743776872001 ], [ -71.265461939513003, -32.984740175536103 ], [ -71.265515952187798, -32.9847267888223 ], [ -71.265688975388301, -32.984697055355298 ], [ -71.265883816547102, -32.984677770904 ], [ -71.266093827225006, -32.984653916587298 ], [ -71.266201825689905, -32.984626188130299 ], [ -71.266344307077503, -32.984552024496097 ], [ -71.266464497322801, -32.984469676329503 ], [ -71.266593908330904, -32.984415791176197 ], [ -71.266822043877795, -32.984277940848003 ], [ -71.266885388842098, -32.984230981415202 ], [ -71.266885842079603, -32.984182301202502 ], [ -71.266951168931598, -32.984071173249703 ], [ -71.266959614134805, -32.984047160441101 ], [ -71.266952198360201, -32.9839785817517 ], [ -71.266927707557798, -32.983906496087798 ], [ -71.266859963997604, -32.983825651877503 ], [ -71.266883220231506, -32.9838051880782 ], [ -71.266926571630407, -32.9838177610267 ], [ -71.267009512053804, -32.983828661731103 ], [ -71.267118763691499, -32.983805680907899 ], [ -71.267222096740696, -32.983728410311699 ], [ -71.267363310373199, -32.9836038463148 ], [ -71.267377622609899, -32.983554676270401 ], [ -71.2674118639451, -32.983509915338097 ], [ -71.267479004640094, -32.983367927838103 ], [ -71.267558072973003, -32.9832495830181 ], [ -71.267645874280404, -32.983140622709598 ], [ -71.267738632270607, -32.983004134724702 ], [ -71.267835169012002, -32.982899143786803 ], [ -71.267848544756504, -32.982824461254502 ], [ -71.267870740113395, -32.982762501773102 ], [ -71.267893483411797, -32.982722005713299 ], [ -71.267921246121603, -32.982678555386002 ], [ -71.267961003195197, -32.982639181238802 ], [ -71.268076256522704, -32.982496797103003 ], [ -71.268145182448706, -32.982402494753003 ], [ -71.268377591220499, -32.982192130981197 ], [ -71.268309307487399, -32.982045924064501 ], [ -71.268557969241797, -32.981939765740997 ], [ -71.268658661203503, -32.981892126646699 ], [ -71.268554505296095, -32.981737983615297 ], [ -71.268351008404693, -32.981883403007302 ], [ -71.268320705929199, -32.981893974871099 ], [ -71.268268136398106, -32.981963643622201 ], [ -71.2682164231028, -32.982000372082403 ], [ -71.268043822044703, -32.982291246359402 ], [ -71.268000363434894, -32.982385084982397 ], [ -71.2680163378364, -32.982411994202799 ], [ -71.268001498144798, -32.982429442205003 ], [ -71.267958309125405, -32.982467446745602 ], [ -71.267875765634003, -32.982560564454403 ], [ -71.267785062233003, -32.982666714584397 ], [ -71.267776366452907, -32.982672594189502 ], [ -71.267785797410895, -32.982698300364198 ], [ -71.267803762873896, -32.982736625664103 ], [ -71.267785146985801, -32.982805677290003 ], [ -71.267769669244998, -32.9828646507423 ], [ -71.267632152155699, -32.983034489821698 ], [ -71.267531028272501, -32.9831980902552 ], [ -71.267460440487994, -32.983293853556397 ], [ -71.267387957472906, -32.9834483443816 ], [ -71.267237998342495, -32.983645995433299 ], [ -71.267089065015099, -32.983755587982998 ] ] ] } },
{ "type": "Feature", "properties": { "id": "monoparte.24", "Name": null, "description": null, "timestamp": null, "begin": null, "end": null, "altitudeMode": null, "tessellate": -1, "extrude": 0, "visibility": -1, "drawOrder": null, "icon": null, "OBJECTID": 26.0, "REG": "Valparaíso", "COM": "Limache", "SHAPE_Leng": 314.08150204200001, "SHAPE_Area": 1904.5327425200001, "LOC": "Limache", "ZONA": "ZPP", "NOM": "ZPP - Plazas y Parques públicos proyectados", "UPERM": "REVISAR ORDENANZA LOCAL", "UPROH": "REVISAR ORDENANZA LOCAL", "P_DO": "08/05/2025", "N_DO": "31/4/117", "T_DO": "Resolución", "OBS": null }, "geometry": { "type": "Polygon", "coordinates": [ [ [ -71.262140442829605, -32.985397686057901 ], [ -71.262164758105897, -32.985432501116797 ], [ -71.262165999557794, -32.985481150652397 ], [ -71.262192305586794, -32.985513598593997 ], [ -71.262220821178701, -32.985566048807698 ], [ -71.262282435125599, -32.985650823815497 ], [ -71.262319312153593, -32.985764677796702 ], [ -71.262397374509405, -32.985894964455802 ], [ -71.262418368802301, -32.985918919448302 ], [ -71.262473593745, -32.9860195574472 ], [ -71.262483177756195, -32.986062329616203 ], [ -71.262522556235098, -32.986074499075897 ], [ -71.262672602366806, -32.986163397725598 ], [ -71.262672894546597, -32.986174844669897 ], [ -71.262658198198494, -32.986198015590801 ], [ -71.262632804820896, -32.986201339017903 ], [ -71.262634777005701, -32.9862786058927 ], [ -71.262627930976294, -32.9863431493145 ], [ -71.262606060905, -32.986417985369599 ], [ -71.262688451228996, -32.986518129862802 ], [ -71.262882491614107, -32.986429774137598 ], [ -71.262766930252496, -32.986198907345702 ], [ -71.262748162610393, -32.986129102181003 ], [ -71.2626875715724, -32.986084391728703 ], [ -71.262671268259297, -32.986044604456602 ], [ -71.262677073320802, -32.986005847447103 ], [ -71.262622944894005, -32.985948136473702 ], [ -71.262618453671493, -32.9859052719885 ], [ -71.262494531020096, -32.985708535369298 ], [ -71.262360168158807, -32.985635099472297 ], [ -71.262345271274597, -32.985583834411798 ], [ -71.262293918124797, -32.985501736504901 ], [ -71.262258501848095, -32.985445117250102 ], [ -71.262233491373394, -32.985396897651199 ], [ -71.262194509401994, -32.985356814399701 ], [ -71.262183922982302, -32.985371523581399 ], [ -71.262140442829605, -32.985397686057901 ] ] ] } },
{ "type": "Feature", "properties": { "id": "monoparte.25", "Name": null, "description": null, "timestamp": null, "begin": null, "end": null, "altitudeMode": null, "tessellate": -1, "extrude": 0, "visibility": -1, "drawOrder": null, "icon": null, "OBJECTID": 27.0, "REG": "Valparaíso", "COM": "Limache", "SHAPE_Leng": 193.45285267, "SHAPE_Area": 1414.88655915, "LOC": "Limache", "ZONA": "ZPP", "NOM": "ZPP - Plazas y Parques públicos proyectados", "UPERM": "REVISAR ORDENANZA LOCAL", "UPROH": "REVISAR ORDENANZA LOCAL", "P_DO": "08/05/2025", "N_DO": "31/4/117", "T_DO": "Resolución", "OBS": null }, "geometry": { "type": "Polygon", "coordinates": [ [ [ -71.260448304813806, -32.986707423907703 ], [ -71.260494357793903, -32.9867371294186 ], [ -71.260518870515497, -32.986721416071902 ], [ -71.260604795186296, -32.986716041715702 ], [ -71.260610854772196, -32.9867179410601 ], [ -71.260605842975096, -32.986668305641402 ], [ -71.260603750888706, -32.986586268795897 ], [ -71.260613804249402, -32.986536459691102 ], [ -71.260632766979597, -32.986480763985398 ], [ -71.260646424104294, -32.986394624752499 ], [ -71.260654997551498, -32.986020361493502 ], [ -71.260606875439706, -32.985998328641998 ], [ -71.260556975782805, -32.985995415348597 ], [ -71.260541519599101, -32.986010964663301 ], [ -71.260392277893303, -32.986286613573199 ], [ -71.260473406669604, -32.986359583808401 ], [ -71.260473941831606, -32.986380570504998 ], [ -71.260476984307104, -32.986411054126599 ], [ -71.260468172261199, -32.986420757871898 ], [ -71.260399601400493, -32.986484987173803 ], [ -71.260398699464801, -32.986538447634501 ], [ -71.260409019644996, -32.986587886828097 ], [ -71.260430852807204, -32.986644752632799 ], [ -71.260448304813806, -32.986707423907703 ] ] ] } },
{ "type": "Feature", "properties": { "id": "monoparte.26", "Name": null, "description": null, "timestamp": null, "begin": null, "end": null, "altitudeMode": null, "tessellate": -1, "extrude": 0, "visibility": -1, "drawOrder": null, "icon": null, "OBJECTID": 28.0, "REG": "Valparaíso", "COM": "Limache", "SHAPE_Leng": 4796.0925574800003, "SHAPE_Area": 25323.243962299999, "LOC": "Limache", "ZONA": "ZAV", "NOM": "ZAV - Zona de Área verde", "UPERM": "Para los efectos de la aplicación del Art. 2.1.31 de la OGUC, las condiciones de edificación para los usos complementarios son las siguientes: sup. subdivisón mínima: 2.500 m2; sistema de agrupamiento: aislado; Altura máxima: 3.5 metros; Antejardín", "UPROH": null, "P_DO": "08/05/2025", "N_DO": "31/4/117", "T_DO": "Resolución", "OBS": null }, "geometry": { "type": "Polygon", "coordinates": [ [ [ -71.261879641008804, -32.987313204368398 ], [ -71.261849271127303, -32.987234772177104 ], [ -71.261833308795104, -32.9872335871028 ], [ -71.261600423046204, -32.987251073179898 ], [ -71.261344761178293, -32.987272407185898 ], [ -71.261244154865693, -32.987268264971803 ], [ -71.2611471839883, -32.987240198268204 ], [ -71.261008927207399, -32.987202839350701 ], [ -71.260834034602794, -32.9871165367841 ], [ -71.260812659558496, -32.987110958906797 ], [ -71.260704599495298, -32.987036567753897 ], [ -71.260618157869999, -32.9869772932473 ], [ -71.260594682827005, -32.987000384888098 ], [ -71.260563556399504, -32.987000948682599 ], [ -71.260525872210806, -32.987021910742499 ], [ -71.260459874877199, -32.987095478901601 ], [ -71.260417641543, -32.987126782554299 ], [ -71.260364138427306, -32.9871602002152 ], [ -71.260201524340005, -32.987222314618798 ], [ -71.260078014395006, -32.987263680147898 ], [ -71.259936540509301, -32.9873110969735 ], [ -71.259895268177303, -32.987335702875903 ], [ -71.259835095017706, -32.987374012264603 ], [ -71.259794959630099, -32.987393230320997 ], [ -71.259788031535805, -32.987421270397803 ], [ -71.259780407160505, -32.987488690862797 ], [ -71.2597678823943, -32.9875304315959 ], [ -71.259755365672106, -32.987605813838599 ], [ -71.259746145361206, -32.987643916585697 ], [ -71.259722111285797, -32.987667256254703 ], [ -71.259700565565495, -32.987677189607403 ], [ -71.259577249274599, -32.987726186286103 ], [ -71.259483313629701, -32.987772741919301 ], [ -71.259434617432206, -32.987772668573697 ], [ -71.259389220737901, -32.987768719261702 ], [ -71.259361666400096, -32.9877539478274 ], [ -71.259360120474696, -32.987737752394999 ], [ -71.259355106994207, -32.987718755773002 ], [ -71.259327042088898, -32.987683952136301 ], [ -71.2593140155669, -32.987661601775997 ], [ -71.259282341843701, -32.987640702646303 ], [ -71.259222035965493, -32.9876071986236 ], [ -71.259137556656896, -32.987569360981901 ], [ -71.259090198095095, -32.987543972748 ], [ -71.259082545994403, -32.987521445723097 ], [ -71.259050659643293, -32.987492199254497 ], [ -71.259007605711005, -32.987469120007198 ], [ -71.258974091736604, -32.987431551852801 ], [ -71.258935009185507, -32.987397663533599 ], [ -71.258900900780205, -32.987392316701801 ], [ -71.258854058940699, -32.987387199426003 ], [ -71.258779935661394, -32.987375240141198 ], [ -71.258738677431893, -32.987355945414301 ], [ -71.258687945141702, -32.987298170332103 ], [ -71.258612839881906, -32.987283782263397 ], [ -71.258551718267199, -32.987284888388203 ], [ -71.2584773421855, -32.987299118575798 ], [ -71.258434458606203, -32.9872827162216 ], [ -71.258349057104695, -32.987264220167901 ], [ -71.258254837903806, -32.9872329993701 ], [ -71.258178967286099, -32.9871885631688 ], [ -71.2581436986315, -32.9871376661646 ], [ -71.258107336516403, -32.987043842978103 ], [ -71.258072782171894, -32.9869542812148 ], [ -71.258051533592905, -32.986920308896899 ], [ -71.257857269141795, -32.986881016435298 ], [ -71.257578410107598, -32.986825221576403 ], [ -71.257558025093601, -32.986802923866797 ], [ -71.257550343083096, -32.986779204256599 ], [ -71.257534172520096, -32.986755637289903 ], [ -71.257509300877402, -32.986723877480898 ], [ -71.257461608141497, -32.9866853732455 ], [ -71.257429783352805, -32.986658511261702 ], [ -71.257422957499699, -32.986557234452498 ], [ -71.257416721894103, -32.986534680786697 ], [ -71.257391879656097, -32.986504113437597 ], [ -71.257350867003694, -32.986449979987903 ], [ -71.257297789107497, -32.9864223093509 ], [ -71.257272018900494, -32.986410846157398 ], [ -71.257274149339395, -32.986383369998102 ], [ -71.257253887035603, -32.986365842088503 ], [ -71.257209145895004, -32.986332055537197 ], [ -71.2571603432568, -32.986305500535401 ], [ -71.257138630538094, -32.986296057800999 ], [ -71.257058404170706, -32.986295613205499 ], [ -71.2570640595616, -32.9863073599603 ], [ -71.257073262602006, -32.9863352281156 ], [ -71.257105672644599, -32.986357307537702 ], [ -71.257199712637799, -32.986420453624902 ], [ -71.257206091913005, -32.986437516638397 ], [ -71.257229667884602, -32.986462857826602 ], [ -71.257256312649005, -32.986475260167197 ], [ -71.2572909428728, -32.986501116502403 ], [ -71.257335942192995, -32.986533944296703 ], [ -71.257351055031094, -32.986593795305502 ], [ -71.257363676091899, -32.986655838453501 ], [ -71.257363774293907, -32.986693056514902 ], [ -71.257400587038305, -32.986728646534502 ], [ -71.257471790526395, -32.986773286682897 ], [ -71.257475188855906, -32.986823329289699 ], [ -71.257500783692194, -32.986855672081703 ], [ -71.257560213418003, -32.986882631667299 ], [ -71.257635282322894, -32.986912290416399 ], [ -71.257754722770002, -32.986933392259502 ], [ -71.257841742261306, -32.986959851693001 ], [ -71.257926967218097, -32.986971432153098 ], [ -71.257968209805796, -32.986979037123703 ], [ -71.258005482014497, -32.986997450178002 ], [ -71.258022472824507, -32.987053211029099 ], [ -71.258052987847194, -32.987139743860197 ], [ -71.258118903624293, -32.987226829185403 ], [ -71.258170509439196, -32.9872654417983 ], [ -71.258242044157797, -32.987306377403499 ], [ -71.2583605722794, -32.987324990087998 ], [ -71.258442057106194, -32.987356440342303 ], [ -71.258530600241897, -32.987364859205698 ], [ -71.258548929432095, -32.9873509281813 ], [ -71.258617618649694, -32.987346822039797 ], [ -71.258657233175398, -32.987368293626801 ], [ -71.258721347540899, -32.987417952429098 ], [ -71.258791057721297, -32.9874539105951 ], [ -71.258897354413804, -32.987459144811602 ], [ -71.258925070550902, -32.987465450481501 ], [ -71.258937391810406, -32.987504595257597 ], [ -71.258994685290503, -32.987530995840999 ], [ -71.259013625472505, -32.987552125532801 ], [ -71.259025642908796, -32.9875793465201 ], [ -71.259045937274493, -32.987598065658801 ], [ -71.259087485185006, -32.987617593999502 ], [ -71.259118976532207, -32.987631339275701 ], [ -71.259186477601602, -32.987669484270903 ], [ -71.259222061882497, -32.987677191241801 ], [ -71.259250937174002, -32.987699334063599 ], [ -71.259256214244999, -32.9877397984365 ], [ -71.259290565950394, -32.987754684905198 ], [ -71.259301412750204, -32.9877914702951 ], [ -71.259326224548204, -32.987820844765999 ], [ -71.259405852535707, -32.987834911546202 ], [ -71.259434483712099, -32.9878475155015 ], [ -71.259451141272194, -32.9878901598643 ], [ -71.259487120769705, -32.987913367028703 ], [ -71.259523282667899, -32.987943728986103 ], [ -71.259556319430601, -32.9880217861622 ], [ -71.259426233787394, -32.988160614244997 ], [ -71.259263016502501, -32.988332489719603 ], [ -71.259221085131202, -32.988420095614003 ], [ -71.259192590542796, -32.988501731232397 ], [ -71.259170717110806, -32.9885765668094 ], [ -71.259150840374701, -32.988640868944799 ], [ -71.259122674892893, -32.988691004906201 ], [ -71.259059538417105, -32.988738076705999 ], [ -71.2589758918418, -32.988788500915597 ], [ -71.258904232378001, -32.988864953593001 ], [ -71.258795114349994, -32.9890267830638 ], [ -71.258651078492605, -32.9892071387657 ], [ -71.258532740578005, -32.989340505162097 ], [ -71.258418864916706, -32.989432364216398 ], [ -71.258210419865705, -32.989518210911399 ], [ -71.257894038789004, -32.989634640746701 ], [ -71.257595213904807, -32.989640046803203 ], [ -71.257496421666602, -32.989629427594799 ], [ -71.257423298272201, -32.989604027782001 ], [ -71.257337156738103, -32.989554707256197 ], [ -71.257185526659697, -32.989436962182097 ], [ -71.257093576726803, -32.989383749966599 ], [ -71.257057506074403, -32.989356963806799 ], [ -71.257006588437307, -32.989303009428298 ], [ -71.256964098910601, -32.989246516570901 ], [ -71.256912343280405, -32.989215242851103 ], [ -71.256801941606795, -32.989180067296701 ], [ -71.256750374295294, -32.989156186274897 ], [ -71.256655842774904, -32.989134991134797 ], [ -71.256470254160902, -32.989006645888999 ], [ -71.256330170164802, -32.988930921828299 ], [ -71.2562554304603, -32.988886463130001 ], [ -71.256230834911094, -32.988854460024299 ], [ -71.256076674816796, -32.988759584425203 ], [ -71.255810495582693, -32.988579250812499 ], [ -71.255749557734106, -32.988543132418897 ], [ -71.255691369582607, -32.988526050794803 ], [ -71.255610785862302, -32.988518918065402 ], [ -71.255557877500095, -32.988531326560697 ], [ -71.255504978437202, -32.988588589854501 ], [ -71.2554658805836, -32.988654192901102 ], [ -71.255386241037797, -32.988776895373 ], [ -71.255294842584902, -32.988912157095299 ], [ -71.255150203677303, -32.9891247295336 ], [ -71.255151356514205, -32.989170040718598 ], [ -71.255135682391995, -32.989221620160897 ], [ -71.255113389506803, -32.9892912135846 ], [ -71.255065914626201, -32.989687831813796 ], [ -71.255065531104407, -32.989728398682601 ], [ -71.255055395457404, -32.989775106862503 ], [ -71.255064209423196, -32.9898990143517 ], [ -71.255034093829707, -32.989994993726299 ], [ -71.254987757811506, -32.990121090753803 ], [ -71.254931122333105, -32.9902318646173 ], [ -71.254858256581102, -32.9903166879973 ], [ -71.2546944106127, -32.990386452826399 ], [ -71.254478722777904, -32.990435442480901 ], [ -71.254275557444899, -32.990462017036698 ], [ -71.254090471661598, -32.990442455663398 ], [ -71.253928912734295, -32.990412925852802 ], [ -71.253690375225304, -32.990320445908999 ], [ -71.253588492079899, -32.990266217444798 ], [ -71.253429820790501, -32.990149787885699 ], [ -71.253311130204096, -32.990046951575103 ], [ -71.253252866572694, -32.989982391982799 ], [ -71.253183071989795, -32.989909689410403 ], [ -71.253167347181503, -32.989831238531899 ], [ -71.253072419063798, -32.989671904638001 ], [ -71.252992018850506, -32.989549528258898 ], [ -71.252932066473903, -32.989529853098702 ], [ -71.252881220164696, -32.989534350046398 ], [ -71.252735602294905, -32.989652932420803 ], [ -71.252658954704501, -32.989711578196399 ], [ -71.252606974581497, -32.989738284045103 ], [ -71.252421503112004, -32.989926299927703 ], [ -71.2522031762132, -32.990080392068997 ], [ -71.252151212749297, -32.990130001972801 ], [ -71.252099611732604, -32.990193920651798 ], [ -71.252050492989795, -32.990266383718698 ], [ -71.252003014747103, -32.990358859537501 ], [ -71.251935082488799, -32.990403985435798 ], [ -71.251750421914707, -32.990490346394701 ], [ -71.251664094475402, -32.990569206812097 ], [ -71.251488961992607, -32.990798450573699 ], [ -71.251353290284698, -32.990907547675498 ], [ -71.251309453793297, -32.990920505845502 ], [ -71.251226057299306, -32.990914137062198 ], [ -71.251146105215994, -32.990876212345 ], [ -71.250964730683705, -32.990735296221402 ], [ -71.250834157255795, -32.990632671837098 ], [ -71.250726811402899, -32.990597387982604 ], [ -71.250645070204897, -32.990589318900099 ], [ -71.250595216468895, -32.990588308958102 ], [ -71.250552728795995, -32.9905652165695 ], [ -71.250474141199405, -32.990547546339997 ], [ -71.250439003284498, -32.990546270963698 ], [ -71.250401358958001, -32.990535497512901 ], [ -71.250370172835503, -32.990556101349597 ], [ -71.250343612026697, -32.990580439801398 ], [ -71.250262361950803, -32.990636303176103 ], [ -71.250141693123894, -32.990745366532302 ], [ -71.249940123060995, -32.990779063426999 ], [ -71.249859835243996, -32.990794826235998 ], [ -71.249812771631895, -32.990847925929003 ], [ -71.249686622843697, -32.990997648548699 ], [ -71.249588956274096, -32.991076055511897 ], [ -71.249544379148702, -32.991093321474096 ], [ -71.249504246798793, -32.991118381418403 ], [ -71.249414856418198, -32.991143613226299 ], [ -71.249096323898399, -32.991139118447698 ], [ -71.248798049840602, -32.991133041337697 ], [ -71.248689580928101, -32.991107049603002 ], [ -71.248384553126499, -32.990868229566999 ], [ -71.248328744108306, -32.9908110186676 ], [ -71.2482463196081, -32.990731383566697 ], [ -71.248118244128307, -32.990572339881197 ], [ -71.248068380241904, -32.9904816198706 ], [ -71.248023716776004, -32.990372673680497 ], [ -71.247995679474201, -32.990338821874602 ], [ -71.247955596357301, -32.990276555432402 ], [ -71.247889038719293, -32.990152733244102 ], [ -71.247818548378305, -32.990067283873799 ], [ -71.247672920723303, -32.989906711724799 ], [ -71.247627106592304, -32.989841686210802 ], [ -71.247585316135996, -32.989801400894599 ], [ -71.247546202207502, -32.989777291731301 ], [ -71.247532662211299, -32.989734589508899 ], [ -71.247519147502601, -32.989692841787402 ], [ -71.247501080185899, -32.989650220191301 ], [ -71.247475475780902, -32.989623005541397 ], [ -71.247447487295901, -32.989591060831501 ], [ -71.247441024955293, -32.989514828339303 ], [ -71.247451634135601, -32.989479167663603 ], [ -71.247476466815598, -32.989453667912898 ], [ -71.247494316353198, -32.989431873881898 ], [ -71.247510206649693, -32.989388641646499 ], [ -71.247498458478205, -32.989316083412497 ], [ -71.247489805283905, -32.989198137325801 ], [ -71.247509099966805, -32.9891775093879 ], [ -71.247551842491703, -32.989132600545901 ], [ -71.247616408279796, -32.989055088884299 ], [ -71.247644397242496, -32.9889865870907 ], [ -71.247655014396599, -32.988902888877099 ], [ -71.247679182747802, -32.988851157284998 ], [ -71.247695822630106, -32.988781666856497 ], [ -71.247723833604496, -32.988647074140403 ], [ -71.247737938991094, -32.988578106381603 ], [ -71.247737116542595, -32.988545673351801 ], [ -71.247761487019005, -32.988524238868798 ], [ -71.247755313259802, -32.988480447228397 ], [ -71.247650375274105, -32.988503259696103 ], [ -71.247633077548102, -32.9885513642283 ], [ -71.247610981842001, -32.988662467895402 ], [ -71.247592695729793, -32.988757088307302 ], [ -71.247576491104695, -32.988787918969599 ], [ -71.2475572052237, -32.9888312132667 ], [ -71.247563517144499, -32.9888568672378 ], [ -71.247532240477597, -32.9889185090586 ], [ -71.247527916185703, -32.9890159313642 ], [ -71.247481439051796, -32.989058760374398 ], [ -71.247411652299306, -32.989120141615999 ], [ -71.247388516192203, -32.989190226923803 ], [ -71.247394233200197, -32.989409753564402 ], [ -71.247352473544794, -32.989415277650203 ], [ -71.247336849201304, -32.9894690024055 ], [ -71.247339876663503, -32.989633097915799 ], [ -71.247421699879993, -32.989733740958997 ], [ -71.2474246391386, -32.9897931127623 ], [ -71.247504459180604, -32.9898594349633 ], [ -71.247603938974606, -32.989986481590797 ], [ -71.247774831557194, -32.990160914122796 ], [ -71.247823638141796, -32.990255530855201 ], [ -71.247939142819504, -32.990456251356299 ], [ -71.248018396926497, -32.990623029822103 ], [ -71.248040014101505, -32.990638148796499 ], [ -71.248063802395393, -32.990683052382003 ], [ -71.248132269332004, -32.9907593608838 ], [ -71.248243940640506, -32.990864713838199 ], [ -71.248335349438804, -32.990952538222999 ], [ -71.248379308966904, -32.991011393684701 ], [ -71.248546745622704, -32.991116399027703 ], [ -71.248652351502201, -32.991194662161298 ], [ -71.248705312874307, -32.9912065912252 ], [ -71.248799606068204, -32.991240680942603 ], [ -71.248943928928796, -32.991238080197498 ], [ -71.249118814139294, -32.991234928485099 ], [ -71.249416094031901, -32.991235296599399 ], [ -71.249532523931904, -32.9912045672422 ], [ -71.249591695945, -32.991193479423998 ], [ -71.249757144967703, -32.991083490281703 ], [ -71.249827867147005, -32.990992028207302 ], [ -71.249921850215799, -32.990880105253297 ], [ -71.249962274019296, -32.990866493101599 ], [ -71.250028491633302, -32.990865299248597 ], [ -71.250187876369495, -32.990853836313697 ], [ -71.250395391457005, -32.990663994131197 ], [ -71.250444231367297, -32.990647366995802 ], [ -71.250495386255693, -32.990655033725901 ], [ -71.250624087777993, -32.990695121340202 ], [ -71.250703925827594, -32.990695113481799 ], [ -71.250774303204906, -32.990723905979998 ], [ -71.250864410816405, -32.990793858420503 ], [ -71.250905451100607, -32.990804570475603 ], [ -71.251035664998298, -32.990915312533701 ], [ -71.251124219942994, -32.990991018916503 ], [ -71.251298461049601, -32.991029389806798 ], [ -71.251316919370097, -32.9910204676194 ], [ -71.251389457215595, -32.991000549536103 ], [ -71.251458161951803, -32.990963521257598 ], [ -71.251575950877196, -32.990852599609198 ], [ -71.251696280333107, -32.990673973449901 ], [ -71.251782066280001, -32.990596076835097 ], [ -71.251953707265798, -32.990498737458402 ], [ -71.252043859005795, -32.990425533970701 ], [ -71.252139548311106, -32.990347458408998 ], [ -71.252197662996494, -32.990239044170501 ], [ -71.252267340093795, -32.990162332488403 ], [ -71.252334188916905, -32.990119134981903 ], [ -71.252439135833498, -32.990059978634797 ], [ -71.252636283727099, -32.9898709575181 ], [ -71.252870893591904, -32.989655808762102 ], [ -71.252914601895299, -32.989637841332502 ], [ -71.252942713535603, -32.989674554620002 ], [ -71.252980073764107, -32.989718734279101 ], [ -71.253025342024799, -32.9898066721181 ], [ -71.253056283772906, -32.989910138872098 ], [ -71.253080667975198, -32.989944551412698 ], [ -71.253185596269404, -32.990062906716901 ], [ -71.253278672439194, -32.990160479497803 ], [ -71.253490971863101, -32.990315068865598 ], [ -71.253793572514695, -32.990470533051003 ], [ -71.2539765571575, -32.990518763471002 ], [ -71.254230380300996, -32.990547104598001 ], [ -71.254428670015599, -32.990529207383602 ], [ -71.254613012534094, -32.990497246502898 ], [ -71.254803527619202, -32.990440837325202 ], [ -71.254986375742206, -32.990330132995602 ], [ -71.255036842041306, -32.990266233675897 ], [ -71.255114893998893, -32.990129304285702 ], [ -71.255150127691806, -32.990000783738303 ], [ -71.255166813022797, -32.989855419969999 ], [ -71.255181847877296, -32.9896451895818 ], [ -71.255183899541393, -32.989547808295299 ], [ -71.255196785614601, -32.989431143822898 ], [ -71.255217401879904, -32.989352429696702 ], [ -71.255238724899797, -32.989244678979802 ], [ -71.255263069769299, -32.989200100049104 ], [ -71.255330377499106, -32.989175025136099 ], [ -71.255479628035005, -32.989143697207297 ], [ -71.2557251812418, -32.9891142066515 ], [ -71.255953391496604, -32.989070714695899 ], [ -71.2561143337781, -32.989029556576398 ], [ -71.256236943169, -32.989008252610603 ], [ -71.256295913445697, -32.988989292108002 ], [ -71.256331831947904, -32.989010116156798 ], [ -71.256386842169405, -32.989058032642497 ], [ -71.256414392291106, -32.989083779138802 ], [ -71.256485209072494, -32.989140953037598 ], [ -71.256568274992603, -32.989178818016804 ], [ -71.256654291299697, -32.989221401663102 ], [ -71.256775467406698, -32.989254999224698 ], [ -71.256842300893794, -32.989266912946199 ], [ -71.256894117258796, -32.989300571633201 ], [ -71.256946230828603, -32.989353674819299 ], [ -71.256984895528305, -32.989404511627001 ], [ -71.257045377978102, -32.989444931765298 ], [ -71.257102281505396, -32.989478259392598 ], [ -71.257164752919095, -32.989530096653603 ], [ -71.257195752864902, -32.989546714353899 ], [ -71.257320513754294, -32.989643233924099 ], [ -71.257421744326095, -32.989682916825601 ], [ -71.257556714818406, -32.989713401018697 ], [ -71.257765626281596, -32.989712484789003 ], [ -71.257918095371096, -32.989711189884297 ], [ -71.258018898283694, -32.989667374183199 ], [ -71.258185059989998, -32.989610923529398 ], [ -71.2584044362182, -32.989509609692298 ], [ -71.258500662740403, -32.9894639674187 ], [ -71.258620575429902, -32.989370179297701 ], [ -71.258706093098795, -32.989259835200997 ], [ -71.258921009820199, -32.9889696977027 ], [ -71.258981934696706, -32.988894155310703 ], [ -71.259016531535096, -32.988852015124898 ], [ -71.259090252368495, -32.9888120288892 ], [ -71.259190336402696, -32.988740071693101 ], [ -71.259229480096295, -32.988676375725298 ], [ -71.259267093027404, -32.988552583152199 ], [ -71.259301673818598, -32.988443160770601 ], [ -71.259334244771097, -32.9883881729466 ], [ -71.259457333137505, -32.988240196214299 ], [ -71.259597455342799, -32.9880730327884 ], [ -71.259611833288702, -32.988026247483702 ], [ -71.259615988925106, -32.987911649759099 ], [ -71.259589670863804, -32.987878723567597 ], [ -71.259543873662295, -32.987846598211704 ], [ -71.259539051291995, -32.987824019085302 ], [ -71.259607528414307, -32.9877893765997 ], [ -71.259751922027704, -32.987734273029901 ], [ -71.259788009357706, -32.9877061820021 ], [ -71.259840710162905, -32.987663474829702 ], [ -71.259831247705606, -32.987625471407 ], [ -71.259862285931007, -32.987510386904297 ], [ -71.2598677494816, -32.987447061642897 ], [ -71.259948351594502, -32.987388340875498 ], [ -71.260027225396996, -32.987368222887802 ], [ -71.260070204797501, -32.987332849771903 ], [ -71.260178722085996, -32.987314183233799 ], [ -71.260279648807199, -32.987275373675999 ], [ -71.260334250548695, -32.987251719256797 ], [ -71.260380394082304, -32.987229410121301 ], [ -71.260461421345397, -32.987187382677298 ], [ -71.260526763651797, -32.987140867209597 ], [ -71.260563778891097, -32.9870936717817 ], [ -71.260608719150596, -32.987079735481998 ], [ -71.260641383254494, -32.987083915892697 ], [ -71.260686620438506, -32.987116319714502 ], [ -71.260768206540007, -32.987184987299202 ], [ -71.260955568512699, -32.987271780050101 ], [ -71.261138878186998, -32.987332877475403 ], [ -71.261339659026106, -32.987346418005998 ], [ -71.261587102724803, -32.987324755902399 ], [ -71.261832922009603, -32.987305985810501 ], [ -71.261879641008804, -32.987313204368398 ] ] ] } },
{ "type": "Feature", "properties": { "id": "monoparte.27", "Name": null, "description": null, "timestamp": null, "begin": null, "end": null, "altitudeMode": null, "tessellate": -1, "extrude": 0, "visibility": -1, "drawOrder": null, "icon": null, "OBJECTID": 29.0, "REG": "Valparaíso", "COM": "Limache", "SHAPE_Leng": 3290.4926249199998, "SHAPE_Area": 184527.55792699999, "LOC": "Limache", "ZONA": "ZR4", "NOM": "ZR4 - Zona Residencial Mixto 4", "UPERM": "Residencial: Vivienda, hospedaje, hogares de acogida; Equipamiento: Científico, comercio, culto y cultura, seguridad, social, esparcimiento, deporte, salud, educación, Todos excepto los prohibidos; Infraestructura: Sanitaria y Transporte, Ver destinos", "UPROH": "Equipamiento: Estaciones o centros de servicio automotor del tipo revisión técnica, discotecas, carceles o centros de detención, zoológicos, parques de entretenciones, cementerios, cementerios-parque, crematorios; Infraestructura: Sanitaria: Ver deta", "P_DO": "08/05/2025", "N_DO": "31/4/117", "T_DO": "Resolución", "OBS": null }, "geometry": { "type": "Polygon", "coordinates": [ [ [ -71.247755313259802, -32.988480447228397 ], [ -71.247761487019005, -32.988524238868798 ], [ -71.247737116542595, -32.988545673351801 ], [ -71.247737938991094, -32.988578106381603 ], [ -71.247723833604496, -32.988647074140403 ], [ -71.247695822630106, -32.988781666856497 ], [ -71.247679182747802, -32.988851157284998 ], [ -71.247655014396599, -32.988902888877099 ], [ -71.247644397242496, -32.9889865870907 ], [ -71.247616408279796, -32.989055088884299 ], [ -71.247551842491703, -32.989132600545901 ], [ -71.247509099966805, -32.9891775093879 ], [ -71.247489805283905, -32.989198137325801 ], [ -71.247498458478205, -32.989316083412497 ], [ -71.247510206649693, -32.989388641646499 ], [ -71.247494316353198, -32.989431873881898 ], [ -71.247476466815598, -32.989453667912898 ], [ -71.247451634135601, -32.989479167663603 ], [ -71.247441024955293, -32.989514828339303 ], [ -71.247447487295901, -32.989591060831501 ], [ -71.247475475780902, -32.989623005541397 ], [ -71.247501080185899, -32.989650220191301 ], [ -71.247519147502601, -32.989692841787402 ], [ -71.247532662211299, -32.989734589508899 ], [ -71.247546202207502, -32.989777291731301 ], [ -71.247585316135996, -32.989801400894599 ], [ -71.247627106592304, -32.989841686210802 ], [ -71.247672920723303, -32.989906711724799 ], [ -71.247818548378305, -32.990067283873799 ], [ -71.247889038719293, -32.990152733244102 ], [ -71.247955596357301, -32.990276555432402 ], [ -71.247995679474201, -32.990338821874602 ], [ -71.248023716776004, -32.990372673680497 ], [ -71.248068380241904, -32.9904816198706 ], [ -71.248118244128307, -32.990572339881197 ], [ -71.2482463196081, -32.990731383566697 ], [ -71.248328744108306, -32.9908110186676 ], [ -71.248384553126499, -32.990868229566999 ], [ -71.248689580928101, -32.991107049603002 ], [ -71.248798049840602, -32.991133041337697 ], [ -71.249096323898399, -32.991139118447698 ], [ -71.249414856418198, -32.991143613226299 ], [ -71.249504246798793, -32.991118381418403 ], [ -71.249544379148702, -32.991093321474096 ], [ -71.249588956274096, -32.991076055511897 ], [ -71.249686622843697, -32.990997648548699 ], [ -71.249812771631895, -32.990847925929003 ], [ -71.249859835243996, -32.990794826235998 ], [ -71.249940123060995, -32.990779063426999 ], [ -71.250141693123894, -32.990745366532302 ], [ -71.250262361950803, -32.990636303176103 ], [ -71.250343612026697, -32.990580439801398 ], [ -71.250370172835503, -32.990556101349597 ], [ -71.250401358958001, -32.990535497512901 ], [ -71.250439003284498, -32.990546270963698 ], [ -71.250474141199405, -32.990547546339997 ], [ -71.250552728795995, -32.9905652165695 ], [ -71.250595216468895, -32.990588308958102 ], [ -71.250645070204897, -32.990589318900099 ], [ -71.250726811402899, -32.990597387982604 ], [ -71.250834157255795, -32.990632671837098 ], [ -71.250964730683705, -32.990735296221402 ], [ -71.251146105215994, -32.990876212345 ], [ -71.251226057299306, -32.990914137062198 ], [ -71.251309453793297, -32.990920505845502 ], [ -71.251353290284698, -32.990907547675498 ], [ -71.251488961992607, -32.990798450573699 ], [ -71.251664094475402, -32.990569206812097 ], [ -71.251750421914707, -32.990490346394701 ], [ -71.251935082488799, -32.990403985435798 ], [ -71.252003014747103, -32.990358859537501 ], [ -71.252050492989795, -32.990266383718698 ], [ -71.252099611732604, -32.990193920651798 ], [ -71.252151212749297, -32.990130001972801 ], [ -71.2522031762132, -32.990080392068997 ], [ -71.252421503112004, -32.989926299927703 ], [ -71.252606974581497, -32.989738284045103 ], [ -71.252658954704501, -32.989711578196399 ], [ -71.252735602294905, -32.989652932420803 ], [ -71.252881220164696, -32.989534350046398 ], [ -71.252932066473903, -32.989529853098702 ], [ -71.252992018850506, -32.989549528258898 ], [ -71.253072419063798, -32.989671904638001 ], [ -71.253167347181503, -32.989831238531899 ], [ -71.253183071989795, -32.989909689410403 ], [ -71.253252866572694, -32.989982391982799 ], [ -71.253311130204096, -32.990046951575103 ], [ -71.253429820790501, -32.990149787885699 ], [ -71.253588492079899, -32.990266217444798 ], [ -71.253690375225304, -32.990320445908999 ], [ -71.253928912734295, -32.990412925852802 ], [ -71.254090471661598, -32.990442455663398 ], [ -71.254275557444899, -32.990462017036698 ], [ -71.254478722777904, -32.990435442480901 ], [ -71.2546944106127, -32.990386452826399 ], [ -71.254858256581102, -32.9903166879973 ], [ -71.254931122333105, -32.9902318646173 ], [ -71.254987757811506, -32.990121090753803 ], [ -71.255034093829707, -32.989994993726299 ], [ -71.255064209423196, -32.9898990143517 ], [ -71.255055395457404, -32.989775106862503 ], [ -71.255065531104407, -32.989728398682601 ], [ -71.255065914626201, -32.989687831813796 ], [ -71.255113389506803, -32.9892912135846 ], [ -71.255135682391995, -32.989221620160897 ], [ -71.255151356514205, -32.989170040718598 ], [ -71.255150203677303, -32.9891247295336 ], [ -71.255294842584902, -32.988912157095299 ], [ -71.255386241037797, -32.988776895373 ], [ -71.2554658805836, -32.988654192901102 ], [ -71.255504978437202, -32.988588589854501 ], [ -71.255557877500095, -32.988531326560697 ], [ -71.255610785862302, -32.988518918065402 ], [ -71.255691369582607, -32.988526050794803 ], [ -71.255749557734106, -32.988543132418897 ], [ -71.255810495582693, -32.988579250812499 ], [ -71.256076674816796, -32.988759584425203 ], [ -71.256230834911094, -32.988854460024299 ], [ -71.2562554304603, -32.988886463130001 ], [ -71.256330170164802, -32.988930921828299 ], [ -71.256470254160902, -32.989006645888999 ], [ -71.256655842774904, -32.989134991134797 ], [ -71.256750374295294, -32.989156186274897 ], [ -71.256801941606795, -32.989180067296701 ], [ -71.256912343280405, -32.989215242851103 ], [ -71.256964098910601, -32.989246516570901 ], [ -71.257006588437307, -32.989303009428298 ], [ -71.257057506074403, -32.989356963806799 ], [ -71.257093576726803, -32.989383749966599 ], [ -71.257185526659697, -32.989436962182097 ], [ -71.257337156738103, -32.989554707256197 ], [ -71.257423298272201, -32.989604027782001 ], [ -71.257496421666602, -32.989629427594799 ], [ -71.257595213904807, -32.989640046803203 ], [ -71.257894038789004, -32.989634640746701 ], [ -71.258210419865705, -32.989518210911399 ], [ -71.258418864916706, -32.989432364216398 ], [ -71.258532740578005, -32.989340505162097 ], [ -71.258651078492605, -32.9892071387657 ], [ -71.258795114349994, -32.9890267830638 ], [ -71.258904232378001, -32.988864953593001 ], [ -71.2589758918418, -32.988788500915597 ], [ -71.259059538417105, -32.988738076705999 ], [ -71.259122674892893, -32.988691004906201 ], [ -71.259150840374701, -32.988640868944799 ], [ -71.259170717110806, -32.9885765668094 ], [ -71.259192590542796, -32.988501731232397 ], [ -71.259221085131202, -32.988420095614003 ], [ -71.259263016502501, -32.988332489719603 ], [ -71.259426233787394, -32.988160614244997 ], [ -71.259556319430601, -32.9880217861622 ], [ -71.259523282667899, -32.987943728986103 ], [ -71.259487120769705, -32.987913367028703 ], [ -71.259451141272194, -32.9878901598643 ], [ -71.259434483712099, -32.9878475155015 ], [ -71.259405852535707, -32.987834911546202 ], [ -71.259326224548204, -32.987820844765999 ], [ -71.259301412750204, -32.9877914702951 ], [ -71.259290565950394, -32.987754684905198 ], [ -71.259256214244999, -32.9877397984365 ], [ -71.259250937174002, -32.987699334063599 ], [ -71.259222061882497, -32.987677191241801 ], [ -71.259186477601602, -32.987669484270903 ], [ -71.259118976532207, -32.987631339275701 ], [ -71.259087485185006, -32.987617593999502 ], [ -71.259045937274493, -32.987598065658801 ], [ -71.259025642908796, -32.9875793465201 ], [ -71.259013625472505, -32.987552125532801 ], [ -71.258994685290503, -32.987530995840999 ], [ -71.258937391810406, -32.987504595257597 ], [ -71.258925070550902, -32.987465450481501 ], [ -71.258897354413804, -32.987459144811602 ], [ -71.258791057721297, -32.9874539105951 ], [ -71.258721347540899, -32.987417952429098 ], [ -71.258657233175398, -32.987368293626801 ], [ -71.258617618649694, -32.987346822039797 ], [ -71.258548929432095, -32.9873509281813 ], [ -71.258530600241897, -32.987364859205698 ], [ -71.258442057106194, -32.987356440342303 ], [ -71.2583605722794, -32.987324990087998 ], [ -71.258242044157797, -32.987306377403499 ], [ -71.258170509439196, -32.9872654417983 ], [ -71.258118903624293, -32.987226829185403 ], [ -71.258052987847194, -32.987139743860197 ], [ -71.258022472824507, -32.987053211029099 ], [ -71.258005482014497, -32.986997450178002 ], [ -71.257968209805796, -32.986979037123703 ], [ -71.257926967218097, -32.986971432153098 ], [ -71.257841742261306, -32.986959851693001 ], [ -71.257754722770002, -32.986933392259502 ], [ -71.257635282322894, -32.986912290416399 ], [ -71.257560213418003, -32.986882631667299 ], [ -71.257500783692194, -32.986855672081703 ], [ -71.257475188855906, -32.986823329289699 ], [ -71.257471790526395, -32.986773286682897 ], [ -71.257400587038305, -32.986728646534502 ], [ -71.257363774293907, -32.986693056514902 ], [ -71.257363676091899, -32.986655838453501 ], [ -71.257351055031094, -32.986593795305502 ], [ -71.257335942192995, -32.986533944296703 ], [ -71.2572909428728, -32.986501116502403 ], [ -71.257256312649005, -32.986475260167197 ], [ -71.257229667884602, -32.986462857826602 ], [ -71.257206091913005, -32.986437516638397 ], [ -71.257199712637799, -32.986420453624902 ], [ -71.257105672644599, -32.986357307537702 ], [ -71.257073262602006, -32.9863352281156 ], [ -71.2570640595616, -32.9863073599603 ], [ -71.257058404170706, -32.986295613205499 ], [ -71.256987151885397, -32.986295218183002 ], [ -71.256721143026297, -32.986354903678603 ], [ -71.256589666009901, -32.986416928308202 ], [ -71.256552588132195, -32.986461737700203 ], [ -71.256528010588298, -32.986469340188499 ], [ -71.256470307974993, -32.986565818668403 ], [ -71.256379434529805, -32.9867493857491 ], [ -71.256322291106102, -32.9870069025989 ], [ -71.256257134947205, -32.987088604355002 ], [ -71.256096985378207, -32.987342257125597 ], [ -71.255996026173094, -32.987379870008901 ], [ -71.255905194197098, -32.9874817200783 ], [ -71.255576756573404, -32.987591442735599 ], [ -71.255186014701593, -32.987755972656302 ], [ -71.254985458394302, -32.987884855456102 ], [ -71.254803336922194, -32.988070667105497 ], [ -71.254657163146106, -32.988284101744803 ], [ -71.254457274133799, -32.988606229089001 ], [ -71.254172581759093, -32.988933467858899 ], [ -71.254063584883497, -32.988989118800902 ], [ -71.2538221852258, -32.989014952018501 ], [ -71.253460387890101, -32.988982117499198 ], [ -71.252885085775702, -32.988903033043499 ], [ -71.2525747714147, -32.988890740014497 ], [ -71.252385216269204, -32.988951423475598 ], [ -71.252216519736393, -32.988997413990298 ], [ -71.252075564806404, -32.989132374767799 ], [ -71.251838979492007, -32.9893477948605 ], [ -71.251573135945605, -32.989581637694897 ], [ -71.251245684065196, -32.989730698409403 ], [ -71.251029623711702, -32.989847746889403 ], [ -71.250759537333195, -32.989914651663703 ], [ -71.250495472726897, -32.989995762614903 ], [ -71.250315212042906, -32.990032415896501 ], [ -71.250061497919006, -32.990075164455 ], [ -71.249801396064896, -32.990089396965601 ], [ -71.249574647638298, -32.990079169111603 ], [ -71.249306344866397, -32.989993340981002 ], [ -71.2487977699477, -32.989587361059499 ], [ -71.248681189211098, -32.989455851456398 ], [ -71.248599535350493, -32.989361886411402 ], [ -71.2485630369234, -32.989262336553502 ], [ -71.248521241643203, -32.989177197467598 ], [ -71.248451027988196, -32.989087798278398 ], [ -71.248357933927394, -32.988989267982298 ], [ -71.248252069564103, -32.988833705343801 ], [ -71.248156435574899, -32.988635013150201 ], [ -71.248143302287801, -32.988563672952999 ], [ -71.247953875527799, -32.9884621055119 ], [ -71.247829365606194, -32.988464348146302 ], [ -71.247755313259802, -32.988480447228397 ] ] ] } },
{ "type": "Feature", "properties": { "id": "monoparte.28", "Name": null, "description": null, "timestamp": null, "begin": null, "end": null, "altitudeMode": null, "tessellate": -1, "extrude": 0, "visibility": -1, "drawOrder": null, "icon": null, "OBJECTID": 30.0, "REG": "Valparaíso", "COM": "Limache", "SHAPE_Leng": 570.62392476699995, "SHAPE_Area": 16954.2856713, "LOC": "Limache", "ZONA": "ZC0A", "NOM": "ZC0A - Subzona Centro Mixto Residencial 0a", "UPERM": "Residencial: Vivienda, hospedaje, hogares de Acogida; Equipamiento: comercio, culto y cultura, social,  todos menos los prohibidos, servicios artesanales y profesionales, educación (salas cunas y jardines infantiles). Espacio Público y Áreas Verdes: T", "UPROH": "Equipamiento: Científico, seguridad, esparcimiento, deporte. Además, estaciones de servicios automotorm grandes tiendas, discotecas. Servicios, todos, exceptos los permitidos. Educación, todos, exceptos los señalados como permitidos; Infraestructura:", "P_DO": "08/05/2025", "N_DO": "31/4/117", "T_DO": "Resolución", "OBS": null }, "geometry": { "type": "Polygon", "coordinates": [ [ [ -71.259614155483902, -32.987962207209002 ], [ -71.259611833288702, -32.988026247483702 ], [ -71.259597455342799, -32.9880730327884 ], [ -71.259457333137505, -32.988240196214299 ], [ -71.259334244771097, -32.9883881729466 ], [ -71.259301673818598, -32.988443160770601 ], [ -71.260029508677803, -32.988773538162697 ], [ -71.260244449029301, -32.988695022041803 ], [ -71.260848118726898, -32.988543081642803 ], [ -71.261833816982602, -32.988283375121803 ], [ -71.261681936355004, -32.987769260914902 ], [ -71.261492396653196, -32.987798655249499 ], [ -71.261258944330606, -32.987802885327 ], [ -71.260631019883107, -32.987824997193499 ], [ -71.260173060525304, -32.987851186051302 ], [ -71.260008250765196, -32.9878828012707 ], [ -71.259792598148806, -32.987918915949599 ], [ -71.259614155483902, -32.987962207209002 ] ] ] } },
{ "type": "Feature", "properties": { "id": "monoparte.29", "Name": null, "description": null, "timestamp": null, "begin": null, "end": null, "altitudeMode": null, "tessellate": -1, "extrude": 0, "visibility": -1, "drawOrder": null, "icon": null, "OBJECTID": 31.0, "REG": "Valparaíso", "COM": "Limache", "SHAPE_Leng": 211.23463229199999, "SHAPE_Area": 2734.8403668000001, "LOC": "Limache", "ZONA": "ZPP", "NOM": "ZPP - Plazas y Parques públicos proyectados", "UPERM": "REVISAR ORDENANZA LOCAL", "UPROH": "REVISAR ORDENANZA LOCAL", "P_DO": "08/05/2025", "N_DO": "31/4/117", "T_DO": "Resolución", "OBS": null }, "geometry": { "type": "Polygon", "coordinates": [ [ [ -71.261833816982602, -32.988283375121803 ], [ -71.262408856597006, -32.988131863201403 ], [ -71.2621903083663, -32.987735523980596 ], [ -71.261681936355004, -32.987769260914902 ], [ -71.261833816982602, -32.988283375121803 ] ] ] } },
{ "type": "Feature", "properties": { "id": "monoparte.30", "Name": null, "description": null, "timestamp": null, "begin": null, "end": null, "altitudeMode": null, "tessellate": -1, "extrude": 0, "visibility": -1, "drawOrder": null, "icon": null, "OBJECTID": 32.0, "REG": "Valparaíso", "COM": "Limache", "SHAPE_Leng": 222.72554549399999, "SHAPE_Area": 2572.0775593399999, "LOC": "Limache", "ZONA": "ZPP", "NOM": "ZPP - Plazas y Parques públicos proyectados", "UPERM": "REVISAR ORDENANZA LOCAL", "UPROH": "REVISAR ORDENANZA LOCAL", "P_DO": "08/05/2025", "N_DO": "31/4/117", "T_DO": "Resolución", "OBS": null }, "geometry": { "type": "Polygon", "coordinates": [ [ [ -71.259102821461795, -32.988802992153602 ], [ -71.259541750404694, -32.989010794630602 ], [ -71.259559869218705, -32.988993725561897 ], [ -71.259832122688195, -32.9888456420179 ], [ -71.260029508677803, -32.988773538162697 ], [ -71.259301673818598, -32.988443160770601 ], [ -71.259267093027404, -32.988552583152199 ], [ -71.259229480096295, -32.988676375725298 ], [ -71.259190336402696, -32.988740071693101 ], [ -71.259102821461795, -32.988802992153602 ] ] ] } },
{ "type": "Feature", "properties": { "id": "monoparte.31", "Name": null, "description": null, "timestamp": null, "begin": null, "end": null, "altitudeMode": null, "tessellate": -1, "extrude": 0, "visibility": -1, "drawOrder": null, "icon": null, "OBJECTID": 33.0, "REG": "Valparaíso", "COM": "Limache", "SHAPE_Leng": 345.95998406699999, "SHAPE_Area": 5309.2994855899997, "LOC": "Limache", "ZONA": "ZC0A", "NOM": "ZC0A - Subzona Centro Mixto Residencial 0a", "UPERM": "Residencial: Vivienda, hospedaje, hogares de Acogida; Equipamiento: comercio, culto y cultura, social,  todos menos los prohibidos, servicios artesanales y profesionales, educación (salas cunas y jardines infantiles). Espacio Público y Áreas Verdes: T", "UPROH": "Equipamiento: Científico, seguridad, esparcimiento, deporte. Además, estaciones de servicios automotorm grandes tiendas, discotecas. Servicios, todos, exceptos los permitidos. Educación, todos, exceptos los señalados como permitidos; Infraestructura:", "P_DO": "08/05/2025", "N_DO": "31/4/117", "T_DO": "Resolución", "OBS": null }, "geometry": { "type": "Polygon", "coordinates": [ [ [ -71.259541750404694, -32.989010794630602 ], [ -71.259102821461795, -32.988802992153602 ], [ -71.259090252368495, -32.9888120288892 ], [ -71.259016531535096, -32.988852015124898 ], [ -71.258981934696706, -32.988894155310703 ], [ -71.258921009820199, -32.9889696977027 ], [ -71.258706093098795, -32.989259835200997 ], [ -71.258620575429902, -32.989370179297701 ], [ -71.258500662740403, -32.9894639674187 ], [ -71.2584044362182, -32.989509609692298 ], [ -71.258312213944706, -32.989552200046099 ], [ -71.258560335103198, -32.989931578471698 ], [ -71.258846382213804, -32.989657989516097 ], [ -71.259207371966795, -32.989325781155301 ], [ -71.259541750404694, -32.989010794630602 ] ] ] } },
{ "type": "Feature", "properties": { "id": "monoparte.32", "Name": null, "description": null, "timestamp": null, "begin": null, "end": null, "altitudeMode": null, "tessellate": -1, "extrude": 0, "visibility": -1, "drawOrder": null, "icon": null, "OBJECTID": 34.0, "REG": "Valparaíso", "COM": "Limache", "SHAPE_Leng": 1041.13360263, "SHAPE_Area": 51086.691550700001, "LOC": "Limache", "ZONA": "ZCS", "NOM": "ZCS - Zona Comercio Servicios", "UPERM": "Residencial: Hospedaje, Ver en Ordenanza destinos o actividades permitidas específicas; Equipamiento: Comercio, servicios, culto y cultura, esparcimiento, seguridad; Infraestructura: Transporte, Ver en Ordenanza destinos o actividades permitidas especí", "UPROH": "Residencial: Vivienda, hogares de acogida, hospederías; Equipamiento: Estaciones y centros de servicio automotor del tipo revisión técnica, zoológicos, parques de entretenciones, cárceles o centros de detención; Infraestructura: Depósitos de vehí", "P_DO": "08/05/2025", "N_DO": "31/4/117", "T_DO": "Resolución", "OBS": null }, "geometry": { "type": "Polygon", "coordinates": [ [ [ -71.258560335103198, -32.989931578471698 ], [ -71.258759698933105, -32.990369250647703 ], [ -71.263091868017398, -32.989282728375002 ], [ -71.262408856597006, -32.988131863201403 ], [ -71.260848118726898, -32.988543081642803 ], [ -71.260244449029301, -32.988695022041803 ], [ -71.259832122688195, -32.9888456420179 ], [ -71.259559869218705, -32.988993725561897 ], [ -71.259207371966795, -32.989325781155301 ], [ -71.258846382213804, -32.989657989516097 ], [ -71.258560335103198, -32.989931578471698 ] ] ] } },
{ "type": "Feature", "properties": { "id": "monoparte.33", "Name": null, "description": null, "timestamp": null, "begin": null, "end": null, "altitudeMode": null, "tessellate": -1, "extrude": 0, "visibility": -1, "drawOrder": null, "icon": null, "OBJECTID": 35.0, "REG": "Valparaíso", "COM": "Limache", "SHAPE_Leng": 1156.6691190500001, "SHAPE_Area": 83084.548078799999, "LOC": "Limache", "ZONA": "ZR0", "NOM": "ZR0 - Zona Residencial Mixto 0", "UPERM": "Residencial: Vivienda, hospedaje, hogares de acogida; Equipamiento: Comercio, servicios, científico, culto y cultura,  esparcimiento, salud, educación, Todos excepto los prohibidos; Espacio Público y Áreas Verdes: Todas.", "UPROH": "Equipamiento: Estaciones o centros de servicio automotor del tipo revisión técnica, discotecas, zoológicos, parques de entretenciones, cementerios, cementerios-parque, crematorios, centro orientación o de rehabilitación conductual", "P_DO": "08/05/2025", "N_DO": "31/4/117", "T_DO": "Resolución", "OBS": null }, "geometry": { "type": "Polygon", "coordinates": [ [ [ -71.259226427816898, -32.9911215830397 ], [ -71.260462158042301, -32.993366992870598 ], [ -71.260593642787995, -32.993303857434398 ], [ -71.260593169647905, -32.993285308872601 ], [ -71.261372890640104, -32.992992668912301 ], [ -71.2633942339084, -32.992211626889997 ], [ -71.262828275550504, -32.991313106226002 ], [ -71.262585453873896, -32.990950679424301 ], [ -71.261914434924805, -32.989895158501298 ], [ -71.260447103888495, -32.990556689390097 ], [ -71.259226123872807, -32.991109659270798 ], [ -71.259226427816898, -32.9911215830397 ] ] ] } },
{ "type": "Feature", "properties": { "id": "monoparte.34", "Name": null, "description": null, "timestamp": null, "begin": null, "end": null, "altitudeMode": null, "tessellate": -1, "extrude": 0, "visibility": -1, "drawOrder": null, "icon": null, "OBJECTID": 36.0, "REG": "Valparaíso", "COM": "Limache", "SHAPE_Leng": 2198.5530069400002, "SHAPE_Area": 127033.721991, "LOC": "Limache", "ZONA": "ZC1a", "NOM": "ZC1a - Zona Centro Mixto Residencial 1a", "UPERM": "Residencia: vivienda, hospedaje, hogares de acogida; Equipamientos: todos, excepto los señalados como prohibidos; Espacio Público; Áreas Verdes", "UPROH": "Residencia: moteles; Equipamientos: Esparciniento. Y,Estaciones de servicio automotor, Discotecas.Estadios. Centro Orientación o de Rehabilitación conductual.Cementerios, Cementerios-Parque, Crematorios. Cárceles o Centros de Detención; Infraestructu", "P_DO": "08/05/2025", "N_DO": "31/4/117", "T_DO": "Resolución", "OBS": null }, "geometry": { "type": "Polygon", "coordinates": [ [ [ -71.269511690586995, -32.9888219431393 ], [ -71.269093854566506, -32.988187043552998 ], [ -71.269718754924199, -32.987912110663302 ], [ -71.269807773782006, -32.9880130142569 ], [ -71.270119838096505, -32.988548319185298 ], [ -71.270783115454293, -32.988249884888297 ], [ -71.272119709924496, -32.987655928842997 ], [ -71.272034764879095, -32.987517304780098 ], [ -71.271360838826695, -32.986351542308597 ], [ -71.271158054329902, -32.986442079242799 ], [ -71.269953072027803, -32.986984720162098 ], [ -71.2686215803095, -32.9875957387017 ], [ -71.267817724580993, -32.987955824050601 ], [ -71.266972726693893, -32.988345760188899 ], [ -71.264617534365399, -32.989400731528903 ], [ -71.2640580666625, -32.989660306634399 ], [ -71.263641211114802, -32.9898551611046 ], [ -71.2634552039125, -32.9899390584673 ], [ -71.264142804794901, -32.991228448921298 ], [ -71.266077112240794, -32.990377223149402 ], [ -71.2681045028895, -32.989449266280403 ], [ -71.268021356536195, -32.989297762190098 ], [ -71.268900681323203, -32.988921510981001 ], [ -71.2689862852895, -32.989058335291503 ], [ -71.269511690586995, -32.9888219431393 ] ] ] } },
{ "type": "Feature", "properties": { "id": "monoparte.35", "Name": null, "description": null, "timestamp": null, "begin": null, "end": null, "altitudeMode": null, "tessellate": -1, "extrude": 0, "visibility": -1, "drawOrder": null, "icon": null, "OBJECTID": 37.0, "REG": "Valparaíso", "COM": "Limache", "SHAPE_Leng": 312.26378465599998, "SHAPE_Area": 6011.4467389800002, "LOC": "Limache", "ZONA": "ZE1", "NOM": "ZE-1 – Zona de Equipamiento 1", "UPERM": "Equipamiento: Todos, exceptos los señalados como prohibidos; Espacio Público; Áreas Verdes", "UPROH": "Residencial: Todos; Equipamientos de los siguientes destinos: Zoológicos, Áreas de Camping. Centros Médicos o Dentales. Supermercados. Cementerios, Cementerios-Parque, Crematorios. Cárceles, Centro de Detención.; Infraestructura: todos; Actividades", "P_DO": "08/05/2025", "N_DO": "31/4/117", "T_DO": "Resolución", "OBS": null }, "geometry": { "type": "Polygon", "coordinates": [ [ [ -71.269511690586995, -32.9888219431393 ], [ -71.269565157694402, -32.988903185095303 ], [ -71.2701742128517, -32.9886415899269 ], [ -71.270119838096505, -32.988548319185298 ], [ -71.269807773782006, -32.9880130142569 ], [ -71.269718754924199, -32.987912110663302 ], [ -71.269093854566506, -32.988187043552998 ], [ -71.269511690586995, -32.9888219431393 ] ] ] } },
{ "type": "Feature", "properties": { "id": "monoparte.36", "Name": null, "description": null, "timestamp": null, "begin": null, "end": null, "altitudeMode": null, "tessellate": -1, "extrude": 0, "visibility": -1, "drawOrder": null, "icon": null, "OBJECTID": 39.0, "REG": "Valparaíso", "COM": "Limache", "SHAPE_Leng": 118.75315622399999, "SHAPE_Area": 872.10760841399997, "LOC": "Limache", "ZONA": "AV", "NOM": "AV - Áreas verdes Existentes (Art.2.1.30)", "UPERM": "Se regirán según lo dispuesto en el Art. 2.1.30 de la OGUC y considerarán las siguientes normas urbanísticas.", "UPROH": null, "P_DO": "08/05/2025", "N_DO": "31/4/117", "T_DO": "Resolución", "OBS": null }, "geometry": { "type": "Polygon", "coordinates": [ [ [ -71.268108741850796, -32.989260371910902 ], [ -71.268144271360399, -32.989314307283998 ], [ -71.268238724151601, -32.9894872378581 ], [ -71.268284113340897, -32.989535084819302 ], [ -71.2685158913946, -32.989432096082297 ], [ -71.268349987208893, -32.989157146506003 ], [ -71.268108741850796, -32.989260371910902 ] ] ] } },
{ "type": "Feature", "properties": { "id": "monoparte.37", "Name": null, "description": null, "timestamp": null, "begin": null, "end": null, "altitudeMode": null, "tessellate": -1, "extrude": 0, "visibility": -1, "drawOrder": null, "icon": null, "OBJECTID": 40.0, "REG": "Valparaíso", "COM": "Limache", "SHAPE_Leng": 288.34444243000002, "SHAPE_Area": 5123.7161020800004, "LOC": "Limache", "ZONA": "ZE1", "NOM": "ZE-1 – Zona de Equipamiento 1", "UPERM": "Equipamiento: Todos, exceptos los señalados como prohibidos; Espacio Público; Áreas Verdes", "UPROH": "Residencial: Todos; Equipamientos de los siguientes destinos: Zoológicos, Áreas de Camping. Centros Médicos o Dentales. Supermercados. Cementerios, Cementerios-Parque, Crematorios. Cárceles, Centro de Detención.; Infraestructura: todos; Actividades", "P_DO": "08/05/2025", "N_DO": "31/4/117", "T_DO": "Resolución", "OBS": null }, "geometry": { "type": "Polygon", "coordinates": [ [ [ -71.271627813117505, -32.988666406898702 ], [ -71.271920783252696, -32.989175352814499 ], [ -71.272679948132094, -32.988847664937502 ], [ -71.272386048591102, -32.988316193174199 ], [ -71.271627813117505, -32.988666406898702 ] ] ] } },
{ "type": "Feature", "properties": { "id": "monoparte.38", "Name": null, "description": null, "timestamp": null, "begin": null, "end": null, "altitudeMode": null, "tessellate": -1, "extrude": 0, "visibility": -1, "drawOrder": null, "icon": null, "OBJECTID": 41.0, "REG": "Valparaíso", "COM": "Limache", "SHAPE_Leng": 1025.5733626799999, "SHAPE_Area": 43237.423034899999, "LOC": "Limache", "ZONA": "ZE1", "NOM": "ZE-1 – Zona de Equipamiento 1", "UPERM": "Equipamiento: Todos, exceptos los señalados como prohibidos; Espacio Público; Áreas Verdes", "UPROH": "Residencial: Todos; Equipamientos de los siguientes destinos: Zoológicos, Áreas de Camping. Centros Médicos o Dentales. Supermercados. Cementerios, Cementerios-Parque, Crematorios. Cárceles, Centro de Detención.; Infraestructura: todos; Actividades", "P_DO": "08/05/2025", "N_DO": "31/4/117", "T_DO": "Resolución", "OBS": null }, "geometry": { "type": "Polygon", "coordinates": [ [ [ -71.272414186239203, -32.9868368464534 ], [ -71.274467868458402, -32.985928177902103 ], [ -71.275064793957895, -32.986905053033297 ], [ -71.275141057553796, -32.987008641582101 ], [ -71.275135106751904, -32.985453156149497 ], [ -71.273663221184194, -32.984578115871599 ], [ -71.272310546086004, -32.985205185696401 ], [ -71.272269513348505, -32.986751983881902 ], [ -71.272414186239203, -32.9868368464534 ] ] ] } },
{ "type": "Feature", "properties": { "id": "monoparte.39", "Name": null, "description": null, "timestamp": null, "begin": null, "end": null, "altitudeMode": null, "tessellate": -1, "extrude": 0, "visibility": -1, "drawOrder": null, "icon": null, "OBJECTID": 42.0, "REG": "Valparaíso", "COM": "Limache", "SHAPE_Leng": 653.179748077, "SHAPE_Area": 24736.623817600001, "LOC": "Limache", "ZONA": "AV", "NOM": "AV - Áreas verdes Existentes (Art.2.1.30)", "UPERM": "Se regirán según lo dispuesto en el Art. 2.1.30 de la OGUC y considerarán las siguientes normas urbanísticas.", "UPROH": null, "P_DO": "08/05/2025", "N_DO": "31/4/117", "T_DO": "Resolución", "OBS": null }, "geometry": { "type": "Polygon", "coordinates": [ [ [ -71.272414186239203, -32.9868368464534 ], [ -71.273778484968503, -32.987637101252801 ], [ -71.273780793916799, -32.987640017821903 ], [ -71.275141057553796, -32.987008641582101 ], [ -71.275064793957895, -32.986905053033297 ], [ -71.274467868458402, -32.985928177902103 ], [ -71.272414186239203, -32.9868368464534 ] ] ] } },
{ "type": "Feature", "properties": { "id": "monoparte.40", "Name": null, "description": null, "timestamp": null, "begin": null, "end": null, "altitudeMode": null, "tessellate": -1, "extrude": 0, "visibility": -1, "drawOrder": null, "icon": null, "OBJECTID": 43.0, "REG": "Valparaíso", "COM": "Limache", "SHAPE_Leng": 1660.67566566, "SHAPE_Area": 66114.497860599993, "LOC": "Limache", "ZONA": "ZC1", "NOM": "ZC1 - Zona Centro Mixto Residencial 1", "UPERM": "Residencial: Vivienda, hospedaje, hogares de Acogida; Equipamiento: comercio, servicios, culto y cultura, seguridad, social, educación. Todas, excepto las prohibidas, Ver destinos o actividades específicas en Ordenanza Loca; Espacio Público y Áreas V", "UPROH": "Equipamiento: Estaciones de servicio y centros de servicio automotor del tipo revisión técnica, cementerios-parque, crematorios, centro orientación o rehabilitación conductual.", "P_DO": "08/05/2025", "N_DO": "31/4/117", "T_DO": "Resolución", "OBS": null }, "geometry": { "type": "Polygon", "coordinates": [ [ [ -71.274360578338801, -32.984992700753601 ], [ -71.275135106751904, -32.985453156149497 ], [ -71.275138306069493, -32.986289534151098 ], [ -71.275850414054602, -32.985941030088703 ], [ -71.277416407898798, -32.9852432247934 ], [ -71.277932949783406, -32.986010401009999 ], [ -71.278954746703306, -32.9853825464644 ], [ -71.278928411944193, -32.985370398364097 ], [ -71.278492848426396, -32.985083098069801 ], [ -71.278074665719799, -32.984783549706002 ], [ -71.277873763021901, -32.9846540050101 ], [ -71.277952892512999, -32.984566073272902 ], [ -71.277760989978304, -32.984396598838501 ], [ -71.277495745029697, -32.984127063629003 ], [ -71.277265963222106, -32.983722674518397 ], [ -71.277206202522194, -32.983875864511099 ], [ -71.276960545359103, -32.983817717317898 ], [ -71.276919556118003, -32.983875130038399 ], [ -71.276691889566806, -32.983828583326797 ], [ -71.277026367801795, -32.983073911700103 ], [ -71.277212124478297, -32.982577242151102 ], [ -71.277253969690094, -32.982415431885698 ], [ -71.277274785600795, -32.9822952395333 ], [ -71.277275802087004, -32.9822893686421 ], [ -71.276379272703196, -32.982309738664398 ], [ -71.276298936665697, -32.983370534356197 ], [ -71.276619664973197, -32.983954394308597 ], [ -71.275320943391606, -32.984531601999301 ], [ -71.274360578338801, -32.984992700753601 ] ] ] } },
{ "type": "Feature", "properties": { "id": "monoparte.41", "Name": null, "description": null, "timestamp": null, "begin": null, "end": null, "altitudeMode": null, "tessellate": -1, "extrude": 0, "visibility": -1, "drawOrder": null, "icon": null, "OBJECTID": 44.0, "REG": "Valparaíso", "COM": "Limache", "SHAPE_Leng": 258.31391900699998, "SHAPE_Area": 2391.5936800300001, "LOC": "Limache", "ZONA": "ZPP", "NOM": "ZPP - Plazas y Parques públicos proyectados", "UPERM": "REVISAR ORDENANZA LOCAL", "UPROH": "REVISAR ORDENANZA LOCAL", "P_DO": "08/05/2025", "N_DO": "31/4/117", "T_DO": "Resolución", "OBS": null }, "geometry": { "type": "Polygon", "coordinates": [ [ [ -71.275892266446107, -32.982581484114903 ], [ -71.276210805176603, -32.983080289074103 ], [ -71.276298936665697, -32.983370534356197 ], [ -71.276371464707296, -32.9824128435868 ], [ -71.276054122794903, -32.982390820180903 ], [ -71.275913028972496, -32.9825632112221 ], [ -71.275892266446107, -32.982581484114903 ] ] ] } },
{ "type": "Feature", "properties": { "id": "monoparte.42", "Name": null, "description": null, "timestamp": null, "begin": null, "end": null, "altitudeMode": null, "tessellate": -1, "extrude": 0, "visibility": -1, "drawOrder": null, "icon": null, "OBJECTID": 45.0, "REG": "Valparaíso", "COM": "Limache", "SHAPE_Leng": 74.129346117699995, "SHAPE_Area": 315.404954519, "LOC": "Limache", "ZONA": "AV", "NOM": "AV - Áreas verdes Existentes (Art.2.1.30)", "UPERM": "Se regirán según lo dispuesto en el Art. 2.1.30 de la OGUC y considerarán las siguientes normas urbanísticas.", "UPROH": null, "P_DO": "08/05/2025", "N_DO": "31/4/117", "T_DO": "Resolución", "OBS": null }, "geometry": { "type": "Polygon", "coordinates": [ [ [ -71.275892266446107, -32.982581484114903 ], [ -71.275913028972496, -32.9825632112221 ], [ -71.276054122794903, -32.982390820180903 ], [ -71.275827520183, -32.982375093067802 ], [ -71.275790332582403, -32.982415137870802 ], [ -71.275800197949096, -32.982468640872497 ], [ -71.275892266446107, -32.982581484114903 ] ] ] } },
{ "type": "Feature", "properties": { "id": "monoparte.43", "Name": null, "description": null, "timestamp": null, "begin": null, "end": null, "altitudeMode": null, "tessellate": -1, "extrude": 0, "visibility": -1, "drawOrder": null, "icon": null, "OBJECTID": 46.0, "REG": "Valparaíso", "COM": "Limache", "SHAPE_Leng": 694.42143945400005, "SHAPE_Area": 22442.202952600001, "LOC": "Limache", "ZONA": "ZE1", "NOM": "ZE-1 – Zona de Equipamiento 1", "UPERM": "Equipamiento: Todos, exceptos los señalados como prohibidos; Espacio Público; Áreas Verdes", "UPROH": "Residencial: Todos; Equipamientos de los siguientes destinos: Zoológicos, Áreas de Camping. Centros Médicos o Dentales. Supermercados. Cementerios, Cementerios-Parque, Crematorios. Cárceles, Centro de Detención.; Infraestructura: todos; Actividades", "P_DO": "08/05/2025", "N_DO": "31/4/117", "T_DO": "Resolución", "OBS": null }, "geometry": { "type": "Polygon", "coordinates": [ [ [ -71.277932949783406, -32.986010401009999 ], [ -71.278475912294198, -32.986940466475602 ], [ -71.278923936770795, -32.986748573348002 ], [ -71.280833175941595, -32.985858359361202 ], [ -71.280941414484602, -32.985774067996502 ], [ -71.280937064474202, -32.985750216944403 ], [ -71.280853588286803, -32.985760909683201 ], [ -71.280333415703794, -32.985761467789096 ], [ -71.279886446896796, -32.985718933803497 ], [ -71.279430488767602, -32.985602004132801 ], [ -71.278954746703306, -32.9853825464644 ], [ -71.277932949783406, -32.986010401009999 ] ] ] } },
{ "type": "Feature", "properties": { "id": "monoparte.44", "Name": null, "description": null, "timestamp": null, "begin": null, "end": null, "altitudeMode": null, "tessellate": -1, "extrude": 0, "visibility": -1, "drawOrder": null, "icon": null, "OBJECTID": 47.0, "REG": "Valparaíso", "COM": "Limache", "SHAPE_Leng": 344.57338390199999, "SHAPE_Area": 3845.77818161, "LOC": "Limache", "ZONA": "ZPP", "NOM": "ZPP - Plazas y Parques públicos proyectados", "UPERM": "REVISAR ORDENANZA LOCAL", "UPROH": "REVISAR ORDENANZA LOCAL", "P_DO": "08/05/2025", "N_DO": "31/4/117", "T_DO": "Resolución", "OBS": null }, "geometry": { "type": "Polygon", "coordinates": [ [ [ -71.2807266073969, -32.985908049854999 ], [ -71.281394294497403, -32.987036269038498 ], [ -71.2816705904646, -32.986920911917103 ], [ -71.280993455393201, -32.9858423070024 ], [ -71.280954268407697, -32.985748013364997 ], [ -71.280937064474202, -32.985750216944403 ], [ -71.280941414484602, -32.985774067996502 ], [ -71.280833175941595, -32.985858359361202 ], [ -71.2807266073969, -32.985908049854999 ] ] ] } },
{ "type": "Feature", "properties": { "id": "monoparte.45", "Name": null, "description": null, "timestamp": null, "begin": null, "end": null, "altitudeMode": null, "tessellate": -1, "extrude": 0, "visibility": -1, "drawOrder": null, "icon": null, "OBJECTID": 48.0, "REG": "Valparaíso", "COM": "Limache", "SHAPE_Leng": 7913.6772465200002, "SHAPE_Area": 102354.673725, "LOC": "Limache", "ZONA": "ZPP", "NOM": "ZPP - Plazas y Parques públicos proyectados", "UPERM": "REVISAR ORDENANZA LOCAL", "UPROH": "REVISAR ORDENANZA LOCAL", "P_DO": "08/05/2025", "N_DO": "31/4/117", "T_DO": "Resolución", "OBS": null }, "geometry": { "type": "Polygon", "coordinates": [ [ [ -71.283330697879705, -32.9901699831778 ], [ -71.282970666603703, -32.990343581348 ], [ -71.282067020026304, -32.990224114031598 ], [ -71.282049604066003, -32.990224307161498 ], [ -71.281735877055397, -32.990227782957902 ], [ -71.28101199788, -32.9901739730008 ], [ -71.280421246009396, -32.9903207643274 ], [ -71.278338839587093, -32.990970775789201 ], [ -71.277644917065601, -32.991135422956603 ], [ -71.275989300760202, -32.991434040175697 ], [ -71.274487737955099, -32.992017823617203 ], [ -71.272273291532301, -32.993103179595501 ], [ -71.269937343039601, -32.994155873972304 ], [ -71.268571552436299, -32.994664329083498 ], [ -71.267476178492402, -32.995008717367 ], [ -71.266152204980301, -32.995271355295202 ], [ -71.264652207615697, -32.9954931956349 ], [ -71.263296665312396, -32.995961563388697 ], [ -71.262278789855699, -32.996348640043898 ], [ -71.260528904533402, -32.996898089342402 ], [ -71.259797601523999, -32.9970878906297 ], [ -71.258606979328505, -32.997252599610299 ], [ -71.257140831166396, -32.997493858854398 ], [ -71.253671894171802, -32.998103404098302 ], [ -71.251291386573797, -32.9985328717366 ], [ -71.251384074225896, -32.9987468932719 ], [ -71.251756625360301, -32.998678123147499 ], [ -71.252475477328801, -32.998554205509599 ], [ -71.253714385170497, -32.998338578303297 ], [ -71.255732899096202, -32.997983827553099 ], [ -71.256093688667306, -32.997920043728101 ], [ -71.257589566515506, -32.997667284395398 ], [ -71.258753874823796, -32.997469658624198 ], [ -71.259201429723007, -32.997394333662697 ], [ -71.259529280891599, -32.997343662565697 ], [ -71.260195517510397, -32.997239143112402 ], [ -71.260423632560702, -32.997163434645998 ], [ -71.260978378096794, -32.996989355095998 ], [ -71.261469820043999, -32.996821838105099 ], [ -71.262177684923302, -32.996601435443097 ], [ -71.262632674079995, -32.996457190687103 ], [ -71.263228391074904, -32.9962580616643 ], [ -71.263828159962699, -32.996018137834902 ], [ -71.264439975159902, -32.995806622243897 ], [ -71.264836685585706, -32.995708759007897 ], [ -71.265324196846294, -32.995618790323299 ], [ -71.266088094054496, -32.9955176925451 ], [ -71.266613695695696, -32.995433707316003 ], [ -71.2670211298, -32.995334688387103 ], [ -71.267464786494003, -32.9952350090648 ], [ -71.267831467486801, -32.995136728030097 ], [ -71.268209477664698, -32.995035647482801 ], [ -71.268534473806497, -32.994923806833398 ], [ -71.268947029986407, -32.994781741916597 ], [ -71.269424925972899, -32.994604131684397 ], [ -71.269778474006799, -32.9944713692568 ], [ -71.270338714603895, -32.994236904891402 ], [ -71.2706772834117, -32.994080434110202 ], [ -71.271018582728701, -32.993912683273301 ], [ -71.272419836523596, -32.993301361962601 ], [ -71.273189060253301, -32.992936627312602 ], [ -71.2736477117666, -32.992715929094999 ], [ -71.274084774136, -32.992514549439299 ], [ -71.274739972576299, -32.9921641317653 ], [ -71.275111994362703, -32.991987952208497 ], [ -71.275560541600996, -32.991815149136897 ], [ -71.276298110988407, -32.991622597187202 ], [ -71.276475593102305, -32.991588343216698 ], [ -71.276796720693397, -32.991525223906301 ], [ -71.277469858989093, -32.991388876042002 ], [ -71.278277207354606, -32.991230738341699 ], [ -71.278477374328006, -32.991170419036003 ], [ -71.2787271388531, -32.9911121767624 ], [ -71.278796734016794, -32.991066170303803 ], [ -71.2789761375588, -32.991024123616498 ], [ -71.279109938953098, -32.990997821688502 ], [ -71.279214676214394, -32.990942226978099 ], [ -71.279446600564299, -32.990878344061102 ], [ -71.279692212135998, -32.990796316435599 ], [ -71.280407156386303, -32.990570513327903 ], [ -71.280842472357506, -32.990434317074403 ], [ -71.281003956780097, -32.9903836487955 ], [ -71.282027031011197, -32.990454166454299 ], [ -71.282364523715302, -32.990504659384797 ], [ -71.282501268248197, -32.990520003965699 ], [ -71.283301494976399, -32.990609795585698 ], [ -71.283972405041695, -32.990827158846699 ], [ -71.284426711692902, -32.990983110707603 ], [ -71.284910601353701, -32.991138877217701 ], [ -71.285152547410306, -32.991134447099199 ], [ -71.285568802597098, -32.991137560394002 ], [ -71.285645021476498, -32.991129007298902 ], [ -71.285801336107099, -32.991097512957602 ], [ -71.286320847128906, -32.990987789869102 ], [ -71.2868505973033, -32.990781249677902 ], [ -71.287012338846097, -32.990688997649301 ], [ -71.287733076843793, -32.9903686071275 ], [ -71.287608182333599, -32.990168284560298 ], [ -71.2865216160301, -32.990663002938902 ], [ -71.285840472303903, -32.990872315770503 ], [ -71.285410008698904, -32.990921952322502 ], [ -71.2849352530164, -32.990900822364502 ], [ -71.284371916489306, -32.990738160049702 ], [ -71.283898858522207, -32.990508231075196 ], [ -71.282070103287893, -32.987550135511597 ], [ -71.281897634768995, -32.987620047154699 ], [ -71.281782230500198, -32.987669053392402 ], [ -71.282629907687806, -32.988984497577803 ], [ -71.283065902573099, -32.989726722362299 ], [ -71.283341002392106, -32.990157865450101 ], [ -71.283330697879705, -32.9901699831778 ] ] ] } },
{ "type": "Feature", "properties": { "id": "monoparte.46", "Name": null, "description": null, "timestamp": null, "begin": null, "end": null, "altitudeMode": null, "tessellate": -1, "extrude": 0, "visibility": -1, "drawOrder": null, "icon": null, "OBJECTID": 49.0, "REG": "Valparaíso", "COM": "Limache", "SHAPE_Leng": 1449.9180957900001, "SHAPE_Area": 24969.756257000001, "LOC": "Limache", "ZONA": "ZAV", "NOM": "ZAV - Zona de Área verde", "UPERM": "Para los efectos de la aplicación del Art. 2.1.31 de la OGUC, las condiciones de edificación para los usos complementarios son las siguientes: sup. subdivisón mínima: 2.500 m2; sistema de agrupamiento: aislado; Altura máxima: 3.5 metros; Antejardín", "UPROH": null, "P_DO": "08/05/2025", "N_DO": "31/4/117", "T_DO": "Resolución", "OBS": null }, "geometry": { "type": "Polygon", "coordinates": [ [ [ -71.281498610736605, -32.987789491672103 ], [ -71.280958551271993, -32.9880293023867 ], [ -71.280646587243695, -32.988183882041803 ], [ -71.280607799579798, -32.9881287619285 ], [ -71.280486991660695, -32.9881867984449 ], [ -71.281010275778499, -32.989045038103903 ], [ -71.280398817120499, -32.989311024431998 ], [ -71.280444801530095, -32.989381760282001 ], [ -71.281051462137498, -32.989127313597102 ], [ -71.281261864262405, -32.989448423666701 ], [ -71.281670692403395, -32.990107771985301 ], [ -71.281735877055397, -32.990227782957902 ], [ -71.282067020026304, -32.990224114031598 ], [ -71.282033314099095, -32.990124523877398 ], [ -71.281693157785298, -32.989558133023202 ], [ -71.282868722024901, -32.989694102733701 ], [ -71.283060734467298, -32.989718623647697 ], [ -71.283065902573099, -32.989726722362299 ], [ -71.282629907687806, -32.988984497577803 ], [ -71.282059492186605, -32.9892335170032 ], [ -71.281911712801801, -32.988991667493302 ], [ -71.281467482106194, -32.989193641308297 ], [ -71.281116569387095, -32.988621481115302 ], [ -71.2818413894787, -32.988321926186202 ], [ -71.281498610736605, -32.987789491672103 ] ] ] } },
{ "type": "Feature", "properties": { "id": "monoparte.47", "Name": null, "description": null, "timestamp": null, "begin": null, "end": null, "altitudeMode": null, "tessellate": -1, "extrude": 0, "visibility": -1, "drawOrder": null, "icon": null, "OBJECTID": 49.0, "REG": "Valparaíso", "COM": "Limache", "SHAPE_Leng": 1449.9180957900001, "SHAPE_Area": 24969.756257000001, "LOC": "Limache", "ZONA": "ZAV", "NOM": "ZAV - Zona de Área verde", "UPERM": "Para los efectos de la aplicación del Art. 2.1.31 de la OGUC, las condiciones de edificación para los usos complementarios son las siguientes: sup. subdivisón mínima: 2.500 m2; sistema de agrupamiento: aislado; Altura máxima: 3.5 metros; Antejardín", "UPROH": null, "P_DO": "08/05/2025", "N_DO": "31/4/117", "T_DO": "Resolución", "OBS": null }, "geometry": { "type": "Polygon", "coordinates": [ [ [ -71.281498610736605, -32.987789491672103 ], [ -71.281897634768995, -32.987620047154699 ], [ -71.282070103287893, -32.987550135511597 ], [ -71.281867902810802, -32.987223053249998 ], [ -71.281670935222905, -32.986921461089899 ], [ -71.2816705904646, -32.986920911917103 ], [ -71.281394294497403, -32.987036269038498 ], [ -71.281151244111001, -32.987162391629603 ], [ -71.281498610736605, -32.987789491672103 ] ] ] } },
{ "type": "Feature", "properties": { "id": "monoparte.48", "Name": null, "description": null, "timestamp": null, "begin": null, "end": null, "altitudeMode": null, "tessellate": -1, "extrude": 0, "visibility": -1, "drawOrder": null, "icon": null, "OBJECTID": 51.0, "REG": "Valparaíso", "COM": "Limache", "SHAPE_Leng": 547.23787453600005, "SHAPE_Area": 11176.295202900001, "LOC": "Limache", "ZONA": "ZCS-CCU", "NOM": "ZCS-CCU - Sub Zona Comercio Servicios Ex CCU", "UPERM": "Equipamiento: Comercio, servicios, culto y cultura, esparcimiento, seguridad, Todas, excepto las prohibidas; Espacio Público y Áreas Verdes: Todas.", "UPROH": "Equipamiento: Estaciones y centros de servicio automotor del tipo revisión técnica, zoológicos, parques de entretenciones, cárceles o centros de detención.", "P_DO": "08/05/2025", "N_DO": "31/4/117", "T_DO": "Resolución", "OBS": null }, "geometry": { "type": "Polygon", "coordinates": [ [ [ -71.282629907687806, -32.988984497577803 ], [ -71.281782230500198, -32.987669053392402 ], [ -71.281498610736605, -32.987789491672103 ], [ -71.2818413894787, -32.988321926186202 ], [ -71.281116569387095, -32.988621481115302 ], [ -71.281467482106194, -32.989193641308297 ], [ -71.281911712801801, -32.988991667493302 ], [ -71.282059492186605, -32.9892335170032 ], [ -71.282629907687806, -32.988984497577803 ] ] ] } },
{ "type": "Feature", "properties": { "id": "monoparte.49", "Name": null, "description": null, "timestamp": null, "begin": null, "end": null, "altitudeMode": null, "tessellate": -1, "extrude": 0, "visibility": -1, "drawOrder": null, "icon": null, "OBJECTID": 52.0, "REG": "Valparaíso", "COM": "Limache", "SHAPE_Leng": 392.22776894600003, "SHAPE_Area": 8458.4191824200007, "LOC": "Limache", "ZONA": "ZR3", "NOM": "ZR3 - Zona Residencial Mixto 3", "UPERM": "Residencial: Vivienda; Equipamiento: Científico, comercio, culto y cultura, seguridad, social, esparcimiento, deporte, salud, educación, Todos excepto los prohibidos; Infraestructura: Sanitaria y Transporte, Ver destinos o actividades específicas en O", "UPROH": "Equipamiento: Estaciones o centros de servicio automotor del tipo revisión técnica, discotecas, carceles o centros de detención, zoológicos, parques de entretenciones, cementerios, cementerios-parque, crematorios; Infraestructura: Transporte y Sanita", "P_DO": "08/05/2025", "N_DO": "31/4/117", "T_DO": "Resolución", "OBS": null }, "geometry": { "type": "Polygon", "coordinates": [ [ [ -71.282067020026304, -32.990224114031598 ], [ -71.282970666603703, -32.990343581348 ], [ -71.283330697879705, -32.9901699831778 ], [ -71.283341002392106, -32.990157865450101 ], [ -71.283060734467298, -32.989718623647697 ], [ -71.282868722024901, -32.989694102733701 ], [ -71.281693157785298, -32.989558133023202 ], [ -71.282033314099095, -32.990124523877398 ], [ -71.282067020026304, -32.990224114031598 ] ] ] } },
{ "type": "Feature", "properties": { "id": "monoparte.50", "Name": null, "description": null, "timestamp": null, "begin": null, "end": null, "altitudeMode": null, "tessellate": -1, "extrude": 0, "visibility": -1, "drawOrder": null, "icon": null, "OBJECTID": 54.0, "REG": "Valparaíso", "COM": "Limache", "SHAPE_Leng": 3328.8174481800002, "SHAPE_Area": 95177.513176599998, "LOC": "Limache", "ZONA": "ZC2a", "NOM": "ZC2a Subzona Centro Mixto Residencial 2a", "UPERM": "REVISAR DETALLES EN ORDENANZA", "UPROH": "Los tipos de uso de suelo Actividades Productivas e Infraestructura se encuentran prohibidos. El tipo de uso de suelo Equipamiento de la clase Científico se encuentra prohibido. REVISAR DETALLES EN ORDENANZA", "P_DO": "08/05/2025", "N_DO": "31/4/117", "T_DO": "Resolución", "OBS": null }, "geometry": { "type": "Polygon", "coordinates": [ [ [ -71.264410349690095, -32.995006737934503 ], [ -71.264652207615697, -32.9954931956349 ], [ -71.266152204980301, -32.995271355295202 ], [ -71.267476178492402, -32.995008717367 ], [ -71.268571552436299, -32.994664329083498 ], [ -71.269937343039601, -32.994155873972304 ], [ -71.272273291532301, -32.993103179595501 ], [ -71.274487737955099, -32.992017823617203 ], [ -71.275989300760202, -32.991434040175697 ], [ -71.277644917065601, -32.991135422956603 ], [ -71.278338839587093, -32.990970775789201 ], [ -71.280421246009396, -32.9903207643274 ], [ -71.280570103177894, -32.990283775991003 ], [ -71.280373612109997, -32.989955992856501 ], [ -71.280289191361604, -32.9898108041588 ], [ -71.278766506828404, -32.990272608112797 ], [ -71.2784209826698, -32.990377692391398 ], [ -71.277984105185496, -32.990497326552202 ], [ -71.277308477680194, -32.990633449215302 ], [ -71.2768017268005, -32.990744333230502 ], [ -71.276317707005006, -32.990838625051602 ], [ -71.275853513485103, -32.9909310745875 ], [ -71.275439291605693, -32.991048998208498 ], [ -71.275196412709803, -32.991116413538499 ], [ -71.274866565925905, -32.991236949531398 ], [ -71.274577174636605, -32.991345294217297 ], [ -71.274444582822596, -32.991431693301799 ], [ -71.274259325925797, -32.991521557989699 ], [ -71.273780991116794, -32.991774826465999 ], [ -71.2732319841286, -32.992032363529098 ], [ -71.272452970210196, -32.992401411981099 ], [ -71.272159321383896, -32.992542753358698 ], [ -71.271675075240594, -32.9927591409417 ], [ -71.270969467383296, -32.993065447679001 ], [ -71.270765086834103, -32.993155058381198 ], [ -71.270563657042999, -32.993249387121303 ], [ -71.269959643597204, -32.993546840391197 ], [ -71.269450719551202, -32.993750784280401 ], [ -71.268668020923499, -32.994053071607503 ], [ -71.268047320524303, -32.994276101224401 ], [ -71.267741321718105, -32.994350256618901 ], [ -71.267386485382104, -32.994452140111399 ], [ -71.266876612398505, -32.994580696633598 ], [ -71.266595068213903, -32.994642475781603 ], [ -71.266438473947503, -32.994674666504103 ], [ -71.265956568476597, -32.994762152483197 ], [ -71.265451656313004, -32.994835738118802 ], [ -71.264983226717106, -32.994896731209302 ], [ -71.264685051193695, -32.994954035904698 ], [ -71.264410349690095, -32.995006737934503 ] ] ] } },
{ "type": "Feature", "properties": { "id": "monoparte.51", "Name": null, "description": null, "timestamp": null, "begin": null, "end": null, "altitudeMode": null, "tessellate": -1, "extrude": 0, "visibility": -1, "drawOrder": null, "icon": null, "OBJECTID": 55.0, "REG": "Valparaíso", "COM": "Limache", "SHAPE_Leng": 556.59554220099994, "SHAPE_Area": 14433.193161499999, "LOC": "Limache", "ZONA": "ZE1", "NOM": "ZE-1 – Zona de Equipamiento 1", "UPERM": "Equipamiento: Todos, exceptos los señalados como prohibidos; Espacio Público; Áreas Verdes", "UPROH": "Residencial: Todos; Equipamientos de los siguientes destinos: Zoológicos, Áreas de Camping. Centros Médicos o Dentales. Supermercados. Cementerios, Cementerios-Parque, Crematorios. Cárceles, Centro de Detención.; Infraestructura: todos; Actividades", "P_DO": "08/05/2025", "N_DO": "31/4/117", "T_DO": "Resolución", "OBS": null }, "geometry": { "type": "Polygon", "coordinates": [ [ [ -71.276835061082096, -32.987691925467203 ], [ -71.277828611619199, -32.989361956329901 ], [ -71.278514381913496, -32.989089224228103 ], [ -71.277464570950798, -32.987401290817701 ], [ -71.276835061082096, -32.987691925467203 ] ] ] } },
{ "type": "Feature", "properties": { "id": "monoparte.52", "Name": null, "description": null, "timestamp": null, "begin": null, "end": null, "altitudeMode": null, "tessellate": -1, "extrude": 0, "visibility": -1, "drawOrder": null, "icon": null, "OBJECTID": 56.0, "REG": "Valparaíso", "COM": "Limache", "SHAPE_Leng": 127.360076625, "SHAPE_Area": 952.45984740999995, "LOC": "Limache", "ZONA": "AV", "NOM": "AV - Áreas verdes Existentes (Art.2.1.30)", "UPERM": "Se regirán según lo dispuesto en el Art. 2.1.30 de la OGUC y considerarán las siguientes normas urbanísticas.", "UPROH": null, "P_DO": "08/05/2025", "N_DO": "31/4/117", "T_DO": "Resolución", "OBS": null }, "geometry": { "type": "Polygon", "coordinates": [ [ [ -71.275860716142105, -32.987202935755498 ], [ -71.276048514901206, -32.987517297694197 ], [ -71.276283757372795, -32.987415915219103 ], [ -71.276077413934999, -32.987097584205301 ], [ -71.275860716142105, -32.987202935755498 ] ] ] } },
{ "type": "Feature", "properties": { "id": "monoparte.53", "Name": null, "description": null, "timestamp": null, "begin": null, "end": null, "altitudeMode": null, "tessellate": -1, "extrude": 0, "visibility": -1, "drawOrder": null, "icon": null, "OBJECTID": 57.0, "REG": "Valparaíso", "COM": "Limache", "SHAPE_Leng": 281.21086437899999, "SHAPE_Area": 4835.2427545800001, "LOC": "Limache", "ZONA": "ZPP", "NOM": "ZPP - Plazas y Parques públicos proyectados", "UPERM": "REVISAR ORDENANZA LOCAL", "UPROH": "REVISAR ORDENANZA LOCAL", "P_DO": "08/05/2025", "N_DO": "31/4/117", "T_DO": "Resolución", "OBS": null }, "geometry": { "type": "Polygon", "coordinates": [ [ [ -71.263743111905896, -32.995209715465698 ], [ -71.263833609015194, -32.995377191528299 ], [ -71.2640006827923, -32.995718313259701 ], [ -71.264652207615697, -32.9954931956349 ], [ -71.264410349690095, -32.995006737934503 ], [ -71.264367782037695, -32.994864357582699 ], [ -71.263698453824901, -32.995124036948901 ], [ -71.263743111905896, -32.995209715465698 ] ] ] } },
{ "type": "Feature", "properties": { "id": "monoparte.54", "Name": null, "description": null, "timestamp": null, "begin": null, "end": null, "altitudeMode": null, "tessellate": -1, "extrude": 0, "visibility": -1, "drawOrder": null, "icon": null, "OBJECTID": 58.0, "REG": "Valparaíso", "COM": "Limache", "SHAPE_Leng": 2034.19149498, "SHAPE_Area": 56903.998777599998, "LOC": "Limache", "ZONA": "ZC2a", "NOM": "ZC2a Subzona Centro Mixto Residencial 2a", "UPERM": "REVISAR DETALLES EN ORDENANZA", "UPROH": "Los tipos de uso de suelo Actividades Productivas e Infraestructura se encuentran prohibidos. El tipo de uso de suelo Equipamiento de la clase Científico se encuentra prohibido. REVISAR DETALLES EN ORDENANZA", "P_DO": "08/05/2025", "N_DO": "31/4/117", "T_DO": "Resolución", "OBS": null }, "geometry": { "type": "Polygon", "coordinates": [ [ [ -71.253986595520999, -32.997513296245202 ], [ -71.254111267006394, -32.998026205253701 ], [ -71.257140831166396, -32.997493858854398 ], [ -71.258606979328505, -32.997252599610299 ], [ -71.259797601523999, -32.9970878906297 ], [ -71.260528904533402, -32.996898089342402 ], [ -71.262278789855699, -32.996348640043898 ], [ -71.263296665312396, -32.995961563388697 ], [ -71.2640006827923, -32.995718313259701 ], [ -71.263833609015194, -32.995377191528299 ], [ -71.263743111905896, -32.995209715465698 ], [ -71.263505077819005, -32.995312450341601 ], [ -71.263017940865396, -32.995500226974102 ], [ -71.262516118264102, -32.995667391597202 ], [ -71.262194956202705, -32.995785648906399 ], [ -71.261360661148004, -32.996044131408901 ], [ -71.260091482889806, -32.996458409773901 ], [ -71.260038416108799, -32.996486958155899 ], [ -71.259791779161205, -32.996530195618099 ], [ -71.259072711989106, -32.996644615509503 ], [ -71.258815233400199, -32.996679100160001 ], [ -71.257877184204105, -32.996830521625398 ], [ -71.256435152683693, -32.997069904098197 ], [ -71.255950331173594, -32.997155018608801 ], [ -71.255665834402706, -32.997212650797003 ], [ -71.253986595520999, -32.997513296245202 ] ] ] } },
{ "type": "Feature", "properties": { "id": "monoparte.55", "Name": null, "description": null, "timestamp": null, "begin": null, "end": null, "altitudeMode": null, "tessellate": -1, "extrude": 0, "visibility": -1, "drawOrder": null, "icon": null, "OBJECTID": 59.0, "REG": "Valparaíso", "COM": "Limache", "SHAPE_Leng": 339.47309968899998, "SHAPE_Area": 6497.4404819700003, "LOC": "Limache", "ZONA": "ZPP", "NOM": "ZPP - Plazas y Parques públicos proyectados", "UPERM": "REVISAR ORDENANZA LOCAL", "UPROH": "REVISAR ORDENANZA LOCAL", "P_DO": "08/05/2025", "N_DO": "31/4/117", "T_DO": "Resolución", "OBS": null }, "geometry": { "type": "Polygon", "coordinates": [ [ [ -71.253369795941097, -32.997625001251102 ], [ -71.2535039475449, -32.998133705309897 ], [ -71.253671894171802, -32.998103404098302 ], [ -71.254111267006394, -32.998026205253701 ], [ -71.253986595520999, -32.997513296245202 ], [ -71.253907427582206, -32.997183683105597 ], [ -71.253894085143003, -32.997076559683101 ], [ -71.253255179139501, -32.997126033940297 ], [ -71.253369795941097, -32.997625001251102 ] ] ] } },
{ "type": "Feature", "properties": { "id": "monoparte.56", "Name": null, "description": null, "timestamp": null, "begin": null, "end": null, "altitudeMode": null, "tessellate": -1, "extrude": 0, "visibility": -1, "drawOrder": null, "icon": null, "OBJECTID": 60.0, "REG": "Valparaíso", "COM": "Limache", "SHAPE_Leng": 352.71867212199999, "SHAPE_Area": 6935.4837309499999, "LOC": "Limache", "ZONA": "ZC2a", "NOM": "ZC2a Subzona Centro Mixto Residencial 2a", "UPERM": "REVISAR DETALLES EN ORDENANZA", "UPROH": "Los tipos de uso de suelo Actividades Productivas e Infraestructura se encuentran prohibidos. El tipo de uso de suelo Equipamiento de la clase Científico se encuentra prohibido. REVISAR DETALLES EN ORDENANZA", "P_DO": "08/05/2025", "N_DO": "31/4/117", "T_DO": "Resolución", "OBS": null }, "geometry": { "type": "Polygon", "coordinates": [ [ [ -71.2535039475449, -32.998133705309897 ], [ -71.253369795941097, -32.997625001251102 ], [ -71.252151578126998, -32.997818777968703 ], [ -71.252265469510306, -32.998357143511903 ], [ -71.2535039475449, -32.998133705309897 ] ] ] } },
{ "type": "Feature", "properties": { "id": "monoparte.57", "Name": null, "description": null, "timestamp": null, "begin": null, "end": null, "altitudeMode": null, "tessellate": -1, "extrude": 0, "visibility": -1, "drawOrder": null, "icon": null, "OBJECTID": 61.0, "REG": "Valparaíso", "COM": "Limache", "SHAPE_Leng": 3242.7889162400002, "SHAPE_Area": 174257.761161, "LOC": "Limache", "ZONA": "ZR4", "NOM": "ZR4 - Zona Residencial Mixto 4", "UPERM": "Residencial: Vivienda, hospedaje, hogares de acogida; Equipamiento: Científico, comercio, culto y cultura, seguridad, social, esparcimiento, deporte, salud, educación, Todos excepto los prohibidos; Infraestructura: Sanitaria y Transporte, Ver destinos", "UPROH": "Equipamiento: Estaciones o centros de servicio automotor del tipo revisión técnica, discotecas, carceles o centros de detención, zoológicos, parques de entretenciones, cementerios, cementerios-parque, crematorios; Infraestructura: Sanitaria: Ver deta", "P_DO": "08/05/2025", "N_DO": "31/4/117", "T_DO": "Resolución", "OBS": null }, "geometry": { "type": "Polygon", "coordinates": [ [ [ -71.248036155763103, -32.9928460537446 ], [ -71.250703179127996, -32.992193871329199 ], [ -71.254024967804398, -32.991446781166701 ], [ -71.258014579083905, -32.990541186889097 ], [ -71.258759698933105, -32.990369250647703 ], [ -71.258560335103198, -32.989931578471698 ], [ -71.258312213944706, -32.989552200046099 ], [ -71.258185059989998, -32.989610923529398 ], [ -71.258018898283694, -32.989667374183199 ], [ -71.257918095371096, -32.989711189884297 ], [ -71.257765626281596, -32.989712484789003 ], [ -71.257556714818406, -32.989713401018697 ], [ -71.257421744326095, -32.989682916825601 ], [ -71.257320513754294, -32.989643233924099 ], [ -71.257195752864902, -32.989546714353899 ], [ -71.257164752919095, -32.989530096653603 ], [ -71.257102281505396, -32.989478259392598 ], [ -71.257045377978102, -32.989444931765298 ], [ -71.256984895528305, -32.989404511627001 ], [ -71.256946230828603, -32.989353674819299 ], [ -71.256894117258796, -32.989300571633201 ], [ -71.256842300893794, -32.989266912946199 ], [ -71.256775467406698, -32.989254999224698 ], [ -71.256654291299697, -32.989221401663102 ], [ -71.256568274992603, -32.989178818016804 ], [ -71.256485209072494, -32.989140953037598 ], [ -71.256414392291106, -32.989083779138802 ], [ -71.256386842169405, -32.989058032642497 ], [ -71.256331831947904, -32.989010116156798 ], [ -71.256295913445697, -32.988989292108002 ], [ -71.256236943169, -32.989008252610603 ], [ -71.2561143337781, -32.989029556576398 ], [ -71.255953391496604, -32.989070714695899 ], [ -71.2557251812418, -32.9891142066515 ], [ -71.255479628035005, -32.989143697207297 ], [ -71.255330377499106, -32.989175025136099 ], [ -71.255263069769299, -32.989200100049104 ], [ -71.255238724899797, -32.989244678979802 ], [ -71.255217401879904, -32.989352429696702 ], [ -71.255196785614601, -32.989431143822898 ], [ -71.255183899541393, -32.989547808295299 ], [ -71.255181847877296, -32.9896451895818 ], [ -71.255166813022797, -32.989855419969999 ], [ -71.255150127691806, -32.990000783738303 ], [ -71.255114893998893, -32.990129304285702 ], [ -71.255036842041306, -32.990266233675897 ], [ -71.254986375742206, -32.990330132995602 ], [ -71.254803527619202, -32.990440837325202 ], [ -71.254613012534094, -32.990497246502898 ], [ -71.254428670015599, -32.990529207383602 ], [ -71.254230380300996, -32.990547104598001 ], [ -71.2539765571575, -32.990518763471002 ], [ -71.253793572514695, -32.990470533051003 ], [ -71.253490971863101, -32.990315068865598 ], [ -71.253278672439194, -32.990160479497803 ], [ -71.253185596269404, -32.990062906716901 ], [ -71.253080667975198, -32.989944551412698 ], [ -71.253056283772906, -32.989910138872098 ], [ -71.253025342024799, -32.9898066721181 ], [ -71.252980073764107, -32.989718734279101 ], [ -71.252942713535603, -32.989674554620002 ], [ -71.252914601895299, -32.989637841332502 ], [ -71.252870893591904, -32.989655808762102 ], [ -71.252636283727099, -32.9898709575181 ], [ -71.252439135833498, -32.990059978634797 ], [ -71.252334188916905, -32.990119134981903 ], [ -71.252267340093795, -32.990162332488403 ], [ -71.252197662996494, -32.990239044170501 ], [ -71.252139548311106, -32.990347458408998 ], [ -71.252043859005795, -32.990425533970701 ], [ -71.251953707265798, -32.990498737458402 ], [ -71.251782066280001, -32.990596076835097 ], [ -71.251696280333107, -32.990673973449901 ], [ -71.251575950877196, -32.990852599609198 ], [ -71.251458161951803, -32.990963521257598 ], [ -71.251389457215595, -32.991000549536103 ], [ -71.251316919370097, -32.9910204676194 ], [ -71.251298461049601, -32.991029389806798 ], [ -71.251124219942994, -32.990991018916503 ], [ -71.251035664998298, -32.990915312533701 ], [ -71.250905451100607, -32.990804570475603 ], [ -71.250864410816405, -32.990793858420503 ], [ -71.250774303204906, -32.990723905979998 ], [ -71.250703925827594, -32.990695113481799 ], [ -71.250624087777993, -32.990695121340202 ], [ -71.250495386255693, -32.990655033725901 ], [ -71.250444231367297, -32.990647366995802 ], [ -71.250395391457005, -32.990663994131197 ], [ -71.250187876369495, -32.990853836313697 ], [ -71.250028491633302, -32.990865299248597 ], [ -71.249962274019296, -32.990866493101599 ], [ -71.249921850215799, -32.990880105253297 ], [ -71.249827867147005, -32.990992028207302 ], [ -71.249757144967703, -32.991083490281703 ], [ -71.249591695945, -32.991193479423998 ], [ -71.249532523931904, -32.9912045672422 ], [ -71.249416094031901, -32.991235296599399 ], [ -71.249118814139294, -32.991234928485099 ], [ -71.248943928928796, -32.991238080197498 ], [ -71.248799606068204, -32.991240680942603 ], [ -71.248705312874307, -32.9912065912252 ], [ -71.248652351502201, -32.991194662161298 ], [ -71.248546745622704, -32.991116399027703 ], [ -71.248379308966904, -32.991011393684701 ], [ -71.248335349438804, -32.990952538222999 ], [ -71.248243940640506, -32.990864713838199 ], [ -71.248132269332004, -32.9907593608838 ], [ -71.248063802395393, -32.990683052382003 ], [ -71.248040014101505, -32.990638148796499 ], [ -71.248018396926497, -32.990623029822103 ], [ -71.247939142819504, -32.990456251356299 ], [ -71.247823638141796, -32.990255530855201 ], [ -71.247774831557194, -32.990160914122796 ], [ -71.247603938974606, -32.989986481590797 ], [ -71.247504459180604, -32.9898594349633 ], [ -71.2474246391386, -32.9897931127623 ], [ -71.247421699879993, -32.989733740958997 ], [ -71.247339876663503, -32.989633097915799 ], [ -71.247336849201304, -32.9894690024055 ], [ -71.247352473544794, -32.989415277650203 ], [ -71.247394233200197, -32.989409753564402 ], [ -71.247388516192203, -32.989190226923803 ], [ -71.247411652299306, -32.989120141615999 ], [ -71.247481439051796, -32.989058760374398 ], [ -71.247527916185703, -32.9890159313642 ], [ -71.247532240477597, -32.9889185090586 ], [ -71.247563517144499, -32.9888568672378 ], [ -71.2475572052237, -32.9888312132667 ], [ -71.247576491104695, -32.988787918969599 ], [ -71.247592695729793, -32.988757088307302 ], [ -71.247610981842001, -32.988662467895402 ], [ -71.247633077548102, -32.9885513642283 ], [ -71.247650375274105, -32.988503259696103 ], [ -71.247637908891306, -32.988505970350197 ], [ -71.247538335198996, -32.988598427834702 ], [ -71.247399144148801, -32.9886915986717 ], [ -71.2472121608387, -32.988909696074202 ], [ -71.247080321716595, -32.989069539799601 ], [ -71.246946789374107, -32.989162608268302 ], [ -71.246666469596207, -32.989272633624601 ], [ -71.246636065293302, -32.989291553317798 ], [ -71.246833508012699, -32.989808988619899 ], [ -71.247236517102905, -32.990825163530097 ], [ -71.247664090885493, -32.991908653066602 ], [ -71.248036155763103, -32.9928460537446 ] ] ] } },
{ "type": "Feature", "properties": { "id": "monoparte.58", "Name": null, "description": null, "timestamp": null, "begin": null, "end": null, "altitudeMode": null, "tessellate": -1, "extrude": 0, "visibility": -1, "drawOrder": null, "icon": null, "OBJECTID": 62.0, "REG": "Valparaíso", "COM": "Limache", "SHAPE_Leng": 1962.6407839599999, "SHAPE_Area": 93403.353479900004, "LOC": "Limache", "ZONA": "ZC0", "NOM": "ZC0 - Zona Centro Mixto Residencial", "UPERM": "Residencial: Vivienda, hospedaje, hogares de Acogida; Equipamiento: comercio, culto y cultura, seguridad, social, educación, en este caso todas menos los prohibidos, Ver destinos o actividades específicas en Ordenanza Loca; Espacio Público y Áreas Ve", "UPROH": "Equipamiento: Estaciones de servicio y centros de servicio automotor del tipo revisión técnica, grandes tiendas, discotecas, cásceles o centros de detención, centro orientación o de rehabilitación conductual.", "P_DO": "08/05/2025", "N_DO": "31/4/117", "T_DO": "Resolución", "OBS": null }, "geometry": { "type": "Polygon", "coordinates": [ [ [ -71.259905075545902, -32.992354751022603 ], [ -71.259413400563304, -32.991461334347001 ], [ -71.2592199344015, -32.991557710985298 ], [ -71.258101224582603, -32.991919617763202 ], [ -71.256559937845395, -32.9924221460764 ], [ -71.253877139259302, -32.993297220986101 ], [ -71.250682869624001, -32.994349232717497 ], [ -71.250959459118206, -32.994983663605701 ], [ -71.250968796556606, -32.995016897916898 ], [ -71.250994194092499, -32.995013576722201 ], [ -71.251062113270805, -32.995012351550201 ], [ -71.251133610135, -32.995018219016103 ], [ -71.251232311039004, -32.995025027658301 ], [ -71.251322922470607, -32.995047729478799 ], [ -71.251360896002794, -32.995071380000901 ], [ -71.251402556363303, -32.995106417159803 ], [ -71.251433883453799, -32.995135914604901 ], [ -71.252913641610107, -32.9946456882574 ], [ -71.257127014064594, -32.993272222443402 ], [ -71.259905075545902, -32.992354751022603 ] ] ] } },
{ "type": "Feature", "properties": { "id": "monoparte.59", "Name": null, "description": null, "timestamp": null, "begin": null, "end": null, "altitudeMode": null, "tessellate": -1, "extrude": 0, "visibility": -1, "drawOrder": null, "icon": null, "OBJECTID": 63.0, "REG": "Valparaíso", "COM": "Limache", "SHAPE_Leng": 1994.1697083, "SHAPE_Area": 96541.436078700004, "LOC": "Limache", "ZONA": "ZC0", "NOM": "ZC0 - Zona Centro Mixto Residencial", "UPERM": "Residencial: Vivienda, hospedaje, hogares de Acogida; Equipamiento: comercio, culto y cultura, seguridad, social, educación, en este caso todas menos los prohibidos, Ver destinos o actividades específicas en Ordenanza Loca; Espacio Público y Áreas Ve", "UPROH": "Equipamiento: Estaciones de servicio y centros de servicio automotor del tipo revisión técnica, grandes tiendas, discotecas, cásceles o centros de detención, centro orientación o de rehabilitación conductual.", "P_DO": "08/05/2025", "N_DO": "31/4/117", "T_DO": "Resolución", "OBS": null }, "geometry": { "type": "Polygon", "coordinates": [ [ [ -71.251300838403594, -32.995887248777798 ], [ -71.251598029904201, -32.996543754432999 ], [ -71.251907362047305, -32.996460631743197 ], [ -71.254904733112596, -32.995476007557897 ], [ -71.257750852412997, -32.994539778115097 ], [ -71.258003603381496, -32.9944588572803 ], [ -71.260468938473394, -32.993651614144902 ], [ -71.260586791777001, -32.993610112453602 ], [ -71.260462158042301, -32.993366992870598 ], [ -71.260458699834004, -32.993360708988803 ], [ -71.260108167411602, -32.992723779417702 ], [ -71.258597743385906, -32.993216668106598 ], [ -71.253125297749605, -32.995009278807601 ], [ -71.251765420841295, -32.995454218267099 ], [ -71.251618747078794, -32.995475952271697 ], [ -71.251615025812399, -32.9955523681339 ], [ -71.251566267519095, -32.995639139865503 ], [ -71.251511485245999, -32.995711704940398 ], [ -71.251456460527294, -32.995774731115503 ], [ -71.251406732529503, -32.995823346376298 ], [ -71.251300838403594, -32.995887248777798 ] ] ] } },
{ "type": "Feature", "properties": { "id": "monoparte.60", "Name": null, "description": null, "timestamp": null, "begin": null, "end": null, "altitudeMode": null, "tessellate": -1, "extrude": 0, "visibility": -1, "drawOrder": null, "icon": null, "OBJECTID": 64.0, "REG": "Valparaíso", "COM": "Limache", "SHAPE_Leng": 2118.59691969, "SHAPE_Area": 47314.6478135, "LOC": "Limache", "ZONA": "ZPP", "NOM": "ZPP - Plazas y Parques públicos proyectados", "UPERM": "REVISAR ORDENANZA LOCAL", "UPROH": "REVISAR ORDENANZA LOCAL", "P_DO": "08/05/2025", "N_DO": "31/4/117", "T_DO": "Resolución", "OBS": null }, "geometry": { "type": "Polygon", "coordinates": [ [ [ -71.252913641610107, -32.9946456882574 ], [ -71.251433883453799, -32.995135914604901 ], [ -71.251402556363303, -32.995106417159803 ], [ -71.251360896002794, -32.995071380000901 ], [ -71.251322922470607, -32.995047729478799 ], [ -71.251232311039004, -32.995025027658301 ], [ -71.251133610135, -32.995018219016103 ], [ -71.251062113270805, -32.995012351550201 ], [ -71.250994194092499, -32.995013576722201 ], [ -71.250968796556606, -32.995016897916898 ], [ -71.250837526165697, -32.995071918197603 ], [ -71.250745953804397, -32.995145146531797 ], [ -71.250684369389305, -32.9952285711191 ], [ -71.250606984984302, -32.995358804792303 ], [ -71.2505871237082, -32.995412845268199 ], [ -71.250507286124801, -32.995446494857603 ], [ -71.250025102560201, -32.995593646935802 ], [ -71.250184161480107, -32.9959655258995 ], [ -71.250677862763197, -32.995808459866097 ], [ -71.250737020556102, -32.995796656604 ], [ -71.2508184019309, -32.995823819399199 ], [ -71.250891293909305, -32.9958511352702 ], [ -71.250951177562101, -32.995867949473997 ], [ -71.251015307563506, -32.995884687049298 ], [ -71.251113305566093, -32.995897234572404 ], [ -71.251198296260398, -32.995899280402703 ], [ -71.251300838403594, -32.995887248777798 ], [ -71.251406732529503, -32.995823346376298 ], [ -71.251456460527294, -32.995774731115503 ], [ -71.251511485245999, -32.995711704940398 ], [ -71.251566267519095, -32.995639139865503 ], [ -71.251615025812399, -32.9955523681339 ], [ -71.251618747078794, -32.995475952271697 ], [ -71.251765420841295, -32.995454218267099 ], [ -71.253125297749605, -32.995009278807601 ], [ -71.258597743385906, -32.993216668106598 ], [ -71.260108167411602, -32.992723779417702 ], [ -71.259905075545902, -32.992354751022603 ], [ -71.257127014064594, -32.993272222443402 ], [ -71.252913641610107, -32.9946456882574 ] ] ] } },
{ "type": "Feature", "properties": { "id": "monoparte.61", "Name": null, "description": null, "timestamp": null, "begin": null, "end": null, "altitudeMode": null, "tessellate": -1, "extrude": 0, "visibility": -1, "drawOrder": null, "icon": null, "OBJECTID": 67.0, "REG": "Valparaíso", "COM": "Limache", "SHAPE_Leng": 704.76390653500005, "SHAPE_Area": 30714.1752399, "LOC": "Limache", "ZONA": "ZE1", "NOM": "ZE-1 – Zona de Equipamiento 1", "UPERM": "Equipamiento: Todos, exceptos los señalados como prohibidos; Espacio Público; Áreas Verdes", "UPROH": "Residencial: Todos; Equipamientos de los siguientes destinos: Zoológicos, Áreas de Camping. Centros Médicos o Dentales. Supermercados. Cementerios, Cementerios-Parque, Crematorios. Cárceles, Centro de Detención.; Infraestructura: todos; Actividades", "P_DO": "08/05/2025", "N_DO": "31/4/117", "T_DO": "Resolución", "OBS": null }, "geometry": { "type": "Polygon", "coordinates": [ [ [ -71.265179135175799, -32.992970310291497 ], [ -71.265974847849705, -32.994470900867803 ], [ -71.267579417514, -32.993833353916401 ], [ -71.266612368905498, -32.992276238954403 ], [ -71.265142365530807, -32.992913732832001 ], [ -71.265179135175799, -32.992970310291497 ] ] ] } },
{ "type": "Feature", "properties": { "id": "monoparte.62", "Name": null, "description": null, "timestamp": null, "begin": null, "end": null, "altitudeMode": null, "tessellate": -1, "extrude": 0, "visibility": -1, "drawOrder": null, "icon": null, "OBJECTID": 68.0, "REG": "Valparaíso", "COM": "Limache", "SHAPE_Leng": 9219.7085165400003, "SHAPE_Area": 594058.01466600003, "LOC": "Limache", "ZONA": "ZR3", "NOM": "ZR3 - Zona Residencial Mixto 3", "UPERM": "Residencial: Vivienda; Equipamiento: Científico, comercio, culto y cultura, seguridad, social, esparcimiento, deporte, salud, educación, Todos excepto los prohibidos; Infraestructura: Sanitaria y Transporte, Ver destinos o actividades específicas en O", "UPROH": "Equipamiento: Estaciones o centros de servicio automotor del tipo revisión técnica, discotecas, carceles o centros de detención, zoológicos, parques de entretenciones, cementerios, cementerios-parque, crematorios; Infraestructura: Transporte y Sanita", "P_DO": "08/05/2025", "N_DO": "31/4/117", "T_DO": "Resolución", "OBS": null }, "geometry": { "type": "Polygon", "coordinates": [ [ [ -71.258547765158198, -32.9858136834333 ], [ -71.258051533592905, -32.986920308896899 ], [ -71.258072782171894, -32.9869542812148 ], [ -71.258107336516403, -32.987043842978103 ], [ -71.2581436986315, -32.9871376661646 ], [ -71.258178967286099, -32.9871885631688 ], [ -71.258254837903806, -32.9872329993701 ], [ -71.258349057104695, -32.987264220167901 ], [ -71.258434458606203, -32.9872827162216 ], [ -71.2584773421855, -32.987299118575798 ], [ -71.258551718267199, -32.987284888388203 ], [ -71.258612839881906, -32.987283782263397 ], [ -71.258687945141702, -32.987298170332103 ], [ -71.258738677431893, -32.987355945414301 ], [ -71.258779935661394, -32.987375240141198 ], [ -71.258854058940699, -32.987387199426003 ], [ -71.258900900780205, -32.987392316701801 ], [ -71.258935009185507, -32.987397663533599 ], [ -71.258974091736604, -32.987431551852801 ], [ -71.259007605711005, -32.987469120007198 ], [ -71.259050659643293, -32.987492199254497 ], [ -71.259082545994403, -32.987521445723097 ], [ -71.259090198095095, -32.987543972748 ], [ -71.259137556656896, -32.987569360981901 ], [ -71.259222035965493, -32.9876071986236 ], [ -71.259282341843701, -32.987640702646303 ], [ -71.2593140155669, -32.987661601775997 ], [ -71.259327042088898, -32.987683952136301 ], [ -71.259355106994207, -32.987718755773002 ], [ -71.259360120474696, -32.987737752394999 ], [ -71.259361666400096, -32.9877539478274 ], [ -71.259389220737901, -32.987768719261702 ], [ -71.259434617432206, -32.987772668573697 ], [ -71.259483313629701, -32.987772741919301 ], [ -71.259577249274599, -32.987726186286103 ], [ -71.259700565565495, -32.987677189607403 ], [ -71.259722111285797, -32.987667256254703 ], [ -71.259746145361206, -32.987643916585697 ], [ -71.259755365672106, -32.987605813838599 ], [ -71.2597678823943, -32.9875304315959 ], [ -71.259780407160505, -32.987488690862797 ], [ -71.259788031535805, -32.987421270397803 ], [ -71.259794959630099, -32.987393230320997 ], [ -71.259835095017706, -32.987374012264603 ], [ -71.259895268177303, -32.987335702875903 ], [ -71.259936540509301, -32.9873110969735 ], [ -71.260078014395006, -32.987263680147898 ], [ -71.260201524340005, -32.987222314618798 ], [ -71.260364138427306, -32.9871602002152 ], [ -71.260417641543, -32.987126782554299 ], [ -71.260459874877199, -32.987095478901601 ], [ -71.260525872210806, -32.987021910742499 ], [ -71.260563556399504, -32.987000948682599 ], [ -71.260594682827005, -32.987000384888098 ], [ -71.260618157869999, -32.9869772932473 ], [ -71.260704599495298, -32.987036567753897 ], [ -71.260812659558496, -32.987110958906797 ], [ -71.260834034602794, -32.9871165367841 ], [ -71.261008927207399, -32.987202839350701 ], [ -71.2611471839883, -32.987240198268204 ], [ -71.261244154865693, -32.987268264971803 ], [ -71.261344761178293, -32.987272407185898 ], [ -71.261600423046204, -32.987251073179898 ], [ -71.261833308795104, -32.9872335871028 ], [ -71.261840660686204, -32.987234132881703 ], [ -71.261750133528196, -32.9870505023558 ], [ -71.261904427665698, -32.9870031730797 ], [ -71.261954672082695, -32.98710389795 ], [ -71.261981469631294, -32.987218570420403 ], [ -71.262011973383593, -32.9872468546614 ], [ -71.262026521724806, -32.987247934587003 ], [ -71.262029586623399, -32.987248162186397 ], [ -71.262189774251794, -32.987222712234903 ], [ -71.262265780952006, -32.987205826193701 ], [ -71.262372518450903, -32.987172874720599 ], [ -71.262433827924198, -32.987134782501201 ], [ -71.262565072944, -32.987008336689399 ], [ -71.262654481608294, -32.986906508667801 ], [ -71.262712520249195, -32.986795705196798 ], [ -71.262748924348202, -32.986724661697103 ], [ -71.262747837166998, -32.986622883616199 ], [ -71.262774588093194, -32.986606174302203 ], [ -71.262815432822293, -32.986609251772698 ], [ -71.262837205832398, -32.9866193542926 ], [ -71.262835162484294, -32.986716736282801 ], [ -71.262718045607102, -32.986964128792302 ], [ -71.262576671435596, -32.987104118737399 ], [ -71.262498974328395, -32.987165651554101 ], [ -71.262486317005298, -32.987202146740103 ], [ -71.262467610356495, -32.9872234813338 ], [ -71.262321658448599, -32.987272891020403 ], [ -71.262278720806094, -32.987276532408302 ], [ -71.262101611967594, -32.987347502087701 ], [ -71.2620740667261, -32.987343245515703 ], [ -71.262015991862597, -32.987351077483403 ], [ -71.261985651426798, -32.9873643745468 ], [ -71.2620187050738, -32.987424318144598 ], [ -71.262146370802299, -32.987655843604102 ], [ -71.263965654230802, -32.986880278789201 ], [ -71.264567031268797, -32.986594991654101 ], [ -71.265932881949198, -32.985977785146503 ], [ -71.267275463267197, -32.9853787855577 ], [ -71.267569031973295, -32.985257020880198 ], [ -71.269973660100504, -32.984163519980001 ], [ -71.270582911246393, -32.983910867089399 ], [ -71.270541485400798, -32.983813202870301 ], [ -71.270764175995495, -32.983679419472601 ], [ -71.270810513807604, -32.983777990678703 ], [ -71.270812983527506, -32.983782847654403 ], [ -71.271904369006194, -32.983294822096497 ], [ -71.272676368977002, -32.982940381170103 ], [ -71.274049528055201, -32.982340770088598 ], [ -71.2749592466743, -32.981883996982397 ], [ -71.275353093817301, -32.982173860012402 ], [ -71.275642215675603, -32.982326355231798 ], [ -71.275804369279697, -32.982400022016499 ], [ -71.275827520183, -32.982375093067802 ], [ -71.276371464707296, -32.9824128435868 ], [ -71.276379272703196, -32.982309738664398 ], [ -71.277275802087004, -32.9822893686421 ], [ -71.277312518753703, -32.982077357835301 ], [ -71.277361436716703, -32.981915418485002 ], [ -71.277572697139604, -32.981461228834199 ], [ -71.277747333083198, -32.981234365198503 ], [ -71.277880905234298, -32.981061933623501 ], [ -71.278031238141097, -32.9808808458234 ], [ -71.278675529663005, -32.980341209006497 ], [ -71.279097776254702, -32.979932374236903 ], [ -71.279528762814394, -32.979492062597899 ], [ -71.279837108815599, -32.979098726282103 ], [ -71.280456251742805, -32.9781187486684 ], [ -71.280749071881004, -32.977534822769698 ], [ -71.281116274484006, -32.976651451592403 ], [ -71.281387809534905, -32.975983214826798 ], [ -71.281853274335205, -32.974887637272502 ], [ -71.281755986672906, -32.974858388341602 ], [ -71.281268823842197, -32.9761485372645 ], [ -71.281069323348703, -32.976646060497004 ], [ -71.280869084676993, -32.9771149655299 ], [ -71.280483920972301, -32.977921988578501 ], [ -71.280181135843307, -32.978476272436602 ], [ -71.280006432990703, -32.978727594993103 ], [ -71.279711648748204, -32.979152894431699 ], [ -71.279524766626693, -32.979371036261398 ], [ -71.278195336696797, -32.977993604777097 ], [ -71.277174509735801, -32.978577346626501 ], [ -71.2760695862586, -32.979202320642898 ], [ -71.275548837350001, -32.978599836373803 ], [ -71.275491460779406, -32.978514990792497 ], [ -71.275441746871394, -32.978397795920699 ], [ -71.275354697309496, -32.978283295230803 ], [ -71.2751333133439, -32.978427599535699 ], [ -71.274988692910298, -32.9785280563407 ], [ -71.274775157691707, -32.978700729386198 ], [ -71.274894561779803, -32.978853159018698 ], [ -71.274501084070806, -32.979073627696103 ], [ -71.274695505496794, -32.9793034239962 ], [ -71.274636408874997, -32.979383234479599 ], [ -71.274598941744998, -32.979445473358403 ], [ -71.274301502442796, -32.979623511579703 ], [ -71.273961660908896, -32.9792202857898 ], [ -71.273708843738106, -32.979468788442297 ], [ -71.273437848539899, -32.979697043788001 ], [ -71.273459357758298, -32.979741028901799 ], [ -71.2734011130661, -32.979787898641398 ], [ -71.273594313275794, -32.980036329214002 ], [ -71.273219171751805, -32.980243575822698 ], [ -71.272968344160603, -32.979995431214299 ], [ -71.272865204661201, -32.979995494166999 ], [ -71.272313491248994, -32.980271804444797 ], [ -71.271828009000203, -32.979752406785501 ], [ -71.271489667619207, -32.979346522593197 ], [ -71.271077048129399, -32.978820069584202 ], [ -71.270863451577796, -32.978526465714403 ], [ -71.270428756255697, -32.978795866574004 ], [ -71.270475376993602, -32.978858817371801 ], [ -71.270616684852399, -32.979070976133599 ], [ -71.270696742851996, -32.979212673475601 ], [ -71.270865756922106, -32.979622356690697 ], [ -71.270914571080695, -32.979759849328701 ], [ -71.270948809757499, -32.979880906722897 ], [ -71.271124134988995, -32.980094831914201 ], [ -71.271079312608705, -32.980122020057301 ], [ -71.2712825477998, -32.980364544744603 ], [ -71.271290120447404, -32.980394946504902 ], [ -71.271257144333504, -32.9804337203445 ], [ -71.271469727623099, -32.980687527702202 ], [ -71.271501196564103, -32.980796562682002 ], [ -71.271515818257299, -32.980969511873397 ], [ -71.271506060065803, -32.981052718063097 ], [ -71.271393868697601, -32.981248016463198 ], [ -71.271284120088595, -32.981351413587802 ], [ -71.271129557121597, -32.9814508540166 ], [ -71.270969771968097, -32.981512215506598 ], [ -71.270771859223601, -32.9815217814173 ], [ -71.270603046193898, -32.981506958239798 ], [ -71.270406344754207, -32.981453275341501 ], [ -71.270141532405901, -32.981337604759403 ], [ -71.270054264481303, -32.981282925477302 ], [ -71.269975720175296, -32.981255722507797 ], [ -71.269802449552003, -32.981232629092702 ], [ -71.269690806197104, -32.981239431384402 ], [ -71.269686135425701, -32.981222815006397 ], [ -71.2696927811851, -32.981205992843002 ], [ -71.269720863123894, -32.981197131977297 ], [ -71.269773147692703, -32.981193795154098 ], [ -71.269761992330402, -32.981145087091001 ], [ -71.269486594058904, -32.9806802749574 ], [ -71.269305801287302, -32.9807503664953 ], [ -71.269350654951495, -32.980843793808802 ], [ -71.269249709262297, -32.980881416892302 ], [ -71.2691064733269, -32.980925773806803 ], [ -71.269008539120406, -32.980970500045203 ], [ -71.268890450439997, -32.981071064652298 ], [ -71.268784333165797, -32.981127869629503 ], [ -71.268676724296199, -32.980960427295003 ], [ -71.268573406131495, -32.981015987298498 ], [ -71.268535779872096, -32.980928393409002 ], [ -71.268487140153894, -32.980852929831102 ], [ -71.268465674715799, -32.980843775831502 ], [ -71.268300535373299, -32.980917160489803 ], [ -71.268209241275898, -32.980986295756303 ], [ -71.268497491028597, -32.981520267856098 ], [ -71.268430681267304, -32.981564427969197 ], [ -71.268304756369005, -32.981621591647098 ], [ -71.268130761868804, -32.981677910903002 ], [ -71.267766398953199, -32.981776149473902 ], [ -71.267584071345794, -32.981819545807703 ], [ -71.267290464968298, -32.9819394019692 ], [ -71.267535298624395, -32.982303334638203 ], [ -71.267767538096706, -32.982648528170003 ], [ -71.267776366452907, -32.982672594189502 ], [ -71.267785062233003, -32.982666714584397 ], [ -71.267875765634003, -32.982560564454403 ], [ -71.267958309125405, -32.982467446745602 ], [ -71.268001498144798, -32.982429442205003 ], [ -71.2680163378364, -32.982411994202799 ], [ -71.268000363434894, -32.982385084982397 ], [ -71.268043822044703, -32.982291246359402 ], [ -71.2682164231028, -32.982000372082403 ], [ -71.268268136398106, -32.981963643622201 ], [ -71.268320705929199, -32.981893974871099 ], [ -71.268351008404693, -32.981883403007302 ], [ -71.268554505296095, -32.981737983615297 ], [ -71.268658661203503, -32.981892126646699 ], [ -71.268557969241797, -32.981939765740997 ], [ -71.268309307487399, -32.982045924064501 ], [ -71.268377591220499, -32.982192130981197 ], [ -71.268145182448706, -32.982402494753003 ], [ -71.268076256522704, -32.982496797103003 ], [ -71.267961003195197, -32.982639181238802 ], [ -71.267921246121603, -32.982678555386002 ], [ -71.267893483411797, -32.982722005713299 ], [ -71.267870740113395, -32.982762501773102 ], [ -71.267848544756504, -32.982824461254502 ], [ -71.267835169012002, -32.982899143786803 ], [ -71.267738632270607, -32.983004134724702 ], [ -71.267645874280404, -32.983140622709598 ], [ -71.267558072973003, -32.9832495830181 ], [ -71.267479004640094, -32.983367927838103 ], [ -71.2674118639451, -32.983509915338097 ], [ -71.267377622609899, -32.983554676270401 ], [ -71.267363310373199, -32.9836038463148 ], [ -71.267222096740696, -32.983728410311699 ], [ -71.267118763691499, -32.983805680907899 ], [ -71.267009512053804, -32.983828661731103 ], [ -71.266926571630407, -32.9838177610267 ], [ -71.266883220231506, -32.9838051880782 ], [ -71.266859963997604, -32.983825651877503 ], [ -71.266927707557798, -32.983906496087798 ], [ -71.266952198360201, -32.9839785817517 ], [ -71.266959614134805, -32.984047160441101 ], [ -71.266951168931598, -32.984071173249703 ], [ -71.266885842079603, -32.984182301202502 ], [ -71.266885388842098, -32.984230981415202 ], [ -71.266822043877795, -32.984277940848003 ], [ -71.266593908330904, -32.984415791176197 ], [ -71.266464497322801, -32.984469676329503 ], [ -71.266344307077503, -32.984552024496097 ], [ -71.266201825689905, -32.984626188130299 ], [ -71.266093827225006, -32.984653916587298 ], [ -71.265883816547102, -32.984677770904 ], [ -71.265688975388301, -32.984697055355298 ], [ -71.265515952187798, -32.9847267888223 ], [ -71.265461939513003, -32.984740175536103 ], [ -71.265421266261498, -32.984743776872001 ], [ -71.265416227335805, -32.984723826923997 ], [ -71.265461926367706, -32.984695321790497 ], [ -71.265530773422995, -32.984686436966001 ], [ -71.2656556278708, -32.984653630939498 ], [ -71.265673226103402, -32.984633270066098 ], [ -71.265907462596402, -32.984626870625299 ], [ -71.265978922884798, -32.984598373730101 ], [ -71.266032940418597, -32.9845852256718 ], [ -71.2660948175605, -32.9845805231596 ], [ -71.266124418389296, -32.984575690667199 ], [ -71.2661582223989, -32.9845602845716 ], [ -71.266349134549998, -32.984453747923403 ], [ -71.266429657601094, -32.984414349966698 ], [ -71.266469836799899, -32.984391431862399 ], [ -71.266540978006603, -32.984383697842901 ], [ -71.266568050667601, -32.984379627149004 ], [ -71.266640565680106, -32.984337034404298 ], [ -71.266797397229396, -32.984244031794098 ], [ -71.266833248829997, -32.984184687512503 ], [ -71.266887152079207, -32.984100679813601 ], [ -71.266918202506105, -32.984052875844803 ], [ -71.266910094339494, -32.984001488074497 ], [ -71.266900287877306, -32.983950130247301 ], [ -71.266805755717797, -32.983840187932401 ], [ -71.2666416677434, -32.983667089486502 ], [ -71.266610852286405, -32.983657628861799 ], [ -71.266551467287897, -32.983660138386703 ], [ -71.266534160629007, -32.983647569363796 ], [ -71.266528481564904, -32.983624768029202 ], [ -71.266714033102005, -32.983519656496298 ], [ -71.266709194328698, -32.983513401460897 ], [ -71.266550983592097, -32.983304407450703 ], [ -71.266406622043704, -32.983121121331799 ], [ -71.266315596603604, -32.983015409054801 ], [ -71.266307342609196, -32.982958297757598 ], [ -71.266318217752698, -32.982852166215999 ], [ -71.266318927388795, -32.9828135024893 ], [ -71.266295906478106, -32.982776700735698 ], [ -71.2662645427218, -32.982745776579797 ], [ -71.266245830605996, -32.982744684362601 ], [ -71.266205780094595, -32.982772611075099 ], [ -71.266151328291798, -32.982835155058098 ], [ -71.265696097195004, -32.9822196325376 ], [ -71.265685084933807, -32.982226600982997 ], [ -71.2656356047667, -32.982251118734297 ], [ -71.265607219443098, -32.982270244326799 ], [ -71.265576414694706, -32.982294423958599 ], [ -71.265544340017101, -32.982298425608001 ], [ -71.265485833388496, -32.982335276275897 ], [ -71.265457538414793, -32.982335789857601 ], [ -71.265437761974994, -32.982337341832199 ], [ -71.265377853758196, -32.9823193418299 ], [ -71.265318036969305, -32.982304919188799 ], [ -71.265240939425397, -32.982278880884799 ], [ -71.265185610956294, -32.982273919951801 ], [ -71.265164968038306, -32.982296961007897 ], [ -71.265134696336503, -32.982330912154197 ], [ -71.265107406675895, -32.982370775160803 ], [ -71.265102904872805, -32.982416188790701 ], [ -71.265063917175297, -32.982496823046702 ], [ -71.265038042294606, -32.982536660364197 ], [ -71.264994931766395, -32.982622141486502 ], [ -71.264947303490501, -32.982696968329002 ], [ -71.264883155819305, -32.982767874727799 ], [ -71.264831402952794, -32.982803170563301 ], [ -71.264784451354998, -32.982826927016703 ], [ -71.264727514372794, -32.982858737829098 ], [ -71.264689790330806, -32.982878032673099 ], [ -71.264685072970806, -32.9829260742979 ], [ -71.264665843041101, -32.983004441829898 ], [ -71.264558737562893, -32.983107705945002 ], [ -71.264515123504495, -32.983118041400097 ], [ -71.264471873815197, -32.983142684628 ], [ -71.264450455212099, -32.983190791196201 ], [ -71.2644443565069, -32.983229075678501 ], [ -71.264417217469003, -32.983274899993503 ], [ -71.2643540562987, -32.983351201449899 ], [ -71.264287411749095, -32.983457389688901 ], [ -71.264221284736195, -32.983583847988697 ], [ -71.264119438672694, -32.983752708010101 ], [ -71.264058453086804, -32.983858793478397 ], [ -71.264009762809906, -32.983919825324499 ], [ -71.2639641345543, -32.983962166920499 ], [ -71.263841979678702, -32.984067452838801 ], [ -71.263719314093706, -32.984152707385903 ], [ -71.263598024656801, -32.984215015242697 ], [ -71.263489599493099, -32.984270425741897 ], [ -71.263422127507098, -32.984288827733401 ], [ -71.263335657383394, -32.984317117444903 ], [ -71.263253861416899, -32.984351049360598 ], [ -71.263149505432807, -32.984420605500297 ], [ -71.262909492642294, -32.9845666793681 ], [ -71.262869201724797, -32.984585303332302 ], [ -71.262834854866597, -32.984603820417099 ], [ -71.262745831439403, -32.984609729464303 ], [ -71.262669449650403, -32.984611829313302 ], [ -71.262607617929007, -32.984585035635099 ], [ -71.262588522003995, -32.9845689194415 ], [ -71.262552661150295, -32.984555870130301 ], [ -71.262481890297707, -32.984555960040801 ], [ -71.262429633724295, -32.984560486369404 ], [ -71.262395800131102, -32.984565871742703 ], [ -71.262365191883305, -32.984586706063702 ], [ -71.262234816081005, -32.984691663359897 ], [ -71.262205440094903, -32.984705318105398 ], [ -71.262049689130095, -32.984814312398498 ], [ -71.262026459478605, -32.984846943081898 ], [ -71.262027554785803, -32.984889869150898 ], [ -71.262054982208994, -32.9849380540129 ], [ -71.262180566071294, -32.985144543231897 ], [ -71.262222218866, -32.985223715900297 ], [ -71.262233735915899, -32.9852867334519 ], [ -71.262214544561104, -32.985328977586803 ], [ -71.262194509401994, -32.985356814399701 ], [ -71.262233491373394, -32.985396897651199 ], [ -71.262258501848095, -32.985445117250102 ], [ -71.262293918124797, -32.985501736504901 ], [ -71.262345271274597, -32.985583834411798 ], [ -71.262360168158807, -32.985635099472297 ], [ -71.262494531020096, -32.985708535369298 ], [ -71.262618453671493, -32.9859052719885 ], [ -71.262622944894005, -32.985948136473702 ], [ -71.262677073320802, -32.986005847447103 ], [ -71.262671268259297, -32.986044604456602 ], [ -71.2626875715724, -32.986084391728703 ], [ -71.262748162610393, -32.986129102181003 ], [ -71.262766930252496, -32.986198907345702 ], [ -71.262882491614107, -32.986429774137598 ], [ -71.262688451228996, -32.986518129862802 ], [ -71.262606060905, -32.986417985369599 ], [ -71.262627930976294, -32.9863431493145 ], [ -71.262634777005701, -32.9862786058927 ], [ -71.262632804820896, -32.986201339017903 ], [ -71.262658198198494, -32.986198015590801 ], [ -71.262672894546597, -32.986174844669897 ], [ -71.262672602366806, -32.986163397725598 ], [ -71.262522556235098, -32.986074499075897 ], [ -71.262483177756195, -32.986062329616203 ], [ -71.262473593745, -32.9860195574472 ], [ -71.262418368802301, -32.985918919448302 ], [ -71.262397374509405, -32.985894964455802 ], [ -71.262319312153593, -32.985764677796702 ], [ -71.262282435125599, -32.985650823815497 ], [ -71.262220821178701, -32.985566048807698 ], [ -71.262192305586794, -32.985513598593997 ], [ -71.262165999557794, -32.985481150652397 ], [ -71.262164758105897, -32.985432501116797 ], [ -71.262140442829605, -32.985397686057901 ], [ -71.262115892828803, -32.985412458055499 ], [ -71.262037708925504, -32.9854549129196 ], [ -71.261922199065197, -32.985498997366697 ], [ -71.2618534714248, -32.985514868435303 ], [ -71.261748774625403, -32.985538955198002 ], [ -71.261607082803096, -32.985544385921401 ], [ -71.261555346150402, -32.985513829748399 ], [ -71.261503719029307, -32.985487565709597 ], [ -71.261496468083095, -32.985502966457901 ], [ -71.261486207472004, -32.985589045127497 ], [ -71.261473379551504, -32.9856188622364 ], [ -71.261443196629699, -32.985678579381201 ], [ -71.261361750419994, -32.985770719045199 ], [ -71.261248636602403, -32.985864386473203 ], [ -71.261222433087696, -32.985858180150103 ], [ -71.261169271687805, -32.985904953199601 ], [ -71.261126503876397, -32.985915271275502 ], [ -71.260990680393206, -32.985917731934201 ], [ -71.260898756250299, -32.985909853963598 ], [ -71.260866563738404, -32.985912107181001 ], [ -71.260823754507499, -32.985898567355399 ], [ -71.260714858815504, -32.985846856831699 ], [ -71.260568431630404, -32.985822071496898 ], [ -71.260485260980005, -32.985835507184497 ], [ -71.260403747399707, -32.985858456947597 ], [ -71.260253546622806, -32.985907702181599 ], [ -71.260127336341895, -32.985954126757903 ], [ -71.259912352402594, -32.986103207229199 ], [ -71.259699729890301, -32.986202492224002 ], [ -71.259652579472004, -32.986218616179102 ], [ -71.259489833700201, -32.9862311058926 ], [ -71.259387673854903, -32.986221503110698 ], [ -71.259280256487997, -32.986183364787799 ], [ -71.259124815663498, -32.986127008269897 ], [ -71.259012725551599, -32.986083228165398 ], [ -71.258863772280705, -32.985988197664099 ], [ -71.258691027266494, -32.985874892502402 ], [ -71.258547765158198, -32.9858136834333 ] ], [ [ -71.260541519599101, -32.986010964663301 ], [ -71.260556975782805, -32.985995415348597 ], [ -71.260606875439706, -32.985998328641998 ], [ -71.260654997551498, -32.986020361493502 ], [ -71.260646424104294, -32.986394624752499 ], [ -71.260632766979597, -32.986480763985398 ], [ -71.260613804249402, -32.986536459691102 ], [ -71.260603750888706, -32.986586268795897 ], [ -71.260605842975096, -32.986668305641402 ], [ -71.260610854772196, -32.9867179410601 ], [ -71.260604795186296, -32.986716041715702 ], [ -71.260518870515497, -32.986721416071902 ], [ -71.260494357793903, -32.9867371294186 ], [ -71.260448304813806, -32.986707423907703 ], [ -71.260430852807204, -32.986644752632799 ], [ -71.260409019644996, -32.986587886828097 ], [ -71.260398699464801, -32.986538447634501 ], [ -71.260399601400493, -32.986484987173803 ], [ -71.260468172261199, -32.986420757871898 ], [ -71.260476984307104, -32.986411054126599 ], [ -71.260473941831606, -32.986380570504998 ], [ -71.260473406669604, -32.986359583808401 ], [ -71.260392277893303, -32.986286613573199 ], [ -71.260541519599101, -32.986010964663301 ] ], [ [ -71.269005914194693, -32.983203411934099 ], [ -71.269344208510006, -32.983059834735499 ], [ -71.269422438198703, -32.983218683040299 ], [ -71.269118280129703, -32.983346430935001 ], [ -71.269070157604801, -32.983324401368101 ], [ -71.269005914194693, -32.983203411934099 ] ], [ [ -71.268246361003904, -32.982751397240897 ], [ -71.268466347093494, -32.982652918280998 ], [ -71.268539349687401, -32.982651591430702 ], [ -71.268628263327997, -32.982807444361399 ], [ -71.268309397353704, -32.982945323668297 ], [ -71.268309062444601, -32.982944946511097 ], [ -71.268232728294194, -32.9828160642288 ], [ -71.268231666666694, -32.982774568742698 ], [ -71.268246361003904, -32.982751397240897 ] ] ] } },
{ "type": "Feature", "properties": { "id": "monoparte.63", "Name": null, "description": null, "timestamp": null, "begin": null, "end": null, "altitudeMode": null, "tessellate": -1, "extrude": 0, "visibility": -1, "drawOrder": null, "icon": null, "OBJECTID": 69.0, "REG": "Valparaíso", "COM": "Limache", "SHAPE_Leng": 93.4083251295, "SHAPE_Area": 535.34512906700002, "LOC": "Limache", "ZONA": "AV", "NOM": "AV - Áreas verdes Existentes (Art.2.1.30)", "UPERM": "Se regirán según lo dispuesto en el Art. 2.1.30 de la OGUC y considerarán las siguientes normas urbanísticas.", "UPROH": null, "P_DO": "08/05/2025", "N_DO": "31/4/117", "T_DO": "Resolución", "OBS": null }, "geometry": { "type": "Polygon", "coordinates": [ [ [ -71.270582911246393, -32.983910867089399 ], [ -71.270618849745304, -32.983975332216403 ], [ -71.270859135511699, -32.983873616675801 ], [ -71.270812983527506, -32.983782847654403 ], [ -71.270810513807604, -32.983777990678703 ], [ -71.270764175995495, -32.983679419472601 ], [ -71.270541485400798, -32.983813202870301 ], [ -71.270582911246393, -32.983910867089399 ] ] ] } },
{ "type": "Feature", "properties": { "id": "monoparte.64", "Name": null, "description": null, "timestamp": null, "begin": null, "end": null, "altitudeMode": null, "tessellate": -1, "extrude": 0, "visibility": -1, "drawOrder": null, "icon": null, "OBJECTID": 71.0, "REG": "Valparaíso", "COM": "Limache", "SHAPE_Leng": 56.016256247999998, "SHAPE_Area": 195.79087054, "LOC": "Limache", "ZONA": "AV", "NOM": "AV - Áreas verdes Existentes (Art.2.1.30)", "UPERM": "Se regirán según lo dispuesto en el Art. 2.1.30 de la OGUC y considerarán las siguientes normas urbanísticas.", "UPROH": null, "P_DO": "08/05/2025", "N_DO": "31/4/117", "T_DO": "Resolución", "OBS": null }, "geometry": { "type": "Polygon", "coordinates": [ [ [ -71.270558011557995, -32.984053741493199 ], [ -71.270620625672393, -32.984165566349503 ], [ -71.270754682305693, -32.984105993467701 ], [ -71.270692328671799, -32.983992604817097 ], [ -71.270558011557995, -32.984053741493199 ] ] ] } },
{ "type": "Feature", "properties": { "id": "monoparte.65", "Name": null, "description": null, "timestamp": null, "begin": null, "end": null, "altitudeMode": null, "tessellate": -1, "extrude": 0, "visibility": -1, "drawOrder": null, "icon": null, "OBJECTID": 72.0, "REG": "Valparaíso", "COM": "Limache", "SHAPE_Leng": 57.404250920700001, "SHAPE_Area": 161.96791411300001, "LOC": "Limache", "ZONA": "AV", "NOM": "AV - Áreas verdes Existentes (Art.2.1.30)", "UPERM": "Se regirán según lo dispuesto en el Art. 2.1.30 de la OGUC y considerarán las siguientes normas urbanísticas.", "UPROH": null, "P_DO": "08/05/2025", "N_DO": "31/4/117", "T_DO": "Resolución", "OBS": null }, "geometry": { "type": "Polygon", "coordinates": [ [ [ -71.270761423666201, -32.983971306348003 ], [ -71.270837153903798, -32.984077262835797 ], [ -71.270914356128699, -32.984040101084801 ], [ -71.270881817474503, -32.983963389751501 ], [ -71.270930611700905, -32.983945323611998 ], [ -71.270898806135307, -32.983897230390099 ], [ -71.270761423666201, -32.983971306348003 ] ] ] } },
{ "type": "Feature", "properties": { "id": "monoparte.66", "Name": null, "description": null, "timestamp": null, "begin": null, "end": null, "altitudeMode": null, "tessellate": -1, "extrude": 0, "visibility": -1, "drawOrder": null, "icon": null, "OBJECTID": 73.0, "REG": "Valparaíso", "COM": "Limache", "SHAPE_Leng": 117.62673648400001, "SHAPE_Area": 663.34116227300001, "LOC": "Limache", "ZONA": "AV", "NOM": "AV - Áreas verdes Existentes (Art.2.1.30)", "UPERM": "Se regirán según lo dispuesto en el Art. 2.1.30 de la OGUC y considerarán las siguientes normas urbanísticas.", "UPROH": null, "P_DO": "08/05/2025", "N_DO": "31/4/117", "T_DO": "Resolución", "OBS": null }, "geometry": { "type": "Polygon", "coordinates": [ [ [ -71.269713445849106, -32.984590788850703 ], [ -71.269795915771795, -32.984730747424898 ], [ -71.270181929808004, -32.984512122995199 ], [ -71.270121384815795, -32.984402997091003 ], [ -71.269713445849106, -32.984590788850703 ] ] ] } },
{ "type": "Feature", "properties": { "id": "monoparte.67", "Name": null, "description": null, "timestamp": null, "begin": null, "end": null, "altitudeMode": null, "tessellate": -1, "extrude": 0, "visibility": -1, "drawOrder": null, "icon": null, "OBJECTID": 74.0, "REG": "Valparaíso", "COM": "Limache", "SHAPE_Leng": 63.889117695499998, "SHAPE_Area": 206.997657546, "LOC": "Limache", "ZONA": "AV", "NOM": "AV - Áreas verdes Existentes (Art.2.1.30)", "UPERM": "Se regirán según lo dispuesto en el Art. 2.1.30 de la OGUC y considerarán las siguientes normas urbanísticas.", "UPROH": null, "P_DO": "08/05/2025", "N_DO": "31/4/117", "T_DO": "Resolución", "OBS": null }, "geometry": { "type": "Polygon", "coordinates": [ [ [ -71.269908918880702, -32.9849279383442 ], [ -71.269941763163203, -32.9849918232999 ], [ -71.270156133950906, -32.984897674431203 ], [ -71.270109720361106, -32.984809763051203 ], [ -71.269908918880702, -32.9849279383442 ] ] ] } },
{ "type": "Feature", "properties": { "id": "monoparte.68", "Name": null, "description": null, "timestamp": null, "begin": null, "end": null, "altitudeMode": null, "tessellate": -1, "extrude": 0, "visibility": -1, "drawOrder": null, "icon": null, "OBJECTID": 75.0, "REG": "Valparaíso", "COM": "Limache", "SHAPE_Leng": 46.506853268199997, "SHAPE_Area": 134.591093177, "LOC": "Limache", "ZONA": "AV", "NOM": "AV - Áreas verdes Existentes (Art.2.1.30)", "UPERM": "Se regirán según lo dispuesto en el Art. 2.1.30 de la OGUC y considerarán las siguientes normas urbanísticas.", "UPROH": null, "P_DO": "08/05/2025", "N_DO": "31/4/117", "T_DO": "Resolución", "OBS": null }, "geometry": { "type": "Polygon", "coordinates": [ [ [ -71.269725032797595, -32.985540899596799 ], [ -71.269772767151593, -32.985646836510298 ], [ -71.269881068674593, -32.985598185980102 ], [ -71.269834471768306, -32.985503120656098 ], [ -71.269725032797595, -32.985540899596799 ] ] ] } },
{ "type": "Feature", "properties": { "id": "monoparte.69", "Name": null, "description": null, "timestamp": null, "begin": null, "end": null, "altitudeMode": null, "tessellate": -1, "extrude": 0, "visibility": -1, "drawOrder": null, "icon": null, "OBJECTID": 76.0, "REG": "Valparaíso", "COM": "Limache", "SHAPE_Leng": 96.217868053100005, "SHAPE_Area": 579.71434953899995, "LOC": "Limache", "ZONA": "AV", "NOM": "AV - Áreas verdes Existentes (Art.2.1.30)", "UPERM": "Se regirán según lo dispuesto en el Art. 2.1.30 de la OGUC y considerarán las siguientes normas urbanísticas.", "UPROH": null, "P_DO": "08/05/2025", "N_DO": "31/4/117", "T_DO": "Resolución", "OBS": null }, "geometry": { "type": "Polygon", "coordinates": [ [ [ -71.262559479072905, -32.9900418573203 ], [ -71.262688121485894, -32.990295033376903 ], [ -71.262851953725303, -32.990231243364597 ], [ -71.262862689099606, -32.990208144239404 ], [ -71.262764318790502, -32.989992334511399 ], [ -71.262714416857307, -32.989989422183001 ], [ -71.262678293752302, -32.9899938942375 ], [ -71.262559479072905, -32.9900418573203 ] ] ] } },
{ "type": "Feature", "properties": { "id": "monoparte.70", "Name": null, "description": null, "timestamp": null, "begin": null, "end": null, "altitudeMode": null, "tessellate": -1, "extrude": 0, "visibility": -1, "drawOrder": null, "icon": null, "OBJECTID": 77.0, "REG": "Valparaíso", "COM": "Limache", "SHAPE_Leng": 10591.084657400001, "SHAPE_Area": 495665.80795500003, "LOC": "Limache", "ZONA": "AGUA", "NOM": null, "UPERM": null, "UPROH": null, "P_DO": "08/05/2025", "N_DO": "31/4/117", "T_DO": "Resolución", "OBS": null }, "geometry": { "type": "Polygon", "coordinates": [ [ [ -71.278277207354606, -32.991230738341699 ], [ -71.277469858989093, -32.991388876042002 ], [ -71.276796720693397, -32.991525223906301 ], [ -71.276475593102305, -32.991588343216698 ], [ -71.276298110988407, -32.991622597187202 ], [ -71.275560541600996, -32.991815149136897 ], [ -71.275111994362703, -32.991987952208497 ], [ -71.274739972576299, -32.9921641317653 ], [ -71.274084774136, -32.992514549439299 ], [ -71.2736477117666, -32.992715929094999 ], [ -71.273189060253301, -32.992936627312602 ], [ -71.272419836523596, -32.993301361962601 ], [ -71.271018582728701, -32.993912683273301 ], [ -71.2706772834117, -32.994080434110202 ], [ -71.270338714603895, -32.994236904891402 ], [ -71.269778474006799, -32.9944713692568 ], [ -71.269424925972899, -32.994604131684397 ], [ -71.268947029986407, -32.994781741916597 ], [ -71.268534473806497, -32.994923806833398 ], [ -71.268209477664698, -32.995035647482801 ], [ -71.267831467486801, -32.995136728030097 ], [ -71.267464786494003, -32.9952350090648 ], [ -71.2670211298, -32.995334688387103 ], [ -71.266613695695696, -32.995433707316003 ], [ -71.266088094054496, -32.9955176925451 ], [ -71.265324196846294, -32.995618790323299 ], [ -71.264836685585706, -32.995708759007897 ], [ -71.264439975159902, -32.995806622243897 ], [ -71.263828159962699, -32.996018137834902 ], [ -71.263228391074904, -32.9962580616643 ], [ -71.262632674079995, -32.996457190687103 ], [ -71.262177684923302, -32.996601435443097 ], [ -71.261469820043999, -32.996821838105099 ], [ -71.260978378096794, -32.996989355095998 ], [ -71.260423632560702, -32.997163434645998 ], [ -71.260195517510397, -32.997239143112402 ], [ -71.259529280891599, -32.997343662565697 ], [ -71.259201429723007, -32.997394333662697 ], [ -71.258753874823796, -32.997469658624198 ], [ -71.257589566515506, -32.997667284395398 ], [ -71.256093688667306, -32.997920043728101 ], [ -71.255732899096202, -32.997983827553099 ], [ -71.253714385170497, -32.998338578303297 ], [ -71.252475477328801, -32.998554205509599 ], [ -71.251756625360301, -32.998678123147499 ], [ -71.251384074225896, -32.9987468932719 ], [ -71.251483269644694, -32.998975942233102 ], [ -71.252160504895798, -33.000556302774903 ], [ -71.252224964841304, -33.000725134013798 ], [ -71.252442203618003, -33.000777877894002 ], [ -71.252636194755098, -33.000890688375499 ], [ -71.252712305175606, -33.000960890880798 ], [ -71.252688450923898, -33.000997109371703 ], [ -71.252644961929207, -33.001096312616603 ], [ -71.252661993846601, -33.001209335520301 ], [ -71.252692134810104, -33.001308998555203 ], [ -71.252722619068294, -33.001394340069702 ], [ -71.252739801679496, -33.001513324420898 ], [ -71.252761614173707, -33.001591665277402 ], [ -71.2527850442182, -33.001622258016504 ], [ -71.252797819963206, -33.001679289502498 ], [ -71.252799396620105, -33.001741293451097 ], [ -71.252709638601999, -33.001886067995201 ], [ -71.252662981, -33.001944171592498 ], [ -71.252587961196099, -33.002000401167798 ], [ -71.252534358794804, -33.002089806364097 ], [ -71.252496838720504, -33.002128657562402 ], [ -71.252423237324194, -33.002173886215097 ], [ -71.252376999733301, -33.002226256004697 ], [ -71.252378018359494, -33.002266321392398 ], [ -71.252345268614704, -33.002314629676597 ], [ -71.252310108832305, -33.002357256233402 ], [ -71.252277310530999, -33.0024036572703 ], [ -71.252246484629097, -33.0024385704466 ], [ -71.252206796785302, -33.002481278709702 ], [ -71.2521995354181, -33.002552032286196 ], [ -71.252204984929904, -33.002588199679302 ], [ -71.252160720519797, -33.002629081528198 ], [ -71.252122616988501, -33.002645038652503 ], [ -71.252086292987002, -33.002641877164201 ], [ -71.252048723982398, -33.002678820109601 ], [ -71.251987751838598, -33.002775356599599 ], [ -71.251964181389695, -33.002813001822297 ], [ -71.251954974696602, -33.002851819782499 ], [ -71.251946058954601, -33.002902083839103 ], [ -71.251943863003504, -33.002949364453997 ], [ -71.251921544070896, -33.003007028519001 ], [ -71.251861113183395, -33.003102600227898 ], [ -71.251754723951194, -33.003194707175297 ], [ -71.251670664316407, -33.003296431343401 ], [ -71.251644403337707, -33.003332693982898 ], [ -71.251595750342204, -33.0034237579831 ], [ -71.2515497298604, -33.003484713656803 ], [ -71.251447394557303, -33.003624941338302 ], [ -71.251397450847193, -33.003709826306398 ], [ -71.251348559427399, -33.003746973355597 ], [ -71.251171772362397, -33.003832237886002 ], [ -71.251100675851404, -33.003886964748702 ], [ -71.250979344079397, -33.0040151284906 ], [ -71.250803103076194, -33.004211088065802 ], [ -71.250689338641294, -33.004369654669098 ], [ -71.250621281520395, -33.004454866084899 ], [ -71.250534963323304, -33.004534679821198 ], [ -71.250518449430004, -33.004597965073202 ], [ -71.250519661170401, -33.004645661233603 ], [ -71.250554836222804, -33.004692744782503 ], [ -71.250606297464898, -33.004756712928199 ], [ -71.250631979088396, -33.004786788415998 ], [ -71.250625346523606, -33.004882344083498 ], [ -71.250561684132293, -33.005051459073599 ], [ -71.250529541666495, -33.005154918836901 ], [ -71.250501754251601, -33.005220315537599 ], [ -71.250482248597805, -33.005255024118398 ], [ -71.250404550648, -33.005317504818002 ], [ -71.250371798789999, -33.0053658135581 ], [ -71.250348588867098, -33.0054330366752 ], [ -71.250322968936402, -33.005494578031197 ], [ -71.250308621334, -33.005554006166101 ], [ -71.250248711697495, -33.005692514588503 ], [ -71.250149631481506, -33.0058050068968 ], [ -71.250048045053802, -33.005905805319003 ], [ -71.250010116422601, -33.005973294713797 ], [ -71.249977909288603, -33.006043066054602 ], [ -71.249976473089703, -33.006097967175002 ], [ -71.249843568220598, -33.006105135892902 ], [ -71.249709893207395, -33.006193438174698 ], [ -71.249613964256, -33.006207097132297 ], [ -71.249507926661593, -33.006268656291802 ], [ -71.249436094047994, -33.006339141928699 ], [ -71.249342042241594, -33.006426730357298 ], [ -71.249215827257501, -33.006474337724299 ], [ -71.2491144589453, -33.006504852526803 ], [ -71.248979774453403, -33.006545397415501 ], [ -71.248672236073702, -33.0065891153384 ], [ -71.248511027209105, -33.006596791872802 ], [ -71.248329105116696, -33.006658603938099 ], [ -71.248256954169094, -33.006605028853002 ], [ -71.248219555337798, -33.006581844195402 ], [ -71.248084363689799, -33.006610524793899 ], [ -71.247976991920495, -33.006619617514403 ], [ -71.247853365348405, -33.006657632739 ], [ -71.247749792271406, -33.006704830718 ], [ -71.247588233559597, -33.0068103344897 ], [ -71.247509527676101, -33.006833225735903 ], [ -71.247407998119499, -33.006849369944199 ], [ -71.247209221479295, -33.006938842277002 ], [ -71.246814797811595, -33.007129658945999 ], [ -71.246572640652701, -33.007257927584902 ], [ -71.246482795479295, -33.007288175986801 ], [ -71.246285346319794, -33.007430112215197 ], [ -71.246129627020593, -33.0075426671415 ], [ -71.245918206416107, -33.0076920124515 ], [ -71.245785129613694, -33.007804159371098 ], [ -71.245556664992804, -33.007951424848301 ], [ -71.245466999055495, -33.007988827429898 ], [ -71.245376075383504, -33.008088285074599 ], [ -71.245592961770498, -33.008377846256401 ], [ -71.2456038899996, -33.008393673710103 ], [ -71.246013387916094, -33.008140569482599 ], [ -71.246347522722303, -33.008034286216997 ], [ -71.246521682736102, -33.0080347294452 ], [ -71.246750218945294, -33.008001983533298 ], [ -71.247084077966505, -33.007935130619202 ], [ -71.247366535730507, -33.007851309242099 ], [ -71.247584763912499, -33.007747169989898 ], [ -71.247735970371807, -33.007680027486103 ], [ -71.247965707587895, -33.007861987524898 ], [ -71.247631346202297, -33.008243789765501 ], [ -71.247478797523499, -33.008425479801801 ], [ -71.247337714068294, -33.008556859070801 ], [ -71.247051482609294, -33.008826848469802 ], [ -71.246635902376198, -33.009188637526798 ], [ -71.246565903891195, -33.009275789927202 ], [ -71.246542517494603, -33.0093585248163 ], [ -71.246456383263606, -33.009439125210903 ], [ -71.246513063786693, -33.009501261552302 ], [ -71.246660000366305, -33.009706420006196 ], [ -71.246844465835906, -33.009530298855502 ], [ -71.247197254884597, -33.009204831892902 ], [ -71.247449707491896, -33.008970642432701 ], [ -71.247692375696801, -33.008769435411402 ], [ -71.247854047685294, -33.008584598649001 ], [ -71.248012332628804, -33.008405786907097 ], [ -71.248265715226296, -33.008124755634903 ], [ -71.248389829425406, -33.007994278124499 ], [ -71.248442124118498, -33.007823340979002 ], [ -71.248493225795798, -33.007744878364498 ], [ -71.2485427392715, -33.007603814954599 ], [ -71.248638774981103, -33.007482789532197 ], [ -71.2493849230667, -33.007036897065497 ], [ -71.249433870516398, -33.006906443633703 ], [ -71.249290741674201, -33.006726491377101 ], [ -71.2493631376406, -33.0066812501315 ], [ -71.249508184255205, -33.0065946521839 ], [ -71.249886956591894, -33.006345415272101 ], [ -71.249983010774898, -33.0062921479918 ], [ -71.250163218411501, -33.006162923343702 ], [ -71.250222618978199, -33.006111366561903 ], [ -71.250349500563203, -33.006023186273097 ], [ -71.250541498071797, -33.005823125945803 ], [ -71.250764516166498, -33.005595783229403 ], [ -71.250933307932797, -33.005195726582798 ], [ -71.251049734575801, -33.004943584722596 ], [ -71.2510581130811, -33.004916711043499 ], [ -71.251340190974901, -33.004695937845398 ], [ -71.251950676395296, -33.0042265117063 ], [ -71.252190226829597, -33.004026067730301 ], [ -71.252330835559107, -33.003907766310597 ], [ -71.252376601033305, -33.003836794697698 ], [ -71.252382811525294, -33.003813778091803 ], [ -71.252408370385197, -33.003482632607998 ], [ -71.252399628453404, -33.002871525323101 ], [ -71.252396714331695, -33.002738345893803 ], [ -71.252421752626603, -33.002665124332303 ], [ -71.252446486648694, -33.002579978983299 ], [ -71.252478175301505, -33.002489936011003 ], [ -71.252537499582004, -33.002373148644203 ], [ -71.252640954352103, -33.002210233476802 ], [ -71.252725052073302, -33.002065562071898 ], [ -71.252960956546303, -33.0017039412228 ], [ -71.253064318830894, -33.0015374483446 ], [ -71.253265801961604, -33.001169127170598 ], [ -71.253612421360501, -33.000725771996002 ], [ -71.254329286028593, -32.999827697456404 ], [ -71.254383886210505, -32.999747976361498 ], [ -71.254492804671102, -32.999688747259697 ], [ -71.2545878142909, -32.9996393126169 ], [ -71.254922230771299, -32.9995402207132 ], [ -71.255181143738895, -32.999478280358403 ], [ -71.255509246266698, -32.999390752363801 ], [ -71.255689741729199, -32.999362676130701 ], [ -71.255864027753603, -32.999357617285 ], [ -71.256420359752099, -32.999322744806101 ], [ -71.257727747590195, -32.999198983894303 ], [ -71.258079868235995, -32.999128193894499 ], [ -71.258884288053494, -32.998917991277096 ], [ -71.259249279673597, -32.998796861049797 ], [ -71.259341942805307, -32.9987665527049 ], [ -71.259605841375603, -32.998678267559903 ], [ -71.259986716390003, -32.998513901726596 ], [ -71.260207797136303, -32.9984120764395 ], [ -71.261530063260196, -32.997846999369202 ], [ -71.2621035676205, -32.997598016295903 ], [ -71.263289849929606, -32.997089864454203 ], [ -71.263928171018506, -32.996807248106599 ], [ -71.264203670127699, -32.996685818311597 ], [ -71.264441952651097, -32.996592739786202 ], [ -71.264667400462002, -32.996507051835501 ], [ -71.264817314342295, -32.996457090180499 ], [ -71.265158114918293, -32.996365012657499 ], [ -71.265511458589202, -32.996298473983799 ], [ -71.265833308809405, -32.996262567790602 ], [ -71.2661212833505, -32.996230616943102 ], [ -71.266245290287799, -32.996208323529103 ], [ -71.266412337494302, -32.996186202335899 ], [ -71.266456314293805, -32.996178723445901 ], [ -71.266628923012505, -32.996152683848599 ], [ -71.266928541303002, -32.996100894888201 ], [ -71.267054261848699, -32.996090260723101 ], [ -71.267138825335294, -32.996075602133502 ], [ -71.267366649790105, -32.996016586834003 ], [ -71.267536947444796, -32.995977704698902 ], [ -71.267683436103795, -32.995931321420599 ], [ -71.267808390660605, -32.995901851167602 ], [ -71.268059705053901, -32.995831433442497 ], [ -71.268280638616801, -32.995768724643803 ], [ -71.268737712698496, -32.995640167267297 ], [ -71.268925342407201, -32.995573291685602 ], [ -71.269158212719006, -32.9954903229604 ], [ -71.269574948357999, -32.995345555845802 ], [ -71.269946367324295, -32.995200180634697 ], [ -71.270244735632104, -32.9950878658859 ], [ -71.270590228282302, -32.994943643999598 ], [ -71.2707460329014, -32.994880684888003 ], [ -71.270846712335498, -32.994832089045602 ], [ -71.270955430316306, -32.994774567415497 ], [ -71.271079685255899, -32.994717908150797 ], [ -71.271250010982996, -32.9946360738724 ], [ -71.2717481117853, -32.994410589345698 ], [ -71.272228588264696, -32.994201427117602 ], [ -71.272799939376696, -32.993941011890897 ], [ -71.273628363313193, -32.993577225169098 ], [ -71.273891736365599, -32.993453132363697 ], [ -71.274277522728795, -32.993261435047899 ], [ -71.274545380382506, -32.993101143285998 ], [ -71.274875711929894, -32.992999209412901 ], [ -71.275327299291305, -32.992856413192399 ], [ -71.276263337837904, -32.992553395307297 ], [ -71.276639534598999, -32.992429624868798 ], [ -71.276753531005099, -32.992403686714297 ], [ -71.277009881723899, -32.992353677792501 ], [ -71.277115632969199, -32.992337432942101 ], [ -71.277925827118906, -32.992177207430601 ], [ -71.278552055524699, -32.991999857155001 ], [ -71.279238641012995, -32.991780940980803 ], [ -71.279784855264793, -32.991610704447403 ], [ -71.279966828665906, -32.9915529821116 ], [ -71.2804565626749, -32.991440963305799 ], [ -71.280816777039306, -32.991345625970197 ], [ -71.280877900508301, -32.991344508825698 ], [ -71.281265016802806, -32.991337432863602 ], [ -71.281731514020095, -32.991334630415302 ], [ -71.282110605978701, -32.991367781140099 ], [ -71.282283197886002, -32.991385621079502 ], [ -71.282743799340807, -32.991457266165597 ], [ -71.283058209573298, -32.9915731942707 ], [ -71.283396058028799, -32.991719708233397 ], [ -71.283939375102094, -32.991929266761403 ], [ -71.284279379061104, -32.992049494413102 ], [ -71.284925249560303, -32.992283414763101 ], [ -71.285998476724401, -32.992657826417002 ], [ -71.286552088179207, -32.992855797415999 ], [ -71.286589428288096, -32.992839199241899 ], [ -71.286623681467503, -32.992762224518103 ], [ -71.286646959124994, -32.9926988102414 ], [ -71.286699322694503, -32.992621503646703 ], [ -71.286945986286, -32.992700965650798 ], [ -71.287298755886994, -32.992767031132402 ], [ -71.287519280932699, -32.992821025184 ], [ -71.287742745827302, -32.992840787040201 ], [ -71.288149072768206, -32.9928154431474 ], [ -71.288289640635895, -32.992777078127503 ], [ -71.288064091396706, -32.992402456983903 ], [ -71.287702280526005, -32.991821569696697 ], [ -71.287012338846097, -32.990688997649301 ], [ -71.2868505973033, -32.990781249677902 ], [ -71.286320847128906, -32.990987789869102 ], [ -71.285801336107099, -32.991097512957602 ], [ -71.285645021476498, -32.991129007298902 ], [ -71.285568802597098, -32.991137560394002 ], [ -71.285152547410306, -32.991134447099199 ], [ -71.284910601353701, -32.991138877217701 ], [ -71.284426711692902, -32.990983110707603 ], [ -71.283972405041695, -32.990827158846699 ], [ -71.283301494976399, -32.990609795585698 ], [ -71.282364523715302, -32.990504659384797 ], [ -71.282027031011197, -32.990454166454299 ], [ -71.281003956780097, -32.9903836487955 ], [ -71.280842472357506, -32.990434317074403 ], [ -71.280407156386303, -32.990570513327903 ], [ -71.279692212135998, -32.990796316435599 ], [ -71.279446600564299, -32.990878344061102 ], [ -71.279214676214394, -32.990942226978099 ], [ -71.279109938953098, -32.990997821688502 ], [ -71.2789761375588, -32.991024123616498 ], [ -71.278796734016794, -32.991066170303803 ], [ -71.2787271388531, -32.9911121767624 ], [ -71.278477374328006, -32.991170419036003 ], [ -71.278277207354606, -32.991230738341699 ] ] ] } },
{ "type": "Feature", "properties": { "id": "monoparte.71", "Name": null, "description": null, "timestamp": null, "begin": null, "end": null, "altitudeMode": null, "tessellate": -1, "extrude": 0, "visibility": -1, "drawOrder": null, "icon": null, "OBJECTID": 78.0, "REG": "Valparaíso", "COM": "Limache", "SHAPE_Leng": 8362.1641175799996, "SHAPE_Area": 113603.725873, "LOC": "Limache", "ZONA": "ZPP", "NOM": "ZPP - Plazas y Parques públicos proyectados", "UPERM": "REVISAR ORDENANZA LOCAL", "UPROH": "REVISAR ORDENANZA LOCAL", "P_DO": "08/05/2025", "N_DO": "31/4/117", "T_DO": "Resolución", "OBS": null }, "geometry": { "type": "Polygon", "coordinates": [ [ [ -71.249290741674201, -33.006726491377101 ], [ -71.249433870516398, -33.006906443633703 ], [ -71.249831338296801, -33.006682458816996 ], [ -71.250461323195196, -33.006234479682099 ], [ -71.250962483805495, -33.005731559551499 ], [ -71.251056492950795, -33.0055867103776 ], [ -71.251127184478094, -33.005359968130698 ], [ -71.251227866185999, -33.005143421893301 ], [ -71.251306165386296, -33.005048959137497 ], [ -71.251746909453303, -33.004689981692202 ], [ -71.252482758443904, -33.0041189977211 ], [ -71.252612723077206, -33.0039406926157 ], [ -71.252677111927397, -33.003689011794002 ], [ -71.252703393543101, -33.003330653686398 ], [ -71.252676927598898, -33.002952371427703 ], [ -71.252673016262605, -33.0027985517887 ], [ -71.252711648503706, -33.0026475440132 ], [ -71.252833004530103, -33.002409149895101 ], [ -71.253251892540803, -33.0016786607247 ], [ -71.254324361196794, -33.000247737614899 ], [ -71.254570515917806, -32.999906880023801 ], [ -71.2547677639363, -32.999813845006102 ], [ -71.255649449672703, -32.999579601208303 ], [ -71.256714342794496, -32.999524001486002 ], [ -71.257403916264806, -32.999473353538299 ], [ -71.257973408258493, -32.9993771577507 ], [ -71.258862733090297, -32.999165418785303 ], [ -71.260509064937807, -32.998572377075099 ], [ -71.261210876200195, -32.998280512794501 ], [ -71.2631162625473, -32.997485916912801 ], [ -71.264248296718506, -32.9970508339376 ], [ -71.265060083872399, -32.996687165649803 ], [ -71.265418777419001, -32.996564043619699 ], [ -71.265845966725195, -32.9964954473405 ], [ -71.266912407880795, -32.996347241005203 ], [ -71.268346633124594, -32.995966874600597 ], [ -71.269336091712901, -32.995641503640698 ], [ -71.270417081726094, -32.995249595122097 ], [ -71.271576253489201, -32.994690626632703 ], [ -71.273828123116004, -32.993944687035302 ], [ -71.274768332050002, -32.9936233526549 ], [ -71.275551986779604, -32.9932949244265 ], [ -71.276102745816104, -32.992912683182702 ], [ -71.276393375172802, -32.9927642296568 ], [ -71.276639706636104, -32.992654757281699 ], [ -71.277050658863899, -32.992561368026202 ], [ -71.277738687831402, -32.992453376388603 ], [ -71.278934266877002, -32.992103888310197 ], [ -71.280919109195693, -32.991561821265798 ], [ -71.281149478453301, -32.991536495199902 ], [ -71.282289360807994, -32.991605124005901 ], [ -71.282701234750306, -32.991690878147601 ], [ -71.283837787997598, -32.992124592666499 ], [ -71.286293357940295, -32.992985066070503 ], [ -71.286314930617905, -32.992997736210199 ], [ -71.286318370114799, -32.992990574662599 ], [ -71.286413563561695, -32.992927275692999 ], [ -71.286513293435803, -32.992873042632297 ], [ -71.286552088179207, -32.992855797415999 ], [ -71.285998476724401, -32.992657826417002 ], [ -71.284925249560303, -32.992283414763101 ], [ -71.284279379061104, -32.992049494413102 ], [ -71.283939375102094, -32.991929266761403 ], [ -71.283396058028799, -32.991719708233397 ], [ -71.283058209573298, -32.9915731942707 ], [ -71.282743799340807, -32.991457266165597 ], [ -71.282283197886002, -32.991385621079502 ], [ -71.282110605978701, -32.991367781140099 ], [ -71.281731514020095, -32.991334630415302 ], [ -71.281265016802806, -32.991337432863602 ], [ -71.280877900508301, -32.991344508825698 ], [ -71.280816777039306, -32.991345625970197 ], [ -71.2804565626749, -32.991440963305799 ], [ -71.279966828665906, -32.9915529821116 ], [ -71.279784855264793, -32.991610704447403 ], [ -71.279238641012995, -32.991780940980803 ], [ -71.278552055524699, -32.991999857155001 ], [ -71.277925827118906, -32.992177207430601 ], [ -71.277115632969199, -32.992337432942101 ], [ -71.277009881723899, -32.992353677792501 ], [ -71.276753531005099, -32.992403686714297 ], [ -71.276639534598999, -32.992429624868798 ], [ -71.276263337837904, -32.992553395307297 ], [ -71.275327299291305, -32.992856413192399 ], [ -71.274875711929894, -32.992999209412901 ], [ -71.274545380382506, -32.993101143285998 ], [ -71.274277522728795, -32.993261435047899 ], [ -71.273891736365599, -32.993453132363697 ], [ -71.273628363313193, -32.993577225169098 ], [ -71.272799939376696, -32.993941011890897 ], [ -71.272228588264696, -32.994201427117602 ], [ -71.2717481117853, -32.994410589345698 ], [ -71.271250010982996, -32.9946360738724 ], [ -71.271079685255899, -32.994717908150797 ], [ -71.270955430316306, -32.994774567415497 ], [ -71.270846712335498, -32.994832089045602 ], [ -71.2707460329014, -32.994880684888003 ], [ -71.270590228282302, -32.994943643999598 ], [ -71.270244735632104, -32.9950878658859 ], [ -71.269946367324295, -32.995200180634697 ], [ -71.269574948357999, -32.995345555845802 ], [ -71.269158212719006, -32.9954903229604 ], [ -71.268925342407201, -32.995573291685602 ], [ -71.268737712698496, -32.995640167267297 ], [ -71.268280638616801, -32.995768724643803 ], [ -71.268059705053901, -32.995831433442497 ], [ -71.267808390660605, -32.995901851167602 ], [ -71.267683436103795, -32.995931321420599 ], [ -71.267536947444796, -32.995977704698902 ], [ -71.267366649790105, -32.996016586834003 ], [ -71.267138825335294, -32.996075602133502 ], [ -71.267054261848699, -32.996090260723101 ], [ -71.266928541303002, -32.996100894888201 ], [ -71.266628923012505, -32.996152683848599 ], [ -71.266456314293805, -32.996178723445901 ], [ -71.266412337494302, -32.996186202335899 ], [ -71.266245290287799, -32.996208323529103 ], [ -71.2661212833505, -32.996230616943102 ], [ -71.265833308809405, -32.996262567790602 ], [ -71.265511458589202, -32.996298473983799 ], [ -71.265158114918293, -32.996365012657499 ], [ -71.264817314342295, -32.996457090180499 ], [ -71.264667400462002, -32.996507051835501 ], [ -71.264441952651097, -32.996592739786202 ], [ -71.264203670127699, -32.996685818311597 ], [ -71.263928171018506, -32.996807248106599 ], [ -71.263289849929606, -32.997089864454203 ], [ -71.2621035676205, -32.997598016295903 ], [ -71.261530063260196, -32.997846999369202 ], [ -71.260207797136303, -32.9984120764395 ], [ -71.259986716390003, -32.998513901726596 ], [ -71.259605841375603, -32.998678267559903 ], [ -71.259341942805307, -32.9987665527049 ], [ -71.259249279673597, -32.998796861049797 ], [ -71.258884288053494, -32.998917991277096 ], [ -71.258079868235995, -32.999128193894499 ], [ -71.257727747590195, -32.999198983894303 ], [ -71.256420359752099, -32.999322744806101 ], [ -71.255864027753603, -32.999357617285 ], [ -71.255689741729199, -32.999362676130701 ], [ -71.255509246266698, -32.999390752363801 ], [ -71.255181143738895, -32.999478280358403 ], [ -71.254922230771299, -32.9995402207132 ], [ -71.2545878142909, -32.9996393126169 ], [ -71.254492804671102, -32.999688747259697 ], [ -71.254383886210505, -32.999747976361498 ], [ -71.254329286028593, -32.999827697456404 ], [ -71.253612421360501, -33.000725771996002 ], [ -71.253265801961604, -33.001169127170598 ], [ -71.253064318830894, -33.0015374483446 ], [ -71.252960956546303, -33.0017039412228 ], [ -71.252725052073302, -33.002065562071898 ], [ -71.252640954352103, -33.002210233476802 ], [ -71.252537499582004, -33.002373148644203 ], [ -71.252478175301505, -33.002489936011003 ], [ -71.252446486648694, -33.002579978983299 ], [ -71.252421752626603, -33.002665124332303 ], [ -71.252396714331695, -33.002738345893803 ], [ -71.252399628453404, -33.002871525323101 ], [ -71.252408370385197, -33.003482632607998 ], [ -71.252382811525294, -33.003813778091803 ], [ -71.252376601033305, -33.003836794697698 ], [ -71.252330835559107, -33.003907766310597 ], [ -71.252190226829597, -33.004026067730301 ], [ -71.251950676395296, -33.0042265117063 ], [ -71.251340190974901, -33.004695937845398 ], [ -71.2510581130811, -33.004916711043499 ], [ -71.251049734575801, -33.004943584722596 ], [ -71.250933307932797, -33.005195726582798 ], [ -71.250764516166498, -33.005595783229403 ], [ -71.250541498071797, -33.005823125945803 ], [ -71.250349500563203, -33.006023186273097 ], [ -71.250222618978199, -33.006111366561903 ], [ -71.250163218411501, -33.006162923343702 ], [ -71.249983010774898, -33.0062921479918 ], [ -71.249886956591894, -33.006345415272101 ], [ -71.249508184255205, -33.0065946521839 ], [ -71.2493631376406, -33.0066812501315 ], [ -71.249290741674201, -33.006726491377101 ] ] ] } },
{ "type": "Feature", "properties": { "id": "monoparte.72", "Name": null, "description": null, "timestamp": null, "begin": null, "end": null, "altitudeMode": null, "tessellate": -1, "extrude": 0, "visibility": -1, "drawOrder": null, "icon": null, "OBJECTID": 79.0, "REG": "Valparaíso", "COM": "Limache", "SHAPE_Leng": 5178.5970591400001, "SHAPE_Area": 652728.16517499997, "LOC": "Limache", "ZONA": "ZR2", "NOM": "ZR2 – Zona Residencial Mixto 2", "UPERM": "Residencial: Vivienda, hospedaje, hogares de Acogida; Equipamiento: comercio, culto y cultura, seguridad, social, educación. Ver destinos o actividades específicas en Ordenanza Local; Infraestrctura: Sanitaria, Ver destinos o actividades específicas e", "UPROH": "Equipamiento: Científico y esparcimiento, de comercio, culto y cultura, deporte, educación , salud, en este casos todos, excepto los permitidos. Y, carceles y centro de detención, centro de orientación o rehabilitación conductual; Actividades produc", "P_DO": "08/05/2025", "N_DO": "31/4/117", "T_DO": "Resolución", "OBS": null }, "geometry": { "type": "Polygon", "coordinates": [ [ [ -71.275551986779604, -32.9932949244265 ], [ -71.274768332050002, -32.9936233526549 ], [ -71.274744415228497, -32.993631526519401 ], [ -71.275723545573697, -32.996746066292999 ], [ -71.275716323139505, -32.996960926431498 ], [ -71.275768602712802, -32.997342906892001 ], [ -71.275782158639799, -32.997493685077501 ], [ -71.275756416928303, -32.997615834427499 ], [ -71.275697258234203, -32.997825915643297 ], [ -71.275669831329395, -32.998147077800702 ], [ -71.275084331958098, -32.998317810737497 ], [ -71.274686195237507, -32.998426230718401 ], [ -71.274218167159404, -32.998547374570997 ], [ -71.273885208659493, -32.998619491882302 ], [ -71.273592968373606, -32.998678498948202 ], [ -71.2734735330245, -32.998713481546801 ], [ -71.273241814004606, -32.998786296392602 ], [ -71.273094688997205, -32.998845641504403 ], [ -71.272946647191503, -32.998869214607701 ], [ -71.272695785048995, -32.998885713170601 ], [ -71.272497682099797, -32.998889321177501 ], [ -71.272346407523798, -32.998924882564602 ], [ -71.272170216996997, -32.998954931517197 ], [ -71.2720920842238, -32.998944425027197 ], [ -71.271867307301505, -32.998873959455203 ], [ -71.271736340893895, -32.998873360902401 ], [ -71.271598833913302, -32.998893758538898 ], [ -71.271440254065595, -32.998920504686801 ], [ -71.271323451795297, -32.998970794983002 ], [ -71.271284992221197, -32.9990168267909 ], [ -71.271208379673396, -32.999120814010702 ], [ -71.271150292784498, -32.9991743611007 ], [ -71.271016344828396, -32.999250761288003 ], [ -71.270789351944302, -32.999452919781199 ], [ -71.270630971057898, -32.9995703248171 ], [ -71.270248016371895, -32.999763391118499 ], [ -71.270105760324498, -32.999847099594803 ], [ -71.269939762099895, -32.999888293190097 ], [ -71.269609924528893, -32.999944396892701 ], [ -71.269572949944305, -32.999937911347999 ], [ -71.269551739471595, -32.999930503333097 ], [ -71.269286797019404, -32.999985195871403 ], [ -71.268974794120197, -33.0000743752055 ], [ -71.268940649809295, -33.000067838909303 ], [ -71.268829704955905, -33.000158133781198 ], [ -71.268526701713398, -33.000156484821403 ], [ -71.268293543912307, -33.0001340849849 ], [ -71.268346524755501, -33.000252220239403 ], [ -71.268739805317594, -33.0010149933848 ], [ -71.268945344817993, -33.001412083826899 ], [ -71.269418890846197, -33.001293566859701 ], [ -71.269452852409103, -33.0012929491633 ], [ -71.269866499118706, -33.001192375438798 ], [ -71.270015819796598, -33.001185364855601 ], [ -71.270034719134102, -33.001193610169402 ], [ -71.270143155591697, -33.001190980878398 ], [ -71.270295437333004, -33.001211114596202 ], [ -71.270597768084301, -33.001208476376597 ], [ -71.270605570902106, -33.001203562337899 ], [ -71.270819528337697, -33.001199668671703 ], [ -71.270887536921194, -33.001201771926702 ], [ -71.271036031393095, -33.001206703472498 ], [ -71.271268542463901, -33.001219649626101 ], [ -71.271360262958396, -33.001218934973998 ], [ -71.271439433773295, -33.001214630713797 ], [ -71.271508243846, -33.001203833973101 ], [ -71.2715703464185, -33.001196468718597 ], [ -71.271913242483507, -33.001141553955399 ], [ -71.2720989231875, -33.001139127002901 ], [ -71.272503977881001, -33.001123161391803 ], [ -71.272531900234696, -33.001116735584503 ], [ -71.272782238031098, -33.001107165851899 ], [ -71.272968089699802, -33.001067276830099 ], [ -71.273005599031805, -33.001039394150503 ], [ -71.273067363513903, -33.000996755273398 ], [ -71.273107740474899, -33.000915138434401 ], [ -71.273152138658702, -33.000857783766897 ], [ -71.273218072659105, -33.000779042270999 ], [ -71.273377181458599, -33.000723176674903 ], [ -71.273604842490101, -33.000670022254802 ], [ -71.273804235519094, -33.000628215237803 ], [ -71.273976379418201, -33.000627941192498 ], [ -71.2740014063681, -33.000632257133297 ], [ -71.274086799046103, -33.000649787229897 ], [ -71.274187594607895, -33.000693758892197 ], [ -71.274353303425798, -33.000779302696898 ], [ -71.275015291926096, -33.000771942620702 ], [ -71.275195679446995, -33.000783922805198 ], [ -71.275601986199703, -33.000786554420301 ], [ -71.275820101085301, -33.000679983812702 ], [ -71.2759417097068, -33.000619311825901 ], [ -71.276081340220102, -33.000598870622099 ], [ -71.276154157205198, -33.000567718881598 ], [ -71.276287391786596, -33.000518763685903 ], [ -71.276415830428505, -33.000448423470999 ], [ -71.276603424382401, -33.0003662667432 ], [ -71.276714078640396, -33.000320109107001 ], [ -71.276750232104703, -33.000239523183602 ], [ -71.276785548787899, -33.000196171182402 ], [ -71.276848837608398, -33.000014644613699 ], [ -71.276882852621696, -32.999972032325097 ], [ -71.2769608736332, -32.999878991224598 ], [ -71.277055286486004, -32.999762745698803 ], [ -71.277055666623696, -32.999703211805901 ], [ -71.276951399803494, -32.999281741145502 ], [ -71.276962069556802, -32.999267231226803 ], [ -71.277103312596296, -32.9991444050236 ], [ -71.277173728927096, -32.999095561890996 ], [ -71.277241110633497, -32.999073336834101 ], [ -71.2772396112167, -32.999059048981003 ], [ -71.277396258885602, -32.998940713363702 ], [ -71.2774622635459, -32.998908969244802 ], [ -71.277521108292902, -32.998863041461902 ], [ -71.277540601834303, -32.998828329138298 ], [ -71.277658981306899, -32.998719280817802 ], [ -71.277656917837305, -32.998683052967003 ], [ -71.277674073344599, -32.998645520257597 ], [ -71.277704169104098, -32.998615703836698 ], [ -71.277733114965002, -32.998552188511901 ], [ -71.277772571293795, -32.998456987844698 ], [ -71.277800385407701, -32.998393493164599 ], [ -71.277820246584398, -32.998373089306 ], [ -71.277826229384502, -32.998341486615999 ], [ -71.277851628315801, -32.998316209623901 ], [ -71.277858003461901, -32.998299869034099 ], [ -71.277954600715702, -32.998184283654602 ], [ -71.277961247023399, -32.998167461086197 ], [ -71.278117248731604, -32.998013110754201 ], [ -71.278141273589597, -32.998011479124301 ], [ -71.278149457580199, -32.997999400512398 ], [ -71.278296872413407, -32.997896501650203 ], [ -71.278302134206797, -32.997880897353603 ], [ -71.278363504806194, -32.997845182239402 ], [ -71.278417770289806, -32.997808402918402 ], [ -71.278567007401605, -32.997758497638898 ], [ -71.278668189295502, -32.9977294506213 ], [ -71.278851725047403, -32.997665975011103 ], [ -71.278898827373197, -32.997647936533802 ], [ -71.279098051166301, -32.997599920340498 ], [ -71.279156928434404, -32.997577372589703 ], [ -71.279459030726599, -32.997500278253298 ], [ -71.279592490658601, -32.997460333905302 ], [ -71.279775432087604, -32.9974398134515 ], [ -71.279829375147798, -32.997423558644599 ], [ -71.280007494262094, -32.997391673791 ], [ -71.280304077350394, -32.997386254325797 ], [ -71.280472251401903, -32.997407993392102 ], [ -71.280739029258598, -32.997445825153001 ], [ -71.280857500837698, -32.997461553941299 ], [ -71.280988116686302, -32.997454155392198 ], [ -71.281110407894602, -32.997486276377003 ], [ -71.281243403799706, -32.997505318305997 ], [ -71.281374321233301, -32.9975176539402 ], [ -71.281467684756606, -32.997536942287702 ], [ -71.281544462470507, -32.997571803974601 ], [ -71.281618187050697, -32.997620081693 ], [ -71.281664029747205, -32.997685093390402 ], [ -71.281700868097204, -32.997708279059999 ], [ -71.281723014326204, -32.997732686518901 ], [ -71.281788941080407, -32.9977419791011 ], [ -71.282064974462997, -32.997774150712601 ], [ -71.282084390763202, -32.997780476645403 ], [ -71.282100042528597, -32.997772555321603 ], [ -71.282206271332996, -32.997605383067601 ], [ -71.282210013805198, -32.997574775225203 ], [ -71.282221924516307, -32.997553562056801 ], [ -71.282245920016393, -32.997517811757298 ], [ -71.282294327610501, -32.997462528621902 ], [ -71.282371478259705, -32.997379998332903 ], [ -71.282426628499294, -32.997322682826599 ], [ -71.282449663169402, -32.997293631092901 ], [ -71.282462657340602, -32.9972704890912 ], [ -71.282559506637597, -32.9972010659327 ], [ -71.282584608343797, -32.997186291564297 ], [ -71.282613892761603, -32.9971690546612 ], [ -71.282619616623705, -32.997116461192498 ], [ -71.282650625356894, -32.997056247140797 ], [ -71.282671975339198, -32.997005752936403 ], [ -71.282699383843394, -32.996970656106399 ], [ -71.282729499614405, -32.996930738613301 ], [ -71.282730054584206, -32.996897326028403 ], [ -71.282758725597404, -32.996856241950098 ], [ -71.282773000128202, -32.996805877165997 ], [ -71.282779799986898, -32.996740141815003 ], [ -71.282815980154496, -32.996678262280099 ], [ -71.282869396541003, -32.996575646694701 ], [ -71.282904097754198, -32.9964719424108 ], [ -71.282917609498597, -32.996402982257599 ], [ -71.282908456651001, -32.996377382348101 ], [ -71.282864541580594, -32.9960575243717 ], [ -71.282850847310399, -32.996053480789698 ], [ -71.2828307344503, -32.995932169080298 ], [ -71.282819462952403, -32.995916664179099 ], [ -71.282764062215307, -32.995810313205098 ], [ -71.282689027163798, -32.995601251916398 ], [ -71.282698555004501, -32.995557877726498 ], [ -71.282697645830496, -32.9955225838264 ], [ -71.282675603136994, -32.995370290954497 ], [ -71.282673933536003, -32.9952615259553 ], [ -71.282678218959703, -32.9951641032821 ], [ -71.282689519698195, -32.995031242646903 ], [ -71.282710755354302, -32.9949323773128 ], [ -71.282746440595204, -32.994833903217199 ], [ -71.282802550572299, -32.9947040399515 ], [ -71.282875535055595, -32.9945835103211 ], [ -71.2829520704461, -32.994422256904301 ], [ -71.282983111911605, -32.9943083603914 ], [ -71.283000706477495, -32.994277022076503 ], [ -71.283029284426206, -32.994232360622298 ], [ -71.2830796005547, -32.994183498792701 ], [ -71.2830901594984, -32.994131770878703 ], [ -71.283125818118506, -32.994065268541803 ], [ -71.283148999225105, -32.9940419400954 ], [ -71.283172069715306, -32.994014318656902 ], [ -71.283257409795098, -32.993964085534103 ], [ -71.283307832377801, -32.9939431216619 ], [ -71.283319385503006, -32.993930027038502 ], [ -71.283351093514398, -32.993907973605097 ], [ -71.283386270038207, -32.993888720639703 ], [ -71.2834689543199, -32.993830983858203 ], [ -71.283553902291501, -32.9937435381893 ], [ -71.283616776234098, -32.993678446693202 ], [ -71.283652236762094, -32.9936482124184 ], [ -71.283678000365896, -32.993637243728202 ], [ -71.283707899127805, -32.993610929207897 ], [ -71.283741194768794, -32.993584552515699 ], [ -71.283860467380805, -32.993554693330303 ], [ -71.284110070771106, -32.993481666258297 ], [ -71.284355973591403, -32.993443762669699 ], [ -71.284661422937205, -32.993407949791198 ], [ -71.284834291015997, -32.993392378593498 ], [ -71.284891552604904, -32.993373196969799 ], [ -71.284998019491098, -32.993359119965703 ], [ -71.285155844684596, -32.993358615989898 ], [ -71.285305904265996, -32.993358850080803 ], [ -71.285348751727398, -32.993318698837399 ], [ -71.285372529091504, -32.993307526315 ], [ -71.285511576488702, -32.9932650171502 ], [ -71.285573864460602, -32.9932650684487 ], [ -71.285664895741604, -32.993227016659198 ], [ -71.285690278856706, -32.993208944274997 ], [ -71.285724938540199, -32.9932025833578 ], [ -71.285748100262595, -32.993178538817901 ], [ -71.285797062525504, -32.993133980414498 ], [ -71.285825152393102, -32.993103404430798 ], [ -71.285829673529705, -32.993081133290303 ], [ -71.285858132408904, -32.993064864832597 ], [ -71.285922019182806, -32.992962295202901 ], [ -71.285954838108196, -32.992866447257903 ], [ -71.283837787997598, -32.992124592666499 ], [ -71.282701234750306, -32.991690878147601 ], [ -71.282289360807994, -32.991605124005901 ], [ -71.281149478453301, -32.991536495199902 ], [ -71.280919109195693, -32.991561821265798 ], [ -71.278934266877002, -32.992103888310197 ], [ -71.277738687831402, -32.992453376388603 ], [ -71.277050658863899, -32.992561368026202 ], [ -71.276639706636104, -32.992654757281699 ], [ -71.276393375172802, -32.9927642296568 ], [ -71.276102745816104, -32.992912683182702 ], [ -71.275551986779604, -32.9932949244265 ] ], [ [ -71.275611638030099, -32.998231600220599 ], [ -71.275242330202403, -32.998404153237303 ], [ -71.275206104135904, -32.9983165363887 ], [ -71.275206497379699, -32.998314805980698 ], [ -71.275604875192997, -32.9981887778751 ], [ -71.275614038426795, -32.998214855197901 ], [ -71.275611638030099, -32.998231600220599 ] ], [ [ -71.275070208594499, -32.998363822866402 ], [ -71.275092400175296, -32.9984092720726 ], [ -71.274985250003994, -32.998481609691602 ], [ -71.275012372970906, -32.998545533261101 ], [ -71.275011692643901, -32.998574176120201 ], [ -71.274871473303406, -32.998406142801301 ], [ -71.275070208594499, -32.998363822866402 ] ], [ [ -71.2748556564556, -32.998451762862999 ], [ -71.274989230004905, -32.998636618612302 ], [ -71.274950221480495, -32.998661189120199 ], [ -71.274822797041196, -32.998433867087201 ], [ -71.2748556564556, -32.998451762862999 ] ], [ [ -71.273307219502101, -32.998830826102001 ], [ -71.273404465167403, -32.998788717449699 ], [ -71.273720050363593, -32.998707097046498 ], [ -71.274076571036602, -32.998631886095097 ], [ -71.273386685742594, -32.998956530060497 ], [ -71.273307219502101, -32.998830826102001 ] ] ] } },
{ "type": "Feature", "properties": { "id": "monoparte.73", "Name": null, "description": null, "timestamp": null, "begin": null, "end": null, "altitudeMode": null, "tessellate": -1, "extrude": 0, "visibility": -1, "drawOrder": null, "icon": null, "OBJECTID": 80.0, "REG": "Valparaíso", "COM": "Limache", "SHAPE_Leng": 374.24044049700001, "SHAPE_Area": 5731.7286753899998, "LOC": "Limache", "ZONA": "AV", "NOM": "AV - Áreas verdes Existentes (Art.2.1.30)", "UPERM": "Se regirán según lo dispuesto en el Art. 2.1.30 de la OGUC y considerarán las siguientes normas urbanísticas.", "UPROH": null, "P_DO": "08/05/2025", "N_DO": "31/4/117", "T_DO": "Resolución", "OBS": null }, "geometry": { "type": "Polygon", "coordinates": [ [ [ -71.267138472314201, -32.998127578551198 ], [ -71.267179332201295, -32.997649659610097 ], [ -71.267165955827494, -32.997265179650398 ], [ -71.267096360767297, -32.996896632384598 ], [ -71.267086406681003, -32.996872206308403 ], [ -71.266555036083503, -32.997022976529003 ], [ -71.266949189149898, -32.998319104201798 ], [ -71.266953489067504, -32.9983488496188 ], [ -71.267138472314201, -32.998127578551198 ] ] ] } },
{ "type": "Feature", "properties": { "id": "monoparte.74", "Name": null, "description": null, "timestamp": null, "begin": null, "end": null, "altitudeMode": null, "tessellate": -1, "extrude": 0, "visibility": -1, "drawOrder": null, "icon": null, "OBJECTID": 81.0, "REG": "Valparaíso", "COM": "Limache", "SHAPE_Leng": 371.58721367300001, "SHAPE_Area": 8304.0689713200009, "LOC": "Limache", "ZONA": "ZR1", "NOM": "ZR1 - Zona Residencial Mixto 1", "UPERM": "Residencial: Vivienda, hospedaje, hogares de Acogida; Equipamiento: comercio, culto y cultura, seguridad, social, educación. Ver destinos o actividades específicas en Ordenanza Local: Espacios Públicos; Áreas vedes", "UPROH": "Equipamiento: Estaciones o centros de servicio automotor del tipo Revisión técnica, discotecas, cárceles o centros de detención, zoológicos, parques de entretenciones, cementerios, cementerios-parque, crematorios.", "P_DO": "08/05/2025", "N_DO": "31/4/117", "T_DO": "Resolución", "OBS": null }, "geometry": { "type": "Polygon", "coordinates": [ [ [ -71.273029386435695, -33.016612196917599 ], [ -71.273494738103807, -33.017572802012801 ], [ -71.274211283383394, -33.017265885645102 ], [ -71.273790381066405, -33.016380677807099 ], [ -71.273029386435695, -33.016612196917599 ] ] ] } },
{ "type": "Feature", "properties": { "id": "monoparte.75", "Name": null, "description": null, "timestamp": null, "begin": null, "end": null, "altitudeMode": null, "tessellate": -1, "extrude": 0, "visibility": -1, "drawOrder": null, "icon": null, "OBJECTID": 82.0, "REG": "Valparaíso", "COM": "Limache", "SHAPE_Leng": 335.92330300499998, "SHAPE_Area": 3541.79703677, "LOC": "Limache", "ZONA": "ZAV", "NOM": "ZAV - Zona de Área verde", "UPERM": "Para los efectos de la aplicación del Art. 2.1.31 de la OGUC, las condiciones de edificación para los usos complementarios son las siguientes: sup. subdivisón mínima: 2.500 m2; sistema de agrupamiento: aislado; Altura máxima: 3.5 metros; Antejardín", "UPROH": null, "P_DO": "08/05/2025", "N_DO": "31/4/117", "T_DO": "Resolución", "OBS": null }, "geometry": { "type": "Polygon", "coordinates": [ [ [ -71.272259070051206, -33.01663287201 ], [ -71.272351855423096, -33.016833304438499 ], [ -71.273029386435695, -33.016612196917599 ], [ -71.273790381066405, -33.016380677807099 ], [ -71.273689931804597, -33.016169417369397 ], [ -71.272394218319405, -33.016578189242402 ], [ -71.272259070051206, -33.01663287201 ] ] ] } },
{ "type": "Feature", "properties": { "id": "monoparte.76", "Name": null, "description": null, "timestamp": null, "begin": null, "end": null, "altitudeMode": null, "tessellate": -1, "extrude": 0, "visibility": -1, "drawOrder": null, "icon": null, "OBJECTID": 83.0, "REG": "Valparaíso", "COM": "Limache", "SHAPE_Leng": 908.963812609, "SHAPE_Area": 44279.48543030001, "LOC": "Limache", "ZONA": "ZCEM", "NOM": "ZCEM - Zona de Cementerio", "UPERM": "Equipamiento: Salud y culto y cultura: Ver en ordenanza local actividades o destinos permitidas.", "UPROH": "Equipamiento: Hospitales, clínicas, policlínicos, consultorios, postas, centros de rehabilitación, santuarios.", "P_DO": "08/05/2025", "N_DO": "31/4/117", "T_DO": "Resolución", "OBS": null }, "geometry": { "type": "Polygon", "coordinates": [ [ [ -71.271017778371501, -33.014019476170397 ], [ -71.271681027019497, -33.015384175505602 ], [ -71.272259070051206, -33.01663287201 ], [ -71.272394218319405, -33.016578189242402 ], [ -71.273689931804597, -33.016169417369397 ], [ -71.272455534608795, -33.013573197395999 ], [ -71.271017778371501, -33.014019476170397 ] ] ] } },
{ "type": "Feature", "properties": { "id": "monoparte.77", "Name": null, "description": null, "timestamp": null, "begin": null, "end": null, "altitudeMode": null, "tessellate": -1, "extrude": 0, "visibility": -1, "drawOrder": null, "icon": null, "OBJECTID": 84.0, "REG": "Valparaíso", "COM": "Limache", "SHAPE_Leng": 338.55992946499998, "SHAPE_Area": 3665.2434877000001, "LOC": "Limache", "ZONA": "ZAV", "NOM": "ZAV - Zona de Área verde", "UPERM": "Para los efectos de la aplicación del Art. 2.1.31 de la OGUC, las condiciones de edificación para los usos complementarios son las siguientes: sup. subdivisón mínima: 2.500 m2; sistema de agrupamiento: aislado; Altura máxima: 3.5 metros; Antejardín", "UPROH": null, "P_DO": "08/05/2025", "N_DO": "31/4/117", "T_DO": "Resolución", "OBS": null }, "geometry": { "type": "Polygon", "coordinates": [ [ [ -71.271568160982895, -33.013606269780297 ], [ -71.270911188523797, -33.013800153355298 ], [ -71.271017778371501, -33.014019476170397 ], [ -71.272455534608795, -33.013573197395999 ], [ -71.272353433489997, -33.013358447119103 ], [ -71.271568160982895, -33.013606269780297 ] ] ] } },
{ "type": "Feature", "properties": { "id": "monoparte.78", "Name": null, "description": null, "timestamp": null, "begin": null, "end": null, "altitudeMode": null, "tessellate": -1, "extrude": 0, "visibility": -1, "drawOrder": null, "icon": null, "OBJECTID": 85.0, "REG": "Valparaíso", "COM": "Limache", "SHAPE_Leng": 4507.3991307200004, "SHAPE_Area": 268843.70772399998, "LOC": "Limache", "ZONA": "ZC2a", "NOM": "ZC2a Subzona Centro Mixto Residencial 2a", "UPERM": "REVISAR DETALLES EN ORDENANZA", "UPROH": "Los tipos de uso de suelo Actividades Productivas e Infraestructura se encuentran prohibidos. El tipo de uso de suelo Equipamiento de la clase Científico se encuentra prohibido. REVISAR DETALLES EN ORDENANZA", "P_DO": "08/05/2025", "N_DO": "31/4/117", "T_DO": "Resolución", "OBS": null }, "geometry": { "type": "Polygon", "coordinates": [ [ [ -71.269023916296803, -33.001716048162301 ], [ -71.2689602510589, -33.001703329798303 ], [ -71.268638218215997, -33.0018433906884 ], [ -71.268719635814506, -33.001982080725298 ], [ -71.268860633514393, -33.002235999260499 ], [ -71.268994557258296, -33.0024900462464 ], [ -71.269207678351094, -33.002718674378201 ], [ -71.269367816079907, -33.002879576067897 ], [ -71.269568202890895, -33.003097340935398 ], [ -71.269609870114195, -33.003220648133897 ], [ -71.2696677779617, -33.003358930079301 ], [ -71.269678187527205, -33.003499985024398 ], [ -71.269639616115697, -33.003674378534001 ], [ -71.269624668178196, -33.003731911400401 ], [ -71.269464289187297, -33.003933333901699 ], [ -71.2691874085519, -33.004200339150799 ], [ -71.269174373256007, -33.004222048631803 ], [ -71.2691533243283, -33.004262515018198 ], [ -71.269097565833405, -33.004340831366001 ], [ -71.269074073478095, -33.004418560900099 ], [ -71.269063677032094, -33.004543293011899 ], [ -71.269073951476102, -33.004679100489597 ], [ -71.269107488606195, -33.004978380187303 ], [ -71.269137232652696, -33.005166800396701 ], [ -71.269126237605505, -33.005268161981803 ], [ -71.269096542755904, -33.005346958367703 ], [ -71.269078070819305, -33.005421733546797 ], [ -71.268989163584607, -33.005488246466498 ], [ -71.2688193308922, -33.005579135311699 ], [ -71.268626472548206, -33.0056540695794 ], [ -71.268192974163497, -33.005776472986902 ], [ -71.268122457241802, -33.005809248453097 ], [ -71.268029407675201, -33.005866083615402 ], [ -71.267980477624704, -33.005945707342903 ], [ -71.267896654684904, -33.0060560268657 ], [ -71.267850375606898, -33.006172821987803 ], [ -71.267846060476401, -33.006336094179503 ], [ -71.267847829562598, -33.0065379073787 ], [ -71.267894938096603, -33.006594491497601 ], [ -71.268023828683795, -33.006718122672098 ], [ -71.268105206006297, -33.006844049429098 ], [ -71.268143102386006, -33.006930683015 ], [ -71.268195611391704, -33.007057134504002 ], [ -71.268241107937499, -33.007175124309697 ], [ -71.268297195768696, -33.007308667848797 ], [ -71.268332828625205, -33.0074395416557 ], [ -71.268387157845893, -33.007504403976903 ], [ -71.268401427690193, -33.007597194021599 ], [ -71.2684423180349, -33.007668026747801 ], [ -71.268557735331598, -33.007796197285302 ], [ -71.268562231171202, -33.007839061245598 ], [ -71.268544466584899, -33.0078751727971 ], [ -71.268505175534202, -33.007933148156098 ], [ -71.268451895652802, -33.007975630639898 ], [ -71.268374950751394, -33.008022838391 ], [ -71.268268805893996, -33.008057693711599 ], [ -71.268042015292707, -33.008091879153 ], [ -71.267545880344002, -33.008090876199802 ], [ -71.267495227071606, -33.008103248996697 ], [ -71.267431317774793, -33.008128746855 ], [ -71.267364211179896, -33.008184244408 ], [ -71.267283856275, -33.008297364480903 ], [ -71.267181629606, -33.0084853203088 ], [ -71.267113170940604, -33.008731355381997 ], [ -71.2671026746103, -33.008785944028197 ], [ -71.267106593568698, -33.008939046331101 ], [ -71.267152981714105, -33.009025526788299 ], [ -71.267257330633598, -33.009119543071101 ], [ -71.267421226183799, -33.0092167711842 ], [ -71.267517023203098, -33.009242228616998 ], [ -71.267610879203204, -33.009295080264202 ], [ -71.267674552837704, -33.009348797857903 ], [ -71.267693366977895, -33.009420032068199 ], [ -71.267712486474096, -33.0095031908387 ], [ -71.267699145951795, -33.009756336424701 ], [ -71.267712134490495, -33.010042405043301 ], [ -71.267722029621297, -33.010097100098697 ], [ -71.267800750205097, -33.010296083366597 ], [ -71.267828238636994, -33.010374317930101 ], [ -71.267838562425595, -33.010445706435398 ], [ -71.2678318415268, -33.010515018752599 ], [ -71.267785861702293, -33.010599359936997 ], [ -71.267736684821301, -33.010669444886901 ], [ -71.267663233000405, -33.0107094306872 ], [ -71.267605717826399, -33.010785631304302 ], [ -71.267578196667998, -33.010872022932297 ], [ -71.267596369996795, -33.010918217350003 ], [ -71.268464930276906, -33.010666225579897 ], [ -71.268786775845498, -33.011125619360598 ], [ -71.2689604226683, -33.011437396365103 ], [ -71.269704514949694, -33.013017228940001 ], [ -71.270223924081407, -33.014057562726599 ], [ -71.270762225283605, -33.015171512094099 ], [ -71.271910722132006, -33.017550788176102 ], [ -71.272202569029602, -33.018108538370399 ], [ -71.272736470114296, -33.0178975824359 ], [ -71.273494738103807, -33.017572802012801 ], [ -71.273029386435695, -33.016612196917599 ], [ -71.272351855423096, -33.016833304438499 ], [ -71.271681027019497, -33.015384175505602 ], [ -71.270911188523797, -33.013800153355298 ], [ -71.271568160982895, -33.013606269780297 ], [ -71.271067214058903, -33.012568587848399 ], [ -71.270939748147896, -33.012332619140402 ], [ -71.270473028659495, -33.011386764563703 ], [ -71.270203157984298, -33.010801171646399 ], [ -71.270061223434595, -33.0105114847997 ], [ -71.270058772008895, -33.010001548496199 ], [ -71.270048355662894, -33.008695172162902 ], [ -71.270055492027495, -33.007979279972403 ], [ -71.270071007190396, -33.007921736755698 ], [ -71.270704836260705, -33.007627476171002 ], [ -71.270457120515701, -33.007077267661202 ], [ -71.270448136953505, -33.007062817435198 ], [ -71.270753768800006, -33.006945119412499 ], [ -71.270887605949, -33.0068639492629 ], [ -71.270939547688201, -33.006791427703199 ], [ -71.270953594716104, -33.006676650196098 ], [ -71.270934990027797, -33.006061433081101 ], [ -71.270917964119704, -33.005894333689497 ], [ -71.271228233169595, -33.005405546342502 ], [ -71.270233076908198, -33.003698667911003 ], [ -71.269323404337499, -33.002132901792798 ], [ -71.269074309174002, -33.001693658442399 ], [ -71.269023916296803, -33.001716048162301 ] ] ] } },
{ "type": "Feature", "properties": { "id": "monoparte.79", "Name": null, "description": null, "timestamp": null, "begin": null, "end": null, "altitudeMode": null, "tessellate": -1, "extrude": 0, "visibility": -1, "drawOrder": null, "icon": null, "OBJECTID": 86.0, "REG": "Valparaíso", "COM": "Limache", "SHAPE_Leng": 5261.4361618399998, "SHAPE_Area": 604938.33192899998, "LOC": "Limache", "ZONA": "ZR2", "NOM": "ZR2 – Zona Residencial Mixto 2", "UPERM": "Residencial: Vivienda, hospedaje, hogares de Acogida; Equipamiento: comercio, culto y cultura, seguridad, social, educación. Ver destinos o actividades específicas en Ordenanza Local; Infraestrctura: Sanitaria, Ver destinos o actividades específicas e", "UPROH": "Equipamiento: Científico y esparcimiento, de comercio, culto y cultura, deporte, educación , salud, en este casos todos, excepto los permitidos. Y, carceles y centro de detención, centro de orientación o rehabilitación conductual; Actividades produc", "P_DO": "08/05/2025", "N_DO": "31/4/117", "T_DO": "Resolución", "OBS": null }, "geometry": { "type": "Polygon", "coordinates": [ [ [ -71.279473067317198, -32.998739763241602 ], [ -71.278962849427202, -32.999069743537703 ], [ -71.278865095926406, -32.999144059863902 ], [ -71.278625037602694, -32.9994099356527 ], [ -71.278031281684704, -33.0000943684094 ], [ -71.277900478011603, -33.000292875253102 ], [ -71.277722356622405, -33.000522069167801 ], [ -71.277494927129894, -33.0007618259623 ], [ -71.277232504176496, -33.001017132288403 ], [ -71.276960552365097, -33.001177176613197 ], [ -71.276564551283997, -33.0013305375237 ], [ -71.276116326793797, -33.001517655383097 ], [ -71.275601803038001, -33.001741768432403 ], [ -71.274929413870893, -33.002057433695498 ], [ -71.274793382175503, -33.002052755742902 ], [ -71.274562106665897, -33.002087988447997 ], [ -71.274395962003197, -33.0021102945975 ], [ -71.273829196621094, -33.002091993930797 ], [ -71.273604558277995, -33.002077001075001 ], [ -71.273441481424896, -33.002079829139497 ], [ -71.273095952429202, -33.0021204809075 ], [ -71.272517057006098, -33.002247456552098 ], [ -71.272099299162406, -33.0023188153164 ], [ -71.271605606771104, -33.002411786765997 ], [ -71.271336014496995, -33.002498768939503 ], [ -71.270651858012101, -33.002761261316103 ], [ -71.269887217213096, -33.003103367785201 ], [ -71.270233076908198, -33.003698667911003 ], [ -71.271228233169595, -33.005405546342502 ], [ -71.271426329976805, -33.005215651854897 ], [ -71.271565161850802, -33.005079312322401 ], [ -71.271459471525802, -33.004763848696399 ], [ -71.271891813176893, -33.0045746511042 ], [ -71.271926558804196, -33.004604556978599 ], [ -71.272043073468794, -33.004554718481003 ], [ -71.272123603844307, -33.004703024901801 ], [ -71.272326011569007, -33.004689288800797 ], [ -71.2736337716088, -33.004617746991102 ], [ -71.273663546258803, -33.004536681178898 ], [ -71.273706418498506, -33.004276435957699 ], [ -71.273756501686293, -33.004159211530798 ], [ -71.273858755902907, -33.004061316585499 ], [ -71.273941519659402, -33.003976302932799 ], [ -71.274044362207107, -33.003846187647497 ], [ -71.2741346779666, -33.003641742421102 ], [ -71.274302976136795, -33.003441839863697 ], [ -71.274538568508106, -33.003243693341197 ], [ -71.274684703453403, -33.003145593874002 ], [ -71.274794237148797, -33.003000444747997 ], [ -71.274848696589501, -33.002915945654401 ], [ -71.274910003241601, -33.002822375474103 ], [ -71.274976495699207, -33.002757597248497 ], [ -71.275063325566407, -33.002610475837201 ], [ -71.275148733437902, -33.002518255156602 ], [ -71.2753247676998, -33.002426767840902 ], [ -71.275799735498396, -33.002159834714703 ], [ -71.276240330768402, -33.002006259562798 ], [ -71.276344801013906, -33.001994810502701 ], [ -71.277000843214097, -33.001961366849102 ], [ -71.277334513184499, -33.002384734502598 ], [ -71.277595126242701, -33.002725154022897 ], [ -71.2781370277322, -33.0034280401335 ], [ -71.278348809250005, -33.003680654710301 ], [ -71.278436781708393, -33.003798341941902 ], [ -71.278510910291104, -33.003928211102 ], [ -71.278610110011996, -33.004069551536404 ], [ -71.279273191888095, -33.0048800190783 ], [ -71.279363629050195, -33.0049833453524 ], [ -71.279384545383806, -33.005025908826603 ], [ -71.279385404492004, -33.005059295559299 ], [ -71.279074450249993, -33.005219060729303 ], [ -71.279433161413095, -33.005687429657002 ], [ -71.281436797024099, -33.0083480324001 ], [ -71.282199246880793, -33.007936840705597 ], [ -71.285367141352594, -33.006262428344399 ], [ -71.284714470153205, -33.004671078644598 ], [ -71.282430920065906, -32.999102738665798 ], [ -71.2823102555476, -32.998769120713703 ], [ -71.282055633026303, -32.998792287788703 ], [ -71.281710615140796, -32.998808140387503 ], [ -71.281583017768099, -32.998800930386501 ], [ -71.280756967643498, -32.998608460950699 ], [ -71.280575354434305, -32.998592693136104 ], [ -71.280243627549396, -32.998574897195702 ], [ -71.279980434920503, -32.998579706512601 ], [ -71.279873814114296, -32.998617442204399 ], [ -71.279645630709894, -32.998667896846698 ], [ -71.279473067317198, -32.998739763241602 ] ], [ [ -71.282876345067194, -33.004261112177502 ], [ -71.282982977913704, -33.004445175526399 ], [ -71.282708451457296, -33.004340448068902 ], [ -71.282876345067194, -33.004261112177502 ] ], [ [ -71.283088184244306, -33.004572087099497 ], [ -71.283006018730504, -33.004640867887403 ], [ -71.282819686797495, -33.004481565666097 ], [ -71.282885027169101, -33.004489913312099 ], [ -71.282922004408704, -33.004496394780297 ], [ -71.2830163840312, -33.004532841383302 ], [ -71.283088184244306, -33.004572087099497 ] ], [ [ -71.284340360283807, -33.0052553844138 ], [ -71.284207885551595, -33.005314261641999 ], [ -71.284032482870401, -33.005065380432697 ], [ -71.284166858752599, -33.005005659726699 ], [ -71.284340360283807, -33.0052553844138 ] ], [ [ -71.284093693480997, -33.005682199426801 ], [ -71.283920958694196, -33.0057782528526 ], [ -71.283751788493504, -33.0056001811096 ], [ -71.283907761258106, -33.005499504925098 ], [ -71.284093693480997, -33.005682199426801 ] ], [ [ -71.283232288444594, -33.007110638508202 ], [ -71.283209161618501, -33.0071069263414 ], [ -71.283093876389003, -33.007013919228598 ], [ -71.283344274678299, -33.006885271391603 ], [ -71.283389558823302, -33.006884442626102 ], [ -71.283453250397997, -33.006982529145198 ], [ -71.283435874669706, -33.007011477511597 ], [ -71.283264036508996, -33.007111966491699 ], [ -71.283232288444594, -33.007110638508202 ] ], [ [ -71.272285630295002, -33.003496324480501 ], [ -71.272092571929406, -33.003589744382502 ], [ -71.272092080207997, -33.003589557657698 ], [ -71.271894270995702, -33.003207602431303 ], [ -71.272049029379204, -33.003147523514997 ], [ -71.272251227539698, -33.0034797727293 ], [ -71.272285630295002, -33.003496324480501 ] ], [ [ -71.2719670426156, -33.003565113074501 ], [ -71.271984941217596, -33.003600574781302 ], [ -71.2719908772184, -33.0036112037902 ], [ -71.271799351632893, -33.003698313771203 ], [ -71.271799148597395, -33.003698200240997 ], [ -71.271756458996194, -33.003634558524602 ], [ -71.271922808033906, -33.003551603305802 ], [ -71.2719670426156, -33.003565113074501 ] ], [ [ -71.271315338789705, -33.004531702808698 ], [ -71.271397423227398, -33.004640913259998 ], [ -71.271403761252998, -33.004711419981597 ], [ -71.271195050457294, -33.0047877495603 ], [ -71.271214239766607, -33.004829391896699 ], [ -71.271160564543393, -33.004851699776403 ], [ -71.271035445347806, -33.004658954648697 ], [ -71.271315338789705, -33.004531702808698 ] ] ] } },
{ "type": "Feature", "properties": { "id": "monoparte.80", "Name": null, "description": null, "timestamp": null, "begin": null, "end": null, "altitudeMode": null, "tessellate": -1, "extrude": 0, "visibility": -1, "drawOrder": null, "icon": null, "OBJECTID": 87.0, "REG": "Valparaíso", "COM": "Limache", "SHAPE_Leng": 2943.7747834000002, "SHAPE_Area": 102603.10985, "LOC": "Limache", "ZONA": "ZC2", "NOM": "ZC2 - Zona Centro Mixto Residencial 2", "UPERM": "Residencial: Vivienda, hospedaje, hogares de acogida; Equipamiento: Comercio, servicios, culto y cultura, deporte, seguridad, social, esparcimiento, educación, salud, Todos excepto los prohibidos; Ver destinos o actividades específicas en Ordenanza Loc", "UPROH": "Equipamiento: Centros de servicio automotor del tipo revisión técnica, discotecas, carceles o centros de detención, zoológicos, parques de entretenciones, cementerios-parque, crematorios.", "P_DO": "08/05/2025", "N_DO": "31/4/117", "T_DO": "Resolución", "OBS": null }, "geometry": { "type": "Polygon", "coordinates": [ [ [ -71.272616953236493, -33.001291518594499 ], [ -71.272602514151004, -33.001305680206798 ], [ -71.272495829594902, -33.001319075447903 ], [ -71.271903662695493, -33.001436269640898 ], [ -71.271565608671693, -33.001499685395402 ], [ -71.271139938517507, -33.001573046131902 ], [ -71.271040663890801, -33.001603085879999 ], [ -71.270659767948899, -33.001766292630897 ], [ -71.270026422702102, -33.0020225933266 ], [ -71.2694875745443, -33.0022650183788 ], [ -71.269420925251595, -33.002300761251902 ], [ -71.269887217213096, -33.003103367785201 ], [ -71.270651858012101, -33.002761261316103 ], [ -71.271336014496995, -33.002498768939503 ], [ -71.271605606771104, -33.002411786765997 ], [ -71.272099299162406, -33.0023188153164 ], [ -71.272517057006098, -33.002247456552098 ], [ -71.273095952429202, -33.0021204809075 ], [ -71.273441481424896, -33.002079829139497 ], [ -71.273604558277995, -33.002077001075001 ], [ -71.273829196621094, -33.002091993930797 ], [ -71.274395962003197, -33.0021102945975 ], [ -71.274562106665897, -33.002087988447997 ], [ -71.274793382175503, -33.002052755742902 ], [ -71.274929413870893, -33.002057433695498 ], [ -71.275601803038001, -33.001741768432403 ], [ -71.276116326793797, -33.001517655383097 ], [ -71.276564551283997, -33.0013305375237 ], [ -71.276960552365097, -33.001177176613197 ], [ -71.277232504176496, -33.001017132288403 ], [ -71.277494927129894, -33.0007618259623 ], [ -71.277722356622405, -33.000522069167801 ], [ -71.277900478011603, -33.000292875253102 ], [ -71.278031281684704, -33.0000943684094 ], [ -71.278625037602694, -32.9994099356527 ], [ -71.278865095926406, -32.999144059863902 ], [ -71.278962849427202, -32.999069743537703 ], [ -71.279473067317198, -32.998739763241602 ], [ -71.279645630709894, -32.998667896846698 ], [ -71.279873814114296, -32.998617442204399 ], [ -71.279980434920503, -32.998579706512601 ], [ -71.280243627549396, -32.998574897195702 ], [ -71.280575354434305, -32.998592693136104 ], [ -71.280756967643498, -32.998608460950699 ], [ -71.281583017768099, -32.998800930386501 ], [ -71.281710615140796, -32.998808140387503 ], [ -71.282055633026303, -32.998792287788703 ], [ -71.2823102555476, -32.998769120713703 ], [ -71.282164484017301, -32.998366082891501 ], [ -71.2821026801155, -32.998235062526597 ], [ -71.281864060292804, -32.998243222730402 ], [ -71.281483264220697, -32.998193621088603 ], [ -71.280744916341902, -32.998053229639403 ], [ -71.280265369523804, -32.9980399245214 ], [ -71.280074343898306, -32.998043415190899 ], [ -71.279784728398596, -32.998066601102302 ], [ -71.279489340947904, -32.998140591526102 ], [ -71.279271317771403, -32.998195273898801 ], [ -71.2790621333112, -32.998318388447899 ], [ -71.278880957828406, -32.998429657991998 ], [ -71.278396167798505, -32.998735552169499 ], [ -71.277631790083902, -32.9996477881743 ], [ -71.277282265967003, -33.0000943621529 ], [ -71.276937558202604, -33.000508159936501 ], [ -71.276739746300095, -33.000633449257897 ], [ -71.275582805736505, -33.001150815616398 ], [ -71.275238620792095, -33.001309788470998 ], [ -71.274753907644595, -33.001509496053401 ], [ -71.274393610119105, -33.001592412220297 ], [ -71.274334547915103, -33.001503525155499 ], [ -71.273983703512201, -33.000807517701801 ], [ -71.273922377353898, -33.0008010002338 ], [ -71.273843379584406, -33.0008119839476 ], [ -71.273384570464401, -33.000895737376801 ], [ -71.273337758922395, -33.000925220718798 ], [ -71.273276811714396, -33.001021766587698 ], [ -71.273222362927598, -33.001106740952302 ], [ -71.273108901081301, -33.001187065191303 ], [ -71.273017101401507, -33.001228820167903 ], [ -71.272879872122402, -33.001265676527801 ], [ -71.272762432310799, -33.001279267909403 ], [ -71.272616953236493, -33.001291518594499 ] ] ] } },
{ "type": "Feature", "properties": { "id": "monoparte.81", "Name": null, "description": null, "timestamp": null, "begin": null, "end": null, "altitudeMode": null, "tessellate": -1, "extrude": 0, "visibility": -1, "drawOrder": null, "icon": null, "OBJECTID": 88.0, "REG": "Valparaíso", "COM": "Limache", "SHAPE_Leng": 771.98622003900005, "SHAPE_Area": 12694.1710017, "LOC": "Limache", "ZONA": "ZR2", "NOM": "ZR2 – Zona Residencial Mixto 2", "UPERM": "Residencial: Vivienda, hospedaje, hogares de Acogida; Equipamiento: comercio, culto y cultura, seguridad, social, educación. Ver destinos o actividades específicas en Ordenanza Local; Infraestrctura: Sanitaria, Ver destinos o actividades específicas e", "UPROH": "Equipamiento: Científico y esparcimiento, de comercio, culto y cultura, deporte, educación , salud, en este casos todos, excepto los permitidos. Y, carceles y centro de detención, centro de orientación o rehabilitación conductual; Actividades produc", "P_DO": "08/05/2025", "N_DO": "31/4/117", "T_DO": "Resolución", "OBS": null }, "geometry": { "type": "Polygon", "coordinates": [ [ [ -71.269420925251595, -33.002300761251902 ], [ -71.2694875745443, -33.0022650183788 ], [ -71.270026422702102, -33.0020225933266 ], [ -71.270659767948899, -33.001766292630897 ], [ -71.271040663890801, -33.001603085879999 ], [ -71.271139938517507, -33.001573046131902 ], [ -71.271565608671693, -33.001499685395402 ], [ -71.271903662695493, -33.001436269640898 ], [ -71.272495829594902, -33.001319075447903 ], [ -71.272602514151004, -33.001305680206798 ], [ -71.272616953236493, -33.001291518594499 ], [ -71.272607886163698, -33.001292282498397 ], [ -71.272562000904799, -33.001291686249402 ], [ -71.272402528699303, -33.001300316737399 ], [ -71.271964644433695, -33.001316880719102 ], [ -71.271888524032306, -33.001329718914498 ], [ -71.271775010294704, -33.001341805911302 ], [ -71.271609276465199, -33.001371306710098 ], [ -71.271513541609295, -33.001392136862798 ], [ -71.271424483959805, -33.0013973362407 ], [ -71.271311278054597, -33.001399396999602 ], [ -71.2712813785554, -33.0013927840942 ], [ -71.271178078723906, -33.001394664411897 ], [ -71.271073852793805, -33.001415648784999 ], [ -71.270963874466304, -33.0014331578314 ], [ -71.270881831387499, -33.001435844033203 ], [ -71.270867344710894, -33.001422985459001 ], [ -71.270862824182302, -33.001412331527 ], [ -71.270857386748204, -33.001365905733699 ], [ -71.270833953511797, -33.001374086330799 ], [ -71.270311090948496, -33.001389327086898 ], [ -71.270294265153595, -33.001351459557299 ], [ -71.270255872434603, -33.001355975204397 ], [ -71.270156007766403, -33.001348248978204 ], [ -71.270090054714899, -33.001337996709999 ], [ -71.269969324308803, -33.001311562658501 ], [ -71.269917102564406, -33.0013067865886 ], [ -71.269943572612604, -33.001367383112402 ], [ -71.269795609637796, -33.001387634527802 ], [ -71.2695165706415, -33.001459515293902 ], [ -71.269388150702994, -33.001486664423801 ], [ -71.269282226579904, -33.0015076772955 ], [ -71.269237432339807, -33.001527579251601 ], [ -71.269056939063702, -33.001555675069902 ], [ -71.269114453887596, -33.001678694303401 ], [ -71.269074309174002, -33.001693658442399 ], [ -71.269323404337499, -33.002132901792798 ], [ -71.269420925251595, -33.002300761251902 ] ] ] } },
{ "type": "Feature", "properties": { "id": "monoparte.82", "Name": null, "description": null, "timestamp": null, "begin": null, "end": null, "altitudeMode": null, "tessellate": -1, "extrude": 0, "visibility": -1, "drawOrder": null, "icon": null, "OBJECTID": 89.0, "REG": "Valparaíso", "COM": "Limache", "SHAPE_Leng": 1588.2180343699999, "SHAPE_Area": 59302.790838699999, "LOC": "Limache", "ZONA": "ZR0", "NOM": "ZR0 - Zona Residencial Mixto 0", "UPERM": "Residencial: Vivienda, hospedaje, hogares de acogida; Equipamiento: Comercio, servicios, científico, culto y cultura,  esparcimiento, salud, educación, Todos excepto los prohibidos; Espacio Público y Áreas Verdes: Todas.", "UPROH": "Equipamiento: Estaciones o centros de servicio automotor del tipo revisión técnica, discotecas, zoológicos, parques de entretenciones, cementerios, cementerios-parque, crematorios, centro orientación o de rehabilitación conductual", "P_DO": "08/05/2025", "N_DO": "31/4/117", "T_DO": "Resolución", "OBS": null }, "geometry": { "type": "Polygon", "coordinates": [ [ [ -71.276254113755797, -33.002965396245898 ], [ -71.276879263455299, -33.003738617650001 ], [ -71.276619272460195, -33.003868620599697 ], [ -71.275970023953704, -33.003083246382801 ], [ -71.275750489991694, -33.0027857745171 ], [ -71.275693909770695, -33.002745809504198 ], [ -71.275194281395301, -33.003035310904004 ], [ -71.275245814598605, -33.003101024654399 ], [ -71.275538051380096, -33.003730337758597 ], [ -71.275664124235803, -33.003677934706502 ], [ -71.276530778978, -33.004759197649797 ], [ -71.277082773916803, -33.004466636763198 ], [ -71.277280967295695, -33.0046863376351 ], [ -71.277567816732002, -33.005033867157302 ], [ -71.278510213362296, -33.004482323612201 ], [ -71.279074450249993, -33.005219060729303 ], [ -71.279385404492004, -33.005059295559299 ], [ -71.279384545383806, -33.005025908826603 ], [ -71.279363629050195, -33.0049833453524 ], [ -71.279273191888095, -33.0048800190783 ], [ -71.278610110011996, -33.004069551536404 ], [ -71.278510910291104, -33.003928211102 ], [ -71.278436781708393, -33.003798341941902 ], [ -71.278348809250005, -33.003680654710301 ], [ -71.2781370277322, -33.0034280401335 ], [ -71.277595126242701, -33.002725154022897 ], [ -71.277334513184499, -33.002384734502598 ], [ -71.277284002004095, -33.002320645063897 ], [ -71.277074025191993, -33.002461166556799 ], [ -71.276652523773805, -33.0019791236112 ], [ -71.276344801013906, -33.001994810502701 ], [ -71.276240330768402, -33.002006259562798 ], [ -71.275951136879797, -33.0021070623214 ], [ -71.276084872270403, -33.002575683164501 ], [ -71.276220058841702, -33.002712790162803 ], [ -71.276261391331403, -33.002833715903499 ], [ -71.276262586203202, -33.002880218776802 ], [ -71.276315091778798, -33.002940100774403 ], [ -71.276254113755797, -33.002965396245898 ] ] ] } },
{ "type": "Feature", "properties": { "id": "monoparte.83", "Name": null, "description": null, "timestamp": null, "begin": null, "end": null, "altitudeMode": null, "tessellate": -1, "extrude": 0, "visibility": -1, "drawOrder": null, "icon": null, "OBJECTID": 90.0, "REG": "Valparaíso", "COM": "Limache", "SHAPE_Leng": 158.882050738, "SHAPE_Area": 1547.34921394, "LOC": "Limache", "ZONA": "ZPP", "NOM": "ZPP - Plazas y Parques públicos proyectados", "UPERM": "REVISAR ORDENANZA LOCAL", "UPROH": "REVISAR ORDENANZA LOCAL", "P_DO": "08/05/2025", "N_DO": "31/4/117", "T_DO": "Resolución", "OBS": null }, "geometry": { "type": "Polygon", "coordinates": [ [ [ -71.277567816732002, -33.005033867157302 ], [ -71.277280967295695, -33.0046863376351 ], [ -71.276997829787206, -33.004863287630201 ], [ -71.277253005564305, -33.005184732213898 ], [ -71.277278277748707, -33.005203318510098 ], [ -71.277567816732002, -33.005033867157302 ] ] ] } },
{ "type": "Feature", "properties": { "id": "monoparte.84", "Name": null, "description": null, "timestamp": null, "begin": null, "end": null, "altitudeMode": null, "tessellate": -1, "extrude": 0, "visibility": -1, "drawOrder": null, "icon": null, "OBJECTID": 91.0, "REG": "Valparaíso", "COM": "Limache", "SHAPE_Leng": 171.93235986, "SHAPE_Area": 1506.4856384300001, "LOC": "Limache", "ZONA": "ZPP", "NOM": "ZPP - Plazas y Parques públicos proyectados", "UPERM": "REVISAR ORDENANZA LOCAL", "UPROH": "REVISAR ORDENANZA LOCAL", "P_DO": "08/05/2025", "N_DO": "31/4/117", "T_DO": "Resolución", "OBS": null }, "geometry": { "type": "Polygon", "coordinates": [ [ [ -71.276652523773805, -33.0019791236112 ], [ -71.277074025191993, -33.002461166556799 ], [ -71.277284002004095, -33.002320645063897 ], [ -71.277000843214097, -33.001961366849102 ], [ -71.276652523773805, -33.0019791236112 ] ] ] } },
{ "type": "Feature", "properties": { "id": "monoparte.85", "Name": null, "description": null, "timestamp": null, "begin": null, "end": null, "altitudeMode": null, "tessellate": -1, "extrude": 0, "visibility": -1, "drawOrder": null, "icon": null, "OBJECTID": 92.0, "REG": "Valparaíso", "COM": "Limache", "SHAPE_Leng": 193.34887643600001, "SHAPE_Area": 2249.0419217100002, "LOC": "Limache", "ZONA": "ZPP", "NOM": "ZPP - Plazas y Parques públicos proyectados", "UPERM": "REVISAR ORDENANZA LOCAL", "UPROH": "REVISAR ORDENANZA LOCAL", "P_DO": "08/05/2025", "N_DO": "31/4/117", "T_DO": "Resolución", "OBS": null }, "geometry": { "type": "Polygon", "coordinates": [ [ [ -71.275194281395301, -33.003035310904004 ], [ -71.275693909770695, -33.002745809504198 ], [ -71.275589860870596, -33.002691042364802 ], [ -71.275478660756605, -33.002633423477299 ], [ -71.275394843266099, -33.0025395175375 ], [ -71.275310429451096, -33.002434219830803 ], [ -71.275148733437902, -33.002518255156602 ], [ -71.275063325566407, -33.002610475837201 ], [ -71.274976495699207, -33.002757597248497 ], [ -71.275194281395301, -33.003035310904004 ] ] ] } },
{ "type": "Feature", "properties": { "id": "monoparte.86", "Name": null, "description": null, "timestamp": null, "begin": null, "end": null, "altitudeMode": null, "tessellate": -1, "extrude": 0, "visibility": -1, "drawOrder": null, "icon": null, "OBJECTID": 93.0, "REG": "Valparaíso", "COM": "Limache", "SHAPE_Leng": 303.36066364599998, "SHAPE_Area": 4738.1238319699996, "LOC": "Limache", "ZONA": "ZE1", "NOM": "ZE-1 – Zona de Equipamiento 1", "UPERM": "Equipamiento: Todos, exceptos los señalados como prohibidos; Espacio Público; Áreas Verdes", "UPROH": "Residencial: Todos; Equipamientos de los siguientes destinos: Zoológicos, Áreas de Camping. Centros Médicos o Dentales. Supermercados. Cementerios, Cementerios-Parque, Crematorios. Cárceles, Centro de Detención.; Infraestructura: todos; Actividades", "P_DO": "08/05/2025", "N_DO": "31/4/117", "T_DO": "Resolución", "OBS": null }, "geometry": { "type": "Polygon", "coordinates": [ [ [ -71.275693909770695, -33.002745809504198 ], [ -71.275750489991694, -33.0027857745171 ], [ -71.275970023953704, -33.003083246382801 ], [ -71.276315091778798, -33.002940100774403 ], [ -71.276262586203202, -33.002880218776802 ], [ -71.276261391331403, -33.002833715903499 ], [ -71.276220058841702, -33.002712790162803 ], [ -71.276084872270403, -33.002575683164501 ], [ -71.275951136879797, -33.0021070623214 ], [ -71.275799735498396, -33.002159834714703 ], [ -71.2753247676998, -33.002426767840902 ], [ -71.275310429451096, -33.002434219830803 ], [ -71.275394843266099, -33.0025395175375 ], [ -71.275478660756605, -33.002633423477299 ], [ -71.275589860870596, -33.002691042364802 ], [ -71.275693909770695, -33.002745809504198 ] ] ] } },
{ "type": "Feature", "properties": { "id": "monoparte.87", "Name": null, "description": null, "timestamp": null, "begin": null, "end": null, "altitudeMode": null, "tessellate": -1, "extrude": 0, "visibility": -1, "drawOrder": null, "icon": null, "OBJECTID": 94.0, "REG": "Valparaíso", "COM": "Limache", "SHAPE_Leng": 267.79724951100002, "SHAPE_Area": 3016.5228934299998, "LOC": "Limache", "ZONA": "ZPP", "NOM": "ZPP - Plazas y Parques públicos proyectados", "UPERM": "REVISAR ORDENANZA LOCAL", "UPROH": "REVISAR ORDENANZA LOCAL", "P_DO": "08/05/2025", "N_DO": "31/4/117", "T_DO": "Resolución", "OBS": null }, "geometry": { "type": "Polygon", "coordinates": [ [ [ -71.275970023953704, -33.003083246382801 ], [ -71.276619272460195, -33.003868620599697 ], [ -71.276879263455299, -33.003738617650001 ], [ -71.276254113755797, -33.002965396245898 ], [ -71.275970023953704, -33.003083246382801 ] ] ] } },
{ "type": "Feature", "properties": { "id": "monoparte.88", "Name": null, "description": null, "timestamp": null, "begin": null, "end": null, "altitudeMode": null, "tessellate": -1, "extrude": 0, "visibility": -1, "drawOrder": null, "icon": null, "OBJECTID": 95.0, "REG": "Valparaíso", "COM": "Limache", "SHAPE_Leng": 1781.73537878, "SHAPE_Area": 66196.5021844, "LOC": "Limache", "ZONA": "ZR2", "NOM": "ZR2 – Zona Residencial Mixto 2", "UPERM": "Residencial: Vivienda, hospedaje, hogares de Acogida; Equipamiento: comercio, culto y cultura, seguridad, social, educación. Ver destinos o actividades específicas en Ordenanza Local; Infraestrctura: Sanitaria, Ver destinos o actividades específicas e", "UPROH": "Equipamiento: Científico y esparcimiento, de comercio, culto y cultura, deporte, educación , salud, en este casos todos, excepto los permitidos. Y, carceles y centro de detención, centro de orientación o rehabilitación conductual; Actividades produc", "P_DO": "08/05/2025", "N_DO": "31/4/117", "T_DO": "Resolución", "OBS": null }, "geometry": { "type": "Polygon", "coordinates": [ [ [ -71.271944798168093, -33.008324415882001 ], [ -71.271556043883706, -33.007789439512599 ], [ -71.271457583563205, -33.007483454357001 ], [ -71.271356425744798, -33.007513926451999 ], [ -71.270945293105896, -33.006744485503297 ], [ -71.270939547688201, -33.006791427703199 ], [ -71.270887605949, -33.0068639492629 ], [ -71.270753768800006, -33.006945119412499 ], [ -71.270448136953505, -33.007062817435198 ], [ -71.270457120515701, -33.007077267661202 ], [ -71.270704836260705, -33.007627476171002 ], [ -71.270071007190396, -33.007921736755698 ], [ -71.270055492027495, -33.007979279972403 ], [ -71.270048355662894, -33.008695172162902 ], [ -71.270058772008895, -33.010001548496199 ], [ -71.270061223434595, -33.0105114847997 ], [ -71.270203157984298, -33.010801171646399 ], [ -71.270473028659495, -33.011386764563703 ], [ -71.270939748147896, -33.012332619140402 ], [ -71.271067214058903, -33.012568587848399 ], [ -71.271568160982895, -33.013606269780297 ], [ -71.272353433489997, -33.013358447119103 ], [ -71.272346607970903, -33.013344090314099 ], [ -71.271419438476698, -33.011394417990203 ], [ -71.2709388249352, -33.010376047987897 ], [ -71.2708665829594, -33.010209159336704 ], [ -71.270815379160098, -33.008985182544997 ], [ -71.271944798168093, -33.008324415882001 ] ] ] } },
{ "type": "Feature", "properties": { "id": "monoparte.89", "Name": null, "description": null, "timestamp": null, "begin": null, "end": null, "altitudeMode": null, "tessellate": -1, "extrude": 0, "visibility": -1, "drawOrder": null, "icon": null, "OBJECTID": 96.0, "REG": "Valparaíso", "COM": "Limache", "SHAPE_Leng": 1925.73391758, "SHAPE_Area": 169887.28368299999, "LOC": "Limache", "ZONA": "ZR3", "NOM": "ZR3 - Zona Residencial Mixto 3", "UPERM": "Residencial: Vivienda; Equipamiento: Científico, comercio, culto y cultura, seguridad, social, esparcimiento, deporte, salud, educación, Todos excepto los prohibidos; Infraestructura: Sanitaria y Transporte, Ver destinos o actividades específicas en O", "UPROH": "Equipamiento: Estaciones o centros de servicio automotor del tipo revisión técnica, discotecas, carceles o centros de detención, zoológicos, parques de entretenciones, cementerios, cementerios-parque, crematorios; Infraestructura: Transporte y Sanita", "P_DO": "08/05/2025", "N_DO": "31/4/117", "T_DO": "Resolución", "OBS": null }, "geometry": { "type": "Polygon", "coordinates": [ [ [ -71.271228233169595, -33.005405546342502 ], [ -71.270917964119704, -33.005894333689497 ], [ -71.270934990027797, -33.006061433081101 ], [ -71.270953594716104, -33.006676650196098 ], [ -71.270945293105896, -33.006744485503297 ], [ -71.271356425744798, -33.007513926451999 ], [ -71.271457583563205, -33.007483454357001 ], [ -71.271556043883706, -33.007789439512599 ], [ -71.271944798168093, -33.008324415882001 ], [ -71.272627365820199, -33.007925070325797 ], [ -71.277278277748707, -33.005203318510098 ], [ -71.277253005564305, -33.005184732213898 ], [ -71.276997829787206, -33.004863287630201 ], [ -71.277280967295695, -33.0046863376351 ], [ -71.277082773916803, -33.004466636763198 ], [ -71.276530778978, -33.004759197649797 ], [ -71.275664124235803, -33.003677934706502 ], [ -71.275538051380096, -33.003730337758597 ], [ -71.275245814598605, -33.003101024654399 ], [ -71.274976495699207, -33.002757597248497 ], [ -71.274910003241601, -33.002822375474103 ], [ -71.274848696589501, -33.002915945654401 ], [ -71.274794237148797, -33.003000444747997 ], [ -71.274684703453403, -33.003145593874002 ], [ -71.274538568508106, -33.003243693341197 ], [ -71.274302976136795, -33.003441839863697 ], [ -71.2741346779666, -33.003641742421102 ], [ -71.274044362207107, -33.003846187647497 ], [ -71.273941519659402, -33.003976302932799 ], [ -71.273858755902907, -33.004061316585499 ], [ -71.273756501686293, -33.004159211530798 ], [ -71.273706418498506, -33.004276435957699 ], [ -71.273663546258803, -33.004536681178898 ], [ -71.2736337716088, -33.004617746991102 ], [ -71.272326011569007, -33.004689288800797 ], [ -71.272085747391202, -33.004705593525699 ], [ -71.271945305683403, -33.004749903609202 ], [ -71.271754319002994, -33.004893551390502 ], [ -71.271426329976805, -33.005215651854897 ], [ -71.271228233169595, -33.005405546342502 ] ] ] } },
{ "type": "Feature", "properties": { "id": "monoparte.90", "Name": null, "description": null, "timestamp": null, "begin": null, "end": null, "altitudeMode": null, "tessellate": -1, "extrude": 0, "visibility": -1, "drawOrder": null, "icon": null, "OBJECTID": 97.0, "REG": "Valparaíso", "COM": "Limache", "SHAPE_Leng": 108.089016782, "SHAPE_Area": 637.69823247399995, "LOC": "Limache", "ZONA": "AV", "NOM": "AV - Áreas verdes Existentes (Art.2.1.30)", "UPERM": "Se regirán según lo dispuesto en el Art. 2.1.30 de la OGUC y considerarán las siguientes normas urbanísticas.", "UPROH": null, "P_DO": "08/05/2025", "N_DO": "31/4/117", "T_DO": "Resolución", "OBS": null }, "geometry": { "type": "Polygon", "coordinates": [ [ [ -71.271035445347806, -33.004658954648697 ], [ -71.271160564543393, -33.004851699776403 ], [ -71.271214239766607, -33.004829391896699 ], [ -71.271195050457294, -33.0047877495603 ], [ -71.271403761252998, -33.004711419981597 ], [ -71.271397423227398, -33.004640913259998 ], [ -71.271315338789705, -33.004531702808698 ], [ -71.271035445347806, -33.004658954648697 ] ] ] } },
{ "type": "Feature", "properties": { "id": "monoparte.91", "Name": null, "description": null, "timestamp": null, "begin": null, "end": null, "altitudeMode": null, "tessellate": -1, "extrude": 0, "visibility": -1, "drawOrder": null, "icon": null, "OBJECTID": 98.0, "REG": "Valparaíso", "COM": "Limache", "SHAPE_Leng": 185.47987035, "SHAPE_Area": 1469.9471586, "LOC": "Limache", "ZONA": "AV", "NOM": "AV - Áreas verdes Existentes (Art.2.1.30)", "UPERM": "Se regirán según lo dispuesto en el Art. 2.1.30 de la OGUC y considerarán las siguientes normas urbanísticas.", "UPROH": null, "P_DO": "08/05/2025", "N_DO": "31/4/117", "T_DO": "Resolución", "OBS": null }, "geometry": { "type": "Polygon", "coordinates": [ [ [ -71.271565161850802, -33.005079312322401 ], [ -71.271754319002994, -33.004893551390502 ], [ -71.271945305683403, -33.004749903609202 ], [ -71.272085747391202, -33.004705593525699 ], [ -71.272123603844307, -33.004703024901801 ], [ -71.272043073468794, -33.004554718481003 ], [ -71.271926558804196, -33.004604556978599 ], [ -71.271891813176893, -33.0045746511042 ], [ -71.271459471525802, -33.004763848696399 ], [ -71.271565161850802, -33.005079312322401 ] ] ] } },
{ "type": "Feature", "properties": { "id": "monoparte.92", "Name": null, "description": null, "timestamp": null, "begin": null, "end": null, "altitudeMode": null, "tessellate": -1, "extrude": 0, "visibility": -1, "drawOrder": null, "icon": null, "OBJECTID": 100.0, "REG": "Valparaíso", "COM": "Limache", "SHAPE_Leng": 128.12857373400001, "SHAPE_Area": 790.82623384299995, "LOC": "Limache", "ZONA": "AV", "NOM": "AV - Áreas verdes Existentes (Art.2.1.30)", "UPERM": "Se regirán según lo dispuesto en el Art. 2.1.30 de la OGUC y considerarán las siguientes normas urbanísticas.", "UPROH": null, "P_DO": "08/05/2025", "N_DO": "31/4/117", "T_DO": "Resolución", "OBS": null }, "geometry": { "type": "Polygon", "coordinates": [ [ [ -71.272092080207997, -33.003589557657698 ], [ -71.272092571929406, -33.003589744382502 ], [ -71.272285630295002, -33.003496324480501 ], [ -71.272251227539698, -33.0034797727293 ], [ -71.272049029379204, -33.003147523514997 ], [ -71.271894270995702, -33.003207602431303 ], [ -71.272092080207997, -33.003589557657698 ] ] ] } },
{ "type": "Feature", "properties": { "id": "monoparte.93", "Name": null, "description": null, "timestamp": null, "begin": null, "end": null, "altitudeMode": null, "tessellate": -1, "extrude": 0, "visibility": -1, "drawOrder": null, "icon": null, "OBJECTID": 101.0, "REG": "Valparaíso", "COM": "Limache", "SHAPE_Leng": 56.515037749100003, "SHAPE_Area": 172.16232846, "LOC": "Limache", "ZONA": "AV", "NOM": "AV - Áreas verdes Existentes (Art.2.1.30)", "UPERM": "Se regirán según lo dispuesto en el Art. 2.1.30 de la OGUC y considerarán las siguientes normas urbanísticas.", "UPROH": null, "P_DO": "08/05/2025", "N_DO": "31/4/117", "T_DO": "Resolución", "OBS": null }, "geometry": { "type": "Polygon", "coordinates": [ [ [ -71.271799148597395, -33.003698200240997 ], [ -71.271799351632893, -33.003698313771203 ], [ -71.2719908772184, -33.0036112037902 ], [ -71.271984941217596, -33.003600574781302 ], [ -71.2719670426156, -33.003565113074501 ], [ -71.271922808033906, -33.003551603305802 ], [ -71.271756458996194, -33.003634558524602 ], [ -71.271799148597395, -33.003698200240997 ] ] ] } },
{ "type": "Feature", "properties": { "id": "monoparte.94", "Name": null, "description": null, "timestamp": null, "begin": null, "end": null, "altitudeMode": null, "tessellate": -1, "extrude": 0, "visibility": -1, "drawOrder": null, "icon": null, "OBJECTID": 102.0, "REG": "Valparaíso", "COM": "Limache", "SHAPE_Leng": 614.80736918399998, "SHAPE_Area": 19022.391725900001, "LOC": "Limache", "ZONA": "ZR4", "NOM": "ZR4 - Zona Residencial Mixto 4", "UPERM": "Residencial: Vivienda, hospedaje, hogares de acogida; Equipamiento: Científico, comercio, culto y cultura, seguridad, social, esparcimiento, deporte, salud, educación, Todos excepto los prohibidos; Infraestructura: Sanitaria y Transporte, Ver destinos", "UPROH": "Equipamiento: Estaciones o centros de servicio automotor del tipo revisión técnica, discotecas, carceles o centros de detención, zoológicos, parques de entretenciones, cementerios, cementerios-parque, crematorios; Infraestructura: Sanitaria: Ver deta", "P_DO": "08/05/2025", "N_DO": "31/4/117", "T_DO": "Resolución", "OBS": null }, "geometry": { "type": "Polygon", "coordinates": [ [ [ -71.2456038899996, -33.008393673710103 ], [ -71.245918871934606, -33.008849874556702 ], [ -71.246456383263606, -33.009439125210903 ], [ -71.246542517494603, -33.0093585248163 ], [ -71.246565903891195, -33.009275789927202 ], [ -71.246635902376198, -33.009188637526798 ], [ -71.247051482609294, -33.008826848469802 ], [ -71.247337714068294, -33.008556859070801 ], [ -71.247478797523499, -33.008425479801801 ], [ -71.247631346202297, -33.008243789765501 ], [ -71.247965707587895, -33.007861987524898 ], [ -71.247735970371807, -33.007680027486103 ], [ -71.247584763912499, -33.007747169989898 ], [ -71.247366535730507, -33.007851309242099 ], [ -71.247084077966505, -33.007935130619202 ], [ -71.246750218945294, -33.008001983533298 ], [ -71.246521682736102, -33.0080347294452 ], [ -71.246347522722303, -33.008034286216997 ], [ -71.246013387916094, -33.008140569482599 ], [ -71.2456038899996, -33.008393673710103 ] ] ] } },
{ "type": "Feature", "properties": { "id": "monoparte.95", "Name": null, "description": null, "timestamp": null, "begin": null, "end": null, "altitudeMode": null, "tessellate": -1, "extrude": 0, "visibility": -1, "drawOrder": null, "icon": null, "OBJECTID": 104.0, "REG": "Valparaíso", "COM": "Limache", "SHAPE_Leng": 5804.5330744299999, "SHAPE_Area": 631662.791111, "LOC": "Limache", "ZONA": "ZR1", "NOM": "ZR1 - Zona Residencial Mixto 1", "UPERM": "Residencial: Vivienda, hospedaje, hogares de Acogida; Equipamiento: comercio, culto y cultura, seguridad, social, educación. Ver destinos o actividades específicas en Ordenanza Local: Espacios Públicos; Áreas vedes", "UPROH": "Equipamiento: Estaciones o centros de servicio automotor del tipo Revisión técnica, discotecas, cárceles o centros de detención, zoológicos, parques de entretenciones, cementerios, cementerios-parque, crematorios.", "P_DO": "08/05/2025", "N_DO": "31/4/117", "T_DO": "Resolución", "OBS": null }, "geometry": { "type": "Polygon", "coordinates": [ [ [ -71.249306703768099, -33.013671783190802 ], [ -71.250470848442205, -33.015422607881199 ], [ -71.250573324339499, -33.0156104370501 ], [ -71.250602527215904, -33.015756642183902 ], [ -71.250666817268097, -33.016113365517697 ], [ -71.250786735277899, -33.0169872995316 ], [ -71.2508763777154, -33.017672816855999 ], [ -71.250915165893801, -33.017861794753401 ], [ -71.251017940652602, -33.018729596353403 ], [ -71.251074918143104, -33.019093727417001 ], [ -71.251094884658102, -33.0191828378574 ], [ -71.251153669754103, -33.0195456250826 ], [ -71.251233786710301, -33.020051179190602 ], [ -71.251294375242594, -33.020429143548 ], [ -71.251324299327806, -33.020631403438699 ], [ -71.251370651620604, -33.020922837532801 ], [ -71.2514372750083, -33.0213153065828 ], [ -71.251542568677095, -33.021975488784399 ], [ -71.251587603285998, -33.022240553182201 ], [ -71.251715901130197, -33.022942072659298 ], [ -71.251718448907795, -33.023042233587503 ], [ -71.251823107866599, -33.023541777379897 ], [ -71.251978704067895, -33.0234459194862 ], [ -71.252135053524398, -33.023312827195902 ], [ -71.252271322736902, -33.023126653316801 ], [ -71.253097288974402, -33.023726101856298 ], [ -71.254314147474005, -33.024625910116399 ], [ -71.255252497880903, -33.025327694212301 ], [ -71.256486076407199, -33.024842523672902 ], [ -71.257276974827406, -33.0245371352703 ], [ -71.257703135214101, -33.024367182528501 ], [ -71.258415854705106, -33.024106148759898 ], [ -71.259735282816806, -33.023603326859401 ], [ -71.259966728116396, -33.023516821258703 ], [ -71.2602836477013, -33.023450238807399 ], [ -71.260895614114801, -33.023292416541899 ], [ -71.261304109090602, -33.023177445795802 ], [ -71.260911813656705, -33.022345359529197 ], [ -71.260843659702005, -33.022227300882697 ], [ -71.2605477632017, -33.0222851525753 ], [ -71.260379983403098, -33.022369313378 ], [ -71.258920571018905, -33.0228627070057 ], [ -71.258428743949096, -33.023033852679497 ], [ -71.258032578106807, -33.023076654840501 ], [ -71.257818041140197, -33.023104396802403 ], [ -71.257423181312902, -33.023168804532602 ], [ -71.256918585776603, -33.023261441990797 ], [ -71.256463354505399, -33.023268564367797 ], [ -71.256292529384098, -33.023233479888198 ], [ -71.255936849131004, -33.0231683369162 ], [ -71.255356192825204, -33.023054771976 ], [ -71.255232569772105, -33.022649020891798 ], [ -71.255028954357201, -33.021949225320803 ], [ -71.254986819851695, -33.021796097275001 ], [ -71.254953816312096, -33.021667856530897 ], [ -71.254407725967098, -33.019741583506203 ], [ -71.2540820517318, -33.018492991132099 ], [ -71.253826938937394, -33.017510440924298 ], [ -71.253539140412798, -33.016406204002699 ], [ -71.253030639172394, -33.0144920072429 ], [ -71.252915030256005, -33.014077519818102 ], [ -71.252727299088804, -33.0133770738762 ], [ -71.252531828059404, -33.012683924454102 ], [ -71.252557827883095, -33.012592791196397 ], [ -71.252491209547699, -33.012534346830499 ], [ -71.252307771248496, -33.012225107420697 ], [ -71.251850218975093, -33.011544800046501 ], [ -71.250487783836803, -33.0095533577189 ], [ -71.249982405382497, -33.008832192002998 ], [ -71.249810608222504, -33.008534668590798 ], [ -71.248926779426, -33.007310681468297 ], [ -71.248638774981103, -33.007482789532197 ], [ -71.2485427392715, -33.007603814954599 ], [ -71.248493225795798, -33.007744878364498 ], [ -71.248442124118498, -33.007823340979002 ], [ -71.248389829425406, -33.007994278124499 ], [ -71.248265715226296, -33.008124755634903 ], [ -71.248012332628804, -33.008405786907097 ], [ -71.247854047685294, -33.008584598649001 ], [ -71.247692375696801, -33.008769435411402 ], [ -71.247449707491896, -33.008970642432701 ], [ -71.247197254884597, -33.009204831892902 ], [ -71.246844465835906, -33.009530298855502 ], [ -71.246660000366305, -33.009706420006196 ], [ -71.2470723215025, -33.0102821125082 ], [ -71.247610527304303, -33.0110839187765 ], [ -71.248052172247498, -33.011748782888198 ], [ -71.248409645378104, -33.0123029455373 ], [ -71.248847056683402, -33.012967881820103 ], [ -71.249306703768099, -33.013671783190802 ] ], [ [ -71.251522086675095, -33.0143654194924 ], [ -71.251584764430802, -33.014335657683603 ], [ -71.251612099799004, -33.014430599293902 ], [ -71.251632188940206, -33.014418784474998 ], [ -71.251646697475294, -33.014454788315902 ], [ -71.251645354381694, -33.014491078262402 ], [ -71.251569005135096, -33.014523188833998 ], [ -71.251568992684795, -33.014517269065799 ], [ -71.251522086675095, -33.0143654194924 ] ], [ [ -71.252655145188598, -33.0189541766796 ], [ -71.252544958660394, -33.018964517527998 ], [ -71.252557807602599, -33.018912988565397 ], [ -71.252838636364402, -33.018762711091597 ], [ -71.252899618181601, -33.018823310181702 ], [ -71.252655145188598, -33.0189541766796 ] ], [ [ -71.252068393185496, -33.019340071310602 ], [ -71.251935645209898, -33.019390116312003 ], [ -71.251935416567406, -33.0193897119469 ], [ -71.251839296854797, -33.019218231782403 ], [ -71.2519654431091, -33.019167282581797 ], [ -71.252068393185496, -33.019340071310602 ] ], [ [ -71.254328468589094, -33.021773320383197 ], [ -71.254221950393003, -33.021861136998801 ], [ -71.254127982638906, -33.0218189352764 ], [ -71.254234134239297, -33.021717518872698 ], [ -71.254328468589094, -33.021773320383197 ] ] ] } },
{ "type": "Feature", "properties": { "id": "monoparte.96", "Name": null, "description": null, "timestamp": null, "begin": null, "end": null, "altitudeMode": null, "tessellate": -1, "extrude": 0, "visibility": -1, "drawOrder": null, "icon": null, "OBJECTID": 105.0, "REG": "Valparaíso", "COM": "Limache", "SHAPE_Leng": 3429.6982069000001, "SHAPE_Area": 318209.256765, "LOC": "Limache", "ZONA": "ZAP", "NOM": "ZAP - Zona de Actividades Productivas", "UPERM": "Equipamiento: Servicios, deporte, comercio, seguridad; Infraestructura: Almacenamiento y distribución de agua potable, centrales de distribucion de energia electrica y telecomunicaciones, Todas excepto las prohibidas; Actividades Productivas: Actividade", "UPROH": "Equipamiento: Seguridad, ver en ordenanza local destinos o actividades específicas; Infraestructura: Transporte, sanitaria y eléctrica, ver en ordenanza local destinos o actividades prohibidas Actividades productivas: Actividades industriales y activid", "P_DO": "08/05/2025", "N_DO": "31/4/117", "T_DO": "Resolución", "OBS": null }, "geometry": { "type": "Polygon", "coordinates": [ [ [ -71.272567143099295, -33.022446741562497 ], [ -71.272791678301303, -33.0225354941063 ], [ -71.272961941827404, -33.022658842309198 ], [ -71.273046484430097, -33.022752736905701 ], [ -71.273108932557705, -33.022868506414099 ], [ -71.273141159575204, -33.0230206150569 ], [ -71.273159232764897, -33.023172980725597 ], [ -71.273171596786696, -33.023213315850697 ], [ -71.273269621504596, -33.023280719306797 ], [ -71.273336679437193, -33.023348051343802 ], [ -71.2733450351502, -33.023452877389403 ], [ -71.273289079106604, -33.023589891033701 ], [ -71.273219839101202, -33.023650799693499 ], [ -71.273195340908302, -33.023689420596 ], [ -71.273230597044602, -33.023738880764299 ], [ -71.273244067563695, -33.023794703903903 ], [ -71.273428821185306, -33.023958346828302 ], [ -71.273489665785405, -33.023984079138302 ], [ -71.274031740341499, -33.024138225658497 ], [ -71.274156202541704, -33.024159815713901 ], [ -71.274833024665, -33.024349973821998 ], [ -71.275032334541393, -33.024391074165401 ], [ -71.2750688695875, -33.0244351423704 ], [ -71.275062941261098, -33.024479985994503 ], [ -71.275476495591903, -33.0244545479785 ], [ -71.275557883076601, -33.024453063193498 ], [ -71.275657806996406, -33.024484045589404 ], [ -71.275704420728104, -33.024507054360001 ], [ -71.275720798441498, -33.024593242648002 ], [ -71.275686638792806, -33.024641583437699 ], [ -71.275671014538901, -33.0247223914673 ], [ -71.275644009063001, -33.024773583785198 ], [ -71.275633853000997, -33.024791663270598 ], [ -71.275657971452205, -33.024867749682102 ], [ -71.275647628232093, -33.024906112788997 ], [ -71.2756484865602, -33.024939498600801 ], [ -71.275632237038096, -33.024968425413803 ], [ -71.275612716482499, -33.025090460984302 ], [ -71.275608588183701, -33.025150183010297 ], [ -71.275567473250007, -33.025203422690304 ], [ -71.2755130010041, -33.025287921502397 ], [ -71.275465979651301, -33.025331724854702 ], [ -71.2754219732455, -33.025382631226798 ], [ -71.275405784883702, -33.025413942909303 ], [ -71.275392243654096, -33.025438048261201 ], [ -71.275344117633296, -33.025438926199499 ], [ -71.275286090610507, -33.0253851100465 ], [ -71.275344006149197, -33.025324406838102 ], [ -71.275421371217902, -33.025249033616298 ], [ -71.275454544843797, -33.025217412068898 ], [ -71.275489997735306, -33.025164275719398 ], [ -71.275511479230502, -33.025118552287097 ], [ -71.275520596402103, -33.025032494911599 ], [ -71.2755279849668, -33.024989414594302 ], [ -71.275544111904495, -33.024955718005003 ], [ -71.275552861191699, -33.024855352163499 ], [ -71.275545789029294, -33.024800606500598 ], [ -71.275558778350103, -33.024755037989301 ], [ -71.275574476080095, -33.024704648039297 ], [ -71.275603163097898, -33.024608690474103 ], [ -71.275598676725394, -33.024544353586002 ], [ -71.275564461173204, -33.024535434663299 ], [ -71.275507967289997, -33.024541237339797 ], [ -71.275338543635598, -33.024561028368197 ], [ -71.275038471514193, -33.024566501923601 ], [ -71.274973618659601, -33.024467478553603 ], [ -71.274814232127497, -33.024436983126897 ], [ -71.274335013608706, -33.024331797589298 ], [ -71.273630828938394, -33.024151380193999 ], [ -71.273427938809604, -33.024081116409697 ], [ -71.273225246569098, -33.023908256364798 ], [ -71.273120145161897, -33.023810696788701 ], [ -71.272882150756104, -33.024501742519803 ], [ -71.272672610552306, -33.025075634196398 ], [ -71.272521536824996, -33.0254792128924 ], [ -71.274617341095194, -33.026844139355703 ], [ -71.2761919459967, -33.0266185793283 ], [ -71.278646583294702, -33.026263358992999 ], [ -71.278533414663102, -33.026158062273197 ], [ -71.278201943278802, -33.025824131418197 ], [ -71.277837253321593, -33.025354811744698 ], [ -71.277534419687697, -33.024812785579897 ], [ -71.277400311595898, -33.024553982250502 ], [ -71.277365065843895, -33.024339897359901 ], [ -71.277241782759205, -33.023991744449603 ], [ -71.277124966823095, -33.023579332330101 ], [ -71.2770073086526, -33.023134130913 ], [ -71.276921104122195, -33.022810629744399 ], [ -71.276861738772297, -33.022567162443003 ], [ -71.276751839460701, -33.022285846135297 ], [ -71.276523223404794, -33.021793281726701 ], [ -71.276290440410406, -33.021463507951601 ], [ -71.276025415611102, -33.0211133266926 ], [ -71.275193518787702, -33.0203117892246 ], [ -71.2745628537741, -33.019739945249903 ], [ -71.273094170576002, -33.018427886147897 ], [ -71.272914298638298, -33.018205698649297 ], [ -71.272799403778706, -33.018032430657897 ], [ -71.272736470114296, -33.0178975824359 ], [ -71.272202569029602, -33.018108538370399 ], [ -71.272187970489796, -33.018080638278398 ], [ -71.271730062225799, -33.018270186567399 ], [ -71.271777242677004, -33.018379566575099 ], [ -71.271908478676494, -33.018527486546297 ], [ -71.2719272985873, -33.018598719789203 ], [ -71.271982334272394, -33.019088014165298 ], [ -71.272021351518106, -33.0192841372901 ], [ -71.2720898222247, -33.019822336442303 ], [ -71.272333179506305, -33.021375876587598 ], [ -71.272448678180197, -33.0219034355529 ], [ -71.272505601126696, -33.022135021517897 ], [ -71.272540925812507, -33.022352684848002 ], [ -71.272567143099295, -33.022446741562497 ] ] ] } },
{ "type": "Feature", "properties": { "id": "monoparte.97", "Name": null, "description": null, "timestamp": null, "begin": null, "end": null, "altitudeMode": null, "tessellate": -1, "extrude": 0, "visibility": -1, "drawOrder": null, "icon": null, "OBJECTID": 106.0, "REG": "Valparaíso", "COM": "Limache", "SHAPE_Leng": 2950.5241102499999, "SHAPE_Area": 92877.669494899994, "LOC": "Limache", "ZONA": "ZC2a", "NOM": "ZC2a Subzona Centro Mixto Residencial 2a", "UPERM": "REVISAR DETALLES EN ORDENANZA", "UPROH": "Los tipos de uso de suelo Actividades Productivas e Infraestructura se encuentran prohibidos. El tipo de uso de suelo Equipamiento de la clase Científico se encuentra prohibido. REVISAR DETALLES EN ORDENANZA", "P_DO": "08/05/2025", "N_DO": "31/4/117", "T_DO": "Resolución", "OBS": null }, "geometry": { "type": "Polygon", "coordinates": [ [ [ -71.269017835071097, -33.004299658446897 ], [ -71.2690426141979, -33.004230425230801 ], [ -71.269083345490202, -33.004162402411403 ], [ -71.269260721146594, -33.003990256681497 ], [ -71.269373664745004, -33.003889426865904 ], [ -71.269520289757693, -33.003710682014699 ], [ -71.269564391375894, -33.003575316567002 ], [ -71.269578516376896, -33.003483406029197 ], [ -71.269584660320305, -33.003391676734097 ], [ -71.269546311957797, -33.003353722680302 ], [ -71.269539751849805, -33.003296581043102 ], [ -71.269495318955705, -33.0032200869463 ], [ -71.269485216043293, -33.0031572836481 ], [ -71.269407858792803, -33.003055620035802 ], [ -71.269244424447393, -33.002909714011899 ], [ -71.269082938961503, -33.002818523726297 ], [ -71.269042592025798, -33.002746727189603 ], [ -71.268977502284898, -33.002593306215701 ], [ -71.268924547051299, -33.002509777229001 ], [ -71.268490814805702, -33.001759907756302 ], [ -71.268918888460306, -33.001485921196 ], [ -71.268915923604396, -33.001479423911 ], [ -71.268908797195394, -33.00142229251 ], [ -71.268945344817993, -33.001412083826899 ], [ -71.268739805317594, -33.0010149933848 ], [ -71.268346524755501, -33.000252220239403 ], [ -71.268223408751993, -32.999977696470701 ], [ -71.268082457527299, -32.999725366839897 ], [ -71.267996819138702, -32.9995599115449 ], [ -71.267985137931802, -32.999518371112998 ], [ -71.267976459881595, -32.999455899719401 ], [ -71.267950246978799, -32.999399711196403 ], [ -71.267725763667599, -32.998649256734701 ], [ -71.267713319789806, -32.998577906598896 ], [ -71.268072320708796, -32.998499805491399 ], [ -71.268008546940095, -32.998220623686599 ], [ -71.267138472314201, -32.998127578551198 ], [ -71.266953489067504, -32.9983488496188 ], [ -71.266949189149898, -32.998319104201798 ], [ -71.266555036083503, -32.997022976529003 ], [ -71.267086406681003, -32.996872206308403 ], [ -71.266874619148993, -32.996352493042501 ], [ -71.265845966725195, -32.9964954473405 ], [ -71.265418777419001, -32.996564043619699 ], [ -71.265060083872399, -32.996687165649803 ], [ -71.264248296718506, -32.9970508339376 ], [ -71.263138689141996, -32.997477297939199 ], [ -71.263343442926299, -32.997942278580503 ], [ -71.263528153925805, -32.997857808508599 ], [ -71.264099509659204, -32.997613626517598 ], [ -71.264062868246, -32.9975093123672 ], [ -71.264680598166194, -32.997307232193002 ], [ -71.264710482679902, -32.997368722965298 ], [ -71.265209714378898, -32.997183105165298 ], [ -71.265237283580802, -32.9971539741573 ], [ -71.265790257963005, -32.9970771303609 ], [ -71.2664054243631, -32.998988979835701 ], [ -71.2665002261583, -32.999280363209301 ], [ -71.266606922973494, -32.999632728485501 ], [ -71.267099242443294, -33.000739855166998 ], [ -71.267131043755001, -33.000735411563198 ], [ -71.267727253689898, -33.000482324467299 ], [ -71.268161429911203, -33.001404926027398 ], [ -71.268546710606302, -33.002131580306397 ], [ -71.2685588868667, -33.002164760568299 ], [ -71.267961494571693, -33.002387964126399 ], [ -71.268294532924102, -33.003009395922902 ], [ -71.268582206981904, -33.003514028414997 ], [ -71.2690140672712, -33.004289936694398 ], [ -71.269017835071097, -33.004299658446897 ] ], [ [ -71.268279577876498, -33.001395964680299 ], [ -71.268550221595305, -33.001283679578798 ], [ -71.268616298792395, -33.001475734512802 ], [ -71.268362111557806, -33.001560813339601 ], [ -71.268279577876498, -33.001395964680299 ] ] ] } },
{ "type": "Feature", "properties": { "id": "monoparte.98", "Name": null, "description": null, "timestamp": null, "begin": null, "end": null, "altitudeMode": null, "tessellate": -1, "extrude": 0, "visibility": -1, "drawOrder": null, "icon": null, "OBJECTID": 107.0, "REG": "Valparaíso", "COM": "Limache", "SHAPE_Leng": 2101.5523449399998, "SHAPE_Area": 127341.707058, "LOC": "Limache", "ZONA": "ZC1", "NOM": "ZC1 - Zona Centro Mixto Residencial 1", "UPERM": "Residencial: Vivienda, hospedaje, hogares de Acogida; Equipamiento: comercio, servicios, culto y cultura, seguridad, social, educación. Todas, excepto las prohibidas, Ver destinos o actividades específicas en Ordenanza Loca; Espacio Público y Áreas V", "UPROH": "Equipamiento: Estaciones de servicio y centros de servicio automotor del tipo revisión técnica, cementerios-parque, crematorios, centro orientación o rehabilitación conductual.", "P_DO": "08/05/2025", "N_DO": "31/4/117", "T_DO": "Resolución", "OBS": null }, "geometry": { "type": "Polygon", "coordinates": [ [ [ -71.266759793261997, -33.002867222871899 ], [ -71.266750836170502, -33.002847742814403 ], [ -71.266732829944502, -33.002807987223903 ], [ -71.266743101875406, -33.002766763856897 ], [ -71.266773774433105, -33.002726123919103 ], [ -71.266911899971106, -33.0026326326117 ], [ -71.267015874346001, -33.002535308823298 ], [ -71.267061141183802, -33.0024896316026 ], [ -71.267043681834295, -33.002426961716402 ], [ -71.267051688000393, -33.002385778591901 ], [ -71.267104065579503, -33.002352379313102 ], [ -71.267159744560502, -33.002289413924302 ], [ -71.267237102332103, -33.002192095660398 ], [ -71.267341702736104, -33.002097146266301 ], [ -71.267381907717905, -33.002074942345303 ], [ -71.2675405398724, -33.002033408878098 ], [ -71.267739926088893, -33.001991133624699 ], [ -71.267924396115006, -33.001963445328201 ], [ -71.268096723441701, -33.001925955459299 ], [ -71.268391735514697, -33.001839292729002 ], [ -71.268161429911203, -33.001404926027398 ], [ -71.267727253689898, -33.000482324467299 ], [ -71.267131043755001, -33.000735411563198 ], [ -71.267099242443294, -33.000739855166998 ], [ -71.267073363562702, -33.000743471563098 ], [ -71.265565224898097, -33.001348008248399 ], [ -71.261991667920498, -33.0027631338139 ], [ -71.261075140636194, -33.003130470682002 ], [ -71.261470279783396, -33.0039679124272 ], [ -71.261352871104293, -33.004027301487703 ], [ -71.261722087802994, -33.004847317676997 ], [ -71.263071078440902, -33.004316453674299 ], [ -71.264655101466403, -33.003679710589701 ], [ -71.266120318195107, -33.003122249361198 ], [ -71.266759793261997, -33.002867222871899 ] ], [ [ -71.264383575323293, -33.002944212702197 ], [ -71.264534221874101, -33.002893308155201 ], [ -71.264637789618803, -33.003067983625698 ], [ -71.2644724530236, -33.003135403521 ], [ -71.264385500935006, -33.002946111105601 ], [ -71.264383575323293, -33.002944212702197 ] ], [ [ -71.265305215090194, -33.001789370158399 ], [ -71.265865391905507, -33.001550154692403 ], [ -71.265928264680696, -33.001572871400299 ], [ -71.266122961034895, -33.001989250975697 ], [ -71.265506319213898, -33.002242276966697 ], [ -71.265297821715194, -33.001832451069703 ], [ -71.265305215090194, -33.001789370158399 ] ] ] } },
{ "type": "Feature", "properties": { "id": "monoparte.99", "Name": null, "description": null, "timestamp": null, "begin": null, "end": null, "altitudeMode": null, "tessellate": -1, "extrude": 0, "visibility": -1, "drawOrder": null, "icon": null, "OBJECTID": 109.0, "REG": "Valparaíso", "COM": "Limache", "SHAPE_Leng": 233.124657353, "SHAPE_Area": 3480.9335742799999, "LOC": "Limache", "ZONA": "AV", "NOM": "AV - Áreas verdes Existentes (Art.2.1.30)", "UPERM": "Se regirán según lo dispuesto en el Art. 2.1.30 de la OGUC y considerarán las siguientes normas urbanísticas.", "UPROH": null, "P_DO": "08/05/2025", "N_DO": "31/4/117", "T_DO": "Resolución", "OBS": null }, "geometry": { "type": "Polygon", "coordinates": [ [ [ -71.265297821715194, -33.001832451069703 ], [ -71.265506319213898, -33.002242276966697 ], [ -71.266122961034895, -33.001989250975697 ], [ -71.265928264680696, -33.001572871400299 ], [ -71.265865391905507, -33.001550154692403 ], [ -71.265305215090194, -33.001789370158399 ], [ -71.265297821715194, -33.001832451069703 ] ] ] } },
{ "type": "Feature", "properties": { "id": "monoparte.100", "Name": null, "description": null, "timestamp": null, "begin": null, "end": null, "altitudeMode": null, "tessellate": -1, "extrude": 0, "visibility": -1, "drawOrder": null, "icon": null, "OBJECTID": 110.0, "REG": "Valparaíso", "COM": "Limache", "SHAPE_Leng": 76.787730503899994, "SHAPE_Area": 357.615110851, "LOC": "Limache", "ZONA": "AV", "NOM": "AV - Áreas verdes Existentes (Art.2.1.30)", "UPERM": "Se regirán según lo dispuesto en el Art. 2.1.30 de la OGUC y considerarán las siguientes normas urbanísticas.", "UPROH": null, "P_DO": "08/05/2025", "N_DO": "31/4/117", "T_DO": "Resolución", "OBS": null }, "geometry": { "type": "Polygon", "coordinates": [ [ [ -71.264385500935006, -33.002946111105601 ], [ -71.2644724530236, -33.003135403521 ], [ -71.264637789618803, -33.003067983625698 ], [ -71.264534221874101, -33.002893308155201 ], [ -71.264383575323293, -33.002944212702197 ], [ -71.264385500935006, -33.002946111105601 ] ] ] } },
{ "type": "Feature", "properties": { "id": "monoparte.101", "Name": null, "description": null, "timestamp": null, "begin": null, "end": null, "altitudeMode": null, "tessellate": -1, "extrude": 0, "visibility": -1, "drawOrder": null, "icon": null, "OBJECTID": 111.0, "REG": "Valparaíso", "COM": "Limache", "SHAPE_Leng": 49.646120550900001, "SHAPE_Area": 146.340277085, "LOC": "Limache", "ZONA": "AV", "NOM": "AV - Áreas verdes Existentes (Art.2.1.30)", "UPERM": "Se regirán según lo dispuesto en el Art. 2.1.30 de la OGUC y considerarán las siguientes normas urbanísticas.", "UPROH": null, "P_DO": "08/05/2025", "N_DO": "31/4/117", "T_DO": "Resolución", "OBS": null }, "geometry": { "type": "Polygon", "coordinates": [ [ [ -71.254127982638906, -33.0218189352764 ], [ -71.254221950393003, -33.021861136998801 ], [ -71.254328468589094, -33.021773320383197 ], [ -71.254234134239297, -33.021717518872698 ], [ -71.254127982638906, -33.0218189352764 ] ] ] } },
{ "type": "Feature", "properties": { "id": "monoparte.102", "Name": null, "description": null, "timestamp": null, "begin": null, "end": null, "altitudeMode": null, "tessellate": -1, "extrude": 0, "visibility": -1, "drawOrder": null, "icon": null, "OBJECTID": 112.0, "REG": "Valparaíso", "COM": "Limache", "SHAPE_Leng": 69.192217125400006, "SHAPE_Area": 283.390503357, "LOC": "Limache", "ZONA": "AV", "NOM": "AV - Áreas verdes Existentes (Art.2.1.30)", "UPERM": "Se regirán según lo dispuesto en el Art. 2.1.30 de la OGUC y considerarán las siguientes normas urbanísticas.", "UPROH": null, "P_DO": "08/05/2025", "N_DO": "31/4/117", "T_DO": "Resolución", "OBS": null }, "geometry": { "type": "Polygon", "coordinates": [ [ [ -71.251935416567406, -33.0193897119469 ], [ -71.251935645209898, -33.019390116312003 ], [ -71.252068393185496, -33.019340071310602 ], [ -71.2519654431091, -33.019167282581797 ], [ -71.251839296854797, -33.019218231782403 ], [ -71.251935416567406, -33.0193897119469 ] ] ] } },
{ "type": "Feature", "properties": { "id": "monoparte.103", "Name": null, "description": null, "timestamp": null, "begin": null, "end": null, "altitudeMode": null, "tessellate": -1, "extrude": 0, "visibility": -1, "drawOrder": null, "icon": null, "OBJECTID": 113.0, "REG": "Valparaíso", "COM": "Limache", "SHAPE_Leng": 83.168768917899996, "SHAPE_Area": 282.63218961600001, "LOC": "Limache", "ZONA": "AV", "NOM": "AV - Áreas verdes Existentes (Art.2.1.30)", "UPERM": "Se regirán según lo dispuesto en el Art. 2.1.30 de la OGUC y considerarán las siguientes normas urbanísticas.", "UPROH": null, "P_DO": "08/05/2025", "N_DO": "31/4/117", "T_DO": "Resolución", "OBS": null }, "geometry": { "type": "Polygon", "coordinates": [ [ [ -71.252557807602599, -33.018912988565397 ], [ -71.252544958660394, -33.018964517527998 ], [ -71.252655145188598, -33.0189541766796 ], [ -71.252899618181601, -33.018823310181702 ], [ -71.252838636364402, -33.018762711091597 ], [ -71.252557807602599, -33.018912988565397 ] ] ] } },
{ "type": "Feature", "properties": { "id": "monoparte.104", "Name": null, "description": null, "timestamp": null, "begin": null, "end": null, "altitudeMode": null, "tessellate": -1, "extrude": 0, "visibility": -1, "drawOrder": null, "icon": null, "OBJECTID": 114.0, "REG": "Valparaíso", "COM": "Limache", "SHAPE_Leng": 54.129738317399998, "SHAPE_Area": 132.16179584100001, "LOC": "Limache", "ZONA": "AV", "NOM": "AV - Áreas verdes Existentes (Art.2.1.30)", "UPERM": "Se regirán según lo dispuesto en el Art. 2.1.30 de la OGUC y considerarán las siguientes normas urbanísticas.", "UPROH": null, "P_DO": "08/05/2025", "N_DO": "31/4/117", "T_DO": "Resolución", "OBS": null }, "geometry": { "type": "Polygon", "coordinates": [ [ [ -71.251522086675095, -33.0143654194924 ], [ -71.251568992684795, -33.014517269065799 ], [ -71.251569005135096, -33.014523188833998 ], [ -71.251645354381694, -33.014491078262402 ], [ -71.251646697475294, -33.014454788315902 ], [ -71.251632188940206, -33.014418784474998 ], [ -71.251612099799004, -33.014430599293902 ], [ -71.251584764430802, -33.014335657683603 ], [ -71.251522086675095, -33.0143654194924 ] ] ] } },
{ "type": "Feature", "properties": { "id": "monoparte.105", "Name": null, "description": null, "timestamp": null, "begin": null, "end": null, "altitudeMode": null, "tessellate": -1, "extrude": 0, "visibility": -1, "drawOrder": null, "icon": null, "OBJECTID": 115.0, "REG": "Valparaíso", "COM": "Limache", "SHAPE_Leng": 2091.1763431200002, "SHAPE_Area": 94003.951418700002, "LOC": "Limache", "ZONA": "ZR0", "NOM": "ZR0 - Zona Residencial Mixto 0", "UPERM": "Residencial: Vivienda, hospedaje, hogares de acogida; Equipamiento: Comercio, servicios, científico, culto y cultura,  esparcimiento, salud, educación, Todos excepto los prohibidos; Espacio Público y Áreas Verdes: Todas.", "UPROH": "Equipamiento: Estaciones o centros de servicio automotor del tipo revisión técnica, discotecas, zoológicos, parques de entretenciones, cementerios, cementerios-parque, crematorios, centro orientación o de rehabilitación conductual", "P_DO": "08/05/2025", "N_DO": "31/4/117", "T_DO": "Resolución", "OBS": null }, "geometry": { "type": "Polygon", "coordinates": [ [ [ -71.268158410550797, -33.013342254858998 ], [ -71.268055710932899, -33.013379194554602 ], [ -71.268012067889501, -33.013400029314099 ], [ -71.268011878106293, -33.013425800173501 ], [ -71.268054659741907, -33.013470831119101 ], [ -71.2681478044545, -33.013492042035203 ], [ -71.268304616832197, -33.013507681213099 ], [ -71.268388400653606, -33.0135061577895 ], [ -71.268462458866495, -33.013522943475799 ], [ -71.268508406683594, -33.013547876271701 ], [ -71.268559617170098, -33.013601342898603 ], [ -71.268605312935506, -33.013660635877102 ], [ -71.268706796816005, -33.013775221148698 ], [ -71.268779735801203, -33.013847777461002 ], [ -71.268833039245095, -33.013894524862899 ], [ -71.268842708338596, -33.013918208318799 ], [ -71.269076818164095, -33.014124861605197 ], [ -71.269359044549603, -33.014352589436903 ], [ -71.269405621345896, -33.014446222592802 ], [ -71.269438073752099, -33.0145191173226 ], [ -71.269468199038499, -33.014564186816102 ], [ -71.269504072652694, -33.0146379733335 ], [ -71.269557883214901, -33.014748653985201 ], [ -71.269594013694302, -33.014832455999802 ], [ -71.269635349834701, -33.014920458308303 ], [ -71.269686295853404, -33.015051947396998 ], [ -71.269784609417897, -33.0152802769923 ], [ -71.269806896839697, -33.015354310599399 ], [ -71.269858607554596, -33.015515609124797 ], [ -71.269885759012595, -33.015646815070397 ], [ -71.269918173838803, -33.015806555663303 ], [ -71.269936698565004, -33.0159588850522 ], [ -71.269948867928406, -33.016729086326798 ], [ -71.269976233031798, -33.017133709338303 ], [ -71.270026858865705, -33.017318886749898 ], [ -71.270143510831005, -33.0176603289977 ], [ -71.270328728382495, -33.018164678769402 ], [ -71.271907135213695, -33.0175433563941 ], [ -71.270762225283605, -33.015171512094099 ], [ -71.270223924081407, -33.014057562726599 ], [ -71.269704514949694, -33.013017228940001 ], [ -71.2689604226683, -33.011437396365103 ], [ -71.268786775845498, -33.011125619360598 ], [ -71.268464930276906, -33.010666225579897 ], [ -71.267596369996795, -33.010918217350003 ], [ -71.267609432394806, -33.010994324533101 ], [ -71.267602186177101, -33.011043128035602 ], [ -71.267609649446101, -33.011097728424197 ], [ -71.267713646156096, -33.011177912418198 ], [ -71.267895356379995, -33.011329213833299 ], [ -71.267907337396096, -33.011354763452204 ], [ -71.267900658309003, -33.011403556656603 ], [ -71.267898947297397, -33.011469437825603 ], [ -71.267947272625193, -33.011542999432301 ], [ -71.267995279347204, -33.011604158773302 ], [ -71.268028573296604, -33.011687855107702 ], [ -71.268005797073599, -33.0118600519369 ], [ -71.267976953531601, -33.0121048901606 ], [ -71.267980936032799, -33.012234609779 ], [ -71.268000696698607, -33.012254291859897 ], [ -71.268123967247007, -33.012335079110002 ], [ -71.268209973299605, -33.012420360851102 ], [ -71.268230149419495, -33.012456259565198 ], [ -71.268286205125904, -33.012522044468803 ], [ -71.268298748411198, -33.012569534132403 ], [ -71.268331469642504, -33.012629381458297 ], [ -71.268461696376605, -33.012760622637302 ], [ -71.268494521660301, -33.012803926383498 ], [ -71.268488258230093, -33.012868935368303 ], [ -71.268530850195205, -33.012939737911999 ], [ -71.268528577650599, -33.0129836789622 ], [ -71.268520041362805, -33.013032911741 ], [ -71.268509233991793, -33.013075337953502 ], [ -71.268479953766501, -33.013093048652202 ], [ -71.268371023048502, -33.0131852157498 ], [ -71.268228420189402, -33.013289447162002 ], [ -71.268158410550797, -33.013342254858998 ] ], [ [ -71.269531586227501, -33.013516615877101 ], [ -71.269529770297098, -33.013507192300601 ], [ -71.269466132647594, -33.013399792377598 ], [ -71.269457244371694, -33.013384445838803 ], [ -71.269464014458293, -33.013372393478498 ], [ -71.269621331832894, -33.013323006812499 ], [ -71.269641145609597, -33.013322646339503 ], [ -71.269715698305603, -33.013469214215398 ], [ -71.269567024548707, -33.013524407904796 ], [ -71.269547272918899, -33.013527153256902 ], [ -71.269531586227501, -33.013516615877101 ] ] ] } },
{ "type": "Feature", "properties": { "id": "monoparte.106", "Name": null, "description": null, "timestamp": null, "begin": null, "end": null, "altitudeMode": null, "tessellate": -1, "extrude": 0, "visibility": -1, "drawOrder": null, "icon": null, "OBJECTID": 116.0, "REG": "Valparaíso", "COM": "Limache", "SHAPE_Leng": 4686.4482423199997, "SHAPE_Area": 25337.311768600001, "LOC": "Limache", "ZONA": "ZAV", "NOM": "ZAV - Zona de Área verde", "UPERM": "Para los efectos de la aplicación del Art. 2.1.31 de la OGUC, las condiciones de edificación para los usos complementarios son las siguientes: sup. subdivisón mínima: 2.500 m2; sistema de agrupamiento: aislado; Altura máxima: 3.5 metros; Antejardín", "UPROH": null, "P_DO": "08/05/2025", "N_DO": "31/4/117", "T_DO": "Resolución", "OBS": null }, "geometry": { "type": "Polygon", "coordinates": [ [ [ -71.268741278092307, -33.005484638464402 ], [ -71.268593941461901, -33.005536228283503 ], [ -71.268566198249005, -33.0055033301945 ], [ -71.268176925495496, -33.005658157892498 ], [ -71.268108316486206, -33.005688035616302 ], [ -71.267940698169099, -33.005776974039101 ], [ -71.267849649165797, -33.005870485552997 ], [ -71.267769061525499, -33.0060521258183 ], [ -71.267739293541496, -33.006117085922099 ], [ -71.267728150997897, -33.006179559526203 ], [ -71.267737559762693, -33.006480725487897 ], [ -71.267753551623898, -33.006545712322001 ], [ -71.267776308158801, -33.006593970516299 ], [ -71.267827512872799, -33.006647437711301 ], [ -71.267850429194993, -33.006657709578697 ], [ -71.2679064563022, -33.006722542176803 ], [ -71.267992598814402, -33.006835498225499 ], [ -71.268019243473802, -33.006880822641698 ], [ -71.268039279682299, -33.006933425253798 ], [ -71.268099289690696, -33.007021088832801 ], [ -71.268158578192001, -33.007213267189499 ], [ -71.268226308726199, -33.007430303794003 ], [ -71.268268681882702, -33.007536898171502 ], [ -71.268314963928802, -33.007630298335997 ], [ -71.268325165522299, -33.007696917902798 ], [ -71.268385049580303, -33.007768598332397 ], [ -71.268413465316797, -33.007827728657901 ], [ -71.268417059284403, -33.007857486797597 ], [ -71.268369919764993, -33.007896517532302 ], [ -71.268256482028406, -33.0079451046835 ], [ -71.268172365582103, -33.007977650432402 ], [ -71.268036783747505, -33.007990851418 ], [ -71.267709824638004, -33.007994736912501 ], [ -71.267488910978003, -33.007993025977598 ], [ -71.267407873145501, -33.008013109025399 ], [ -71.267295740813196, -33.008079564968099 ], [ -71.267187321523394, -33.008224688516897 ], [ -71.267111094192003, -33.008366363057497 ], [ -71.266986887512999, -33.0085706682516 ], [ -71.267038603222801, -33.008599790094998 ], [ -71.267031036819702, -33.0087688483219 ], [ -71.267026758046995, -33.008933551783102 ], [ -71.267057495242895, -33.009006000528103 ], [ -71.267140132777001, -33.009114726671797 ], [ -71.267284233619804, -33.009215956832101 ], [ -71.267398622039096, -33.009259687654499 ], [ -71.267521822842099, -33.009293713209701 ], [ -71.2675680378495, -33.009329138811403 ], [ -71.267612817530605, -33.009397038052398 ], [ -71.267620717298101, -33.009528595545603 ], [ -71.267635943109497, -33.009946323691501 ], [ -71.267636929897606, -33.010176559664799 ], [ -71.2676473797694, -33.010230767618701 ], [ -71.267718687327104, -33.010449926103597 ], [ -71.267727833436993, -33.010497477603003 ], [ -71.267712765369694, -33.010528290960799 ], [ -71.267698494193596, -33.010550476344299 ], [ -71.267598919026, -33.010642949710402 ], [ -71.267536501526706, -33.010693591009698 ], [ -71.267508308687894, -33.0107537503863 ], [ -71.267487374445395, -33.010820934997597 ], [ -71.267492717030706, -33.011029602253302 ], [ -71.267495139822799, -33.011068925788102 ], [ -71.267504485433193, -33.011102157539902 ], [ -71.267533401085004, -33.011171968250203 ], [ -71.267553792932702, -33.011205238187401 ], [ -71.267612743159305, -33.011251407426997 ], [ -71.267686202279904, -33.011300175056299 ], [ -71.267761407517597, -33.011383984346203 ], [ -71.267769079970094, -33.011418201437102 ], [ -71.267793143313099, -33.011462140790002 ], [ -71.267798652302403, -33.0115114284241 ], [ -71.267792384899593, -33.011565225147301 ], [ -71.267821652531396, -33.011613364910097 ], [ -71.267840326386803, -33.011645950035899 ], [ -71.267836796017704, -33.011673929589101 ], [ -71.267794093656505, -33.011698325288897 ], [ -71.267679129053803, -33.011775967908399 ], [ -71.2675541551978, -33.0118498156504 ], [ -71.267411067547101, -33.0119239933898 ], [ -71.2673593196468, -33.0119821948199 ], [ -71.267350253369798, -33.012026259340402 ], [ -71.267331811711799, -33.012058088016602 ], [ -71.267323681886296, -33.012094501326402 ], [ -71.267285130467201, -33.012137193611103 ], [ -71.267229943752199, -33.012176131246903 ], [ -71.267162946293297, -33.012213853325001 ], [ -71.267099736863003, -33.0122336113619 ], [ -71.267054860116204, -33.012239437881298 ], [ -71.266999720336798, -33.0122425869327 ], [ -71.266958631692304, -33.012230449412201 ], [ -71.266861205948601, -33.012207884278801 ], [ -71.266835732128399, -33.012208347148402 ], [ -71.266779504873, -33.012202210733797 ], [ -71.266723480143995, -33.012203944669302 ], [ -71.266679524945999, -33.012212616455002 ], [ -71.266612362401005, -33.012243899161497 ], [ -71.266578993721893, -33.012301050370503 ], [ -71.266564928110398, -33.012393178617202 ], [ -71.266575352175494, -33.012446432173398 ], [ -71.266611940330293, -33.012503983313302 ], [ -71.266724302446406, -33.012601194392197 ], [ -71.266816587912501, -33.012666321698603 ], [ -71.266884218271699, -33.012697541281 ], [ -71.266915992764694, -33.012699826954702 ], [ -71.266936885157506, -33.0127194886417 ], [ -71.266939116922998, -33.012762393786502 ], [ -71.266918923012, -33.012814295572703 ], [ -71.266902892319905, -33.012851806473101 ], [ -71.266873434554398, -33.012884709954399 ], [ -71.266777252617203, -33.012977121063798 ], [ -71.2667554628011, -33.013010919495201 ], [ -71.266757986432495, -33.013065271526798 ], [ -71.266795633555404, -33.013119939408902 ], [ -71.267104966707606, -33.013389171710699 ], [ -71.267123912011101, -33.013421274976302 ], [ -71.267118983279104, -33.013449995909198 ], [ -71.267087467600504, -33.013502103468497 ], [ -71.267031232806403, -33.013581954297798 ], [ -71.267005774467293, -33.013682623547098 ], [ -71.266998712019898, -33.0137385817373 ], [ -71.266988013749497, -33.013785300871596 ], [ -71.2669677002241, -33.013821457632702 ], [ -71.266947906451605, -33.013844721689097 ], [ -71.266862490000193, -33.013859873964499 ], [ -71.266649971439804, -33.013872562654299 ], [ -71.266530416527701, -33.013914817474003 ], [ -71.266470136458693, -33.013949554120401 ], [ -71.266437880016298, -33.013983780717801 ], [ -71.266413894911693, -33.014009267899098 ], [ -71.266375101481401, -33.014053634354902 ], [ -71.266365845376797, -33.014090307030898 ], [ -71.266352226142203, -33.014155688534601 ], [ -71.266352751060296, -33.014209360894803 ], [ -71.266379883883701, -33.014340061324802 ], [ -71.266390904299399, -33.014383403766203 ], [ -71.266410466452598, -33.014483851951198 ], [ -71.2664145064319, -33.0145863711979 ], [ -71.266410492954407, -33.014650862203602 ], [ -71.266365942345303, -33.014759390645303 ], [ -71.266293069754894, -33.014936914953701 ], [ -71.266257709180806, -33.014982650087397 ], [ -71.266235635207494, -33.015049617142303 ], [ -71.266226763460196, -33.015101313141301 ], [ -71.266231614459997, -33.015147034658298 ], [ -71.266243307046096, -33.015205514243299 ], [ -71.26626796283, -33.0152394228882 ], [ -71.266306461794997, -33.015283101152903 ], [ -71.266331703581201, -33.015339903506501 ], [ -71.266357077652998, -33.015468279600803 ], [ -71.266365936184798, -33.0154824338941 ], [ -71.266467026907307, -33.015648085926898 ], [ -71.266488566136303, -33.015759353379899 ], [ -71.266513405319003, -33.015800416700699 ], [ -71.266535067562302, -33.015850126874398 ], [ -71.266551342246302, -33.015888481845998 ], [ -71.266589731754394, -33.015927866978103 ], [ -71.266638164960796, -33.015961343514803 ], [ -71.266649454006895, -33.016004084980104 ], [ -71.266670933226806, -33.016046640386499 ], [ -71.266709017594906, -33.0160741009148 ], [ -71.266750172714495, -33.0161330000345 ], [ -71.266768560557097, -33.0161875417011 ], [ -71.266784056554798, -33.016239748988703 ], [ -71.2668174520565, -33.016327419534598 ], [ -71.266940595214095, -33.0162703069185 ], [ -71.266745737507094, -33.015849162098696 ], [ -71.266525490852601, -33.015321113518702 ], [ -71.266390155378204, -33.015040125340199 ], [ -71.266448754882802, -33.014950782411702 ], [ -71.266471196580298, -33.014887149613898 ], [ -71.266500634109704, -33.014765737428903 ], [ -71.266527362697303, -33.014655493894502 ], [ -71.266538970701404, -33.0146111442901 ], [ -71.266547320665694, -33.014550152625802 ], [ -71.266538596802803, -33.014485893037197 ], [ -71.266507421630493, -33.014374322710403 ], [ -71.266494909525306, -33.014328026206798 ], [ -71.2664798223107, -33.014236443866402 ], [ -71.266475689735998, -33.014110737879101 ], [ -71.266484925851401, -33.014084325635601 ], [ -71.266515298672701, -33.014053950342799 ], [ -71.266549673402807, -33.014013959146801 ], [ -71.266583182097307, -33.0139954560739 ], [ -71.266636626833503, -33.013981362816303 ], [ -71.266760591064099, -33.013956445016397 ], [ -71.266917564180005, -33.013948820642199 ], [ -71.267027314699604, -33.013921774840597 ], [ -71.267067776857999, -33.013898373235698 ], [ -71.267090768427096, -33.013856202736797 ], [ -71.267118404595294, -33.013663637458997 ], [ -71.267169059912504, -33.013595911881602 ], [ -71.267206504240306, -33.013514509719201 ], [ -71.267232355815594, -33.013473480230402 ], [ -71.267248800465296, -33.0133968331712 ], [ -71.267233182675696, -33.013339856085103 ], [ -71.267121856657795, -33.013250022811199 ], [ -71.266890866925806, -33.013076472505098 ], [ -71.266864323481698, -33.013035202136201 ], [ -71.266873650938805, -33.013012366337797 ], [ -71.266969532836598, -33.012941433907699 ], [ -71.267024372885601, -33.012871247226201 ], [ -71.267050121527205, -33.0127904544091 ], [ -71.267071086985197, -33.012724461411501 ], [ -71.267071433936394, -33.012682702420399 ], [ -71.267045317893505, -33.0126581255753 ], [ -71.266996039678006, -33.012613689333598 ], [ -71.266914728738897, -33.012590115432502 ], [ -71.266857509067705, -33.012567295836703 ], [ -71.266820071495502, -33.012542924659797 ], [ -71.266743414804395, -33.012479898504502 ], [ -71.266705366903906, -33.012431679957103 ], [ -71.266694819692106, -33.012406819255503 ], [ -71.266673541134296, -33.012349944929902 ], [ -71.266698404606302, -33.012325634758099 ], [ -71.266744650644597, -33.012306900225802 ], [ -71.266782739327795, -33.012301436118499 ], [ -71.266818334168406, -33.0123091404379 ], [ -71.266959069018299, -33.012320659449998 ], [ -71.267135619218806, -33.012314588127502 ], [ -71.267204882334696, -33.012299014175099 ], [ -71.267292168830295, -33.012257345210998 ], [ -71.267348518610405, -33.012201923215898 ], [ -71.267398441516704, -33.012160933236302 ], [ -71.267425956368001, -33.0121074663464 ], [ -71.267438406978499, -33.012062863286999 ], [ -71.267456246033703, -33.0120296135742 ], [ -71.2674757828499, -33.011996333903397 ], [ -71.267512265852503, -33.011961314248701 ], [ -71.267628458785396, -33.011920550734601 ], [ -71.267681887876606, -33.011883791035103 ], [ -71.2677635653815, -33.011822182384698 ], [ -71.267896691545204, -33.011759877387398 ], [ -71.267912562889094, -33.011782493235501 ], [ -71.267905829800199, -33.0118513287428 ], [ -71.2679067703383, -33.0119543813055 ], [ -71.267900953325594, -33.012058988684998 ], [ -71.267886127239393, -33.012252722567098 ], [ -71.267912957944304, -33.012305201617103 ], [ -71.268084790566505, -33.012446662021702 ], [ -71.268137022015793, -33.012495815271699 ], [ -71.268158647572704, -33.012544093876002 ], [ -71.2681872495926, -33.012599403699902 ], [ -71.268233201114697, -33.012668713302503 ], [ -71.268268303197402, -33.012712451838802 ], [ -71.268302623866404, -33.012758859313799 ], [ -71.268327244106302, -33.012791337134097 ], [ -71.268368503562499, -33.012876478291702 ], [ -71.268386989320305, -33.012934835048199 ], [ -71.268393220969102, -33.0129790984899 ], [ -71.268379365145407, -33.013035180264303 ], [ -71.2683549906656, -33.013078569140902 ], [ -71.268314193629294, -33.013077879864298 ], [ -71.268235693207501, -33.013130841983497 ], [ -71.268103090355496, -33.013260658844999 ], [ -71.268052947320299, -33.013293063973997 ], [ -71.267955140537296, -33.0133220405814 ], [ -71.267918803770002, -33.013362783801703 ], [ -71.267911631969497, -33.013414448999697 ], [ -71.267920000974797, -33.013475852786499 ], [ -71.267953624301896, -33.0135282083235 ], [ -71.2680586512529, -33.013582127860502 ], [ -71.2681304935752, -33.013600863027399 ], [ -71.268205402717996, -33.013606659139597 ], [ -71.268371838699807, -33.013603632941802 ], [ -71.268426331402594, -33.013608368178097 ], [ -71.268493921378294, -33.013660105021501 ], [ -71.268535714467603, -33.013721808122 ], [ -71.268607105537001, -33.0137892229763 ], [ -71.268619726372904, -33.013817623914399 ], [ -71.268663357934102, -33.013862639179997 ], [ -71.268776975314395, -33.013986546911198 ], [ -71.268946967162506, -33.014122313366002 ], [ -71.269009960780593, -33.014182484577901 ], [ -71.269057799061002, -33.014328456631297 ], [ -71.269257501070399, -33.014270654449703 ], [ -71.269076818164095, -33.014124861605197 ], [ -71.268842708338596, -33.013918208318799 ], [ -71.268833039245095, -33.013894524862899 ], [ -71.268779735801203, -33.013847777461002 ], [ -71.268706796816005, -33.013775221148698 ], [ -71.268605312935506, -33.013660635877102 ], [ -71.268559617170098, -33.013601342898603 ], [ -71.268508406683594, -33.013547876271701 ], [ -71.268462458866495, -33.013522943475799 ], [ -71.268388400653606, -33.0135061577895 ], [ -71.268304616832197, -33.013507681213099 ], [ -71.2681478044545, -33.013492042035203 ], [ -71.268054659741907, -33.013470831119101 ], [ -71.268011878106293, -33.013425800173501 ], [ -71.268012067889501, -33.013400029314099 ], [ -71.268055710932899, -33.013379194554602 ], [ -71.268158410550797, -33.013342254858998 ], [ -71.268228420189402, -33.013289447162002 ], [ -71.268371023048502, -33.0131852157498 ], [ -71.268479953766501, -33.013093048652202 ], [ -71.268509233991793, -33.013075337953502 ], [ -71.268520041362805, -33.013032911741 ], [ -71.268528577650599, -33.0129836789622 ], [ -71.268530850195205, -33.012939737911999 ], [ -71.268488258230093, -33.012868935368303 ], [ -71.268494521660301, -33.012803926383498 ], [ -71.268461696376605, -33.012760622637302 ], [ -71.268331469642504, -33.012629381458297 ], [ -71.268298748411198, -33.012569534132403 ], [ -71.268286205125904, -33.012522044468803 ], [ -71.268230149419495, -33.012456259565198 ], [ -71.268209973299605, -33.012420360851102 ], [ -71.268123967247007, -33.012335079110002 ], [ -71.268000696698607, -33.012254291859897 ], [ -71.267980936032799, -33.012234609779 ], [ -71.267976953531601, -33.0121048901606 ], [ -71.268005797073599, -33.0118600519369 ], [ -71.268028573296604, -33.011687855107702 ], [ -71.267995279347204, -33.011604158773302 ], [ -71.267947272625193, -33.011542999432301 ], [ -71.267898947297397, -33.011469437825603 ], [ -71.267900658309003, -33.011403556656603 ], [ -71.267907337396096, -33.011354763452204 ], [ -71.267895356379995, -33.011329213833299 ], [ -71.267713646156096, -33.011177912418198 ], [ -71.267609649446101, -33.011097728424197 ], [ -71.267602186177101, -33.011043128035602 ], [ -71.267609432394806, -33.010994324533101 ], [ -71.267596369996795, -33.010918217350003 ], [ -71.267578196667998, -33.010872022932297 ], [ -71.267605717826399, -33.010785631304302 ], [ -71.267663233000405, -33.0107094306872 ], [ -71.267736684821301, -33.010669444886901 ], [ -71.267785861702293, -33.010599359936997 ], [ -71.2678318415268, -33.010515018752599 ], [ -71.267838562425595, -33.010445706435398 ], [ -71.267828238636994, -33.010374317930101 ], [ -71.267800750205097, -33.010296083366597 ], [ -71.267722029621297, -33.010097100098697 ], [ -71.267712134490495, -33.010042405043301 ], [ -71.267699145951795, -33.009756336424701 ], [ -71.267712486474096, -33.0095031908387 ], [ -71.267693366977895, -33.009420032068199 ], [ -71.267674552837704, -33.009348797857903 ], [ -71.267610879203204, -33.009295080264202 ], [ -71.267517023203098, -33.009242228616998 ], [ -71.267421226183799, -33.0092167711842 ], [ -71.267257330633598, -33.009119543071101 ], [ -71.267152981714105, -33.009025526788299 ], [ -71.267106593568698, -33.008939046331101 ], [ -71.2671026746103, -33.008785944028197 ], [ -71.267113170940604, -33.008731355381997 ], [ -71.267181629606, -33.0084853203088 ], [ -71.267283856275, -33.008297364480903 ], [ -71.267364211179896, -33.008184244408 ], [ -71.267431317774793, -33.008128746855 ], [ -71.267495227071606, -33.008103248996697 ], [ -71.267545880344002, -33.008090876199802 ], [ -71.268042015292707, -33.008091879153 ], [ -71.268268805893996, -33.008057693711599 ], [ -71.268374950751394, -33.008022838391 ], [ -71.268451895652802, -33.007975630639898 ], [ -71.268505175534202, -33.007933148156098 ], [ -71.268544466584899, -33.0078751727971 ], [ -71.268562231171202, -33.007839061245598 ], [ -71.268557735331598, -33.007796197285302 ], [ -71.2684423180349, -33.007668026747801 ], [ -71.268401427690193, -33.007597194021599 ], [ -71.268387157845893, -33.007504403976903 ], [ -71.268332828625205, -33.0074395416557 ], [ -71.268297195768696, -33.007308667848797 ], [ -71.268241107937499, -33.007175124309697 ], [ -71.268195611391704, -33.007057134504002 ], [ -71.268143102386006, -33.006930683015 ], [ -71.268105206006297, -33.006844049429098 ], [ -71.268023828683795, -33.006718122672098 ], [ -71.267894938096603, -33.006594491497601 ], [ -71.267847829562598, -33.0065379073787 ], [ -71.267846060476401, -33.006336094179503 ], [ -71.267850375606898, -33.006172821987803 ], [ -71.267896654684904, -33.0060560268657 ], [ -71.267980477624704, -33.005945707342903 ], [ -71.268029407675201, -33.005866083615402 ], [ -71.268122457241802, -33.005809248453097 ], [ -71.268192974163497, -33.005776472986902 ], [ -71.268626472548206, -33.0056540695794 ], [ -71.2688193308922, -33.005579135311699 ], [ -71.268989163584607, -33.005488246466498 ], [ -71.269078070819305, -33.005421733546797 ], [ -71.269096542755904, -33.005346958367703 ], [ -71.269126237605505, -33.005268161981803 ], [ -71.269137232652696, -33.005166800396701 ], [ -71.269107488606195, -33.004978380187303 ], [ -71.269073951476102, -33.004679100489597 ], [ -71.269063677032094, -33.004543293011899 ], [ -71.269072275688799, -33.0044401246181 ], [ -71.269074073478095, -33.004418560900099 ], [ -71.269097565833405, -33.004340831366001 ], [ -71.2691533243283, -33.004262515018198 ], [ -71.269174373256007, -33.004222048631803 ], [ -71.2691874085519, -33.004200339150799 ], [ -71.269464289187297, -33.003933333901699 ], [ -71.269624668178196, -33.003731911400401 ], [ -71.269639616115697, -33.003674378534001 ], [ -71.269678187527205, -33.003499985024398 ], [ -71.2696677779617, -33.003358930079301 ], [ -71.269609870114195, -33.003220648133897 ], [ -71.269568202890895, -33.003097340935398 ], [ -71.269367816079907, -33.002879576067897 ], [ -71.269218623224702, -33.002729671425001 ], [ -71.269082938961503, -33.002818523726297 ], [ -71.269244424447393, -33.002909714011899 ], [ -71.269407858792803, -33.003055620035802 ], [ -71.269485216043293, -33.0031572836481 ], [ -71.269495318955705, -33.0032200869463 ], [ -71.269539751849805, -33.003296581043102 ], [ -71.269546311957797, -33.003353722680302 ], [ -71.269584660320305, -33.003391676734097 ], [ -71.269578516376896, -33.003483406029197 ], [ -71.269564391375894, -33.003575316567002 ], [ -71.269520289757693, -33.003710682014699 ], [ -71.269373664745004, -33.003889426865904 ], [ -71.269260721146594, -33.003990256681497 ], [ -71.269083345490202, -33.004162402411403 ], [ -71.2690426141979, -33.004230425230801 ], [ -71.269017835071097, -33.004299658446897 ], [ -71.269007084430299, -33.004314134025897 ], [ -71.268987683063798, -33.004352661425202 ], [ -71.268970547268495, -33.004391146719897 ], [ -71.268950348371106, -33.004486949580297 ], [ -71.268955788329095, -33.004540144829797 ], [ -71.268961367973304, -33.004713735247698 ], [ -71.268989659571105, -33.0050112969626 ], [ -71.269007568453603, -33.005157702707201 ], [ -71.268985893165507, -33.005251146392702 ], [ -71.268945485070802, -33.0053318076084 ], [ -71.2688918523436, -33.005393622916799 ], [ -71.268800103402498, -33.005459710356398 ], [ -71.268741278092307, -33.005484638464402 ] ] ] } },
{ "type": "Feature", "properties": { "id": "monoparte.107", "Name": null, "description": null, "timestamp": null, "begin": null, "end": null, "altitudeMode": null, "tessellate": -1, "extrude": 0, "visibility": -1, "drawOrder": null, "icon": null, "OBJECTID": 117.0, "REG": "Valparaíso", "COM": "Limache", "SHAPE_Leng": 71.904837348599997, "SHAPE_Area": 337.23972839700002, "LOC": "Limache", "ZONA": "AV", "NOM": "AV - Áreas verdes Existentes (Art.2.1.30)", "UPERM": "Se regirán según lo dispuesto en el Art. 2.1.30 de la OGUC y considerarán las siguientes normas urbanísticas.", "UPROH": null, "P_DO": "08/05/2025", "N_DO": "31/4/117", "T_DO": "Resolución", "OBS": null }, "geometry": { "type": "Polygon", "coordinates": [ [ [ -71.269531586227501, -33.013516615877101 ], [ -71.269547272918899, -33.013527153256902 ], [ -71.269567024548707, -33.013524407904796 ], [ -71.269715698305603, -33.013469214215398 ], [ -71.269641145609597, -33.013322646339503 ], [ -71.269621331832894, -33.013323006812499 ], [ -71.269464014458293, -33.013372393478498 ], [ -71.269457244371694, -33.013384445838803 ], [ -71.269466132647594, -33.013399792377598 ], [ -71.269529770297098, -33.013507192300601 ], [ -71.269531586227501, -33.013516615877101 ] ] ] } },
{ "type": "Feature", "properties": { "id": "monoparte.108", "Name": null, "description": null, "timestamp": null, "begin": null, "end": null, "altitudeMode": null, "tessellate": -1, "extrude": 0, "visibility": -1, "drawOrder": null, "icon": null, "OBJECTID": 118.0, "REG": "Valparaíso", "COM": "Limache", "SHAPE_Leng": 586.186798748, "SHAPE_Area": 17929.882556799999, "LOC": "Limache", "ZONA": "ZPP", "NOM": "ZPP - Plazas y Parques públicos proyectados", "UPERM": "REVISAR ORDENANZA LOCAL", "UPROH": "REVISAR ORDENANZA LOCAL", "P_DO": "08/05/2025", "N_DO": "31/4/117", "T_DO": "Resolución", "OBS": null }, "geometry": { "type": "Polygon", "coordinates": [ [ [ -71.267397452588199, -33.017734763983299 ], [ -71.267432594517302, -33.017613602333903 ], [ -71.267483237239901, -33.017495535958098 ], [ -71.267491866356806, -33.017417837947399 ], [ -71.267486496169496, -33.017346359452802 ], [ -71.267448059402099, -33.017227764292898 ], [ -71.267098168308394, -33.016337332315501 ], [ -71.266381242837696, -33.016541229353699 ], [ -71.2662053965838, -33.016586177557798 ], [ -71.266076158346905, -33.016654136383501 ], [ -71.266059458133896, -33.016693210348599 ], [ -71.266811725367305, -33.018381268212103 ], [ -71.2668613018228, -33.018520165032498 ], [ -71.267294490551294, -33.0178800356125 ], [ -71.267379285276704, -33.017735341276001 ], [ -71.267397452588199, -33.017734763983299 ] ] ] } },
{ "type": "Feature", "properties": { "id": "monoparte.109", "Name": null, "description": null, "timestamp": null, "begin": null, "end": null, "altitudeMode": null, "tessellate": -1, "extrude": 0, "visibility": -1, "drawOrder": null, "icon": null, "OBJECTID": 119.0, "REG": "Valparaíso", "COM": "Limache", "SHAPE_Leng": 1099.7745034, "SHAPE_Area": 35409.34730590001, "LOC": "Limache", "ZONA": "ZE1", "NOM": "ZE-1 – Zona de Equipamiento 1", "UPERM": "Equipamiento: Todos, exceptos los señalados como prohibidos; Espacio Público; Áreas Verdes", "UPROH": "Residencial: Todos; Equipamientos de los siguientes destinos: Zoológicos, Áreas de Camping. Centros Médicos o Dentales. Supermercados. Cementerios, Cementerios-Parque, Crematorios. Cárceles, Centro de Detención.; Infraestructura: todos; Actividades", "P_DO": "08/05/2025", "N_DO": "31/4/117", "T_DO": "Resolución", "OBS": null }, "geometry": { "type": "Polygon", "coordinates": [ [ [ -71.259799164858606, -32.998828101163603 ], [ -71.260043111939396, -32.999312783407497 ], [ -71.260223785185303, -32.999251056727303 ], [ -71.260427552219596, -32.999247365600802 ], [ -71.262706580271697, -32.998461663385399 ], [ -71.2631536925213, -32.9995606049782 ], [ -71.263957614700104, -32.999331292413501 ], [ -71.263343442926299, -32.997942278580503 ], [ -71.263138689141996, -32.997477297939199 ], [ -71.2631162625473, -32.997485916912801 ], [ -71.261210876200195, -32.998280512794501 ], [ -71.260509064937807, -32.998572377075099 ], [ -71.259799164858606, -32.998828101163603 ] ] ] } },
{ "type": "Feature", "properties": { "id": "monoparte.110", "Name": null, "description": null, "timestamp": null, "begin": null, "end": null, "altitudeMode": null, "tessellate": -1, "extrude": 0, "visibility": -1, "drawOrder": null, "icon": null, "OBJECTID": 121.0, "REG": "Valparaíso", "COM": "Limache", "SHAPE_Leng": 298.93039721100001, "SHAPE_Area": 3871.76194399, "LOC": "Limache", "ZONA": "ZAV", "NOM": "ZAV - Zona de Área verde", "UPERM": "Para los efectos de la aplicación del Art. 2.1.31 de la OGUC, las condiciones de edificación para los usos complementarios son las siguientes: sup. subdivisón mínima: 2.500 m2; sistema de agrupamiento: aislado; Altura máxima: 3.5 metros; Antejardín", "UPROH": null, "P_DO": "08/05/2025", "N_DO": "31/4/117", "T_DO": "Resolución", "OBS": null }, "geometry": { "type": "Polygon", "coordinates": [ [ [ -71.259141058446303, -32.999065162388902 ], [ -71.259410726084994, -32.999659476774497 ], [ -71.259683003042198, -32.999499940289397 ], [ -71.259610529601005, -32.999411543876498 ], [ -71.259607633716499, -32.999386782850202 ], [ -71.259780922415203, -32.999253852148399 ], [ -71.259839544513198, -32.9992432472595 ], [ -71.260017382160996, -32.999377453150998 ], [ -71.260043111939396, -32.999312783407497 ], [ -71.259799164858606, -32.998828101163603 ], [ -71.259141058446303, -32.999065162388902 ] ] ] } },
{ "type": "Feature", "properties": { "id": "monoparte.111", "Name": null, "description": null, "timestamp": null, "begin": null, "end": null, "altitudeMode": null, "tessellate": -1, "extrude": 0, "visibility": -1, "drawOrder": null, "icon": null, "OBJECTID": 122.0, "REG": "Valparaíso", "COM": "Limache", "SHAPE_Leng": 9873.7713273900008, "SHAPE_Area": 478728.02801299997, "LOC": "Limache", "ZONA": "ZC2", "NOM": "ZC2 - Zona Centro Mixto Residencial 2", "UPERM": "Residencial: Vivienda, hospedaje, hogares de acogida; Equipamiento: Comercio, servicios, culto y cultura, deporte, seguridad, social, esparcimiento, educación, salud, Todos excepto los prohibidos; Ver destinos o actividades específicas en Ordenanza Loc", "UPROH": "Equipamiento: Centros de servicio automotor del tipo revisión técnica, discotecas, carceles o centros de detención, zoológicos, parques de entretenciones, cementerios-parque, crematorios.", "P_DO": "08/05/2025", "N_DO": "31/4/117", "T_DO": "Resolución", "OBS": null }, "geometry": { "type": "Polygon", "coordinates": [ [ [ -71.249982405382497, -33.008832192002998 ], [ -71.250487783836803, -33.0095533577189 ], [ -71.251850218975093, -33.011544800046501 ], [ -71.252307771248496, -33.012225107420697 ], [ -71.252491209547699, -33.012534346830499 ], [ -71.252557827883095, -33.012592791196397 ], [ -71.252531828059404, -33.012683924454102 ], [ -71.252727299088804, -33.0133770738762 ], [ -71.252915030256005, -33.014077519818102 ], [ -71.253030639172394, -33.0144920072429 ], [ -71.253539140412798, -33.016406204002699 ], [ -71.253826938937394, -33.017510440924298 ], [ -71.2540820517318, -33.018492991132099 ], [ -71.254407725967098, -33.019741583506203 ], [ -71.254953816312096, -33.021667856530897 ], [ -71.254986819851695, -33.021796097275001 ], [ -71.255028954357201, -33.021949225320803 ], [ -71.255232569772105, -33.022649020891798 ], [ -71.255356192825204, -33.023054771976 ], [ -71.255936849131004, -33.0231683369162 ], [ -71.256292529384098, -33.023233479888198 ], [ -71.256463354505399, -33.023268564367797 ], [ -71.256918585776603, -33.023261441990797 ], [ -71.257423181312902, -33.023168804532602 ], [ -71.257818041140197, -33.023104396802403 ], [ -71.258032578106807, -33.023076654840501 ], [ -71.258428743949096, -33.023033852679497 ], [ -71.258920571018905, -33.0228627070057 ], [ -71.260379983403098, -33.022369313378 ], [ -71.2605477632017, -33.0222851525753 ], [ -71.260843659702005, -33.022227300882697 ], [ -71.260911813656705, -33.022345359529197 ], [ -71.261304109090602, -33.023177445795802 ], [ -71.261384893110304, -33.0231547090238 ], [ -71.263162284790994, -33.022509382556898 ], [ -71.264319435088694, -33.022130500666201 ], [ -71.264419514057394, -33.022057107778998 ], [ -71.264537187698394, -33.022007253799003 ], [ -71.264615352738303, -33.0219628890463 ], [ -71.264727974290196, -33.021936985920803 ], [ -71.264885645179803, -33.021900720642201 ], [ -71.265273367092504, -33.021779158254198 ], [ -71.265489353966302, -33.021701940814502 ], [ -71.265465918712906, -33.021669362534702 ], [ -71.265420234785907, -33.021654922064798 ], [ -71.265270720336503, -33.021655729299901 ], [ -71.265217754393305, -33.021622334636497 ], [ -71.265116353642696, -33.021555462055403 ], [ -71.265069595932502, -33.021499050231803 ], [ -71.265027221809703, -33.021436832700502 ], [ -71.264953622098801, -33.021326000894298 ], [ -71.264913463259006, -33.021261834998697 ], [ -71.264887625388496, -33.021226038608297 ], [ -71.264829838114693, -33.0211812791295 ], [ -71.264768322791497, -33.021079326407502 ], [ -71.264713746782206, -33.020982972850803 ], [ -71.264601346059095, -33.021017461965002 ], [ -71.264453665479493, -33.020875877066899 ], [ -71.264446539611995, -33.020818745517801 ], [ -71.264423821176294, -33.020594885434797 ], [ -71.264426580170095, -33.020370562842302 ], [ -71.263440788316501, -33.020693846191399 ], [ -71.263767349801299, -33.021244059852897 ], [ -71.262588415880998, -33.021656734072003 ], [ -71.261704921383199, -33.020165080147599 ], [ -71.261200638383201, -33.019271167365297 ], [ -71.260779534251597, -33.018404077636902 ], [ -71.260678245880101, -33.0180964334184 ], [ -71.260085152144995, -33.018382034072602 ], [ -71.260192967860604, -33.018667698560101 ], [ -71.260347507215698, -33.018997013045201 ], [ -71.260477959334807, -33.0192480294833 ], [ -71.260798630223306, -33.019832203670497 ], [ -71.261029020447907, -33.020203804115297 ], [ -71.261027757233904, -33.020209791170501 ], [ -71.260837518833995, -33.020272374979399 ], [ -71.260402824268198, -33.020417679158399 ], [ -71.260089102178299, -33.020509255188102 ], [ -71.259986336936905, -33.020544042612599 ], [ -71.2599055779678, -33.020575567316897 ], [ -71.259649820262496, -33.020725709361997 ], [ -71.259586858615805, -33.020755480391699 ], [ -71.259539312860298, -33.020779007985503 ], [ -71.259482073908302, -33.020811061326803 ], [ -71.259413845851299, -33.020856435925801 ], [ -71.259247543826902, -33.020942953534501 ], [ -71.259142318273405, -33.0209990192023 ], [ -71.259113218583195, -33.021012906521499 ], [ -71.259023947710304, -33.021066059053297 ], [ -71.258789131313506, -33.021186741473997 ], [ -71.258733245400194, -33.0212163848581 ], [ -71.258697789764895, -33.021247565474901 ], [ -71.2586017742275, -33.0213027479423 ], [ -71.258530132700002, -33.021336492718397 ], [ -71.258449579327703, -33.021376125810598 ], [ -71.258337855615693, -33.021437318586003 ], [ -71.258093962127703, -33.021575279254897 ], [ -71.2580424110389, -33.021597207863699 ], [ -71.257995436472598, -33.021620963510102 ], [ -71.257962050780904, -33.021644472256298 ], [ -71.257933000420707, -33.021660267416202 ], [ -71.257859093333295, -33.021694052828202 ], [ -71.257833231387295, -33.0217460558586 ], [ -71.257639975439503, -33.021986233829502 ], [ -71.257586110323302, -33.022006295138098 ], [ -71.257158916895904, -33.022046474612303 ], [ -71.257050505361704, -33.022059888518903 ], [ -71.256962621603407, -33.022078657009502 ], [ -71.2567466737827, -33.022139825169504 ], [ -71.256660567464806, -33.022139473983799 ], [ -71.256578702433899, -33.022127713737902 ], [ -71.256524308752503, -33.022104838386902 ], [ -71.256515026595295, -33.022073990665398 ], [ -71.256501635796894, -33.021993112516498 ], [ -71.256468977311997, -33.0219340562521 ], [ -71.256455162169303, -33.021836485389102 ], [ -71.256424482695707, -33.021743990741101 ], [ -71.256368179165193, -33.021535051503498 ], [ -71.256318449610205, -33.021361781913697 ], [ -71.256303019390202, -33.021311957163697 ], [ -71.256270881595597, -33.021162228704803 ], [ -71.256147939060696, -33.020718411456699 ], [ -71.256185418568705, -33.020661068574803 ], [ -71.256079069043096, -33.020266339862197 ], [ -71.255742441668801, -33.018968642111197 ], [ -71.255405408780106, -33.017689342386497 ], [ -71.254911836782696, -33.015828447939199 ], [ -71.254660387324705, -33.014795132923403 ], [ -71.254480811010794, -33.014148653999499 ], [ -71.254163066010094, -33.012969088564297 ], [ -71.253372214037597, -33.013184534688399 ], [ -71.253291465087202, -33.012932492223896 ], [ -71.253985394206595, -33.012794708970503 ], [ -71.253939990475402, -33.012702002456102 ], [ -71.2539095640971, -33.012574668645399 ], [ -71.253842695293798, -33.012350649253499 ], [ -71.253792794783706, -33.012170223182103 ], [ -71.253739083020704, -33.012045934968299 ], [ -71.253622989270795, -33.011823758718002 ], [ -71.253581491011104, -33.011723108306299 ], [ -71.253081952287502, -33.011010400325098 ], [ -71.252786178411199, -33.010587593867399 ], [ -71.252456732446205, -33.010104435278997 ], [ -71.252215357653498, -33.009743752364102 ], [ -71.251973780926306, -33.009402954369499 ], [ -71.251624460975194, -33.008861697783303 ], [ -71.250959835924405, -33.009117051790199 ], [ -71.249964377383904, -33.007593970916602 ], [ -71.250640419118596, -33.007258887341699 ], [ -71.250432132481606, -33.006973952202003 ], [ -71.250434690360393, -33.006963169807399 ], [ -71.250625842880495, -33.006852356520902 ], [ -71.250677174214303, -33.006810870663003 ], [ -71.250774084773795, -33.006724422699598 ], [ -71.250802777852002, -33.006711379743699 ], [ -71.2511047394364, -33.006448255494902 ], [ -71.251124127675794, -33.006431204337503 ], [ -71.251273445815599, -33.006277413541298 ], [ -71.251564436640095, -33.005961519998003 ], [ -71.251612386206205, -33.005842732621801 ], [ -71.251712581526505, -33.005640509206501 ], [ -71.251826241864805, -33.005366467061997 ], [ -71.251895892007894, -33.005299358681 ], [ -71.251917676750196, -33.005287513250799 ], [ -71.252052537527803, -33.005179145844103 ], [ -71.252074323288596, -33.005167300369202 ], [ -71.252287667618006, -33.0049968245822 ], [ -71.252477848815303, -33.004861452488399 ], [ -71.252756057611904, -33.004644562236102 ], [ -71.253065147639902, -33.004372715592297 ], [ -71.253086094964303, -33.004327960336703 ], [ -71.253234580272306, -33.004085735866298 ], [ -71.253244384449303, -33.004025911558699 ], [ -71.253282592542305, -33.003858209060297 ], [ -71.253291830166305, -33.003664785161902 ], [ -71.253297044754603, -33.003535853239001 ], [ -71.253313116254503, -33.003499774283398 ], [ -71.253308787954097, -33.002884293371103 ], [ -71.253309737954098, -33.002810313644602 ], [ -71.253333935478693, -33.002759772629702 ], [ -71.253363126505405, -33.002682896850601 ], [ -71.253514864734001, -33.002469435118797 ], [ -71.253706151534402, -33.002152951560497 ], [ -71.254014361368306, -33.001624397194803 ], [ -71.254175986014005, -33.001388614510198 ], [ -71.254253142838806, -33.001305145871001 ], [ -71.254655278416607, -33.000788541111 ], [ -71.255024647318606, -33.000327115732901 ], [ -71.255738886423202, -33.000132878038499 ], [ -71.255936642258902, -33.000115464597499 ], [ -71.256514512863902, -33.000081157129898 ], [ -71.2571111825727, -33.000051278103797 ], [ -71.257746074854296, -32.999965829491302 ], [ -71.258200728122304, -32.999888888782799 ], [ -71.259266712258494, -32.999609531263303 ], [ -71.259371183848401, -32.999572330709697 ], [ -71.259141058446303, -32.999065162388902 ], [ -71.258862733090297, -32.999165418785303 ], [ -71.257973408258493, -32.9993771577507 ], [ -71.257403916264806, -32.999473353538299 ], [ -71.256714342794496, -32.999524001486002 ], [ -71.255649449672703, -32.999579601208303 ], [ -71.2547677639363, -32.999813845006102 ], [ -71.254570515917806, -32.999906880023801 ], [ -71.254324361196794, -33.000247737614899 ], [ -71.253251892540803, -33.0016786607247 ], [ -71.252833004530103, -33.002409149895101 ], [ -71.252711648503706, -33.0026475440132 ], [ -71.252673016262605, -33.0027985517887 ], [ -71.252676927598898, -33.002952371427703 ], [ -71.252703393543101, -33.003330653686398 ], [ -71.252677111927397, -33.003689011794002 ], [ -71.252612723077206, -33.0039406926157 ], [ -71.252482758443904, -33.0041189977211 ], [ -71.251746909453303, -33.004689981692202 ], [ -71.251306165386296, -33.005048959137497 ], [ -71.251227866185999, -33.005143421893301 ], [ -71.251127184478094, -33.005359968130698 ], [ -71.251056492950795, -33.0055867103776 ], [ -71.250962483805495, -33.005731559551499 ], [ -71.250461323195196, -33.006234479682099 ], [ -71.249831338296801, -33.006682458816996 ], [ -71.249433870516398, -33.006906443633703 ], [ -71.2493849230667, -33.007036897065497 ], [ -71.248926779426, -33.007310681468297 ], [ -71.249810608222504, -33.008534668590798 ], [ -71.249982405382497, -33.008832192002998 ] ], [ [ -71.252947732961502, -33.012290413691602 ], [ -71.252806354590703, -33.012362726173698 ], [ -71.252756536293802, -33.012296820479101 ], [ -71.252678374172703, -33.012341177729503 ], [ -71.252380602899294, -33.011878920651696 ], [ -71.252632862027099, -33.011776545039901 ], [ -71.252859060815396, -33.012096941076798 ], [ -71.252926650799395, -33.012193541512303 ], [ -71.252947732961502, -33.012290413691602 ] ], [ [ -71.253255060667101, -33.013882067053203 ], [ -71.253138258411994, -33.013743408921798 ], [ -71.253333477675298, -33.013588375372301 ], [ -71.253425197920393, -33.013890923206802 ], [ -71.253313614153001, -33.013957357046998 ], [ -71.253255060667101, -33.013882067053203 ] ], [ [ -71.2534903780722, -33.014104384024101 ], [ -71.253409897145701, -33.0141798913168 ], [ -71.253296773508495, -33.0140745704431 ], [ -71.253444183958905, -33.013969313874199 ], [ -71.2534903780722, -33.014104384024101 ] ] ] } },
{ "type": "Feature", "properties": { "id": "monoparte.112", "Name": null, "description": null, "timestamp": null, "begin": null, "end": null, "altitudeMode": null, "tessellate": -1, "extrude": 0, "visibility": -1, "drawOrder": null, "icon": null, "OBJECTID": 123.0, "REG": "Valparaíso", "COM": "Limache", "SHAPE_Leng": 659.59350269900006, "SHAPE_Area": 24633.497937700002, "LOC": "Limache", "ZONA": "ZE2", "NOM": "ZE2 - Zona Especial de Equipamiento 2", "UPERM": "Equipamiento: Científico, comercio, culto y cultura, servicios, seguridad, social, esparcimiento, deporte, salud, educación, Todas, excepto las prohibidas; Espacio Público y Áreas Verdes: Todas.", "UPROH": "Equipamiento: Zoológicos, áreas de camping, servicios artesanales, centros medicos o dentales, supermercados, cementerios, cementerios.parque, crematorios, cárceles, centros de detención", "P_DO": "08/05/2025", "N_DO": "31/4/117", "T_DO": "Resolución", "OBS": null }, "geometry": { "type": "Polygon", "coordinates": [ [ [ -71.263440788316501, -33.020693846191399 ], [ -71.262869001777801, -33.0197672382536 ], [ -71.262640341326801, -33.019380266750197 ], [ -71.261704921383199, -33.020165080147599 ], [ -71.262588415880998, -33.021656734072003 ], [ -71.263767349801299, -33.021244059852897 ], [ -71.263440788316501, -33.020693846191399 ] ] ] } },
{ "type": "Feature", "properties": { "id": "monoparte.113", "Name": null, "description": null, "timestamp": null, "begin": null, "end": null, "altitudeMode": null, "tessellate": -1, "extrude": 0, "visibility": -1, "drawOrder": null, "icon": null, "OBJECTID": 124.0, "REG": "Valparaíso", "COM": "Limache", "SHAPE_Leng": 1250.9698648399999, "SHAPE_Area": 67431.18386580002, "LOC": "Limache", "ZONA": "ZR0a", "NOM": "ZROa - Sub Zona Residencial Mixto 0 a", "UPERM": "Residencial: Vivienda, hospedaje, hogares de acogida; Equipamiento: Científico, comercio, culto y cultura, seguridad, social, esparcimiento, deporte, salud, educación.", "UPROH": "Equipamiento: Estaciones o centros de servicio automotor del tipo revisión técnica, discotecas, carceles o centros de detención, zoológicos, parques de entretenciones, cementerios, cementerios-parque, crematorios.", "P_DO": "08/05/2025", "N_DO": "31/4/117", "T_DO": "Resolución", "OBS": null }, "geometry": { "type": "Polygon", "coordinates": [ [ [ -71.260202279629397, -33.0159786865066 ], [ -71.260305213044006, -33.016242018444402 ], [ -71.260461692278298, -33.016658600587498 ], [ -71.260550265925104, -33.016911091945701 ], [ -71.260576350058898, -33.016934477717903 ], [ -71.260616056237396, -33.017103156058603 ], [ -71.260715411807197, -33.017371676122998 ], [ -71.260778929896802, -33.017596705919701 ], [ -71.260919042900298, -33.018026487917503 ], [ -71.260959898604497, -33.018229023925699 ], [ -71.261019803487102, -33.018386868486402 ], [ -71.261186454053899, -33.018724551503396 ], [ -71.261505477260997, -33.0193729761694 ], [ -71.261565197764298, -33.0194491957553 ], [ -71.261583497965006, -33.019500398840101 ], [ -71.261617193256498, -33.019555617825198 ], [ -71.261661043727301, -33.019609220703003 ], [ -71.261697407464098, -33.019581810152403 ], [ -71.262489580663001, -33.019129397451401 ], [ -71.262558785914806, -33.0192422466274 ], [ -71.262950361827805, -33.019070100447301 ], [ -71.262947236517505, -33.019014327269097 ], [ -71.2629653345641, -33.018991094572101 ], [ -71.2629716893872, -33.018973801004002 ], [ -71.262991668186899, -33.018957692253601 ], [ -71.263060994986304, -33.019010832451599 ], [ -71.263104459100205, -33.018982844521901 ], [ -71.263152014988606, -33.018981981741703 ], [ -71.263119760877302, -33.018916716825203 ], [ -71.263037537118606, -33.018757877878301 ], [ -71.262942604059205, -33.018633625994902 ], [ -71.262687870078807, -33.0181939541079 ], [ -71.262480087701206, -33.017842703964398 ], [ -71.262362910999698, -33.017645846824003 ], [ -71.262350218390495, -33.017614583483301 ], [ -71.262335315005899, -33.017563318895903 ], [ -71.262311480394601, -33.017495037987501 ], [ -71.262277675876405, -33.0174355270251 ], [ -71.2622815255815, -33.017185800275797 ], [ -71.262293163912901, -33.0170316996713 ], [ -71.262329363481101, -33.016841365978998 ], [ -71.262378051501202, -33.016620236542799 ], [ -71.262406975470995, -33.016366808736699 ], [ -71.262425039489003, -33.0163533588956 ], [ -71.262457501248505, -33.016349191126203 ], [ -71.262481439055904, -33.016343984931403 ], [ -71.262592220461897, -33.0160246543049 ], [ -71.262594015312004, -33.015984062043003 ], [ -71.262606449161694, -33.015971906403998 ], [ -71.262692447756805, -33.015957224350103 ], [ -71.262706234992194, -33.015942659031197 ], [ -71.262597690760998, -33.015684567356701 ], [ -71.262532962747102, -33.015534237791897 ], [ -71.260202279629397, -33.0159786865066 ] ] ] } },
{ "type": "Feature", "properties": { "id": "monoparte.114", "Name": null, "description": null, "timestamp": null, "begin": null, "end": null, "altitudeMode": null, "tessellate": -1, "extrude": 0, "visibility": -1, "drawOrder": null, "icon": null, "OBJECTID": 125.0, "REG": "Valparaíso", "COM": "Limache", "SHAPE_Leng": 1188.1075741699999, "SHAPE_Area": 14622.577418299999, "LOC": "Limache", "ZONA": "ZAV", "NOM": "ZAV - Zona de Área verde", "UPERM": "Para los efectos de la aplicación del Art. 2.1.31 de la OGUC, las condiciones de edificación para los usos complementarios son las siguientes: sup. subdivisón mínima: 2.500 m2; sistema de agrupamiento: aislado; Altura máxima: 3.5 metros; Antejardín", "UPROH": null, "P_DO": "08/05/2025", "N_DO": "31/4/117", "T_DO": "Resolución", "OBS": null }, "geometry": { "type": "Polygon", "coordinates": [ [ [ -71.262558785914806, -33.0192422466274 ], [ -71.262489580663001, -33.019129397451401 ], [ -71.261697407464098, -33.019581810152403 ], [ -71.261661043727301, -33.019609220703003 ], [ -71.261617193256498, -33.019555617825198 ], [ -71.261583497965006, -33.019500398840101 ], [ -71.261565197764298, -33.0194491957553 ], [ -71.261505477260997, -33.0193729761694 ], [ -71.261186454053899, -33.018724551503396 ], [ -71.261019803487102, -33.018386868486402 ], [ -71.260959898604497, -33.018229023925699 ], [ -71.260919042900298, -33.018026487917503 ], [ -71.260778929896802, -33.017596705919701 ], [ -71.260715411807197, -33.017371676122998 ], [ -71.260616056237396, -33.017103156058603 ], [ -71.260576350058898, -33.016934477717903 ], [ -71.260550265925104, -33.016911091945701 ], [ -71.260461692278298, -33.016658600587498 ], [ -71.260305213044006, -33.016242018444402 ], [ -71.260202279629397, -33.0159786865066 ], [ -71.259954449991397, -33.016025943687701 ], [ -71.2604776180752, -33.017383573554902 ], [ -71.260678245880101, -33.0180964334184 ], [ -71.260779534251597, -33.018404077636902 ], [ -71.261200638383201, -33.019271167365297 ], [ -71.261704921383199, -33.020165080147599 ], [ -71.262640341326801, -33.019380266750197 ], [ -71.262558785914806, -33.0192422466274 ] ] ] } },
{ "type": "Feature", "properties": { "id": "monoparte.115", "Name": null, "description": null, "timestamp": null, "begin": null, "end": null, "altitudeMode": null, "tessellate": -1, "extrude": 0, "visibility": -1, "drawOrder": null, "icon": null, "OBJECTID": 126.0, "REG": "Valparaíso", "COM": "Limache", "SHAPE_Leng": 3752.7213401499998, "SHAPE_Area": 258517.195362, "LOC": "Limache", "ZONA": "ZR1", "NOM": "ZR1 - Zona Residencial Mixto 1", "UPERM": "Residencial: Vivienda, hospedaje, hogares de Acogida; Equipamiento: comercio, culto y cultura, seguridad, social, educación. Ver destinos o actividades específicas en Ordenanza Local: Espacios Públicos; Áreas vedes", "UPROH": "Equipamiento: Estaciones o centros de servicio automotor del tipo Revisión técnica, discotecas, cárceles o centros de detención, zoológicos, parques de entretenciones, cementerios, cementerios-parque, crematorios.", "P_DO": "08/05/2025", "N_DO": "31/4/117", "T_DO": "Resolución", "OBS": null }, "geometry": { "type": "Polygon", "coordinates": [ [ [ -71.264717474477706, -33.009791830179601 ], [ -71.264817367330195, -33.009952849037298 ], [ -71.264786817398402, -33.010087012892598 ], [ -71.264788378587596, -33.010148063538999 ], [ -71.264811245779597, -33.010244992097903 ], [ -71.264792183968396, -33.010296873022199 ], [ -71.265005901922606, -33.010767126677599 ], [ -71.265389009503494, -33.011647877115202 ], [ -71.265722044983306, -33.012379065407799 ], [ -71.265725728785597, -33.012412401028499 ], [ -71.265855861654103, -33.012739288023901 ], [ -71.266044082331902, -33.013100749573503 ], [ -71.266368942361396, -33.013844014334801 ], [ -71.266437880016298, -33.013983780717801 ], [ -71.266470136458693, -33.013949554120401 ], [ -71.266530416527701, -33.013914817474003 ], [ -71.266649971439804, -33.013872562654299 ], [ -71.266862490000193, -33.013859873964499 ], [ -71.266947906451605, -33.013844721689097 ], [ -71.2669677002241, -33.013821457632702 ], [ -71.266988013749497, -33.013785300871596 ], [ -71.266998712019898, -33.0137385817373 ], [ -71.267005774467293, -33.013682623547098 ], [ -71.267031232806403, -33.013581954297798 ], [ -71.267087467600504, -33.013502103468497 ], [ -71.267118983279104, -33.013449995909198 ], [ -71.267123912011101, -33.013421274976302 ], [ -71.267104966707606, -33.013389171710699 ], [ -71.266795633555404, -33.013119939408902 ], [ -71.266757986432495, -33.013065271526798 ], [ -71.2667554628011, -33.013010919495201 ], [ -71.266777252617203, -33.012977121063798 ], [ -71.266873434554398, -33.012884709954399 ], [ -71.266902892319905, -33.012851806473101 ], [ -71.266918923012, -33.012814295572703 ], [ -71.266939116922998, -33.012762393786502 ], [ -71.266936885157506, -33.0127194886417 ], [ -71.266915992764694, -33.012699826954702 ], [ -71.266884218271699, -33.012697541281 ], [ -71.266816587912501, -33.012666321698603 ], [ -71.266724302446406, -33.012601194392197 ], [ -71.266611940330293, -33.012503983313302 ], [ -71.266575352175494, -33.012446432173398 ], [ -71.266564928110398, -33.012393178617202 ], [ -71.266578993721893, -33.012301050370503 ], [ -71.266612362401005, -33.012243899161497 ], [ -71.266679524945999, -33.012212616455002 ], [ -71.266723480143995, -33.012203944669302 ], [ -71.266779504873, -33.012202210733797 ], [ -71.266835732128399, -33.012208347148402 ], [ -71.266861205948601, -33.012207884278801 ], [ -71.266958631692304, -33.012230449412201 ], [ -71.266999720336798, -33.0122425869327 ], [ -71.267054860116204, -33.012239437881298 ], [ -71.267099736863003, -33.0122336113619 ], [ -71.267162946293297, -33.012213853325001 ], [ -71.267229943752199, -33.012176131246903 ], [ -71.267285130467201, -33.012137193611103 ], [ -71.267323681886296, -33.012094501326402 ], [ -71.267331811711799, -33.012058088016602 ], [ -71.267350253369798, -33.012026259340402 ], [ -71.2673593196468, -33.0119821948199 ], [ -71.267411067547101, -33.0119239933898 ], [ -71.2675541551978, -33.0118498156504 ], [ -71.267679129053803, -33.011775967908399 ], [ -71.267794093656505, -33.011698325288897 ], [ -71.267836796017704, -33.011673929589101 ], [ -71.267840326386803, -33.011645950035899 ], [ -71.267821652531396, -33.011613364910097 ], [ -71.267792384899593, -33.011565225147301 ], [ -71.267798652302403, -33.0115114284241 ], [ -71.267793143313099, -33.011462140790002 ], [ -71.267769079970094, -33.011418201437102 ], [ -71.267761407517597, -33.011383984346203 ], [ -71.267686202279904, -33.011300175056299 ], [ -71.267612743159305, -33.011251407426997 ], [ -71.267553792932702, -33.011205238187401 ], [ -71.267533401085004, -33.011171968250203 ], [ -71.267504485433193, -33.011102157539902 ], [ -71.267495139822799, -33.011068925788102 ], [ -71.267492717030706, -33.011029602253302 ], [ -71.267487374445395, -33.010820934997597 ], [ -71.267508308687894, -33.0107537503863 ], [ -71.267536501526706, -33.010693591009698 ], [ -71.267598919026, -33.010642949710402 ], [ -71.267698494193596, -33.010550476344299 ], [ -71.267712765369694, -33.010528290960799 ], [ -71.267727833436993, -33.010497477603003 ], [ -71.267718687327104, -33.010449926103597 ], [ -71.2676473797694, -33.010230767618701 ], [ -71.267641707351004, -33.010201339406699 ], [ -71.267511524946798, -33.010238836727098 ], [ -71.267010979646997, -33.009180968673803 ], [ -71.266931813802699, -33.0090087152808 ], [ -71.266907699524495, -33.0088631370851 ], [ -71.266820081156396, -33.008626141121503 ], [ -71.266986887512999, -33.0085706682516 ], [ -71.267111094192003, -33.008366363057497 ], [ -71.267187321523394, -33.008224688516897 ], [ -71.267295740813196, -33.008079564968099 ], [ -71.267407873145501, -33.008013109025399 ], [ -71.267488910978003, -33.007993025977598 ], [ -71.267709824638004, -33.007994736912501 ], [ -71.268036783747505, -33.007990851418 ], [ -71.268172365582103, -33.007977650432402 ], [ -71.268256482028406, -33.0079451046835 ], [ -71.268369919764993, -33.007896517532302 ], [ -71.268417059284403, -33.007857486797597 ], [ -71.268413465316797, -33.007827728657901 ], [ -71.268385049580303, -33.007768598332397 ], [ -71.268325165522299, -33.007696917902798 ], [ -71.268314963928802, -33.007630298335997 ], [ -71.268268681882702, -33.007536898171502 ], [ -71.268226308726199, -33.007430303794003 ], [ -71.268158578192001, -33.007213267189499 ], [ -71.268099289690696, -33.007021088832801 ], [ -71.268039279682299, -33.006933425253798 ], [ -71.268019243473802, -33.006880822641698 ], [ -71.267992598814402, -33.006835498225499 ], [ -71.2679064563022, -33.006722542176803 ], [ -71.267850429194993, -33.006657709578697 ], [ -71.267827512872799, -33.006647437711301 ], [ -71.267776308158801, -33.006593970516299 ], [ -71.267753551623898, -33.006545712322001 ], [ -71.267737559762693, -33.006480725487897 ], [ -71.267728150997897, -33.006179559526203 ], [ -71.267739293541496, -33.006117085922099 ], [ -71.267769061525499, -33.0060521258183 ], [ -71.267849649165797, -33.005870485552997 ], [ -71.267940698169099, -33.005776974039101 ], [ -71.268108316486206, -33.005688035616302 ], [ -71.268176925495496, -33.005658157892498 ], [ -71.268566198249005, -33.0055033301945 ], [ -71.268593941461901, -33.005536228283503 ], [ -71.268741278092307, -33.005484638464402 ], [ -71.268800103402498, -33.005459710356398 ], [ -71.2688918523436, -33.005393622916799 ], [ -71.268945485070802, -33.0053318076084 ], [ -71.268985893165507, -33.005251146392702 ], [ -71.269007568453603, -33.005157702707201 ], [ -71.268989659571105, -33.0050112969626 ], [ -71.268961367973304, -33.004713735247698 ], [ -71.268955788329095, -33.004540144829797 ], [ -71.268950348371106, -33.004486949580297 ], [ -71.268970547268495, -33.004391146719897 ], [ -71.268987683063798, -33.004352661425202 ], [ -71.269007084430299, -33.004314134025897 ], [ -71.269017835071097, -33.004299658446897 ], [ -71.2690140672712, -33.004289936694398 ], [ -71.268582206981904, -33.003514028414997 ], [ -71.268294532924102, -33.003009395922902 ], [ -71.267961494571693, -33.002387964126399 ], [ -71.266848627220199, -33.002831795233398 ], [ -71.266871308538995, -33.0028825285154 ], [ -71.266893223663303, -33.002942254419096 ], [ -71.266921491900604, -33.002984686589699 ], [ -71.266953937524306, -33.003057582359403 ], [ -71.266960061002393, -33.003075604356901 ], [ -71.266978409120398, -33.003128713997498 ], [ -71.267014993310397, -33.003186265253497 ], [ -71.267015130946902, -33.003235888656 ], [ -71.266986028385901, -33.003293678428001 ], [ -71.266897971155302, -33.003459511889297 ], [ -71.266886241329402, -33.003499091715398 ], [ -71.266879246343905, -33.003557672818701 ], [ -71.266863821216305, -33.003618793107002 ], [ -71.266842155552197, -33.003657360431497 ], [ -71.266810767653396, -33.00370326246 ], [ -71.266677083660099, -33.0037903905191 ], [ -71.266476845879694, -33.003932408480999 ], [ -71.2662312081967, -33.004035407004899 ], [ -71.266128954093006, -33.004022948967801 ], [ -71.266042568314205, -33.004033107057701 ], [ -71.265977328758396, -33.004072943534297 ], [ -71.265892444566205, -33.004141767242899 ], [ -71.265768011561704, -33.0042585489769 ], [ -71.265745152532801, -33.004294751768001 ], [ -71.265738013180794, -33.004359727936702 ], [ -71.265744137367705, -33.004488454010499 ], [ -71.265768077725298, -33.004594191105603 ], [ -71.265816412244703, -33.004712607437298 ], [ -71.265780402133899, -33.004876742016798 ], [ -71.265780156494202, -33.005066423800798 ], [ -71.265775585697398, -33.0051201896786 ], [ -71.265725218995996, -33.005176933352203 ], [ -71.265590872944998, -33.005270020264398 ], [ -71.2654220371207, -33.005400015115001 ], [ -71.265324216144606, -33.005472413435697 ], [ -71.265297401841494, -33.005531115345001 ], [ -71.265316390798205, -33.005615199463001 ], [ -71.265347142298907, -33.005666176037998 ], [ -71.265359258526203, -33.005741349413803 ], [ -71.265349621063095, -33.005807375462297 ], [ -71.265319605516595, -33.005873770601603 ], [ -71.265307996147001, -33.005951283749802 ], [ -71.2650671268335, -33.006054909535997 ], [ -71.264937544762802, -33.006158681580501 ], [ -71.264893783767903, -33.006219123024202 ], [ -71.264896296595595, -33.006262023170102 ], [ -71.264934889505795, -33.006331705838697 ], [ -71.265006052890797, -33.006435727332303 ], [ -71.265099215283001, -33.006385755526701 ], [ -71.265373992487397, -33.006888287679502 ], [ -71.265141575692994, -33.006990329110401 ], [ -71.265259546360198, -33.007174285526801 ], [ -71.265155494953106, -33.0072024191427 ], [ -71.265140428715597, -33.007166904999103 ], [ -71.264893676491695, -33.007262048175299 ], [ -71.264931260234206, -33.007358709610102 ], [ -71.265048047088101, -33.007607106785301 ], [ -71.265068358142798, -33.007847712173103 ], [ -71.265106591387394, -33.008014028991802 ], [ -71.265145947685298, -33.008113522108502 ], [ -71.2654802717027, -33.008785041375198 ], [ -71.265369280769804, -33.008823285372202 ], [ -71.265367612849005, -33.008836698497198 ], [ -71.2653236923381, -33.008890938967099 ], [ -71.265241718096505, -33.008963049552897 ], [ -71.265200438711304, -33.008987658386097 ], [ -71.265161471674901, -33.009014133321699 ], [ -71.265065145434903, -33.009100818716 ], [ -71.2650579525871, -33.009129580700503 ], [ -71.264992989459799, -33.009180385992103 ], [ -71.264975113363704, -33.009212204070501 ], [ -71.264949969705199, -33.009225544713203 ], [ -71.264917249086395, -33.009274810572798 ], [ -71.264857246852301, -33.009320276662201 ], [ -71.2648040375324, -33.0093656203126 ], [ -71.264763499344596, -33.009374945353002 ], [ -71.264736839762605, -33.009395470646098 ], [ -71.264679842505402, -33.009425612807298 ], [ -71.2646207501041, -33.009451210290898 ], [ -71.264645550454702, -33.009532930095702 ], [ -71.264687025329906, -33.009626657875501 ], [ -71.264717474477706, -33.009791830179601 ] ], [ [ -71.266513622765203, -33.008670449719602 ], [ -71.266552168726705, -33.008649708120302 ], [ -71.266588198103804, -33.008663368810502 ], [ -71.266656245914106, -33.008799558866997 ], [ -71.266643722050304, -33.008841301050602 ], [ -71.2657880488334, -33.009131697433901 ], [ -71.265759179413095, -33.009132221729097 ], [ -71.265730629100602, -33.0091209967621 ], [ -71.265729979476305, -33.009119867848803 ], [ -71.265703664657195, -33.0090874211254 ], [ -71.265692889614996, -33.009064712411401 ], [ -71.265698877246507, -33.0090331092333 ], [ -71.265716898388007, -33.0090070145217 ], [ -71.265988190719398, -33.0089190590258 ], [ -71.266513622765203, -33.008670449719602 ] ], [ [ -71.266230900507097, -33.0080903296587 ], [ -71.266281602802906, -33.008079865481001 ], [ -71.266318641643196, -33.008088735871802 ], [ -71.266400065550499, -33.008282899048197 ], [ -71.266372555599403, -33.008314415294798 ], [ -71.266312826688903, -33.008337925848203 ], [ -71.266310592051099, -33.008327470097697 ], [ -71.266230900507097, -33.0080903296587 ] ], [ [ -71.265940919558005, -33.006426555079202 ], [ -71.266525699751597, -33.006174005094103 ], [ -71.266584303012195, -33.006273147215097 ], [ -71.266587992275802, -33.006284532391 ], [ -71.266059434074293, -33.006543218733697 ], [ -71.266034108288906, -33.006549404809803 ], [ -71.266004119384107, -33.0065386830343 ], [ -71.265941505214002, -33.006449448841501 ], [ -71.265940919558005, -33.006426555079202 ] ] ] } },
{ "type": "Feature", "properties": { "id": "monoparte.116", "Name": null, "description": null, "timestamp": null, "begin": null, "end": null, "altitudeMode": null, "tessellate": -1, "extrude": 0, "visibility": -1, "drawOrder": null, "icon": null, "OBJECTID": 127.0, "REG": "Valparaíso", "COM": "Limache", "SHAPE_Leng": 399.80522919100002, "SHAPE_Area": 5369.873678, "LOC": "Limache", "ZONA": "ZC1", "NOM": "ZC1 - Zona Centro Mixto Residencial 1", "UPERM": "Residencial: Vivienda, hospedaje, hogares de Acogida; Equipamiento: comercio, servicios, culto y cultura, seguridad, social, educación. Todas, excepto las prohibidas, Ver destinos o actividades específicas en Ordenanza Loca; Espacio Público y Áreas V", "UPROH": "Equipamiento: Estaciones de servicio y centros de servicio automotor del tipo revisión técnica, cementerios-parque, crematorios, centro orientación o rehabilitación conductual.", "P_DO": "08/05/2025", "N_DO": "31/4/117", "T_DO": "Resolución", "OBS": null }, "geometry": { "type": "Polygon", "coordinates": [ [ [ -71.266848627220199, -33.002831795233398 ], [ -71.267961494571693, -33.002387964126399 ], [ -71.2685588868667, -33.002164760568299 ], [ -71.268546710606302, -33.002131580306397 ], [ -71.268430496894098, -33.0019123979149 ], [ -71.268308082673698, -33.001957182266501 ], [ -71.268179833594203, -33.001991007218997 ], [ -71.2680335195449, -33.002027069411497 ], [ -71.2679231142736, -33.002050071604799 ], [ -71.267863335419094, -33.002059747291597 ], [ -71.267831991011903, -33.002074155219603 ], [ -71.267772040140798, -33.002077153840197 ], [ -71.267721194947995, -33.002081895039503 ], [ -71.267687526046899, -33.0020939591532 ], [ -71.267636973836304, -33.002110147194301 ], [ -71.267531984869805, -33.002123507410097 ], [ -71.267441932077801, -33.002145185264702 ], [ -71.267380596616306, -33.002182565463499 ], [ -71.2672762906207, -33.0022927003902 ], [ -71.267212338912998, -33.002360667554598 ], [ -71.267162884981701, -33.002419781208502 ], [ -71.267144763458106, -33.002464010284299 ], [ -71.267132594512702, -33.002519584302902 ], [ -71.267119864083895, -33.002553218168899 ], [ -71.267042498067696, -33.002628108235903 ], [ -71.266966386787004, -33.002707748413499 ], [ -71.266895178323395, -33.002757714016099 ], [ -71.266851906197402, -33.002792856788503 ], [ -71.266848627220199, -33.002831795233398 ] ] ] } },
{ "type": "Feature", "properties": { "id": "monoparte.117", "Name": null, "description": null, "timestamp": null, "begin": null, "end": null, "altitudeMode": null, "tessellate": -1, "extrude": 0, "visibility": -1, "drawOrder": null, "icon": null, "OBJECTID": 128.0, "REG": "Valparaíso", "COM": "Limache", "SHAPE_Leng": 95.785571862099999, "SHAPE_Area": 561.51005777399996, "LOC": "Limache", "ZONA": "AV", "NOM": "AV - Áreas verdes Existentes (Art.2.1.30)", "UPERM": "Se regirán según lo dispuesto en el Art. 2.1.30 de la OGUC y considerarán las siguientes normas urbanísticas.", "UPROH": null, "P_DO": "08/05/2025", "N_DO": "31/4/117", "T_DO": "Resolución", "OBS": null }, "geometry": { "type": "Polygon", "coordinates": [ [ [ -71.268279577876498, -33.001395964680299 ], [ -71.268362111557806, -33.001560813339601 ], [ -71.268616298792395, -33.001475734512802 ], [ -71.268550221595305, -33.001283679578798 ], [ -71.268279577876498, -33.001395964680299 ] ] ] } },
{ "type": "Feature", "properties": { "id": "monoparte.118", "Name": null, "description": null, "timestamp": null, "begin": null, "end": null, "altitudeMode": null, "tessellate": -1, "extrude": 0, "visibility": -1, "drawOrder": null, "icon": null, "OBJECTID": 129.0, "REG": "Valparaíso", "COM": "Limache", "SHAPE_Leng": 384.40573950100003, "SHAPE_Area": 1993.5821873699999, "LOC": "Limache", "ZONA": "AV", "NOM": "AV - Áreas verdes Existentes (Art.2.1.30)", "UPERM": "Se regirán según lo dispuesto en el Art. 2.1.30 de la OGUC y considerarán las siguientes normas urbanísticas.", "UPROH": null, "P_DO": "08/05/2025", "N_DO": "31/4/117", "T_DO": "Resolución", "OBS": null }, "geometry": { "type": "Polygon", "coordinates": [ [ [ -71.268918888460306, -33.001485921196 ], [ -71.268490814805702, -33.001759907756302 ], [ -71.268924547051299, -33.002509777229001 ], [ -71.268977502284898, -33.002593306215701 ], [ -71.269042592025798, -33.002746727189603 ], [ -71.269082938961503, -33.002818523726297 ], [ -71.269218623224702, -33.002729671425001 ], [ -71.269207678351094, -33.002718674378201 ], [ -71.268994557258296, -33.0024900462464 ], [ -71.268860633514393, -33.002235999260499 ], [ -71.268719635814506, -33.001982080725298 ], [ -71.268638218215997, -33.0018433906884 ], [ -71.2689602510589, -33.001703329798303 ], [ -71.269023916296803, -33.001716048162301 ], [ -71.269042951849897, -33.001707590779702 ], [ -71.268988394714597, -33.001605535664901 ], [ -71.269025991118298, -33.001580993540699 ], [ -71.2689590647296, -33.0015106343401 ], [ -71.268933743196797, -33.001518468384702 ], [ -71.268918888460306, -33.001485921196 ] ] ] } },
{ "type": "Feature", "properties": { "id": "monoparte.119", "Name": null, "description": null, "timestamp": null, "begin": null, "end": null, "altitudeMode": null, "tessellate": -1, "extrude": 0, "visibility": -1, "drawOrder": null, "icon": null, "OBJECTID": 131.0, "REG": "Valparaíso", "COM": "Limache", "SHAPE_Leng": 2237.7401153400001, "SHAPE_Area": 11570.070079200001, "LOC": "Limache", "ZONA": "ZAV", "NOM": "ZAV - Zona de Área verde", "UPERM": "Para los efectos de la aplicación del Art. 2.1.31 de la OGUC, las condiciones de edificación para los usos complementarios son las siguientes: sup. subdivisón mínima: 2.500 m2; sistema de agrupamiento: aislado; Altura máxima: 3.5 metros; Antejardín", "UPROH": null, "P_DO": "08/05/2025", "N_DO": "31/4/117", "T_DO": "Resolución", "OBS": null }, "geometry": { "type": "Polygon", "coordinates": [ [ [ -71.266419074786498, -33.003853841638097 ], [ -71.266251165154699, -33.0039313308543 ], [ -71.266037162764206, -33.003933785682797 ], [ -71.2659852166083, -33.003961928529201 ], [ -71.265870167605598, -33.004047046374701 ], [ -71.265770511950805, -33.004136179611102 ], [ -71.2656693403909, -33.004232497475101 ], [ -71.265625650312998, -33.004317751276098 ], [ -71.265646934771397, -33.004552134952597 ], [ -71.265672502044794, -33.004621815878302 ], [ -71.265733514968005, -33.0047377593704 ], [ -71.265680938109597, -33.004940559644503 ], [ -71.265668450800703, -33.004983732160298 ], [ -71.265640555586302, -33.005088739600801 ], [ -71.265584282161896, -33.005147023355804 ], [ -71.265339336377195, -33.005334706160497 ], [ -71.265201937771096, -33.005476059161097 ], [ -71.265182584329693, -33.005516493238702 ], [ -71.265184047930404, -33.005573727682702 ], [ -71.265242231289207, -33.005722981951997 ], [ -71.265246048069798, -33.005794727885402 ], [ -71.265194071563002, -33.005866054800997 ], [ -71.265085580355603, -33.005941986744403 ], [ -71.2649397777611, -33.005998315610597 ], [ -71.264865066753202, -33.006066476964698 ], [ -71.264796595821807, -33.006157190448697 ], [ -71.264781168896903, -33.006218310537498 ], [ -71.264786969436997, -33.0062790443992 ], [ -71.264855289384101, -33.006398398625798 ], [ -71.264941537564496, -33.0065156500035 ], [ -71.264990279540697, -33.006627856103698 ], [ -71.264995212629799, -33.006687890609498 ], [ -71.264955407434201, -33.006725832883099 ], [ -71.264788112000701, -33.0068276454965 ], [ -71.264713413446898, -33.006896282669302 ], [ -71.264630280565399, -33.007033787010499 ], [ -71.264590424603597, -33.007156154470501 ], [ -71.264627148185099, -33.007197002584803 ], [ -71.2646319347499, -33.007251313664099 ], [ -71.264684108706206, -33.007364888652198 ], [ -71.264692547827906, -33.007429154554202 ], [ -71.264809218201293, -33.0075401276655 ], [ -71.264811757355005, -33.007573006200701 ], [ -71.264843057842, -33.007601068509103 ], [ -71.264859036323898, -33.007627977878599 ], [ -71.264872168282494, -33.007676411345301 ], [ -71.2648967481081, -33.007707458690597 ], [ -71.264903269157003, -33.007763170239897 ], [ -71.264945343349595, -33.007813941338803 ], [ -71.264957932964194, -33.007974043591197 ], [ -71.264988997441804, -33.008059371141002 ], [ -71.265000753674499, -33.008217890612997 ], [ -71.265022478241093, -33.0084694455009 ], [ -71.265177315340296, -33.008611217938501 ], [ -71.265233158898795, -33.008668896997698 ], [ -71.265255001414104, -33.008725761403497 ], [ -71.265266105673803, -33.008761348356401 ], [ -71.265261743445905, -33.008790058054899 ], [ -71.265252039099707, -33.008820295822197 ], [ -71.265169724372598, -33.008879051344898 ], [ -71.265061261410807, -33.0089783651391 ], [ -71.264990217730798, -33.009035006920101 ], [ -71.264982839337705, -33.009012236474803 ], [ -71.264973049918495, -33.0089837837006 ], [ -71.264701214757196, -33.009072701819498 ], [ -71.264609646681393, -33.009123989854103 ], [ -71.264597970577199, -33.009376151080097 ], [ -71.2646207501041, -33.009451210290898 ], [ -71.264679842505402, -33.009425612807298 ], [ -71.264736839762605, -33.009395470646098 ], [ -71.264763499344596, -33.009374945353002 ], [ -71.2648040375324, -33.0093656203126 ], [ -71.264857246852301, -33.009320276662201 ], [ -71.264917249086395, -33.009274810572798 ], [ -71.264949969705199, -33.009225544713203 ], [ -71.264975113363704, -33.009212204070501 ], [ -71.264992989459799, -33.009180385992103 ], [ -71.2650579525871, -33.009129580700503 ], [ -71.265065145434903, -33.009100818716 ], [ -71.265161471674901, -33.009014133321699 ], [ -71.265200438711304, -33.008987658386097 ], [ -71.265241718096505, -33.008963049552897 ], [ -71.2653236923381, -33.008890938967099 ], [ -71.265367612849005, -33.008836698497198 ], [ -71.265377006514399, -33.008761133695899 ], [ -71.2653595563214, -33.008654563671001 ], [ -71.265198454097899, -33.008481967151198 ], [ -71.265138363009399, -33.008435340362198 ], [ -71.265112333964098, -33.0083919131377 ], [ -71.265097881033796, -33.008092508452499 ], [ -71.265051386689393, -33.0078740907243 ], [ -71.265038553643507, -33.0077598017035 ], [ -71.264962812074998, -33.007621602370499 ], [ -71.264877499359599, -33.007496699871297 ], [ -71.264765648388106, -33.007330525394501 ], [ -71.264720702583602, -33.007179903469698 ], [ -71.264705104850407, -33.0071014522563 ], [ -71.264723199104395, -33.007078219407497 ], [ -71.264757142229001, -33.007010322032997 ], [ -71.264816557623703, -33.006941961362102 ], [ -71.264886162070695, -33.0068734157013 ], [ -71.265014801091695, -33.006788051967 ], [ -71.265069305075002, -33.006726938421501 ], [ -71.2651007285113, -33.006693442407197 ], [ -71.265094099495101, -33.006578139891602 ], [ -71.265070267533005, -33.006532048658499 ], [ -71.265020719426303, -33.006476879272199 ], [ -71.265018724874295, -33.0064542500402 ], [ -71.264934889505795, -33.006331705838697 ], [ -71.264896296595595, -33.006262023170102 ], [ -71.264893783767903, -33.006219123024202 ], [ -71.264937544762802, -33.006158681580501 ], [ -71.2650671268335, -33.006054909535997 ], [ -71.265307996147001, -33.005951283749802 ], [ -71.265319605516595, -33.005873770601603 ], [ -71.265349621063095, -33.005807375462297 ], [ -71.265359258526203, -33.005741349413803 ], [ -71.265347142298907, -33.005666176037998 ], [ -71.265316390798205, -33.005615199463001 ], [ -71.265297401841494, -33.005531115345001 ], [ -71.265324216144606, -33.005472413435697 ], [ -71.2654220371207, -33.005400015115001 ], [ -71.265590872944998, -33.005270020264398 ], [ -71.265725218995996, -33.005176933352203 ], [ -71.265775585697398, -33.0051201896786 ], [ -71.265780156494202, -33.005066423800798 ], [ -71.265780402133899, -33.004876742016798 ], [ -71.265816412244703, -33.004712607437298 ], [ -71.265768077725298, -33.004594191105603 ], [ -71.265744137367705, -33.004488454010499 ], [ -71.265738013180794, -33.004359727936702 ], [ -71.265745152532801, -33.004294751768001 ], [ -71.265768011561704, -33.0042585489769 ], [ -71.265892444566205, -33.004141767242899 ], [ -71.265977328758396, -33.004072943534297 ], [ -71.266042568314205, -33.004033107057701 ], [ -71.266128954093006, -33.004022948967801 ], [ -71.2662312081967, -33.004035407004899 ], [ -71.266476845879694, -33.003932408480999 ], [ -71.266677083660099, -33.0037903905191 ], [ -71.266810767653396, -33.00370326246 ], [ -71.266842155552197, -33.003657360431497 ], [ -71.266863821216305, -33.003618793107002 ], [ -71.266879246343905, -33.003557672818701 ], [ -71.266886241329402, -33.003499091715398 ], [ -71.266897971155302, -33.003459511889297 ], [ -71.266986028385901, -33.003293678428001 ], [ -71.267015130946902, -33.003235888656 ], [ -71.267014993310397, -33.003186265253497 ], [ -71.266978409120398, -33.003128713997498 ], [ -71.266960061002393, -33.003075604356901 ], [ -71.266953937524306, -33.003057582359403 ], [ -71.266921491900604, -33.002984686589699 ], [ -71.266893223663303, -33.002942254419096 ], [ -71.266871308538995, -33.0028825285154 ], [ -71.266848627220199, -33.002831795233398 ], [ -71.266851906197402, -33.002792856788503 ], [ -71.266895178323395, -33.002757714016099 ], [ -71.266966386787004, -33.002707748413499 ], [ -71.267042498067696, -33.002628108235903 ], [ -71.267119864083895, -33.002553218168899 ], [ -71.267132594512702, -33.002519584302902 ], [ -71.267144763458106, -33.002464010284299 ], [ -71.267162884981701, -33.002419781208502 ], [ -71.267212338912998, -33.002360667554598 ], [ -71.2672762906207, -33.0022927003902 ], [ -71.267380596616306, -33.002182565463499 ], [ -71.267441932077801, -33.002145185264702 ], [ -71.267531984869805, -33.002123507410097 ], [ -71.267636973836304, -33.002110147194301 ], [ -71.267687526046899, -33.0020939591532 ], [ -71.267721194947995, -33.002081895039503 ], [ -71.267772040140798, -33.002077153840197 ], [ -71.267831991011903, -33.002074155219603 ], [ -71.267863335419094, -33.002059747291597 ], [ -71.2679231142736, -33.002050071604799 ], [ -71.2680335195449, -33.002027069411497 ], [ -71.268179833594203, -33.001991007218997 ], [ -71.268308082673698, -33.001957182266501 ], [ -71.268430496894098, -33.0019123979149 ], [ -71.268391735514697, -33.001839292729002 ], [ -71.268096723441701, -33.001925955459299 ], [ -71.267924396115006, -33.001963445328201 ], [ -71.267739926088893, -33.001991133624699 ], [ -71.2675405398724, -33.002033408878098 ], [ -71.267381907717905, -33.002074942345303 ], [ -71.267341702736104, -33.002097146266301 ], [ -71.267237102332103, -33.002192095660398 ], [ -71.267159744560502, -33.002289413924302 ], [ -71.267104065579503, -33.002352379313102 ], [ -71.267051688000393, -33.002385778591901 ], [ -71.267043681834295, -33.002426961716402 ], [ -71.267061141183802, -33.0024896316026 ], [ -71.267015874346001, -33.002535308823298 ], [ -71.266911899971106, -33.0026326326117 ], [ -71.266773774433105, -33.002726123919103 ], [ -71.266743101875406, -33.002766763856897 ], [ -71.266732829944502, -33.002807987223903 ], [ -71.266750836170502, -33.002847742814403 ], [ -71.266759793261997, -33.002867222871899 ], [ -71.266898356079196, -33.003168588328897 ], [ -71.266903049101799, -33.003189677914399 ], [ -71.266909777774401, -33.003231308407301 ], [ -71.266874937794896, -33.003308289697202 ], [ -71.266846532949899, -33.003360101698902 ], [ -71.266814339127393, -33.0034298777231 ], [ -71.266768788732904, -33.003530912020302 ], [ -71.266716375853207, -33.003640422061999 ], [ -71.266684621776193, -33.003672015461099 ], [ -71.266614629026904, -33.003703110495003 ], [ -71.266419074786498, -33.003853841638097 ] ] ] } },
{ "type": "Feature", "properties": { "id": "monoparte.120", "Name": null, "description": null, "timestamp": null, "begin": null, "end": null, "altitudeMode": null, "tessellate": -1, "extrude": 0, "visibility": -1, "drawOrder": null, "icon": null, "OBJECTID": 133.0, "REG": "Valparaíso", "COM": "Limache", "SHAPE_Leng": 151.68545817500001, "SHAPE_Area": 936.86445706699999, "LOC": "Limache", "ZONA": "AV", "NOM": "AV - Áreas verdes Existentes (Art.2.1.30)", "UPERM": "Se regirán según lo dispuesto en el Art. 2.1.30 de la OGUC y considerarán las siguientes normas urbanísticas.", "UPROH": null, "P_DO": "08/05/2025", "N_DO": "31/4/117", "T_DO": "Resolución", "OBS": null }, "geometry": { "type": "Polygon", "coordinates": [ [ [ -71.266004119384107, -33.0065386830343 ], [ -71.266034108288906, -33.006549404809803 ], [ -71.266059434074293, -33.006543218733697 ], [ -71.266587992275802, -33.006284532391 ], [ -71.266584303012195, -33.006273147215097 ], [ -71.266525699751597, -33.006174005094103 ], [ -71.265940919558005, -33.006426555079202 ], [ -71.265941505214002, -33.006449448841501 ], [ -71.266004119384107, -33.0065386830343 ] ] ] } },
{ "type": "Feature", "properties": { "id": "monoparte.121", "Name": null, "description": null, "timestamp": null, "begin": null, "end": null, "altitudeMode": null, "tessellate": -1, "extrude": 0, "visibility": -1, "drawOrder": null, "icon": null, "OBJECTID": 134.0, "REG": "Valparaíso", "COM": "Limache", "SHAPE_Leng": 70.336430725200003, "SHAPE_Area": 233.474932268, "LOC": "Limache", "ZONA": "AV", "NOM": "AV - Áreas verdes Existentes (Art.2.1.30)", "UPERM": "Se regirán según lo dispuesto en el Art. 2.1.30 de la OGUC y considerarán las siguientes normas urbanísticas.", "UPROH": null, "P_DO": "08/05/2025", "N_DO": "31/4/117", "T_DO": "Resolución", "OBS": null }, "geometry": { "type": "Polygon", "coordinates": [ [ [ -71.266310592051099, -33.008327470097697 ], [ -71.266312826688903, -33.008337925848203 ], [ -71.266372555599403, -33.008314415294798 ], [ -71.266400065550499, -33.008282899048197 ], [ -71.266318641643196, -33.008088735871802 ], [ -71.266281602802906, -33.008079865481001 ], [ -71.266230900507097, -33.0080903296587 ], [ -71.266310592051099, -33.008327470097697 ] ] ] } },
{ "type": "Feature", "properties": { "id": "monoparte.122", "Name": null, "description": null, "timestamp": null, "begin": null, "end": null, "altitudeMode": null, "tessellate": -1, "extrude": 0, "visibility": -1, "drawOrder": null, "icon": null, "OBJECTID": 135.0, "REG": "Valparaíso", "COM": "Limache", "SHAPE_Leng": 218.584718506, "SHAPE_Area": 1640.14301383, "LOC": "Limache", "ZONA": "AV", "NOM": "AV - Áreas verdes Existentes (Art.2.1.30)", "UPERM": "Se regirán según lo dispuesto en el Art. 2.1.30 de la OGUC y considerarán las siguientes normas urbanísticas.", "UPROH": null, "P_DO": "08/05/2025", "N_DO": "31/4/117", "T_DO": "Resolución", "OBS": null }, "geometry": { "type": "Polygon", "coordinates": [ [ [ -71.265759179413095, -33.009132221729097 ], [ -71.2657880488334, -33.009131697433901 ], [ -71.266643722050304, -33.008841301050602 ], [ -71.266656245914106, -33.008799558866997 ], [ -71.266588198103804, -33.008663368810502 ], [ -71.266552168726705, -33.008649708120302 ], [ -71.266513622765203, -33.008670449719602 ], [ -71.265988190719398, -33.0089190590258 ], [ -71.265716898388007, -33.0090070145217 ], [ -71.265698877246507, -33.0090331092333 ], [ -71.265692889614996, -33.009064712411401 ], [ -71.265703664657195, -33.0090874211254 ], [ -71.265729979476305, -33.009119867848803 ], [ -71.265730629100602, -33.0091209967621 ], [ -71.265759179413095, -33.009132221729097 ] ] ] } },
{ "type": "Feature", "properties": { "id": "monoparte.123", "Name": null, "description": null, "timestamp": null, "begin": null, "end": null, "altitudeMode": null, "tessellate": -1, "extrude": 0, "visibility": -1, "drawOrder": null, "icon": null, "OBJECTID": 136.0, "REG": "Valparaíso", "COM": "Limache", "SHAPE_Leng": 431.110878652, "SHAPE_Area": 4579.2121065000001, "LOC": "Limache", "ZONA": "AV", "NOM": "AV - Áreas verdes Existentes (Art.2.1.30)", "UPERM": "Se regirán según lo dispuesto en el Art. 2.1.30 de la OGUC y considerarán las siguientes normas urbanísticas.", "UPROH": null, "P_DO": "08/05/2025", "N_DO": "31/4/117", "T_DO": "Resolución", "OBS": null }, "geometry": { "type": "Polygon", "coordinates": [ [ [ -71.267641707351004, -33.010201339406699 ], [ -71.267636929897606, -33.010176559664799 ], [ -71.267635943109497, -33.009946323691501 ], [ -71.267620717298101, -33.009528595545603 ], [ -71.267612817530605, -33.009397038052398 ], [ -71.2675680378495, -33.009329138811403 ], [ -71.267521822842099, -33.009293713209701 ], [ -71.267398622039096, -33.009259687654499 ], [ -71.267284233619804, -33.009215956832101 ], [ -71.267140132777001, -33.009114726671797 ], [ -71.267057495242895, -33.009006000528103 ], [ -71.267026758046995, -33.008933551783102 ], [ -71.267031036819702, -33.0087688483219 ], [ -71.267038603222801, -33.008599790094998 ], [ -71.266986887512999, -33.0085706682516 ], [ -71.266820081156396, -33.008626141121503 ], [ -71.266907699524495, -33.0088631370851 ], [ -71.266931813802699, -33.0090087152808 ], [ -71.267010979646997, -33.009180968673803 ], [ -71.267511524946798, -33.010238836727098 ], [ -71.267641707351004, -33.010201339406699 ] ] ] } },
{ "type": "Feature", "properties": { "id": "monoparte.124", "Name": null, "description": null, "timestamp": null, "begin": null, "end": null, "altitudeMode": null, "tessellate": -1, "extrude": 0, "visibility": -1, "drawOrder": null, "icon": null, "OBJECTID": 137.0, "REG": "Valparaíso", "COM": "Limache", "SHAPE_Leng": 646.28696077899997, "SHAPE_Area": 4062.1252504899999, "LOC": "Limache", "ZONA": "AV", "NOM": "AV - Áreas verdes Existentes (Art.2.1.30)", "UPERM": "Se regirán según lo dispuesto en el Art. 2.1.30 de la OGUC y considerarán las siguientes normas urbanísticas.", "UPROH": null, "P_DO": "08/05/2025", "N_DO": "31/4/117", "T_DO": "Resolución", "OBS": null }, "geometry": { "type": "Polygon", "coordinates": [ [ [ -71.265006052890797, -33.006435727332303 ], [ -71.265018724874295, -33.0064542500402 ], [ -71.265020719426303, -33.006476879272199 ], [ -71.265070267533005, -33.006532048658499 ], [ -71.265094099495101, -33.006578139891602 ], [ -71.2651007285113, -33.006693442407197 ], [ -71.265069305075002, -33.006726938421501 ], [ -71.265014801091695, -33.006788051967 ], [ -71.264886162070695, -33.0068734157013 ], [ -71.264816557623703, -33.006941961362102 ], [ -71.264757142229001, -33.007010322032997 ], [ -71.264723199104395, -33.007078219407497 ], [ -71.264705104850407, -33.0071014522563 ], [ -71.264720702583602, -33.007179903469698 ], [ -71.264765648388106, -33.007330525394501 ], [ -71.264877499359599, -33.007496699871297 ], [ -71.264962812074998, -33.007621602370499 ], [ -71.265038553643507, -33.0077598017035 ], [ -71.265051386689393, -33.0078740907243 ], [ -71.265097881033796, -33.008092508452499 ], [ -71.265112333964098, -33.0083919131377 ], [ -71.265138363009399, -33.008435340362198 ], [ -71.265198454097899, -33.008481967151198 ], [ -71.2653595563214, -33.008654563671001 ], [ -71.265377006514399, -33.008761133695899 ], [ -71.265369280769804, -33.008823285372202 ], [ -71.2654802717027, -33.008785041375198 ], [ -71.265145947685298, -33.008113522108502 ], [ -71.265106591387394, -33.008014028991802 ], [ -71.265068358142798, -33.007847712173103 ], [ -71.265048047088101, -33.007607106785301 ], [ -71.264931260234206, -33.007358709610102 ], [ -71.264893676491695, -33.007262048175299 ], [ -71.265140428715597, -33.007166904999103 ], [ -71.265155494953106, -33.0072024191427 ], [ -71.265259546360198, -33.007174285526801 ], [ -71.265141575692994, -33.006990329110401 ], [ -71.265373992487397, -33.006888287679502 ], [ -71.265099215283001, -33.006385755526701 ], [ -71.265006052890797, -33.006435727332303 ] ] ] } },
{ "type": "Feature", "properties": { "id": "monoparte.125", "Name": null, "description": null, "timestamp": null, "begin": null, "end": null, "altitudeMode": null, "tessellate": -1, "extrude": 0, "visibility": -1, "drawOrder": null, "icon": null, "OBJECTID": 138.0, "REG": "Valparaíso", "COM": "Limache", "SHAPE_Leng": 582.60471194900003, "SHAPE_Area": 16709.986281000001, "LOC": "Limache", "ZONA": "ZC2", "NOM": "ZC2 - Zona Centro Mixto Residencial 2", "UPERM": "Residencial: Vivienda, hospedaje, hogares de acogida; Equipamiento: Comercio, servicios, culto y cultura, deporte, seguridad, social, esparcimiento, educación, salud, Todos excepto los prohibidos; Ver destinos o actividades específicas en Ordenanza Loc", "UPROH": "Equipamiento: Centros de servicio automotor del tipo revisión técnica, discotecas, carceles o centros de detención, zoológicos, parques de entretenciones, cementerios-parque, crematorios.", "P_DO": "08/05/2025", "N_DO": "31/4/117", "T_DO": "Resolución", "OBS": null }, "geometry": { "type": "Polygon", "coordinates": [ [ [ -71.267697675713407, -33.019198976000602 ], [ -71.267779573516506, -33.0193030455195 ], [ -71.267881885830903, -33.019427637282099 ], [ -71.267900519494106, -33.019491716528499 ], [ -71.267936565143899, -33.019572181338397 ], [ -71.267966644662394, -33.019640824510802 ], [ -71.268090169391101, -33.019839078163201 ], [ -71.269334520874907, -33.019337937072798 ], [ -71.269971220476606, -33.019092065404202 ], [ -71.269972838144199, -33.018780812059099 ], [ -71.269969322414198, -33.018643688089497 ], [ -71.2699622686943, -33.0185066294001 ], [ -71.269921817479997, -33.018447718633098 ], [ -71.269863369397598, -33.018377206137899 ], [ -71.2698528542562, -33.018350364045297 ], [ -71.269846455518604, -33.018361589982902 ], [ -71.269020274249598, -33.0186786720461 ], [ -71.267697675713407, -33.019198976000602 ] ] ] } },
{ "type": "Feature", "properties": { "id": "monoparte.126", "Name": null, "description": null, "timestamp": null, "begin": null, "end": null, "altitudeMode": null, "tessellate": -1, "extrude": 0, "visibility": -1, "drawOrder": null, "icon": null, "OBJECTID": 139.0, "REG": "Valparaíso", "COM": "Limache", "SHAPE_Leng": 2172.8106948300001, "SHAPE_Area": 128654.23594699999, "LOC": "Limache", "ZONA": "ZR1", "NOM": "ZR1 - Zona Residencial Mixto 1", "UPERM": "Residencial: Vivienda, hospedaje, hogares de Acogida; Equipamiento: comercio, culto y cultura, seguridad, social, educación. Ver destinos o actividades específicas en Ordenanza Local: Espacios Públicos; Áreas vedes", "UPROH": "Equipamiento: Estaciones o centros de servicio automotor del tipo Revisión técnica, discotecas, cárceles o centros de detención, zoológicos, parques de entretenciones, cementerios, cementerios-parque, crematorios.", "P_DO": "08/05/2025", "N_DO": "31/4/117", "T_DO": "Resolución", "OBS": null }, "geometry": { "type": "Polygon", "coordinates": [ [ [ -71.266500634109704, -33.014765737428903 ], [ -71.2667930757612, -33.014766481844099 ], [ -71.266918742420003, -33.0150720402263 ], [ -71.267526332847893, -33.016447417570902 ], [ -71.268036592934195, -33.017587398952102 ], [ -71.268066610587098, -33.017585295868699 ], [ -71.268117113598805, -33.017611099971397 ], [ -71.268154372663005, -33.017650505129701 ], [ -71.268165345004903, -33.017680845058798 ], [ -71.268175347613195, -33.017761782455601 ], [ -71.2681622413741, -33.017825007720504 ], [ -71.268133926242101, -33.0178694231614 ], [ -71.268101473327107, -33.017929182193498 ], [ -71.268097848778297, -33.017964559567801 ], [ -71.268076082796796, -33.017999311839603 ], [ -71.268049445977894, -33.018020791496902 ], [ -71.268046368646097, -33.018054508725399 ], [ -71.268028641188707, -33.018081075455001 ], [ -71.268038263887604, -33.0181250391636 ], [ -71.268056316984499, -33.018166463571703 ], [ -71.268088360237897, -33.018256544310503 ], [ -71.268097890277701, -33.018296930667098 ], [ -71.268084470169896, -33.018325805107601 ], [ -71.268039943321796, -33.018356438133701 ], [ -71.2679898158204, -33.018389558991601 ], [ -71.267890303095598, -33.018429541836497 ], [ -71.267779316280198, -33.018463769050797 ], [ -71.267716327569005, -33.0184923515734 ], [ -71.2676651814579, -33.018540999051297 ], [ -71.267651883341898, -33.018574643271201 ], [ -71.267653130872205, -33.018733927558998 ], [ -71.267655838394006, -33.018894924770599 ], [ -71.267626574460806, -33.018913350997302 ], [ -71.267627460111697, -33.018947929482003 ], [ -71.267632836417505, -33.0189919704126 ], [ -71.267641002508398, -33.019089643371103 ], [ -71.267653699287095, -33.019143094400498 ], [ -71.267697675713407, -33.019198976000602 ], [ -71.269020274249598, -33.0186786720461 ], [ -71.269846455518604, -33.018361589982902 ], [ -71.2698528542562, -33.018350364045297 ], [ -71.269815945478697, -33.018256150367499 ], [ -71.2697489828453, -33.0180302335121 ], [ -71.269720454205, -33.017889509476198 ], [ -71.269700087544393, -33.017802079780203 ], [ -71.269709552406596, -33.017729376559501 ], [ -71.269786135521102, -33.017535205226402 ], [ -71.269806823645297, -33.017458480696 ], [ -71.2698032882098, -33.017408918355102 ], [ -71.2697907422356, -33.017361429862198 ], [ -71.269742453809897, -33.017333677155897 ], [ -71.269698890807305, -33.017313474434999 ], [ -71.269614272100895, -33.017282566502899 ], [ -71.269483727848197, -33.017227680704003 ], [ -71.269437067700196, -33.0171750858145 ], [ -71.269402024260103, -33.017133731743598 ], [ -71.269378279603302, -33.017036008680002 ], [ -71.269380951196894, -33.016963429957201 ], [ -71.269396621931307, -33.016867709506201 ], [ -71.2694281445158, -33.016771701572601 ], [ -71.269457463289001, -33.0166781188423 ], [ -71.269478611057494, -33.016619280237698 ], [ -71.269556499870703, -33.016564419432498 ], [ -71.269621240684501, -33.0165269760518 ], [ -71.269622683874701, -33.016472790941101 ], [ -71.269666853194806, -33.016406137335103 ], [ -71.269695479862705, -33.016329745403503 ], [ -71.269697482832299, -33.016275311144199 ], [ -71.269689442328797, -33.0162267857052 ], [ -71.269659469288698, -33.016184385395299 ], [ -71.269604985655803, -33.016113799683403 ], [ -71.269568146970499, -33.016068661216401 ], [ -71.269543122960698, -33.016020444749202 ], [ -71.269536965608495, -33.015979114332403 ], [ -71.269548351981499, -33.015893015882199 ], [ -71.269547666993603, -33.015799978987097 ], [ -71.269565846761196, -33.015713756941302 ], [ -71.269563522170202, -33.015490480949801 ], [ -71.2695537462902, -33.015440555994303 ], [ -71.269529765169494, -33.015334969498298 ], [ -71.269511528698104, -33.015286391468798 ], [ -71.269482275884002, -33.015249942145999 ], [ -71.269476990691203, -33.015209478662698 ], [ -71.269459243229704, -33.015179978083303 ], [ -71.269290171285306, -33.015047058727703 ], [ -71.269249320645301, -33.0150000841289 ], [ -71.269205058735494, -33.014930506178104 ], [ -71.269185315489807, -33.014878376469603 ], [ -71.269157284019897, -33.014723804055301 ], [ -71.269133396221505, -33.014620452990698 ], [ -71.2691008742365, -33.014503400932 ], [ -71.269087376885693, -33.014418709158299 ], [ -71.269009960780593, -33.014182484577901 ], [ -71.268946967162506, -33.014122313366002 ], [ -71.268776975314395, -33.013986546911198 ], [ -71.268663357934102, -33.013862639179997 ], [ -71.268619726372904, -33.013817623914399 ], [ -71.268607105537001, -33.0137892229763 ], [ -71.268535714467603, -33.013721808122 ], [ -71.268493921378294, -33.013660105021501 ], [ -71.268426331402594, -33.013608368178097 ], [ -71.268371838699807, -33.013603632941802 ], [ -71.268205402717996, -33.013606659139597 ], [ -71.2681304935752, -33.013600863027399 ], [ -71.2680586512529, -33.013582127860502 ], [ -71.267953624301896, -33.0135282083235 ], [ -71.267920000974797, -33.013475852786499 ], [ -71.267911631969497, -33.013414448999697 ], [ -71.267918803770002, -33.013362783801703 ], [ -71.267955140537296, -33.0133220405814 ], [ -71.268052947320299, -33.013293063973997 ], [ -71.268103090355496, -33.013260658844999 ], [ -71.268235693207501, -33.013130841983497 ], [ -71.268314193629294, -33.013077879864298 ], [ -71.2683549906656, -33.013078569140902 ], [ -71.268379365145407, -33.013035180264303 ], [ -71.268393220969102, -33.0129790984899 ], [ -71.268386989320305, -33.012934835048199 ], [ -71.268368503562499, -33.012876478291702 ], [ -71.268327244106302, -33.012791337134097 ], [ -71.268302623866404, -33.012758859313799 ], [ -71.268268303197402, -33.012712451838802 ], [ -71.268233201114697, -33.012668713302503 ], [ -71.2681872495926, -33.012599403699902 ], [ -71.268158647572704, -33.012544093876002 ], [ -71.268137022015793, -33.012495815271699 ], [ -71.268084790566505, -33.012446662021702 ], [ -71.267912957944304, -33.012305201617103 ], [ -71.267886127239393, -33.012252722567098 ], [ -71.267900953325594, -33.012058988684998 ], [ -71.2679067703383, -33.0119543813055 ], [ -71.267905829800199, -33.0118513287428 ], [ -71.267912562889094, -33.011782493235501 ], [ -71.267896691545204, -33.011759877387398 ], [ -71.2677635653815, -33.011822182384698 ], [ -71.267681887876606, -33.011883791035103 ], [ -71.267628458785396, -33.011920550734601 ], [ -71.267512265852503, -33.011961314248701 ], [ -71.2674757828499, -33.011996333903397 ], [ -71.267456246033703, -33.0120296135742 ], [ -71.267438406978499, -33.012062863286999 ], [ -71.267425956368001, -33.0121074663464 ], [ -71.267398441516704, -33.012160933236302 ], [ -71.267348518610405, -33.012201923215898 ], [ -71.267292168830295, -33.012257345210998 ], [ -71.267204882334696, -33.012299014175099 ], [ -71.267135619218806, -33.012314588127502 ], [ -71.266959069018299, -33.012320659449998 ], [ -71.266818334168406, -33.0123091404379 ], [ -71.266782739327795, -33.012301436118499 ], [ -71.266744650644597, -33.012306900225802 ], [ -71.266698404606302, -33.012325634758099 ], [ -71.266673541134296, -33.012349944929902 ], [ -71.266694819692106, -33.012406819255503 ], [ -71.266705366903906, -33.012431679957103 ], [ -71.266743414804395, -33.012479898504502 ], [ -71.266820071495502, -33.012542924659797 ], [ -71.266857509067705, -33.012567295836703 ], [ -71.266914728738897, -33.012590115432502 ], [ -71.266996039678006, -33.012613689333598 ], [ -71.267045317893505, -33.0126581255753 ], [ -71.267071433936394, -33.012682702420399 ], [ -71.267071086985197, -33.012724461411501 ], [ -71.267050121527205, -33.0127904544091 ], [ -71.267024372885601, -33.012871247226201 ], [ -71.266969532836598, -33.012941433907699 ], [ -71.266873650938805, -33.013012366337797 ], [ -71.266864323481698, -33.013035202136201 ], [ -71.266890866925806, -33.013076472505098 ], [ -71.267121856657795, -33.013250022811199 ], [ -71.267233182675696, -33.013339856085103 ], [ -71.267248800465296, -33.0133968331712 ], [ -71.267232355815594, -33.013473480230402 ], [ -71.267206504240306, -33.013514509719201 ], [ -71.267169059912504, -33.013595911881602 ], [ -71.267118404595294, -33.013663637458997 ], [ -71.267090768427096, -33.013856202736797 ], [ -71.267067776857999, -33.013898373235698 ], [ -71.267027314699604, -33.013921774840597 ], [ -71.266917564180005, -33.013948820642199 ], [ -71.266760591064099, -33.013956445016397 ], [ -71.266636626833503, -33.013981362816303 ], [ -71.266583182097307, -33.0139954560739 ], [ -71.266549673402807, -33.014013959146801 ], [ -71.266515298672701, -33.014053950342799 ], [ -71.266484925851401, -33.014084325635601 ], [ -71.266475689735998, -33.014110737879101 ], [ -71.2664798223107, -33.014236443866402 ], [ -71.266494909525306, -33.014328026206798 ], [ -71.266507421630493, -33.014374322710403 ], [ -71.266538596802803, -33.014485893037197 ], [ -71.266547320665694, -33.014550152625802 ], [ -71.266538970701404, -33.0146111442901 ], [ -71.266527362697303, -33.014655493894502 ], [ -71.266500634109704, -33.014765737428903 ] ] ] } },
{ "type": "Feature", "properties": { "id": "monoparte.127", "Name": null, "description": null, "timestamp": null, "begin": null, "end": null, "altitudeMode": null, "tessellate": -1, "extrude": 0, "visibility": -1, "drawOrder": null, "icon": null, "OBJECTID": 140.0, "REG": "Valparaíso", "COM": "Limache", "SHAPE_Leng": 4254.8731519499997, "SHAPE_Area": 141766.58289699999, "LOC": "Limache", "ZONA": "ZC2", "NOM": "ZC2 - Zona Centro Mixto Residencial 2", "UPERM": "Residencial: Vivienda, hospedaje, hogares de acogida; Equipamiento: Comercio, servicios, culto y cultura, deporte, seguridad, social, esparcimiento, educación, salud, Todos excepto los prohibidos; Ver destinos o actividades específicas en Ordenanza Loc", "UPROH": "Equipamiento: Centros de servicio automotor del tipo revisión técnica, discotecas, carceles o centros de detención, zoológicos, parques de entretenciones, cementerios-parque, crematorios.", "P_DO": "08/05/2025", "N_DO": "31/4/117", "T_DO": "Resolución", "OBS": null }, "geometry": { "type": "Polygon", "coordinates": [ [ [ -71.264859850416798, -33.0151028081997 ], [ -71.265675367022297, -33.014900453375098 ], [ -71.265986773500103, -33.015560456939497 ], [ -71.266230502197402, -33.016132680328496 ], [ -71.266228481489307, -33.016142260223297 ], [ -71.265398786532401, -33.0163500794486 ], [ -71.265398774324495, -33.016351986864997 ], [ -71.265396113321103, -33.0167529211936 ], [ -71.265440808800093, -33.016882650895901 ], [ -71.265443239203705, -33.016889707113201 ], [ -71.265470338471005, -33.016968363999197 ], [ -71.265578117753904, -33.0171988011788 ], [ -71.266112705217395, -33.018390378881698 ], [ -71.266647491116302, -33.019589109095101 ], [ -71.265518845286906, -33.0199734581293 ], [ -71.265780317080498, -33.020562792136197 ], [ -71.265088657815994, -33.020780210592903 ], [ -71.264718260061599, -33.020914580904801 ], [ -71.2647031223852, -33.020915159628203 ], [ -71.264713746782206, -33.020982972850803 ], [ -71.264825851859399, -33.020950403412897 ], [ -71.264940399186003, -33.021136340408198 ], [ -71.265062186802894, -33.021291597345503 ], [ -71.265135563414006, -33.021414329876301 ], [ -71.265264179185294, -33.021526516027997 ], [ -71.265356897429797, -33.0215639607772 ], [ -71.265486763500505, -33.021592141644902 ], [ -71.265569744348795, -33.021603231905097 ], [ -71.265615866610105, -33.021634841722197 ], [ -71.265633012627106, -33.021650580475999 ], [ -71.266621853214602, -33.021297051026899 ], [ -71.267468676022105, -33.021021600542497 ], [ -71.267665789658906, -33.020009985387901 ], [ -71.267996273642794, -33.019876892192201 ], [ -71.267843157902703, -33.019599264607599 ], [ -71.267822857972305, -33.019558597015703 ], [ -71.2677761252274, -33.019503139803199 ], [ -71.267735769825904, -33.019431343322999 ], [ -71.2676873831021, -33.019399774536097 ], [ -71.267609864777697, -33.019263966846999 ], [ -71.267538934908103, -33.019148347559501 ], [ -71.267530269685096, -33.019086473063702 ], [ -71.267511442483894, -33.019070114061101 ], [ -71.267505487053796, -33.019003417362804 ], [ -71.267517583627097, -33.018978146068903 ], [ -71.267536187783406, -33.018875215337602 ], [ -71.267535904036706, -33.018587722205702 ], [ -71.267548184864907, -33.018569605620101 ], [ -71.267560597386094, -33.0185013820197 ], [ -71.267598109480502, -33.018473262695501 ], [ -71.267657731031704, -33.018433445269302 ], [ -71.267736998829903, -33.018388104559598 ], [ -71.267899369716801, -33.018314530626803 ], [ -71.267958598492001, -33.018282914368697 ], [ -71.267960314902496, -33.018265180084697 ], [ -71.267962351611402, -33.018234126599097 ], [ -71.267948789160101, -33.018202163711301 ], [ -71.267939594106906, -33.018174893458799 ], [ -71.267919576918501, -33.018112031462302 ], [ -71.267928822312001, -33.0180307441032 ], [ -71.267943627310004, -33.0180006514897 ], [ -71.267959481198602, -33.017956224586101 ], [ -71.267993490110499, -33.017901923521698 ], [ -71.268054705659495, -33.0178041830358 ], [ -71.2680581272068, -33.017771911358999 ], [ -71.268051701917003, -33.017742204733899 ], [ -71.268022662631793, -33.0177141022738 ], [ -71.267971191548497, -33.0176947578084 ], [ -71.267925809781303, -33.017692004755403 ], [ -71.267598584935001, -33.017728372971298 ], [ -71.267379285276704, -33.017735341276001 ], [ -71.267294490551294, -33.0178800356125 ], [ -71.2668613018228, -33.018520165032498 ], [ -71.266811725367305, -33.018381268212103 ], [ -71.266059458133896, -33.016693210348599 ], [ -71.266076158346905, -33.016654136383501 ], [ -71.2662053965838, -33.016586177557798 ], [ -71.266381242837696, -33.016541229353699 ], [ -71.267098168308394, -33.016337332315501 ], [ -71.267448059402099, -33.017227764292898 ], [ -71.267486496169496, -33.017346359452802 ], [ -71.267491866356806, -33.017417837947399 ], [ -71.267483237239901, -33.017495535958098 ], [ -71.267432594517302, -33.017613602333903 ], [ -71.267561452527502, -33.0176026709334 ], [ -71.267661796678098, -33.017613651669201 ], [ -71.268036592934195, -33.017587398952102 ], [ -71.267526332847893, -33.016447417570902 ], [ -71.266918742420003, -33.0150720402263 ], [ -71.2667930757612, -33.014766481844099 ], [ -71.266500634109704, -33.014765737428903 ], [ -71.266471196580298, -33.014887149613898 ], [ -71.266448754882802, -33.014950782411702 ], [ -71.266390155378204, -33.015040125340199 ], [ -71.266525490852601, -33.015321113518702 ], [ -71.266745737507094, -33.015849162098696 ], [ -71.266940595214095, -33.0162703069185 ], [ -71.2668174520565, -33.016327419534598 ], [ -71.266784056554798, -33.016239748988703 ], [ -71.266768560557097, -33.0161875417011 ], [ -71.266750172714495, -33.0161330000345 ], [ -71.266709017594906, -33.0160741009148 ], [ -71.266670933226806, -33.016046640386499 ], [ -71.266649454006895, -33.016004084980104 ], [ -71.266638164960796, -33.015961343514803 ], [ -71.266589731754394, -33.015927866978103 ], [ -71.266551342246302, -33.015888481845998 ], [ -71.266535067562302, -33.015850126874398 ], [ -71.266513405319003, -33.015800416700699 ], [ -71.266488566136303, -33.015759353379899 ], [ -71.266467026907307, -33.015648085926898 ], [ -71.266365936184798, -33.0154824338941 ], [ -71.266357077652998, -33.015468279600803 ], [ -71.266331703581201, -33.015339903506501 ], [ -71.266306461794997, -33.015283101152903 ], [ -71.26626796283, -33.0152394228882 ], [ -71.266243307046096, -33.015205514243299 ], [ -71.266231614459997, -33.015147034658298 ], [ -71.266226763460196, -33.015101313141301 ], [ -71.266235635207494, -33.015049617142303 ], [ -71.266257709180806, -33.014982650087397 ], [ -71.266293069754894, -33.014936914953701 ], [ -71.266410492954407, -33.014650862203602 ], [ -71.2664145064319, -33.0145863711979 ], [ -71.266410466452598, -33.014483851951198 ], [ -71.266390904299399, -33.014383403766203 ], [ -71.266379883883701, -33.014340061324802 ], [ -71.266352751060296, -33.014209360894803 ], [ -71.266352226142203, -33.014155688534601 ], [ -71.266365845376797, -33.014090307030898 ], [ -71.266375101481401, -33.014053634354902 ], [ -71.266413894911693, -33.014009267899098 ], [ -71.266437880016298, -33.013983780717801 ], [ -71.266368942361396, -33.013844014334801 ], [ -71.266044082331902, -33.013100749573503 ], [ -71.265855861654103, -33.012739288023901 ], [ -71.265725728785597, -33.012412401028499 ], [ -71.265722044983306, -33.012379065407799 ], [ -71.265389009503494, -33.011647877115202 ], [ -71.265005901922606, -33.010767126677599 ], [ -71.264792183968396, -33.010296873022199 ], [ -71.264764316062198, -33.010365413983799 ], [ -71.264720137852507, -33.010464991601403 ], [ -71.264722516180996, -33.010557997979198 ], [ -71.264730845994805, -33.010617970802002 ], [ -71.264770092169101, -33.0106909816514 ], [ -71.2648139886428, -33.010773070724902 ], [ -71.2648659466943, -33.0108780602975 ], [ -71.264885871249504, -33.010926370415298 ], [ -71.264890811302706, -33.011119536984097 ], [ -71.264876316586907, -33.011186664716099 ], [ -71.264854014985104, -33.0112779711597 ], [ -71.264926117710502, -33.0114398568562 ], [ -71.265053132449097, -33.011749122691299 ], [ -71.265123270291895, -33.011867381303901 ], [ -71.265145095347094, -33.0119235300158 ], [ -71.265152093885305, -33.011997843103899 ], [ -71.265144107696997, -33.012050954049698 ], [ -71.265110361497307, -33.012060155909303 ], [ -71.264921654327196, -33.012212031300102 ], [ -71.2648530600557, -33.012287000780702 ], [ -71.264820850664293, -33.012356298682199 ], [ -71.264813090522793, -33.012385070045397 ], [ -71.264803577730504, -33.012411726164999 ], [ -71.264717846052505, -33.012514205197697 ], [ -71.264692796201501, -33.012577790379297 ], [ -71.264692100049501, -33.012661308446098 ], [ -71.264715651850906, -33.0128624873009 ], [ -71.264706800188307, -33.012959276546198 ], [ -71.264757876695498, -33.013074064263499 ], [ -71.264782716823305, -33.013159504762001 ], [ -71.264831454425106, -33.013265860279098 ], [ -71.264848851976495, -33.0133371206352 ], [ -71.264901222292195, -33.013447113643601 ], [ -71.265079661683401, -33.013891226261002 ], [ -71.265003860269502, -33.014078477005199 ], [ -71.264799985750201, -33.014411429801001 ], [ -71.264717984029502, -33.014582315319799 ], [ -71.264708713025101, -33.014695018080097 ], [ -71.264727312716204, -33.014757905529699 ], [ -71.264806488934099, -33.0149747766297 ], [ -71.264859850416798, -33.0151028081997 ] ] ] } },
{ "type": "Feature", "properties": { "id": "monoparte.128", "Name": null, "description": null, "timestamp": null, "begin": null, "end": null, "altitudeMode": null, "tessellate": -1, "extrude": 0, "visibility": -1, "drawOrder": null, "icon": null, "OBJECTID": 141.0, "REG": "Valparaíso", "COM": "Limache", "SHAPE_Leng": 255.20533933199999, "SHAPE_Area": 1230.01456035, "LOC": "Limache", "ZONA": "ZAV", "NOM": "ZAV - Zona de Área verde", "UPERM": "Para los efectos de la aplicación del Art. 2.1.31 de la OGUC, las condiciones de edificación para los usos complementarios son las siguientes: sup. subdivisón mínima: 2.500 m2; sistema de agrupamiento: aislado; Altura máxima: 3.5 metros; Antejardín", "UPROH": null, "P_DO": "08/05/2025", "N_DO": "31/4/117", "T_DO": "Resolución", "OBS": null }, "geometry": { "type": "Polygon", "coordinates": [ [ [ -71.264713746782206, -33.020982972850803 ], [ -71.264768322791497, -33.021079326407502 ], [ -71.264829838114693, -33.0211812791295 ], [ -71.264887625388496, -33.021226038608297 ], [ -71.264913463259006, -33.021261834998697 ], [ -71.264953622098801, -33.021326000894298 ], [ -71.265027221809703, -33.021436832700502 ], [ -71.265069595932502, -33.021499050231803 ], [ -71.265116353642696, -33.021555462055403 ], [ -71.265217754393305, -33.021622334636497 ], [ -71.265270720336503, -33.021655729299901 ], [ -71.265420234785907, -33.021654922064798 ], [ -71.265465918712906, -33.021669362534702 ], [ -71.265489353966302, -33.021701940814502 ], [ -71.265633012627106, -33.021650580475999 ], [ -71.265615866610105, -33.021634841722197 ], [ -71.265569744348795, -33.021603231905097 ], [ -71.265486763500505, -33.021592141644902 ], [ -71.265356897429797, -33.0215639607772 ], [ -71.265264179185294, -33.021526516027997 ], [ -71.265135563414006, -33.021414329876301 ], [ -71.265062186802894, -33.021291597345503 ], [ -71.264940399186003, -33.021136340408198 ], [ -71.264825851859399, -33.020950403412897 ], [ -71.264713746782206, -33.020982972850803 ] ] ] } },
{ "type": "Feature", "properties": { "id": "monoparte.129", "Name": null, "description": null, "timestamp": null, "begin": null, "end": null, "altitudeMode": null, "tessellate": -1, "extrude": 0, "visibility": -1, "drawOrder": null, "icon": null, "OBJECTID": 142.0, "REG": "Valparaíso", "COM": "Limache", "SHAPE_Leng": 2827.78165412, "SHAPE_Area": 27983.0243089, "LOC": "Limache", "ZONA": "ZPP", "NOM": "ZPP - Plazas y Parques públicos proyectados", "UPERM": "REVISAR ORDENANZA LOCAL", "UPROH": "REVISAR ORDENANZA LOCAL", "P_DO": "08/05/2025", "N_DO": "31/4/117", "T_DO": "Resolución", "OBS": null }, "geometry": { "type": "Polygon", "coordinates": [ [ [ -71.2647031223852, -33.020915159628203 ], [ -71.264718260061599, -33.020914580904801 ], [ -71.265088657815994, -33.020780210592903 ], [ -71.265053400019198, -33.020619804315103 ], [ -71.265004722019199, -33.020488272155703 ], [ -71.264942194595903, -33.020368920646497 ], [ -71.264929956805304, -33.020333355237398 ], [ -71.264960661396103, -33.020315847592002 ], [ -71.264984570670805, -33.020309449304897 ], [ -71.2650094367078, -33.020285138480702 ], [ -71.265017349863896, -33.020262329395202 ], [ -71.265030710230704, -33.020231070323902 ], [ -71.265011754904293, -33.020198608975598 ], [ -71.264996292817003, -33.020158806198097 ], [ -71.264984410703505, -33.020126097380199 ], [ -71.264939607319903, -33.020035293445503 ], [ -71.264924438168805, -33.020006938421197 ], [ -71.264910730061203, -33.019969251743397 ], [ -71.264887569912204, -33.019927441664002 ], [ -71.264841469030301, -33.019830220068897 ], [ -71.264826545461503, -33.019778240219999 ], [ -71.2647943813068, -33.019716552279696 ], [ -71.264777441154394, -33.019685366342301 ], [ -71.264736246025805, -33.019636011420701 ], [ -71.264724719426198, -33.019583969882099 ], [ -71.264705831786401, -33.019509873604299 ], [ -71.264670191794906, -33.019467288209903 ], [ -71.264657722433796, -33.019422659904698 ], [ -71.264638946310001, -33.019397233368203 ], [ -71.264618624527003, -33.019355610661798 ], [ -71.264558413554695, -33.019260314233399 ], [ -71.264542497577096, -33.019213840387003 ], [ -71.264457767290594, -33.019134259201302 ], [ -71.264338944652593, -33.019031277879499 ], [ -71.264326506235406, -33.019010031267101 ], [ -71.264328209195497, -33.018910508820198 ], [ -71.264343831603497, -33.018890183916298 ], [ -71.264493637536802, -33.018834498618901 ], [ -71.264725304415606, -33.018757284746101 ], [ -71.264849907585401, -33.018712792785898 ], [ -71.264844418498896, -33.018566502876197 ], [ -71.264831186801999, -33.018436713028002 ], [ -71.264818174149497, -33.0181494507571 ], [ -71.264804088552594, -33.017986273892298 ], [ -71.264803570025407, -33.017966003019602 ], [ -71.264848244604593, -33.017830390681297 ], [ -71.264865405805395, -33.017726293448497 ], [ -71.264858478661097, -33.0175781765385 ], [ -71.264825222389703, -33.017473801662902 ], [ -71.264774812564397, -33.0173630580612 ], [ -71.2646970578311, -33.0172461298286 ], [ -71.264882198058402, -33.0171769184835 ], [ -71.264974823286295, -33.017166647604398 ], [ -71.265470449455606, -33.0169686857108 ], [ -71.265396113321103, -33.0167529211936 ], [ -71.265398912904701, -33.0163310475887 ], [ -71.265392032735605, -33.015973609132601 ], [ -71.265071198017793, -33.0160519652243 ], [ -71.265078899213805, -33.015954481799803 ], [ -71.265070392025905, -33.015799076785001 ], [ -71.265058113814305, -33.015673325656103 ], [ -71.264988291137897, -33.015475292868999 ], [ -71.264893009288102, -33.015182367003298 ], [ -71.264806488934099, -33.0149747766297 ], [ -71.264727312716204, -33.014757905529699 ], [ -71.264708713025101, -33.014695018080097 ], [ -71.264717984029502, -33.014582315319799 ], [ -71.264799985750201, -33.014411429801001 ], [ -71.265003860269502, -33.014078477005199 ], [ -71.265079661683401, -33.013891226261002 ], [ -71.264901222292195, -33.013447113643601 ], [ -71.264848851976495, -33.0133371206352 ], [ -71.264831454425106, -33.013265860279098 ], [ -71.264782716823305, -33.013159504762001 ], [ -71.264757876695498, -33.013074064263499 ], [ -71.264706800188307, -33.012959276546198 ], [ -71.264715651850906, -33.0128624873009 ], [ -71.264692100049501, -33.012661308446098 ], [ -71.264692796201501, -33.012577790379297 ], [ -71.264717846052505, -33.012514205197697 ], [ -71.264803577730504, -33.012411726164999 ], [ -71.264813090522793, -33.012385070045397 ], [ -71.264820850664293, -33.012356298682199 ], [ -71.2648530600557, -33.012287000780702 ], [ -71.264921654327196, -33.012212031300102 ], [ -71.265110361497307, -33.012060155909303 ], [ -71.265144107696997, -33.012050954049698 ], [ -71.265152093885305, -33.011997843103899 ], [ -71.265145095347094, -33.0119235300158 ], [ -71.265123270291895, -33.011867381303901 ], [ -71.265053132449097, -33.011749122691299 ], [ -71.264926117710502, -33.0114398568562 ], [ -71.264854014985104, -33.0112779711597 ], [ -71.264876316586907, -33.011186664716099 ], [ -71.264890811302706, -33.011119536984097 ], [ -71.264885871249504, -33.010926370415298 ], [ -71.2648659466943, -33.0108780602975 ], [ -71.2648139886428, -33.010773070724902 ], [ -71.264770092169101, -33.0106909816514 ], [ -71.264730845994805, -33.010617970802002 ], [ -71.264722516180996, -33.010557997979198 ], [ -71.264720137852507, -33.010464991601403 ], [ -71.264764316062198, -33.010365413983799 ], [ -71.264792183968396, -33.010296873022199 ], [ -71.264811245779597, -33.010244992097903 ], [ -71.264788378587596, -33.010148063538999 ], [ -71.264786817398402, -33.010087012892598 ], [ -71.264817367330195, -33.009952849037298 ], [ -71.264717474477706, -33.009791830179601 ], [ -71.264726478487106, -33.009840671319402 ], [ -71.264736381518304, -33.009962170703602 ], [ -71.264717356313596, -33.010015482929099 ], [ -71.264705709513294, -33.010091565610097 ], [ -71.264697187361605, -33.010223420581497 ], [ -71.264689193149195, -33.010309457177797 ], [ -71.264644239726906, -33.010411911892099 ], [ -71.264624771001493, -33.010441229431301 ], [ -71.264628820086301, -33.010599578595098 ], [ -71.264660109733995, -33.010671540897299 ], [ -71.264727122141394, -33.010811568801401 ], [ -71.264797326475403, -33.010987804304499 ], [ -71.264787662754699, -33.011052874911499 ], [ -71.264789955831105, -33.011142542752602 ], [ -71.264786988689394, -33.011203674693398 ], [ -71.264760548134902, -33.011232785170797 ], [ -71.264754730815298, -33.011271065361498 ], [ -71.264870213651506, -33.011537650931899 ], [ -71.265055744159, -33.011971374979503 ], [ -71.264875744505105, -33.012108252146703 ], [ -71.264833452652894, -33.012137650414203 ], [ -71.264802971348004, -33.012185921550902 ], [ -71.264765549397595, -33.012228592582098 ], [ -71.264726302837204, -33.012288475016902 ], [ -71.264700593793293, -33.012346202692001 ], [ -71.264660859250796, -33.012387006675098 ], [ -71.264611120302206, -33.012479527126203 ], [ -71.264621055354496, -33.012513703362103 ], [ -71.264572487181198, -33.012652011322999 ], [ -71.264587976292106, -33.012726169420702 ], [ -71.264591607106198, -33.012779547384802 ], [ -71.264575755912503, -33.012779835121897 ], [ -71.264584082294405, -33.012833764484 ], [ -71.2646275044726, -33.013025754549702 ], [ -71.264660894148193, -33.013179753937898 ], [ -71.264674705228998, -33.013276846862603 ], [ -71.264707166999003, -33.013394597496401 ], [ -71.264733442491604, -33.013447563463501 ], [ -71.264783099163793, -33.013694137554701 ], [ -71.264817419011194, -33.013762704673297 ], [ -71.264912754226202, -33.013947072877798 ], [ -71.264895520074006, -33.014103660382801 ], [ -71.264842062463899, -33.014172628968502 ], [ -71.2646316926879, -33.014492700738302 ], [ -71.264610665124295, -33.014556308469402 ], [ -71.264613671467899, -33.014729229770303 ], [ -71.264639395319307, -33.0148492497623 ], [ -71.264702649899306, -33.014997218894898 ], [ -71.264796985020396, -33.015228809046398 ], [ -71.264853491548493, -33.015312243515403 ], [ -71.264881492673595, -33.015410509823099 ], [ -71.264905839923998, -33.015498823148 ], [ -71.264915378308203, -33.015606013787703 ], [ -71.264943233235698, -33.015698557535501 ], [ -71.264956424640701, -33.0158157029582 ], [ -71.264968152049306, -33.015875614018597 ], [ -71.264968563595502, -33.016018570428002 ], [ -71.264963555252606, -33.016265600280498 ], [ -71.2649775738101, -33.016315448621 ], [ -71.264979549957602, -33.016558772615298 ], [ -71.264958125725101, -33.016606879350697 ], [ -71.2649279029458, -33.016643215718901 ], [ -71.264858662047203, -33.016704119811202 ], [ -71.264753824561595, -33.016757319945903 ], [ -71.264611762592807, -33.016794493605701 ], [ -71.264535204684094, -33.0168230972195 ], [ -71.264432862226599, -33.016863129575299 ], [ -71.264296430026207, -33.016899008579102 ], [ -71.264195441762098, -33.016936629239297 ], [ -71.264176175958795, -33.016958452225403 ], [ -71.264122807635104, -33.017030997044898 ], [ -71.264072757900806, -33.017122568894202 ], [ -71.264074983692296, -33.017209612924198 ], [ -71.2640897337117, -33.017288078562601 ], [ -71.264142301491205, -33.0173503504612 ], [ -71.264207619134694, -33.017421696045403 ], [ -71.264257150099297, -33.017498099282101 ], [ -71.264278921337507, -33.0175521019992 ], [ -71.264317749757794, -33.017608658144098 ], [ -71.264329001349793, -33.017649968538599 ], [ -71.264329572263705, -33.017738712625501 ], [ -71.264300757530705, -33.017807948782099 ], [ -71.264270792717696, -33.0178986791095 ], [ -71.264270067158506, -33.018003193033799 ], [ -71.2642963185951, -33.018165911093199 ], [ -71.264293884144607, -33.018258974088397 ], [ -71.264316091994303, -33.018662261434898 ], [ -71.264182539652595, -33.018689021937099 ], [ -71.264203652516201, -33.018717269184201 ], [ -71.264267744030406, -33.018897909739202 ], [ -71.264255693593, -33.018958252446403 ], [ -71.264272439560699, -33.019033044156998 ], [ -71.264304365187698, -33.0190854305554 ], [ -71.264432793419203, -33.019190463951702 ], [ -71.264504295977105, -33.019262174071898 ], [ -71.264533007975302, -33.0193217768092 ], [ -71.264542853759593, -33.019374564871399 ], [ -71.264641296506397, -33.019503045847003 ], [ -71.264661883083093, -33.019577112193701 ], [ -71.264663456925007, -33.019638638653703 ], [ -71.264707419038203, -33.019696533403803 ], [ -71.264751224875695, -33.0197815816637 ], [ -71.264961929868207, -33.0202243919693 ], [ -71.264955770609603, -33.0202493171656 ], [ -71.264906731155406, -33.020280747038797 ], [ -71.264820071287801, -33.0203472155928 ], [ -71.264757931123796, -33.0203979705406 ], [ -71.264720896346603, -33.020455903843597 ], [ -71.264673662410303, -33.020557922034101 ], [ -71.2646598595922, -33.020638338799898 ], [ -71.264678835654905, -33.020760151185399 ], [ -71.2647031223852, -33.020915159628203 ] ] ] } },
{ "type": "Feature", "properties": { "id": "monoparte.130", "Name": null, "description": null, "timestamp": null, "begin": null, "end": null, "altitudeMode": null, "tessellate": -1, "extrude": 0, "visibility": -1, "drawOrder": null, "icon": null, "OBJECTID": 143.0, "REG": "Valparaíso", "COM": "Limache", "SHAPE_Leng": 488.65885180399999, "SHAPE_Area": 12173.912722900001, "LOC": "Limache", "ZONA": "ZR2", "NOM": "ZR2 – Zona Residencial Mixto 2", "UPERM": "Residencial: Vivienda, hospedaje, hogares de Acogida; Equipamiento: comercio, culto y cultura, seguridad, social, educación. Ver destinos o actividades específicas en Ordenanza Local; Infraestrctura: Sanitaria, Ver destinos o actividades específicas e", "UPROH": "Equipamiento: Científico y esparcimiento, de comercio, culto y cultura, deporte, educación , salud, en este casos todos, excepto los permitidos. Y, carceles y centro de detención, centro de orientación o rehabilitación conductual; Actividades produc", "P_DO": "08/05/2025", "N_DO": "31/4/117", "T_DO": "Resolución", "OBS": null }, "geometry": { "type": "Polygon", "coordinates": [ [ [ -71.264859850416798, -33.0151028081997 ], [ -71.264893009288102, -33.015182367003298 ], [ -71.264988291137897, -33.015475292868999 ], [ -71.265058113814305, -33.015673325656103 ], [ -71.265070392025905, -33.015799076785001 ], [ -71.265078899213805, -33.015954481799803 ], [ -71.265071198017793, -33.0160519652243 ], [ -71.265392032735605, -33.015973609132601 ], [ -71.265398912904701, -33.0163310475887 ], [ -71.265398786532401, -33.0163500794486 ], [ -71.266228481489307, -33.016142260223297 ], [ -71.266230502197402, -33.016132680328496 ], [ -71.265986773500103, -33.015560456939497 ], [ -71.265675367022297, -33.014900453375098 ], [ -71.264859850416798, -33.0151028081997 ] ] ] } },
{ "type": "Feature", "properties": { "id": "monoparte.131", "Name": null, "description": null, "timestamp": null, "begin": null, "end": null, "altitudeMode": null, "tessellate": -1, "extrude": 0, "visibility": -1, "drawOrder": null, "icon": null, "OBJECTID": 144.0, "REG": "Valparaíso", "COM": "Limache", "SHAPE_Leng": 1094.61788985, "SHAPE_Area": 45350.578618400003, "LOC": "Limache", "ZONA": "ZR1", "NOM": "ZR1 - Zona Residencial Mixto 1", "UPERM": "Residencial: Vivienda, hospedaje, hogares de Acogida; Equipamiento: comercio, culto y cultura, seguridad, social, educación. Ver destinos o actividades específicas en Ordenanza Local: Espacios Públicos; Áreas vedes", "UPROH": "Equipamiento: Estaciones o centros de servicio automotor del tipo Revisión técnica, discotecas, cárceles o centros de detención, zoológicos, parques de entretenciones, cementerios, cementerios-parque, crematorios.", "P_DO": "08/05/2025", "N_DO": "31/4/117", "T_DO": "Resolución", "OBS": null }, "geometry": { "type": "Polygon", "coordinates": [ [ [ -71.265088657815994, -33.020780210592903 ], [ -71.265780317080498, -33.020562792136197 ], [ -71.265518845286906, -33.0199734581293 ], [ -71.266647491116302, -33.019589109095101 ], [ -71.266112705217395, -33.018390378881698 ], [ -71.265578117753904, -33.0171988011788 ], [ -71.265470338471005, -33.016968363999197 ], [ -71.265470449455606, -33.0169686857108 ], [ -71.264974823286295, -33.017166647604398 ], [ -71.264882198058402, -33.0171769184835 ], [ -71.2646970578311, -33.0172461298286 ], [ -71.264774812564397, -33.0173630580612 ], [ -71.264825222389703, -33.017473801662902 ], [ -71.264858478661097, -33.0175781765385 ], [ -71.264865405805395, -33.017726293448497 ], [ -71.264848244604593, -33.017830390681297 ], [ -71.264803570025407, -33.017966003019602 ], [ -71.264804088552594, -33.017986273892298 ], [ -71.264818174149497, -33.0181494507571 ], [ -71.264831186801999, -33.018436713028002 ], [ -71.264844418498896, -33.018566502876197 ], [ -71.264849907585401, -33.018712792785898 ], [ -71.264725304415606, -33.018757284746101 ], [ -71.264493637536802, -33.018834498618901 ], [ -71.264343831603497, -33.018890183916298 ], [ -71.264328209195497, -33.018910508820198 ], [ -71.264326506235406, -33.019010031267101 ], [ -71.264338944652593, -33.019031277879499 ], [ -71.264457767290594, -33.019134259201302 ], [ -71.264542497577096, -33.019213840387003 ], [ -71.264558413554695, -33.019260314233399 ], [ -71.264618624527003, -33.019355610661798 ], [ -71.264638946310001, -33.019397233368203 ], [ -71.264657722433796, -33.019422659904698 ], [ -71.264670191794906, -33.019467288209903 ], [ -71.264705831786401, -33.019509873604299 ], [ -71.264724719426198, -33.019583969882099 ], [ -71.264736246025805, -33.019636011420701 ], [ -71.264777441154394, -33.019685366342301 ], [ -71.2647943813068, -33.019716552279696 ], [ -71.264826545461503, -33.019778240219999 ], [ -71.264841469030301, -33.019830220068897 ], [ -71.264887569912204, -33.019927441664002 ], [ -71.264910730061203, -33.019969251743397 ], [ -71.264924438168805, -33.020006938421197 ], [ -71.264939607319903, -33.020035293445503 ], [ -71.264984410703505, -33.020126097380199 ], [ -71.264996292817003, -33.020158806198097 ], [ -71.265011754904293, -33.020198608975598 ], [ -71.265030710230704, -33.020231070323902 ], [ -71.265017349863896, -33.020262329395202 ], [ -71.2650094367078, -33.020285138480702 ], [ -71.264984570670805, -33.020309449304897 ], [ -71.264960661396103, -33.020315847592002 ], [ -71.264929956805304, -33.020333355237398 ], [ -71.264942194595903, -33.020368920646497 ], [ -71.265004722019199, -33.020488272155703 ], [ -71.265053400019198, -33.020619804315103 ], [ -71.265088657815994, -33.020780210592903 ] ] ] } },
{ "type": "Feature", "properties": { "id": "monoparte.132", "Name": null, "description": null, "timestamp": null, "begin": null, "end": null, "altitudeMode": null, "tessellate": -1, "extrude": 0, "visibility": -1, "drawOrder": null, "icon": null, "OBJECTID": 145.0, "REG": "Valparaíso", "COM": "Limache", "SHAPE_Leng": 652.22314738099999, "SHAPE_Area": 7828.6472104799996, "LOC": "Limache", "ZONA": "AV", "NOM": "AV - Áreas verdes Existentes (Art.2.1.30)", "UPERM": "Se regirán según lo dispuesto en el Art. 2.1.30 de la OGUC y considerarán las siguientes normas urbanísticas.", "UPROH": null, "P_DO": "08/05/2025", "N_DO": "31/4/117", "T_DO": "Resolución", "OBS": null }, "geometry": { "type": "Polygon", "coordinates": [ [ [ -71.264426367576704, -33.020387862202497 ], [ -71.264423821176294, -33.020594885434797 ], [ -71.264446539611995, -33.020818745517801 ], [ -71.264453665479493, -33.020875877066899 ], [ -71.264601346059095, -33.021017461965002 ], [ -71.264713746782206, -33.020982972850803 ], [ -71.264678835654905, -33.020760151185399 ], [ -71.2646598595922, -33.020638338799898 ], [ -71.264673662410303, -33.020557922034101 ], [ -71.264720896346603, -33.020455903843597 ], [ -71.264757931123796, -33.0203979705406 ], [ -71.264820071287801, -33.0203472155928 ], [ -71.264906731155406, -33.020280747038797 ], [ -71.264955770609603, -33.0202493171656 ], [ -71.264961929868207, -33.0202243919693 ], [ -71.264751224875695, -33.0197815816637 ], [ -71.264707419038203, -33.019696533403803 ], [ -71.264663456925007, -33.019638638653703 ], [ -71.264661883083093, -33.019577112193701 ], [ -71.264641296506397, -33.019503045847003 ], [ -71.264542853759593, -33.019374564871399 ], [ -71.264533007975302, -33.0193217768092 ], [ -71.264504295977105, -33.019262174071898 ], [ -71.264432793419203, -33.019190463951702 ], [ -71.264304365187698, -33.0190854305554 ], [ -71.264272439560699, -33.019033044156998 ], [ -71.264255693593, -33.018958252446403 ], [ -71.264267744030406, -33.018897909739202 ], [ -71.264203652516201, -33.018717269184201 ], [ -71.264182539652595, -33.018689021937099 ], [ -71.263974617787497, -33.018754444551398 ], [ -71.264157293507694, -33.019142413217899 ], [ -71.2643391159353, -33.019496994540603 ], [ -71.264238734713899, -33.019558463595899 ], [ -71.264057298156303, -33.019661963432 ], [ -71.264079247952793, -33.019745070402998 ], [ -71.263976035356606, -33.019806590646297 ], [ -71.263991347548995, -33.019851644452501 ], [ -71.264375987149705, -33.0197205968731 ], [ -71.264390994553594, -33.019753726951002 ], [ -71.264430854913897, -33.020094183746799 ], [ -71.264426367576704, -33.020387862202497 ] ] ] } },
{ "type": "Feature", "properties": { "id": "monoparte.133", "Name": null, "description": null, "timestamp": null, "begin": null, "end": null, "altitudeMode": null, "tessellate": -1, "extrude": 0, "visibility": -1, "drawOrder": null, "icon": null, "OBJECTID": 146.0, "REG": "Valparaíso", "COM": "Limache", "SHAPE_Leng": 109.337123022, "SHAPE_Area": 476.35113671699997, "LOC": "Limache", "ZONA": "AV", "NOM": "AV - Áreas verdes Existentes (Art.2.1.30)", "UPERM": "Se regirán según lo dispuesto en el Art. 2.1.30 de la OGUC y considerarán las siguientes normas urbanísticas.", "UPROH": null, "P_DO": "08/05/2025", "N_DO": "31/4/117", "T_DO": "Resolución", "OBS": null }, "geometry": { "type": "Polygon", "coordinates": [ [ [ -71.262621953361503, -33.019349148239399 ], [ -71.262670170922505, -33.0194307492417 ], [ -71.262765784351402, -33.019386566035003 ], [ -71.262792922716102, -33.019384642678801 ], [ -71.262826254050594, -33.019425552685398 ], [ -71.262878575790097, -33.019411719386703 ], [ -71.262877186050304, -33.019357346698797 ], [ -71.263046826324398, -33.0192798299909 ], [ -71.263003540381305, -33.019181839690702 ], [ -71.262621953361503, -33.019349148239399 ] ] ] } },
{ "type": "Feature", "properties": { "id": "monoparte.134", "Name": null, "description": null, "timestamp": null, "begin": null, "end": null, "altitudeMode": null, "tessellate": -1, "extrude": 0, "visibility": -1, "drawOrder": null, "icon": null, "OBJECTID": 147.0, "REG": "Valparaíso", "COM": "Limache", "SHAPE_Leng": 280.17130326199998, "SHAPE_Area": 3029.0392096, "LOC": "Limache", "ZONA": "AV", "NOM": "AV - Áreas verdes Existentes (Art.2.1.30)", "UPERM": "Se regirán según lo dispuesto en el Art. 2.1.30 de la OGUC y considerarán las siguientes normas urbanísticas.", "UPROH": null, "P_DO": "08/05/2025", "N_DO": "31/4/117", "T_DO": "Resolución", "OBS": null }, "geometry": { "type": "Polygon", "coordinates": [ [ [ -71.262928151264006, -33.018608680737302 ], [ -71.262942604059205, -33.018633625994902 ], [ -71.263037537118606, -33.018757877878301 ], [ -71.263119760877302, -33.018916716825203 ], [ -71.263152014988606, -33.018981981741703 ], [ -71.263645610436399, -33.018780563965898 ], [ -71.263637133915495, -33.018714867705903 ], [ -71.263636146175301, -33.018676234947002 ], [ -71.263516624537402, -33.018387803147803 ], [ -71.263697184534493, -33.018338717931698 ], [ -71.263679792555607, -33.018190155091801 ], [ -71.263300576172597, -33.018311557918402 ], [ -71.263389374135897, -33.018461689175098 ], [ -71.262928151264006, -33.018608680737302 ] ] ] } },
{ "type": "Feature", "properties": { "id": "monoparte.135", "Name": null, "description": null, "timestamp": null, "begin": null, "end": null, "altitudeMode": null, "tessellate": -1, "extrude": 0, "visibility": -1, "drawOrder": null, "icon": null, "OBJECTID": 148.0, "REG": "Valparaíso", "COM": "Limache", "SHAPE_Leng": 193.765812998, "SHAPE_Area": 2091.5043808599999, "LOC": "Limache", "ZONA": "AV", "NOM": "AV - Áreas verdes Existentes (Art.2.1.30)", "UPERM": "Se regirán según lo dispuesto en el Art. 2.1.30 de la OGUC y considerarán las siguientes normas urbanísticas.", "UPROH": null, "P_DO": "08/05/2025", "N_DO": "31/4/117", "T_DO": "Resolución", "OBS": null }, "geometry": { "type": "Polygon", "coordinates": [ [ [ -71.259939446916803, -33.014574961409998 ], [ -71.259982715456005, -33.014583721671897 ], [ -71.260600475280995, -33.014377840446997 ], [ -71.260627210364007, -33.014360177674703 ], [ -71.260626187560305, -33.014320113494101 ], [ -71.260537191298994, -33.014117494583999 ], [ -71.259914271569002, -33.014298655519298 ], [ -71.259858536315605, -33.014334021790702 ], [ -71.259937537914894, -33.014572252873698 ], [ -71.259937353175303, -33.0145736115484 ], [ -71.259939446916803, -33.014574961409998 ] ] ] } },
{ "type": "Feature", "properties": { "id": "monoparte.136", "Name": null, "description": null, "timestamp": null, "begin": null, "end": null, "altitudeMode": null, "tessellate": -1, "extrude": 0, "visibility": -1, "drawOrder": null, "icon": null, "OBJECTID": 149.0, "REG": "Valparaíso", "COM": "Limache", "SHAPE_Leng": 244.38732126100001, "SHAPE_Area": 3758.0201931000001, "LOC": "Limache", "ZONA": "AV", "NOM": "AV - Áreas verdes Existentes (Art.2.1.30)", "UPERM": "Se regirán según lo dispuesto en el Art. 2.1.30 de la OGUC y considerarán las siguientes normas urbanísticas.", "UPROH": null, "P_DO": "08/05/2025", "N_DO": "31/4/117", "T_DO": "Resolución", "OBS": null }, "geometry": { "type": "Polygon", "coordinates": [ [ [ -71.259615526856905, -33.012750858054098 ], [ -71.259646845982402, -33.012757448864001 ], [ -71.260270108420201, -33.012545743753797 ], [ -71.260065765519798, -33.012084199362697 ], [ -71.259372168883104, -33.012313877587999 ], [ -71.259580165732999, -33.012733842286003 ], [ -71.259615526856905, -33.012750858054098 ] ] ] } },
{ "type": "Feature", "properties": { "id": "monoparte.137", "Name": null, "description": null, "timestamp": null, "begin": null, "end": null, "altitudeMode": null, "tessellate": -1, "extrude": 0, "visibility": -1, "drawOrder": null, "icon": null, "OBJECTID": 150.0, "REG": "Valparaíso", "COM": "Limache", "SHAPE_Leng": 860.38729732100001, "SHAPE_Area": 44285.906370899997, "LOC": "Limache", "ZONA": "ZR2", "NOM": "ZR2 – Zona Residencial Mixto 2", "UPERM": "Residencial: Vivienda, hospedaje, hogares de Acogida; Equipamiento: comercio, culto y cultura, seguridad, social, educación. Ver destinos o actividades específicas en Ordenanza Local; Infraestrctura: Sanitaria, Ver destinos o actividades específicas e", "UPROH": "Equipamiento: Científico y esparcimiento, de comercio, culto y cultura, deporte, educación , salud, en este casos todos, excepto los permitidos. Y, carceles y centro de detención, centro de orientación o rehabilitación conductual; Actividades produc", "P_DO": "08/05/2025", "N_DO": "31/4/117", "T_DO": "Resolución", "OBS": null }, "geometry": { "type": "Polygon", "coordinates": [ [ [ -71.260085152144995, -33.018382034072602 ], [ -71.260678245880101, -33.0180964334184 ], [ -71.2604776180752, -33.017383573554902 ], [ -71.259958677418695, -33.016036915323397 ], [ -71.259565273131599, -33.0161213720273 ], [ -71.258210290933306, -33.016380678721902 ], [ -71.258247103099706, -33.016564870818897 ], [ -71.258335999682004, -33.016763675168299 ], [ -71.258661179279798, -33.017607225082401 ], [ -71.258711629768101, -33.017808634197301 ], [ -71.258856993698799, -33.0181781995962 ], [ -71.259107086142706, -33.018834082242499 ], [ -71.259158831153798, -33.018819783919596 ], [ -71.259204316897893, -33.0188265952414 ], [ -71.260085152144995, -33.018382034072602 ] ] ] } },
{ "type": "Feature", "properties": { "id": "monoparte.138", "Name": null, "description": null, "timestamp": null, "begin": null, "end": null, "altitudeMode": null, "tessellate": -1, "extrude": 0, "visibility": -1, "drawOrder": null, "icon": null, "OBJECTID": 151.0, "REG": "Valparaíso", "COM": "Limache", "SHAPE_Leng": 168.601726544, "SHAPE_Area": 1062.8201843500001, "LOC": "Limache", "ZONA": "AV", "NOM": "AV - Áreas verdes Existentes (Art.2.1.30)", "UPERM": "Se regirán según lo dispuesto en el Art. 2.1.30 de la OGUC y considerarán las siguientes normas urbanísticas.", "UPROH": null, "P_DO": "08/05/2025", "N_DO": "31/4/117", "T_DO": "Resolución", "OBS": null }, "geometry": { "type": "Polygon", "coordinates": [ [ [ -71.259104909787197, -33.0162094748326 ], [ -71.259565273131599, -33.0161213720273 ], [ -71.2598025212544, -33.016070439694701 ], [ -71.259074028133199, -33.015925322301797 ], [ -71.259104909787197, -33.0162094748326 ] ] ] } },
{ "type": "Feature", "properties": { "id": "monoparte.139", "Name": null, "description": null, "timestamp": null, "begin": null, "end": null, "altitudeMode": null, "tessellate": -1, "extrude": 0, "visibility": -1, "drawOrder": null, "icon": null, "OBJECTID": 152.0, "REG": "Valparaíso", "COM": "Limache", "SHAPE_Leng": 3430.5942194700001, "SHAPE_Area": 145489.76873499999, "LOC": "Limache", "ZONA": "ZR1", "NOM": "ZR1 - Zona Residencial Mixto 1", "UPERM": "Residencial: Vivienda, hospedaje, hogares de Acogida; Equipamiento: comercio, culto y cultura, seguridad, social, educación. Ver destinos o actividades específicas en Ordenanza Local: Espacios Públicos; Áreas vedes", "UPROH": "Equipamiento: Estaciones o centros de servicio automotor del tipo Revisión técnica, discotecas, cárceles o centros de detención, zoológicos, parques de entretenciones, cementerios, cementerios-parque, crematorios.", "P_DO": "08/05/2025", "N_DO": "31/4/117", "T_DO": "Resolución", "OBS": null }, "geometry": { "type": "Polygon", "coordinates": [ [ [ -71.255966916427099, -33.016996441330001 ], [ -71.255355487192205, -33.017501130099902 ], [ -71.255405408780106, -33.017689342386497 ], [ -71.255742441668801, -33.018968642111197 ], [ -71.256079069043096, -33.020266339862197 ], [ -71.256185418568705, -33.020661068574803 ], [ -71.256147939060696, -33.020718411456699 ], [ -71.256270881595597, -33.021162228704803 ], [ -71.256303019390202, -33.021311957163697 ], [ -71.256318449610205, -33.021361781913697 ], [ -71.256368179165193, -33.021535051503498 ], [ -71.256424482695707, -33.021743990741101 ], [ -71.256455162169303, -33.021836485389102 ], [ -71.256468977311997, -33.0219340562521 ], [ -71.256501635796894, -33.021993112516498 ], [ -71.256515026595295, -33.022073990665398 ], [ -71.256524308752503, -33.022104838386902 ], [ -71.256578702433899, -33.022127713737902 ], [ -71.256660567464806, -33.022139473983799 ], [ -71.2567466737827, -33.022139825169504 ], [ -71.256962621603407, -33.022078657009502 ], [ -71.257050505361704, -33.022059888518903 ], [ -71.257158916895904, -33.022046474612303 ], [ -71.257586110323302, -33.022006295138098 ], [ -71.257639975439503, -33.021986233829502 ], [ -71.257833231387295, -33.0217460558586 ], [ -71.257859093333295, -33.021694052828202 ], [ -71.257933000420707, -33.021660267416202 ], [ -71.257962050780904, -33.021644472256298 ], [ -71.257995436472598, -33.021620963510102 ], [ -71.2580424110389, -33.021597207863699 ], [ -71.258093962127703, -33.021575279254897 ], [ -71.258337855615693, -33.021437318586003 ], [ -71.258449579327703, -33.021376125810598 ], [ -71.258530132700002, -33.021336492718397 ], [ -71.2586017742275, -33.0213027479423 ], [ -71.258697789764895, -33.021247565474901 ], [ -71.258733245400194, -33.0212163848581 ], [ -71.258789131313506, -33.021186741473997 ], [ -71.259023947710304, -33.021066059053297 ], [ -71.259113218583195, -33.021012906521499 ], [ -71.259142318273405, -33.0209990192023 ], [ -71.259247543826902, -33.020942953534501 ], [ -71.259413845851299, -33.020856435925801 ], [ -71.259482073908302, -33.020811061326803 ], [ -71.259539312860298, -33.020779007985503 ], [ -71.259586858615805, -33.020755480391699 ], [ -71.259649820262496, -33.020725709361997 ], [ -71.2599055779678, -33.020575567316897 ], [ -71.259986336936905, -33.020544042612599 ], [ -71.260089102178299, -33.020509255188102 ], [ -71.260402824268198, -33.020417679158399 ], [ -71.260837518833995, -33.020272374979399 ], [ -71.261027757233904, -33.020209791170501 ], [ -71.261029020447907, -33.020203804115297 ], [ -71.260798630223306, -33.019832203670497 ], [ -71.260477959334807, -33.0192480294833 ], [ -71.260347507215698, -33.018997013045201 ], [ -71.260192967860604, -33.018667698560101 ], [ -71.260085152144995, -33.018382034072602 ], [ -71.259204316897893, -33.0188265952414 ], [ -71.259158831153798, -33.018819783919596 ], [ -71.259107086142706, -33.018834082242499 ], [ -71.258856993698799, -33.0181781995962 ], [ -71.258711629768101, -33.017808634197301 ], [ -71.258661179279798, -33.017607225082401 ], [ -71.258335999682004, -33.016763675168299 ], [ -71.258247103099706, -33.016564870818897 ], [ -71.258210290933306, -33.016380678721902 ], [ -71.259104909787197, -33.0162094748326 ], [ -71.259074028133199, -33.015925322301797 ], [ -71.2591036056414, -33.015826647577498 ], [ -71.257657379955802, -33.0155438729564 ], [ -71.255966916427099, -33.016996441330001 ] ], [ [ -71.2586477968309, -33.018520066539899 ], [ -71.258916158430395, -33.019159395409098 ], [ -71.259277444646798, -33.019084059001003 ], [ -71.259522113261795, -33.019615973632398 ], [ -71.2573679754734, -33.020314845999899 ], [ -71.257367241419203, -33.020307844582398 ], [ -71.257014748833001, -33.0196730166248 ], [ -71.256796449007695, -33.019164001992202 ], [ -71.256608160718699, -33.018626767497103 ], [ -71.256965838181699, -33.018548720280599 ], [ -71.256840417935805, -33.018183563751499 ], [ -71.256745007248597, -33.017884668421402 ], [ -71.256703736150797, -33.017820996807998 ], [ -71.256630754868397, -33.017624288477499 ], [ -71.257166326254506, -33.017387144453203 ], [ -71.256653089450396, -33.016694981045397 ], [ -71.257839016513998, -33.0164468630961 ], [ -71.258161904386895, -33.017225973734703 ], [ -71.2586477968309, -33.018520066539899 ] ] ] } },
{ "type": "Feature", "properties": { "id": "monoparte.140", "Name": null, "description": null, "timestamp": null, "begin": null, "end": null, "altitudeMode": null, "tessellate": -1, "extrude": 0, "visibility": -1, "drawOrder": null, "icon": null, "OBJECTID": 153.0, "REG": "Valparaíso", "COM": "Limache", "SHAPE_Leng": 2134.5122864599998, "SHAPE_Area": 56593.862973099996, "LOC": "Limache", "ZONA": "ZR1a", "NOM": "ZR1a - Subzona Residencial Mixto 1a", "UPERM": "Residencial: Vivienda, hospedaje, hogares de Acogida; Equipamiento: comercio, culto y cultura, seguridad, social, educación. Ver destinos o actividades específicas en Ordenanza Local: Espacios Públicos; Áreas vedes", "UPROH": "Equipamiento: Estaciones o centros de servicio automotor del tipo Revisión técnica, discotecas, cárceles o centros de detención, zoológicos, parques de entretenciones, cementerios, cementerios-parque, crematorios.", "P_DO": "08/05/2025", "N_DO": "31/4/117", "T_DO": "Resolución", "OBS": "Las normas urbanísticas aplicables a esta subzona corresponderán a las indicadas para la zona" }, "geometry": { "type": "Polygon", "coordinates": [ [ [ -71.256653089450396, -33.016694981045397 ], [ -71.257166326254506, -33.017387144453203 ], [ -71.256630754868397, -33.017624288477499 ], [ -71.256703736150797, -33.017820996807998 ], [ -71.256745007248597, -33.017884668421402 ], [ -71.256840417935805, -33.018183563751499 ], [ -71.256965838181699, -33.018548720280599 ], [ -71.256608160718699, -33.018626767497103 ], [ -71.256796449007695, -33.019164001992202 ], [ -71.257014748833001, -33.0196730166248 ], [ -71.257367241419203, -33.020307844582398 ], [ -71.2573679754734, -33.020314845999899 ], [ -71.259522113261795, -33.019615973632398 ], [ -71.259277444646798, -33.019084059001003 ], [ -71.258916158430395, -33.019159395409098 ], [ -71.2586477968309, -33.018520066539899 ], [ -71.258161904386895, -33.017225973734703 ], [ -71.257839016513998, -33.0164468630961 ], [ -71.256653089450396, -33.016694981045397 ] ], [ [ -71.257146238720296, -33.016984524449903 ], [ -71.257815553537199, -33.016870010460003 ], [ -71.257867993200705, -33.017038458441 ], [ -71.257265757154997, -33.017187738755098 ], [ -71.257146238720296, -33.016984524449903 ] ], [ [ -71.258036145274801, -33.018101903913703 ], [ -71.257806693503994, -33.0181661811759 ], [ -71.257752598407293, -33.0181614765375 ], [ -71.257782975056898, -33.017969059884201 ], [ -71.257780530366702, -33.017873191439499 ], [ -71.257738199608497, -33.017812402418301 ], [ -71.257918762163499, -33.0177633254795 ], [ -71.257942536626899, -33.017896026613499 ], [ -71.258036145274801, -33.018101903913703 ] ], [ [ -71.257721188296102, -33.018195882243397 ], [ -71.257656353820096, -33.0184619479232 ], [ -71.257468719386097, -33.018423770344498 ], [ -71.257412937953106, -33.018279718194798 ], [ -71.257721188296102, -33.018195882243397 ] ], [ [ -71.257543973606602, -33.019164130949598 ], [ -71.257569721088601, -33.019285345122398 ], [ -71.257621005519795, -33.019408483138101 ], [ -71.257954644983599, -33.0199024927023 ], [ -71.257717298305096, -33.020001799651503 ], [ -71.257716636908299, -33.019996263164302 ], [ -71.257382783255096, -33.019431603017097 ], [ -71.257247404760193, -33.019098119893002 ], [ -71.257265229181399, -33.019086345146 ], [ -71.257305748380304, -33.019076068721397 ], [ -71.257348264958296, -33.019055257981798 ], [ -71.257375770263593, -33.019023266669997 ], [ -71.257380239227999, -33.0189764229182 ], [ -71.257316725373499, -33.018840144873202 ], [ -71.257263645807996, -33.018679899765999 ], [ -71.257619724906803, -33.018594721523499 ], [ -71.257593772958899, -33.018743115847599 ], [ -71.2575617470509, -33.018930986827002 ], [ -71.257545550011002, -33.019073240431503 ], [ -71.257543973606602, -33.019164130949598 ] ], [ [ -71.258807654918101, -33.0193122831149 ], [ -71.259133890732201, -33.0192228688665 ], [ -71.259252961467396, -33.019449757304301 ], [ -71.259243403719395, -33.019519120638002 ], [ -71.258925483778796, -33.019612393775397 ], [ -71.258807654918101, -33.0193122831149 ] ] ] } },
{ "type": "Feature", "properties": { "id": "monoparte.141", "Name": null, "description": null, "timestamp": null, "begin": null, "end": null, "altitudeMode": null, "tessellate": -1, "extrude": 0, "visibility": -1, "drawOrder": null, "icon": null, "OBJECTID": 154.0, "REG": "Valparaíso", "COM": "Limache", "SHAPE_Leng": 133.84157566100001, "SHAPE_Area": 1157.1175039899999, "LOC": "Limache", "ZONA": "ZPP", "NOM": "ZPP - Plazas y Parques públicos proyectados", "UPERM": "REVISAR ORDENANZA LOCAL", "UPROH": "REVISAR ORDENANZA LOCAL", "P_DO": "08/05/2025", "N_DO": "31/4/117", "T_DO": "Resolución", "OBS": null }, "geometry": { "type": "Polygon", "coordinates": [ [ [ -71.258807654918101, -33.0193122831149 ], [ -71.258925483778796, -33.019612393775397 ], [ -71.259243403719395, -33.019519120638002 ], [ -71.259252961467396, -33.019449757304301 ], [ -71.259133890732201, -33.0192228688665 ], [ -71.258807654918101, -33.0193122831149 ] ] ] } },
{ "type": "Feature", "properties": { "id": "monoparte.142", "Name": null, "description": null, "timestamp": null, "begin": null, "end": null, "altitudeMode": null, "tessellate": -1, "extrude": 0, "visibility": -1, "drawOrder": null, "icon": null, "OBJECTID": 155.0, "REG": "Valparaíso", "COM": "Limache", "SHAPE_Leng": 378.79399332499997, "SHAPE_Area": 3594.33861252, "LOC": "Limache", "ZONA": "ZPP", "NOM": "ZPP - Plazas y Parques públicos proyectados", "UPERM": "REVISAR ORDENANZA LOCAL", "UPROH": "REVISAR ORDENANZA LOCAL", "P_DO": "08/05/2025", "N_DO": "31/4/117", "T_DO": "Resolución", "OBS": null }, "geometry": { "type": "Polygon", "coordinates": [ [ [ -71.257716636908299, -33.019996263164302 ], [ -71.257717298305096, -33.020001799651503 ], [ -71.257954644983599, -33.0199024927023 ], [ -71.257621005519795, -33.019408483138101 ], [ -71.257569721088601, -33.019285345122398 ], [ -71.257543973606602, -33.019164130949598 ], [ -71.257545550011002, -33.019073240431503 ], [ -71.2575617470509, -33.018930986827002 ], [ -71.257593772958899, -33.018743115847599 ], [ -71.257619724906803, -33.018594721523499 ], [ -71.257263645807996, -33.018679899765999 ], [ -71.257316725373499, -33.018840144873202 ], [ -71.257380239227999, -33.0189764229182 ], [ -71.257375770263593, -33.019023266669997 ], [ -71.257348264958296, -33.019055257981798 ], [ -71.257305748380304, -33.019076068721397 ], [ -71.257265229181399, -33.019086345146 ], [ -71.257247404760193, -33.019098119893002 ], [ -71.257382783255096, -33.019431603017097 ], [ -71.257716636908299, -33.019996263164302 ] ] ] } },
{ "type": "Feature", "properties": { "id": "monoparte.143", "Name": null, "description": null, "timestamp": null, "begin": null, "end": null, "altitudeMode": null, "tessellate": -1, "extrude": 0, "visibility": -1, "drawOrder": null, "icon": null, "OBJECTID": 156.0, "REG": "Valparaíso", "COM": "Limache", "SHAPE_Leng": 95.242290017000002, "SHAPE_Area": 525.93159746900005, "LOC": "Limache", "ZONA": "ZPP", "NOM": "ZPP - Plazas y Parques públicos proyectados", "UPERM": "REVISAR ORDENANZA LOCAL", "UPROH": "REVISAR ORDENANZA LOCAL", "P_DO": "08/05/2025", "N_DO": "31/4/117", "T_DO": "Resolución", "OBS": null }, "geometry": { "type": "Polygon", "coordinates": [ [ [ -71.257468719386097, -33.018423770344498 ], [ -71.257656353820096, -33.0184619479232 ], [ -71.257721188296102, -33.018195882243397 ], [ -71.257412937953106, -33.018279718194798 ], [ -71.257468719386097, -33.018423770344498 ] ] ] } },
{ "type": "Feature", "properties": { "id": "monoparte.144", "Name": null, "description": null, "timestamp": null, "begin": null, "end": null, "altitudeMode": null, "tessellate": -1, "extrude": 0, "visibility": -1, "drawOrder": null, "icon": null, "OBJECTID": 157.0, "REG": "Valparaíso", "COM": "Limache", "SHAPE_Leng": 124.73286113, "SHAPE_Area": 759.14711181200005, "LOC": "Limache", "ZONA": "ZPP", "NOM": "ZPP - Plazas y Parques públicos proyectados", "UPERM": "REVISAR ORDENANZA LOCAL", "UPROH": "REVISAR ORDENANZA LOCAL", "P_DO": "08/05/2025", "N_DO": "31/4/117", "T_DO": "Resolución", "OBS": null }, "geometry": { "type": "Polygon", "coordinates": [ [ [ -71.257752598407293, -33.0181614765375 ], [ -71.257806693503994, -33.0181661811759 ], [ -71.258036145274801, -33.018101903913703 ], [ -71.257942536626899, -33.017896026613499 ], [ -71.257918762163499, -33.0177633254795 ], [ -71.257738199608497, -33.017812402418301 ], [ -71.257780530366702, -33.017873191439499 ], [ -71.257782975056898, -33.017969059884201 ], [ -71.257752598407293, -33.0181614765375 ] ] ] } },
{ "type": "Feature", "properties": { "id": "monoparte.145", "Name": null, "description": null, "timestamp": null, "begin": null, "end": null, "altitudeMode": null, "tessellate": -1, "extrude": 0, "visibility": -1, "drawOrder": null, "icon": null, "OBJECTID": 158.0, "REG": "Valparaíso", "COM": "Limache", "SHAPE_Leng": 166.95993822599999, "SHAPE_Area": 1342.19847587, "LOC": "Limache", "ZONA": "ZPP", "NOM": "ZPP - Plazas y Parques públicos proyectados", "UPERM": "REVISAR ORDENANZA LOCAL", "UPROH": "REVISAR ORDENANZA LOCAL", "P_DO": "08/05/2025", "N_DO": "31/4/117", "T_DO": "Resolución", "OBS": null }, "geometry": { "type": "Polygon", "coordinates": [ [ [ -71.257146238720296, -33.016984524449903 ], [ -71.257265757154997, -33.017187738755098 ], [ -71.257867993200705, -33.017038458441 ], [ -71.257815553537199, -33.016870010460003 ], [ -71.257146238720296, -33.016984524449903 ] ] ] } },
{ "type": "Feature", "properties": { "id": "monoparte.146", "Name": null, "description": null, "timestamp": null, "begin": null, "end": null, "altitudeMode": null, "tessellate": -1, "extrude": 0, "visibility": -1, "drawOrder": null, "icon": null, "OBJECTID": 159.0, "REG": "Valparaíso", "COM": "Limache", "SHAPE_Leng": 1878.60998636, "SHAPE_Area": 60276.057343400003, "LOC": "Limache", "ZONA": "ZC2", "NOM": "ZC2 - Zona Centro Mixto Residencial 2", "UPERM": "Residencial: Vivienda, hospedaje, hogares de acogida; Equipamiento: Comercio, servicios, culto y cultura, deporte, seguridad, social, esparcimiento, educación, salud, Todos excepto los prohibidos; Ver destinos o actividades específicas en Ordenanza Loc", "UPROH": "Equipamiento: Centros de servicio automotor del tipo revisión técnica, discotecas, carceles o centros de detención, zoológicos, parques de entretenciones, cementerios-parque, crematorios.", "P_DO": "08/05/2025", "N_DO": "31/4/117", "T_DO": "Resolución", "OBS": null }, "geometry": { "type": "Polygon", "coordinates": [ [ [ -71.258460094208402, -33.010473253222202 ], [ -71.258057800201101, -33.010635645073698 ], [ -71.258003422835799, -33.010502064791197 ], [ -71.258407029987396, -33.010330959195102 ], [ -71.2583774351382, -33.0102515972169 ], [ -71.258047670347494, -33.009312756221597 ], [ -71.257990062091395, -33.009163488011602 ], [ -71.257546517990207, -33.0078654220003 ], [ -71.257778048084006, -33.007783690878902 ], [ -71.257262830604404, -33.006622736548202 ], [ -71.256447132365196, -33.006948849601002 ], [ -71.255374910020194, -33.0073762237731 ], [ -71.255234637141896, -33.007422134510897 ], [ -71.255460680037004, -33.007758753167302 ], [ -71.2555227130362, -33.007726138097397 ], [ -71.255534250510905, -33.0077788956362 ], [ -71.255761046787796, -33.008078280313903 ], [ -71.255842435052102, -33.008042929101798 ], [ -71.256048176953598, -33.008416131525003 ], [ -71.256191616761697, -33.0087112955813 ], [ -71.257158980667796, -33.008343967810099 ], [ -71.257898803568807, -33.010428369993903 ], [ -71.257315283424305, -33.010588047067003 ], [ -71.257353959089897, -33.010691232451101 ], [ -71.2576687266492, -33.011375056780501 ], [ -71.257709109981306, -33.0115150935762 ], [ -71.258233134022007, -33.011354105470097 ], [ -71.258555257880602, -33.012263390109197 ], [ -71.259263085317201, -33.012040612251802 ], [ -71.258872434337306, -33.011145692609396 ], [ -71.258728513361902, -33.011193034154601 ], [ -71.258460094208402, -33.010473253222202 ] ] ] } },
{ "type": "Feature", "properties": { "id": "monoparte.147", "Name": null, "description": null, "timestamp": null, "begin": null, "end": null, "altitudeMode": null, "tessellate": -1, "extrude": 0, "visibility": -1, "drawOrder": null, "icon": null, "OBJECTID": 160.0, "REG": "Valparaíso", "COM": "Limache", "SHAPE_Leng": 1181.17128957, "SHAPE_Area": 35934.570900699997, "LOC": "Limache", "ZONA": "ZC2", "NOM": "ZC2 - Zona Centro Mixto Residencial 2", "UPERM": "Residencial: Vivienda, hospedaje, hogares de acogida; Equipamiento: Comercio, servicios, culto y cultura, deporte, seguridad, social, esparcimiento, educación, salud, Todos excepto los prohibidos; Ver destinos o actividades específicas en Ordenanza Loc", "UPROH": "Equipamiento: Centros de servicio automotor del tipo revisión técnica, discotecas, carceles o centros de detención, zoológicos, parques de entretenciones, cementerios-parque, crematorios.", "P_DO": "08/05/2025", "N_DO": "31/4/117", "T_DO": "Resolución", "OBS": null }, "geometry": { "type": "Polygon", "coordinates": [ [ [ -71.258605712121195, -33.0124058079017 ], [ -71.258699246873604, -33.012669832884001 ], [ -71.2590374122192, -33.013576309557401 ], [ -71.258183865628894, -33.013836315294398 ], [ -71.258391665686204, -33.0144151069372 ], [ -71.258612316066404, -33.015072001283798 ], [ -71.258562333595094, -33.015087718338101 ], [ -71.258435518041097, -33.015528420155199 ], [ -71.2583949125451, -33.015688082173398 ], [ -71.2591036056414, -33.015826647577498 ], [ -71.259074028133199, -33.015925322301797 ], [ -71.2598025212544, -33.016070439694701 ], [ -71.259958677418695, -33.016036915323397 ], [ -71.259954449991397, -33.016025943687701 ], [ -71.259955535373706, -33.016025736461103 ], [ -71.259076043486999, -33.013563080211803 ], [ -71.259893585812904, -33.013307298839401 ], [ -71.259671527142004, -33.012749065526101 ], [ -71.259646845982402, -33.012757448864001 ], [ -71.259615526856905, -33.012750858054098 ], [ -71.259580165732999, -33.012733842286003 ], [ -71.259381891347601, -33.012333508424703 ], [ -71.259377253558796, -33.012324144793901 ], [ -71.259346055566397, -33.012269814030503 ], [ -71.259334845429393, -33.012205001850397 ], [ -71.259326321124703, -33.0121854737517 ], [ -71.258605712121195, -33.0124058079017 ] ] ] } },
{ "type": "Feature", "properties": { "id": "monoparte.148", "Name": null, "description": null, "timestamp": null, "begin": null, "end": null, "altitudeMode": null, "tessellate": -1, "extrude": 0, "visibility": -1, "drawOrder": null, "icon": null, "OBJECTID": 161.0, "REG": "Valparaíso", "COM": "Limache", "SHAPE_Leng": 175.86216827600001, "SHAPE_Area": 1194.00842167, "LOC": "Limache", "ZONA": "AV", "NOM": "AV - Áreas verdes Existentes (Art.2.1.30)", "UPERM": "Se regirán según lo dispuesto en el Art. 2.1.30 de la OGUC y considerarán las siguientes normas urbanísticas.", "UPROH": null, "P_DO": "08/05/2025", "N_DO": "31/4/117", "T_DO": "Resolución", "OBS": null }, "geometry": { "type": "Polygon", "coordinates": [ [ [ -71.258605712121195, -33.0124058079017 ], [ -71.259326321124703, -33.0121854737517 ], [ -71.259263085317201, -33.012040612251802 ], [ -71.258555257880602, -33.012263390109197 ], [ -71.258605712121195, -33.0124058079017 ] ] ] } },
{ "type": "Feature", "properties": { "id": "monoparte.149", "Name": null, "description": null, "timestamp": null, "begin": null, "end": null, "altitudeMode": null, "tessellate": -1, "extrude": 0, "visibility": -1, "drawOrder": null, "icon": null, "OBJECTID": 162.0, "REG": "Valparaíso", "COM": "Limache", "SHAPE_Leng": 116.12265001199999, "SHAPE_Area": 669.03508668400002, "LOC": "Limache", "ZONA": "AV", "NOM": "AV - Áreas verdes Existentes (Art.2.1.30)", "UPERM": "Se regirán según lo dispuesto en el Art. 2.1.30 de la OGUC y considerarán las siguientes normas urbanísticas.", "UPROH": null, "P_DO": "08/05/2025", "N_DO": "31/4/117", "T_DO": "Resolución", "OBS": null }, "geometry": { "type": "Polygon", "coordinates": [ [ [ -71.258460094208402, -33.010473253222202 ], [ -71.258407029987396, -33.010330959195102 ], [ -71.258003422835799, -33.010502064791197 ], [ -71.258057800201101, -33.010635645073698 ], [ -71.258460094208402, -33.010473253222202 ] ] ] } },
{ "type": "Feature", "properties": { "id": "monoparte.150", "Name": null, "description": null, "timestamp": null, "begin": null, "end": null, "altitudeMode": null, "tessellate": -1, "extrude": 0, "visibility": -1, "drawOrder": null, "icon": null, "OBJECTID": 163.0, "REG": "Valparaíso", "COM": "Limache", "SHAPE_Leng": 2312.6503291600002, "SHAPE_Area": 135817.40637899999, "LOC": "Limache", "ZONA": "ZR2", "NOM": "ZR2 – Zona Residencial Mixto 2", "UPERM": "Residencial: Vivienda, hospedaje, hogares de Acogida; Equipamiento: comercio, culto y cultura, seguridad, social, educación. Ver destinos o actividades específicas en Ordenanza Local; Infraestrctura: Sanitaria, Ver destinos o actividades específicas e", "UPROH": "Equipamiento: Científico y esparcimiento, de comercio, culto y cultura, deporte, educación , salud, en este casos todos, excepto los permitidos. Y, carceles y centro de detención, centro de orientación o rehabilitación conductual; Actividades produc", "P_DO": "08/05/2025", "N_DO": "31/4/117", "T_DO": "Resolución", "OBS": null }, "geometry": { "type": "Polygon", "coordinates": [ [ [ -71.2586204239594, -33.012447337624202 ], [ -71.254809331395407, -33.0134279499866 ], [ -71.254808928200703, -33.013426701136403 ], [ -71.254626307870694, -33.012796396961903 ], [ -71.254526125124201, -33.012855560583901 ], [ -71.254348546649197, -33.012910304624498 ], [ -71.254163066010094, -33.012969088564297 ], [ -71.254480811010794, -33.014148653999499 ], [ -71.254660387324705, -33.014795132923403 ], [ -71.254911836782696, -33.015828447939199 ], [ -71.255355487192205, -33.017501130099902 ], [ -71.255966916427099, -33.016996441330001 ], [ -71.257657379955802, -33.0155438729564 ], [ -71.2583949125451, -33.015688082173398 ], [ -71.258435518041097, -33.015528420155199 ], [ -71.258562333595094, -33.015087718338101 ], [ -71.258612316066404, -33.015072001283798 ], [ -71.258391665686204, -33.0144151069372 ], [ -71.258183865628894, -33.013836315294398 ], [ -71.2590374122192, -33.013576309557401 ], [ -71.258699246873604, -33.012669832884001 ], [ -71.2586204239594, -33.012447337624202 ] ], [ [ -71.258162235938798, -33.013030584600997 ], [ -71.257981399080407, -33.013070246071401 ], [ -71.257984459451293, -33.013055275748499 ], [ -71.257886768079302, -33.012777895677999 ], [ -71.258061287690396, -33.012736562334602 ], [ -71.258162235938798, -33.013030584600997 ] ], [ [ -71.256655412036196, -33.013868383432197 ], [ -71.256729568813796, -33.014111356554103 ], [ -71.2565981330049, -33.014109916117498 ], [ -71.256513375618397, -33.014073275479298 ], [ -71.256422213852105, -33.014052019943101 ], [ -71.256328691149903, -33.0140269890327 ], [ -71.256234813051606, -33.014023419804701 ], [ -71.256214009647493, -33.013971802072 ], [ -71.256655412036196, -33.013868383432197 ] ], [ [ -71.256120292667603, -33.013939140303201 ], [ -71.2561403522093, -33.014015125957798 ], [ -71.256042251411102, -33.013988269521903 ], [ -71.2559866770562, -33.013981273302598 ], [ -71.256120292667603, -33.013939140303201 ] ], [ [ -71.255691851436296, -33.014195656224402 ], [ -71.255948479333995, -33.015042775892901 ], [ -71.255643135516294, -33.014985146852403 ], [ -71.255444157650302, -33.014255009714098 ], [ -71.255691851436296, -33.014195656224402 ] ] ] } },
{ "type": "Feature", "properties": { "id": "monoparte.151", "Name": null, "description": null, "timestamp": null, "begin": null, "end": null, "altitudeMode": null, "tessellate": -1, "extrude": 0, "visibility": -1, "drawOrder": null, "icon": null, "OBJECTID": 164.0, "REG": "Valparaíso", "COM": "Limache", "SHAPE_Leng": 233.37797126199999, "SHAPE_Area": 2262.4990376800001, "LOC": "Limache", "ZONA": "AV", "NOM": "AV - Áreas verdes Existentes (Art.2.1.30)", "UPERM": "Se regirán según lo dispuesto en el Art. 2.1.30 de la OGUC y considerarán las siguientes normas urbanísticas.", "UPROH": null, "P_DO": "08/05/2025", "N_DO": "31/4/117", "T_DO": "Resolución", "OBS": null }, "geometry": { "type": "Polygon", "coordinates": [ [ [ -71.255643135516294, -33.014985146852403 ], [ -71.255948479333995, -33.015042775892901 ], [ -71.255691851436296, -33.014195656224402 ], [ -71.255444157650302, -33.014255009714098 ], [ -71.255643135516294, -33.014985146852403 ] ] ] } },
{ "type": "Feature", "properties": { "id": "monoparte.152", "Name": null, "description": null, "timestamp": null, "begin": null, "end": null, "altitudeMode": null, "tessellate": -1, "extrude": 0, "visibility": -1, "drawOrder": null, "icon": null, "OBJECTID": 165.0, "REG": "Valparaíso", "COM": "Limache", "SHAPE_Leng": 36.857759297000001, "SHAPE_Area": 52.823430451100002, "LOC": "Limache", "ZONA": "AV", "NOM": "AV - Áreas verdes Existentes (Art.2.1.30)", "UPERM": "Se regirán según lo dispuesto en el Art. 2.1.30 de la OGUC y considerarán las siguientes normas urbanísticas.", "UPROH": null, "P_DO": "08/05/2025", "N_DO": "31/4/117", "T_DO": "Resolución", "OBS": null }, "geometry": { "type": "Polygon", "coordinates": [ [ [ -71.256042251411102, -33.013988269521903 ], [ -71.2561403522093, -33.014015125957798 ], [ -71.256120292667603, -33.013939140303201 ], [ -71.2559866770562, -33.013981273302598 ], [ -71.256042251411102, -33.013988269521903 ] ] ] } },
{ "type": "Feature", "properties": { "id": "monoparte.153", "Name": null, "description": null, "timestamp": null, "begin": null, "end": null, "altitudeMode": null, "tessellate": -1, "extrude": 0, "visibility": -1, "drawOrder": null, "icon": null, "OBJECTID": 166.0, "REG": "Valparaíso", "COM": "Limache", "SHAPE_Leng": 124.66803320299999, "SHAPE_Area": 726.12082600199994, "LOC": "Limache", "ZONA": "AV", "NOM": "AV - Áreas verdes Existentes (Art.2.1.30)", "UPERM": "Se regirán según lo dispuesto en el Art. 2.1.30 de la OGUC y considerarán las siguientes normas urbanísticas.", "UPROH": null, "P_DO": "08/05/2025", "N_DO": "31/4/117", "T_DO": "Resolución", "OBS": null }, "geometry": { "type": "Polygon", "coordinates": [ [ [ -71.2565981330049, -33.014109916117498 ], [ -71.256729568813796, -33.014111356554103 ], [ -71.256655412036196, -33.013868383432197 ], [ -71.256214009647493, -33.013971802072 ], [ -71.256234813051606, -33.014023419804701 ], [ -71.256328691149903, -33.0140269890327 ], [ -71.256422213852105, -33.014052019943101 ], [ -71.256513375618397, -33.014073275479298 ], [ -71.2565981330049, -33.014109916117498 ] ] ] } },
{ "type": "Feature", "properties": { "id": "monoparte.154", "Name": null, "description": null, "timestamp": null, "begin": null, "end": null, "altitudeMode": null, "tessellate": -1, "extrude": 0, "visibility": -1, "drawOrder": null, "icon": null, "OBJECTID": 167.0, "REG": "Valparaíso", "COM": "Limache", "SHAPE_Leng": 102.133271147, "SHAPE_Area": 569.064568, "LOC": "Limache", "ZONA": "AV", "NOM": "AV - Áreas verdes Existentes (Art.2.1.30)", "UPERM": "Se regirán según lo dispuesto en el Art. 2.1.30 de la OGUC y considerarán las siguientes normas urbanísticas.", "UPROH": null, "P_DO": "08/05/2025", "N_DO": "31/4/117", "T_DO": "Resolución", "OBS": null }, "geometry": { "type": "Polygon", "coordinates": [ [ [ -71.257984459451293, -33.013055275748499 ], [ -71.257981399080407, -33.013070246071401 ], [ -71.258162235938798, -33.013030584600997 ], [ -71.258061287690396, -33.012736562334602 ], [ -71.257886768079302, -33.012777895677999 ], [ -71.257984459451293, -33.013055275748499 ] ] ] } },
{ "type": "Feature", "properties": { "id": "monoparte.155", "Name": null, "description": null, "timestamp": null, "begin": null, "end": null, "altitudeMode": null, "tessellate": -1, "extrude": 0, "visibility": -1, "drawOrder": null, "icon": null, "OBJECTID": 169.0, "REG": "Valparaíso", "COM": "Limache", "SHAPE_Leng": 949.55812262500001, "SHAPE_Area": 39314.8054835, "LOC": "Limache", "ZONA": "ZE1", "NOM": "ZE-1 – Zona de Equipamiento 1", "UPERM": "Equipamiento: Todos, exceptos los señalados como prohibidos; Espacio Público; Áreas Verdes", "UPROH": "Residencial: Todos; Equipamientos de los siguientes destinos: Zoológicos, Áreas de Camping. Centros Médicos o Dentales. Supermercados. Cementerios, Cementerios-Parque, Crematorios. Cárceles, Centro de Detención.; Infraestructura: todos; Actividades", "P_DO": "08/05/2025", "N_DO": "31/4/117", "T_DO": "Resolución", "OBS": null }, "geometry": { "type": "Polygon", "coordinates": [ [ [ -71.257709109981306, -33.0115150935762 ], [ -71.256502114321805, -33.011945063416597 ], [ -71.254769188367106, -33.012674284096697 ], [ -71.254796185927205, -33.012696074787101 ], [ -71.254626307870694, -33.012796396961903 ], [ -71.254808928200703, -33.013426701136403 ], [ -71.254809331395407, -33.0134279499866 ], [ -71.2586204239594, -33.012447337624202 ], [ -71.258233134022007, -33.011354105470097 ], [ -71.257709109981306, -33.0115150935762 ] ] ] } },
{ "type": "Feature", "properties": { "id": "monoparte.156", "Name": null, "description": null, "timestamp": null, "begin": null, "end": null, "altitudeMode": null, "tessellate": -1, "extrude": 0, "visibility": -1, "drawOrder": null, "icon": null, "OBJECTID": 170.0, "REG": "Valparaíso", "COM": "Limache", "SHAPE_Leng": 146.02542904500001, "SHAPE_Area": 1339.0898019700001, "LOC": "Limache", "ZONA": "AV", "NOM": "AV - Áreas verdes Existentes (Art.2.1.30)", "UPERM": "Se regirán según lo dispuesto en el Art. 2.1.30 de la OGUC y considerarán las siguientes normas urbanísticas.", "UPROH": null, "P_DO": "08/05/2025", "N_DO": "31/4/117", "T_DO": "Resolución", "OBS": null }, "geometry": { "type": "Polygon", "coordinates": [ [ [ -71.257055507898102, -33.011158447983497 ], [ -71.257055867303706, -33.011161589489397 ], [ -71.257404298449401, -33.011066245692597 ], [ -71.257256913500498, -33.0107277309477 ], [ -71.257222886180401, -33.010725960570703 ], [ -71.2569254714777, -33.010833934237198 ], [ -71.257055507898102, -33.011158447983497 ] ] ] } },
{ "type": "Feature", "properties": { "id": "monoparte.157", "Name": null, "description": null, "timestamp": null, "begin": null, "end": null, "altitudeMode": null, "tessellate": -1, "extrude": 0, "visibility": -1, "drawOrder": null, "icon": null, "OBJECTID": 171.0, "REG": "Valparaíso", "COM": "Limache", "SHAPE_Leng": 134.65734670699999, "SHAPE_Area": 1015.23471689, "LOC": "Limache", "ZONA": "AV", "NOM": "AV - Áreas verdes Existentes (Art.2.1.30)", "UPERM": "Se regirán según lo dispuesto en el Art. 2.1.30 de la OGUC y considerarán las siguientes normas urbanísticas.", "UPROH": null, "P_DO": "08/05/2025", "N_DO": "31/4/117", "T_DO": "Resolución", "OBS": null }, "geometry": { "type": "Polygon", "coordinates": [ [ [ -71.256305452643204, -33.010728240816398 ], [ -71.256392740743095, -33.010923533079797 ], [ -71.256821386123605, -33.010749925474002 ], [ -71.256734380833507, -33.010558242623297 ], [ -71.256305452643204, -33.010728240816398 ] ] ] } },
{ "type": "Feature", "properties": { "id": "monoparte.158", "Name": null, "description": null, "timestamp": null, "begin": null, "end": null, "altitudeMode": null, "tessellate": -1, "extrude": 0, "visibility": -1, "drawOrder": null, "icon": null, "OBJECTID": 172.0, "REG": "Valparaíso", "COM": "Limache", "SHAPE_Leng": 188.42967580300001, "SHAPE_Area": 1314.9555633299999, "LOC": "Limache", "ZONA": "AV", "NOM": "AV - Áreas verdes Existentes (Art.2.1.30)", "UPERM": "Se regirán según lo dispuesto en el Art. 2.1.30 de la OGUC y considerarán las siguientes normas urbanísticas.", "UPROH": null, "P_DO": "08/05/2025", "N_DO": "31/4/117", "T_DO": "Resolución", "OBS": null }, "geometry": { "type": "Polygon", "coordinates": [ [ [ -71.256936015848197, -33.010469896476401 ], [ -71.256981029446905, -33.010600223622298 ], [ -71.257739959023496, -33.010347985235803 ], [ -71.257690295224805, -33.010177100680799 ], [ -71.256936015848197, -33.010469896476401 ] ] ] } },
{ "type": "Feature", "properties": { "id": "monoparte.159", "Name": null, "description": null, "timestamp": null, "begin": null, "end": null, "altitudeMode": null, "tessellate": -1, "extrude": 0, "visibility": -1, "drawOrder": null, "icon": null, "OBJECTID": 173.0, "REG": "Valparaíso", "COM": "Limache", "SHAPE_Leng": 106.467443825, "SHAPE_Area": 693.60845904200005, "LOC": "Limache", "ZONA": "AV", "NOM": "AV - Áreas verdes Existentes (Art.2.1.30)", "UPERM": "Se regirán según lo dispuesto en el Art. 2.1.30 de la OGUC y considerarán las siguientes normas urbanísticas.", "UPROH": null, "P_DO": "08/05/2025", "N_DO": "31/4/117", "T_DO": "Resolución", "OBS": null }, "geometry": { "type": "Polygon", "coordinates": [ [ [ -71.257341345280807, -33.009868477919397 ], [ -71.257341211136406, -33.009869681477198 ], [ -71.2575516948109, -33.009788800373698 ], [ -71.257445005418603, -33.009535918952203 ], [ -71.257202499505198, -33.009620472226899 ], [ -71.257341345280807, -33.009868477919397 ] ] ] } },
{ "type": "Feature", "properties": { "id": "monoparte.160", "Name": null, "description": null, "timestamp": null, "begin": null, "end": null, "altitudeMode": null, "tessellate": -1, "extrude": 0, "visibility": -1, "drawOrder": null, "icon": null, "OBJECTID": 174.0, "REG": "Valparaíso", "COM": "Limache", "SHAPE_Leng": 325.850644676, "SHAPE_Area": 1296.1089389799999, "LOC": "Limache", "ZONA": "AV", "NOM": "AV - Áreas verdes Existentes (Art.2.1.30)", "UPERM": "Se regirán según lo dispuesto en el Art. 2.1.30 de la OGUC y considerarán las siguientes normas urbanísticas.", "UPROH": null, "P_DO": "08/05/2025", "N_DO": "31/4/117", "T_DO": "Resolución", "OBS": null }, "geometry": { "type": "Polygon", "coordinates": [ [ [ -71.255869803510194, -33.009928497156501 ], [ -71.255914012396602, -33.010002011003401 ], [ -71.257392778089297, -33.009408860571597 ], [ -71.257380340437805, -33.009337509224501 ], [ -71.255869803510194, -33.009928497156501 ] ] ] } },
{ "type": "Feature", "properties": { "id": "monoparte.161", "Name": null, "description": null, "timestamp": null, "begin": null, "end": null, "altitudeMode": null, "tessellate": -1, "extrude": 0, "visibility": -1, "drawOrder": null, "icon": null, "OBJECTID": 175.0, "REG": "Valparaíso", "COM": "Limache", "SHAPE_Leng": 134.466771986, "SHAPE_Area": 961.34950689899995, "LOC": "Limache", "ZONA": "AV", "NOM": "AV - Áreas verdes Existentes (Art.2.1.30)", "UPERM": "Se regirán según lo dispuesto en el Art. 2.1.30 de la OGUC y considerarán las siguientes normas urbanísticas.", "UPROH": null, "P_DO": "08/05/2025", "N_DO": "31/4/117", "T_DO": "Resolución", "OBS": null }, "geometry": { "type": "Polygon", "coordinates": [ [ [ -71.254325499328601, -33.010539878921598 ], [ -71.254413673285001, -33.010682527825502 ], [ -71.254675475600806, -33.010583181478196 ], [ -71.254488042865106, -33.010250635988399 ], [ -71.254290721570001, -33.010330550069 ], [ -71.254383839316404, -33.010517829281198 ], [ -71.254325499328601, -33.010539878921598 ] ] ] } },
{ "type": "Feature", "properties": { "id": "monoparte.162", "Name": null, "description": null, "timestamp": null, "begin": null, "end": null, "altitudeMode": null, "tessellate": -1, "extrude": 0, "visibility": -1, "drawOrder": null, "icon": null, "OBJECTID": 176.0, "REG": "Valparaíso", "COM": "Limache", "SHAPE_Leng": 176.572906679, "SHAPE_Area": 1588.3026194500001, "LOC": "Limache", "ZONA": "AV", "NOM": "AV - Áreas verdes Existentes (Art.2.1.30)", "UPERM": "Se regirán según lo dispuesto en el Art. 2.1.30 de la OGUC y considerarán las siguientes normas urbanísticas.", "UPROH": null, "P_DO": "08/05/2025", "N_DO": "31/4/117", "T_DO": "Resolución", "OBS": null }, "geometry": { "type": "Polygon", "coordinates": [ [ [ -71.254672641868893, -33.011493105938001 ], [ -71.254694691552302, -33.0114959122632 ], [ -71.254738519261196, -33.011482236866001 ], [ -71.255087974377204, -33.011327040814599 ], [ -71.255097799748597, -33.0113125479294 ], [ -71.254871988826594, -33.010918664536902 ], [ -71.254803584036694, -33.010901290540602 ], [ -71.254682400748806, -33.010946426532399 ], [ -71.254714460414704, -33.011338086852398 ], [ -71.254728192434996, -33.011343564789499 ], [ -71.254730618774801, -33.011372151508198 ], [ -71.254678919505494, -33.0114103055962 ], [ -71.254672503960407, -33.011492019115998 ], [ -71.254672641868893, -33.011493105938001 ] ] ] } },
{ "type": "Feature", "properties": { "id": "monoparte.163", "Name": null, "description": null, "timestamp": null, "begin": null, "end": null, "altitudeMode": null, "tessellate": -1, "extrude": 0, "visibility": -1, "drawOrder": null, "icon": null, "OBJECTID": 177.0, "REG": "Valparaíso", "COM": "Limache", "SHAPE_Leng": 166.456103114, "SHAPE_Area": 1549.9788241000001, "LOC": "Limache", "ZONA": "AV", "NOM": "AV - Áreas verdes Existentes (Art.2.1.30)", "UPERM": "Se regirán según lo dispuesto en el Art. 2.1.30 de la OGUC y considerarán las siguientes normas urbanísticas.", "UPROH": null, "P_DO": "08/05/2025", "N_DO": "31/4/117", "T_DO": "Resolución", "OBS": null }, "geometry": { "type": "Polygon", "coordinates": [ [ [ -71.252958113229795, -33.009607083179603 ], [ -71.253085718467702, -33.009828979299499 ], [ -71.253640611509297, -33.009609071898197 ], [ -71.253533922485502, -33.009422514206399 ], [ -71.253499654047403, -33.009411203924302 ], [ -71.253457197201598, -33.009411970794503 ], [ -71.252958113229795, -33.009607083179603 ] ] ] } },
{ "type": "Feature", "properties": { "id": "monoparte.164", "Name": null, "description": null, "timestamp": null, "begin": null, "end": null, "altitudeMode": null, "tessellate": -1, "extrude": 0, "visibility": -1, "drawOrder": null, "icon": null, "OBJECTID": 178.0, "REG": "Valparaíso", "COM": "Limache", "SHAPE_Leng": 157.171675959, "SHAPE_Area": 1279.15708225, "LOC": "Limache", "ZONA": "AV", "NOM": "AV - Áreas verdes Existentes (Art.2.1.30)", "UPERM": "Se regirán según lo dispuesto en el Art. 2.1.30 de la OGUC y considerarán las siguientes normas urbanísticas.", "UPROH": null, "P_DO": "08/05/2025", "N_DO": "31/4/117", "T_DO": "Resolución", "OBS": null }, "geometry": { "type": "Polygon", "coordinates": [ [ [ -71.255460680037004, -33.007758753167302 ], [ -71.255304161264405, -33.007842778002299 ], [ -71.255323752014604, -33.007878212541598 ], [ -71.255393831586204, -33.007961405466297 ], [ -71.2552879360438, -33.008006265595199 ], [ -71.255427415901593, -33.008212748325498 ], [ -71.255761046787796, -33.008078280313903 ], [ -71.255534250510905, -33.0077788956362 ], [ -71.2555227130362, -33.007726138097397 ], [ -71.255460680037004, -33.007758753167302 ] ] ] } },
{ "type": "Feature", "properties": { "id": "monoparte.165", "Name": null, "description": null, "timestamp": null, "begin": null, "end": null, "altitudeMode": null, "tessellate": -1, "extrude": 0, "visibility": -1, "drawOrder": null, "icon": null, "OBJECTID": 179.0, "REG": "Valparaíso", "COM": "Limache", "SHAPE_Leng": 320.768790056, "SHAPE_Area": 3120.5451696800001, "LOC": "Limache", "ZONA": "ZPP", "NOM": "ZPP - Plazas y Parques públicos proyectados", "UPERM": "REVISAR ORDENANZA LOCAL", "UPROH": "REVISAR ORDENANZA LOCAL", "P_DO": "08/05/2025", "N_DO": "31/4/117", "T_DO": "Resolución", "OBS": null }, "geometry": { "type": "Polygon", "coordinates": [ [ [ -71.253985394206595, -33.012794708970503 ], [ -71.253291465087202, -33.012932492223896 ], [ -71.253372214037597, -33.013184534688399 ], [ -71.254163066010094, -33.012969088564297 ], [ -71.254348546649197, -33.012910304624498 ], [ -71.254526125124201, -33.012855560583901 ], [ -71.254796185927205, -33.012696074787101 ], [ -71.254724482770797, -33.012638200582998 ], [ -71.253985394206595, -33.012794708970503 ] ] ] } },
{ "type": "Feature", "properties": { "id": "monoparte.166", "Name": null, "description": null, "timestamp": null, "begin": null, "end": null, "altitudeMode": null, "tessellate": -1, "extrude": 0, "visibility": -1, "drawOrder": null, "icon": null, "OBJECTID": 180.0, "REG": "Valparaíso", "COM": "Limache", "SHAPE_Leng": 182.14935502399999, "SHAPE_Area": 1691.196494, "LOC": "Limache", "ZONA": "AV", "NOM": "AV - Áreas verdes Existentes (Art.2.1.30)", "UPERM": "Se regirán según lo dispuesto en el Art. 2.1.30 de la OGUC y considerarán las siguientes normas urbanísticas.", "UPROH": null, "P_DO": "08/05/2025", "N_DO": "31/4/117", "T_DO": "Resolución", "OBS": null }, "geometry": { "type": "Polygon", "coordinates": [ [ [ -71.252380602899294, -33.011878920651696 ], [ -71.252678374172703, -33.012341177729503 ], [ -71.252756536293802, -33.012296820479101 ], [ -71.252806354590703, -33.012362726173698 ], [ -71.252947732961502, -33.012290413691602 ], [ -71.252926650799395, -33.012193541512303 ], [ -71.252859060815396, -33.012096941076798 ], [ -71.252632862027099, -33.011776545039901 ], [ -71.252380602899294, -33.011878920651696 ] ] ] } },
{ "type": "Feature", "properties": { "id": "monoparte.167", "Name": null, "description": null, "timestamp": null, "begin": null, "end": null, "altitudeMode": null, "tessellate": -1, "extrude": 0, "visibility": -1, "drawOrder": null, "icon": null, "OBJECTID": 181.0, "REG": "Valparaíso", "COM": "Limache", "SHAPE_Leng": 60.661582590899997, "SHAPE_Area": 216.59813078900001, "LOC": "Limache", "ZONA": "AV", "NOM": "AV - Áreas verdes Existentes (Art.2.1.30)", "UPERM": "Se regirán según lo dispuesto en el Art. 2.1.30 de la OGUC y considerarán las siguientes normas urbanísticas.", "UPROH": null, "P_DO": "08/05/2025", "N_DO": "31/4/117", "T_DO": "Resolución", "OBS": null }, "geometry": { "type": "Polygon", "coordinates": [ [ [ -71.253296773508495, -33.0140745704431 ], [ -71.253409897145701, -33.0141798913168 ], [ -71.2534903780722, -33.014104384024101 ], [ -71.253444183958905, -33.013969313874199 ], [ -71.253296773508495, -33.0140745704431 ] ] ] } },
{ "type": "Feature", "properties": { "id": "monoparte.168", "Name": null, "description": null, "timestamp": null, "begin": null, "end": null, "altitudeMode": null, "tessellate": -1, "extrude": 0, "visibility": -1, "drawOrder": null, "icon": null, "OBJECTID": 182.0, "REG": "Valparaíso", "COM": "Limache", "SHAPE_Leng": 101.319943502, "SHAPE_Area": 560.43022650199998, "LOC": "Limache", "ZONA": "AV", "NOM": "AV - Áreas verdes Existentes (Art.2.1.30)", "UPERM": "Se regirán según lo dispuesto en el Art. 2.1.30 de la OGUC y considerarán las siguientes normas urbanísticas.", "UPROH": null, "P_DO": "08/05/2025", "N_DO": "31/4/117", "T_DO": "Resolución", "OBS": null }, "geometry": { "type": "Polygon", "coordinates": [ [ [ -71.253255060667101, -33.013882067053203 ], [ -71.253313614153001, -33.013957357046998 ], [ -71.253425197920393, -33.013890923206802 ], [ -71.253333477675298, -33.013588375372301 ], [ -71.253138258411994, -33.013743408921798 ], [ -71.253255060667101, -33.013882067053203 ] ] ] } },
{ "type": "Feature", "properties": { "id": "monoparte.169", "Name": null, "description": null, "timestamp": null, "begin": null, "end": null, "altitudeMode": null, "tessellate": -1, "extrude": 0, "visibility": -1, "drawOrder": null, "icon": null, "OBJECTID": 183.0, "REG": "Valparaíso", "COM": "Limache", "SHAPE_Leng": 2804.23183513, "SHAPE_Area": 136298.77504800001, "LOC": "Limache", "ZONA": "ZR2", "NOM": "ZR2 – Zona Residencial Mixto 2", "UPERM": "Residencial: Vivienda, hospedaje, hogares de Acogida; Equipamiento: comercio, culto y cultura, seguridad, social, educación. Ver destinos o actividades específicas en Ordenanza Local; Infraestrctura: Sanitaria, Ver destinos o actividades específicas e", "UPROH": "Equipamiento: Científico y esparcimiento, de comercio, culto y cultura, deporte, educación , salud, en este casos todos, excepto los permitidos. Y, carceles y centro de detención, centro de orientación o rehabilitación conductual; Actividades produc", "P_DO": "08/05/2025", "N_DO": "31/4/117", "T_DO": "Resolución", "OBS": null }, "geometry": { "type": "Polygon", "coordinates": [ [ [ -71.256217897213801, -33.008701316779899 ], [ -71.252509476423199, -33.010181789258198 ], [ -71.252786178411199, -33.010587593867399 ], [ -71.253081952287502, -33.011010400325098 ], [ -71.253581491011104, -33.011723108306299 ], [ -71.253622989270795, -33.011823758718002 ], [ -71.253739083020704, -33.012045934968299 ], [ -71.253792794783706, -33.012170223182103 ], [ -71.253842695293798, -33.012350649253499 ], [ -71.2539095640971, -33.012574668645399 ], [ -71.253939990475402, -33.012702002456102 ], [ -71.253985394206595, -33.012794708970503 ], [ -71.254724482770797, -33.012638200582998 ], [ -71.254769188367106, -33.012674284096697 ], [ -71.256502114321805, -33.011945063416597 ], [ -71.257709109981306, -33.0115150935762 ], [ -71.2576687266492, -33.011375056780501 ], [ -71.257353959089897, -33.010691232451101 ], [ -71.257315283424305, -33.010588047067003 ], [ -71.257898803568807, -33.010428369993903 ], [ -71.257158980667796, -33.008343967810099 ], [ -71.256217897213801, -33.008701316779899 ] ], [ [ -71.257392778089297, -33.009408860571597 ], [ -71.255914012396602, -33.010002011003401 ], [ -71.255869803510194, -33.009928497156501 ], [ -71.257380340437805, -33.009337509224501 ], [ -71.257392778089297, -33.009408860571597 ] ], [ [ -71.257202499505198, -33.009620472226899 ], [ -71.257445005418603, -33.009535918952203 ], [ -71.2575516948109, -33.009788800373698 ], [ -71.257341211136406, -33.009869681477198 ], [ -71.257341345280807, -33.009868477919397 ], [ -71.257202499505198, -33.009620472226899 ] ], [ [ -71.257739959023496, -33.010347985235803 ], [ -71.256981029446905, -33.010600223622298 ], [ -71.256936015848197, -33.010469896476401 ], [ -71.257690295224805, -33.010177100680799 ], [ -71.257739959023496, -33.010347985235803 ] ], [ [ -71.254675475600806, -33.010583181478196 ], [ -71.254413673285001, -33.010682527825502 ], [ -71.254325499328601, -33.010539878921598 ], [ -71.254383839316404, -33.010517829281198 ], [ -71.254290721570001, -33.010330550069 ], [ -71.254488042865106, -33.010250635988399 ], [ -71.254675475600806, -33.010583181478196 ] ], [ [ -71.256305452643204, -33.010728240816398 ], [ -71.256734380833507, -33.010558242623297 ], [ -71.256821386123605, -33.010749925474002 ], [ -71.256392740743095, -33.010923533079797 ], [ -71.256305452643204, -33.010728240816398 ] ], [ [ -71.254871988826594, -33.010918664536902 ], [ -71.255097799748597, -33.0113125479294 ], [ -71.255087974377204, -33.011327040814599 ], [ -71.254738519261196, -33.011482236866001 ], [ -71.254694691552302, -33.0114959122632 ], [ -71.254672641868893, -33.011493105938001 ], [ -71.254672503960407, -33.011492019115998 ], [ -71.254678919505494, -33.0114103055962 ], [ -71.254730618774801, -33.011372151508198 ], [ -71.254728192434996, -33.011343564789499 ], [ -71.254714460414704, -33.011338086852398 ], [ -71.254682400748806, -33.010946426532399 ], [ -71.254803584036694, -33.010901290540602 ], [ -71.254871988826594, -33.010918664536902 ] ], [ [ -71.257055507898102, -33.011158447983497 ], [ -71.2569254714777, -33.010833934237198 ], [ -71.257222886180401, -33.010725960570703 ], [ -71.257256913500498, -33.0107277309477 ], [ -71.257404298449401, -33.011066245692597 ], [ -71.257055867303706, -33.011161589489397 ], [ -71.257055507898102, -33.011158447983497 ] ] ] } },
{ "type": "Feature", "properties": { "id": "monoparte.170", "Name": null, "description": null, "timestamp": null, "begin": null, "end": null, "altitudeMode": null, "tessellate": -1, "extrude": 0, "visibility": -1, "drawOrder": null, "icon": null, "OBJECTID": 184.0, "REG": "Valparaíso", "COM": "Limache", "SHAPE_Leng": 5304.5862845800002, "SHAPE_Area": 616544.66891100002, "LOC": "Limache", "ZONA": "ZR1", "NOM": "ZR1 - Zona Residencial Mixto 1", "UPERM": "Residencial: Vivienda, hospedaje, hogares de Acogida; Equipamiento: comercio, culto y cultura, seguridad, social, educación. Ver destinos o actividades específicas en Ordenanza Local: Espacios Públicos; Áreas vedes", "UPROH": "Equipamiento: Estaciones o centros de servicio automotor del tipo Revisión técnica, discotecas, cárceles o centros de detención, zoológicos, parques de entretenciones, cementerios, cementerios-parque, crematorios.", "P_DO": "08/05/2025", "N_DO": "31/4/117", "T_DO": "Resolución", "OBS": null }, "geometry": { "type": "Polygon", "coordinates": [ [ [ -71.265209714378898, -32.997183105165298 ], [ -71.264710482679902, -32.997368722965298 ], [ -71.264680598166194, -32.997307232193002 ], [ -71.264062868246, -32.9975093123672 ], [ -71.264099509659204, -32.997613626517598 ], [ -71.263528153925805, -32.997857808508599 ], [ -71.263343442926299, -32.997942278580503 ], [ -71.263957614700104, -32.999331292413501 ], [ -71.2631536925213, -32.9995606049782 ], [ -71.262706580271697, -32.998461663385399 ], [ -71.260427552219596, -32.999247365600802 ], [ -71.260223785185303, -32.999251056727303 ], [ -71.260043111939396, -32.999312783407497 ], [ -71.260017382160996, -32.999377453150998 ], [ -71.259839544513198, -32.9992432472595 ], [ -71.259780922415203, -32.999253852148399 ], [ -71.259607633716499, -32.999386782850202 ], [ -71.259610529601005, -32.999411543876498 ], [ -71.259683003042198, -32.999499940289397 ], [ -71.259410726084994, -32.999659476774497 ], [ -71.259371183848401, -32.999572330709697 ], [ -71.259266712258494, -32.999609531263303 ], [ -71.258200728122304, -32.999888888782799 ], [ -71.257746074854296, -32.999965829491302 ], [ -71.2571111825727, -33.000051278103797 ], [ -71.256514512863902, -33.000081157129898 ], [ -71.255936642258902, -33.000115464597499 ], [ -71.255738886423202, -33.000132878038499 ], [ -71.255024647318606, -33.000327115732901 ], [ -71.254655278416607, -33.000788541111 ], [ -71.254253142838806, -33.001305145871001 ], [ -71.254175986014005, -33.001388614510198 ], [ -71.254014361368306, -33.001624397194803 ], [ -71.253706151534402, -33.002152951560497 ], [ -71.253514864734001, -33.002469435118797 ], [ -71.253363126505405, -33.002682896850601 ], [ -71.253333935478693, -33.002759772629702 ], [ -71.253309737954098, -33.002810313644602 ], [ -71.253308787954097, -33.002884293371103 ], [ -71.253313116254503, -33.003499774283398 ], [ -71.253297044754603, -33.003535853239001 ], [ -71.253291830166305, -33.003664785161902 ], [ -71.253282592542305, -33.003858209060297 ], [ -71.253244384449303, -33.004025911558699 ], [ -71.253234580272306, -33.004085735866298 ], [ -71.253086094964303, -33.004327960336703 ], [ -71.253065147639902, -33.004372715592297 ], [ -71.252756057611904, -33.004644562236102 ], [ -71.252477848815303, -33.004861452488399 ], [ -71.252287667618006, -33.0049968245822 ], [ -71.252074323288596, -33.005167300369202 ], [ -71.252052537527803, -33.005179145844103 ], [ -71.251917676750196, -33.005287513250799 ], [ -71.251895892007894, -33.005299358681 ], [ -71.251826241864805, -33.005366467061997 ], [ -71.251712581526505, -33.005640509206501 ], [ -71.251612386206205, -33.005842732621801 ], [ -71.251564436640095, -33.005961519998003 ], [ -71.251273445815599, -33.006277413541298 ], [ -71.251124127675794, -33.006431204337503 ], [ -71.2511047394364, -33.006448255494902 ], [ -71.250802777852002, -33.006711379743699 ], [ -71.250774084773795, -33.006724422699598 ], [ -71.250677174214303, -33.006810870663003 ], [ -71.250625842880495, -33.006852356520902 ], [ -71.250434690360393, -33.006963169807399 ], [ -71.250432132481606, -33.006973952202003 ], [ -71.250640419118596, -33.007258887341699 ], [ -71.251785628421302, -33.006818137334797 ], [ -71.254479989558007, -33.005752138438403 ], [ -71.255870314271306, -33.005196386761497 ], [ -71.258466786455301, -33.004154202593298 ], [ -71.2599599302294, -33.003579605883502 ], [ -71.261075157601695, -33.003130506444599 ], [ -71.261075140636194, -33.003130470682002 ], [ -71.261097110333196, -33.003121665543603 ], [ -71.261991667920498, -33.0027631338139 ], [ -71.265565224898097, -33.001348008248399 ], [ -71.267073363562702, -33.000743471563098 ], [ -71.267099242443294, -33.000739855166998 ], [ -71.266606922973494, -32.999632728485501 ], [ -71.2665002261583, -32.999280363209301 ], [ -71.2664054243631, -32.998988979835701 ], [ -71.265790257963005, -32.9970771303609 ], [ -71.265237283580802, -32.9971539741573 ], [ -71.265209714378898, -32.997183105165298 ] ], [ [ -71.264959593471005, -32.9985839067323 ], [ -71.264893730509698, -32.998603744985097 ], [ -71.264442967343996, -32.997646087425302 ], [ -71.264527441413804, -32.997627853142703 ], [ -71.264944467999797, -32.998546006630001 ], [ -71.264953568313203, -32.998569700829002 ], [ -71.264959593471005, -32.9985839067323 ] ], [ [ -71.264351601505197, -32.999278098330102 ], [ -71.264084758336196, -32.999338964262797 ], [ -71.264030644195302, -32.999238591309798 ], [ -71.2641377608185, -32.999219946423104 ], [ -71.264108937929507, -32.9990892459465 ], [ -71.264243868209604, -32.999051008970604 ], [ -71.264351601505197, -32.999278098330102 ] ], [ [ -71.264895134215493, -32.999914970038397 ], [ -71.265078475607496, -32.999909733920198 ], [ -71.265143507677394, -33.000061249250301 ], [ -71.264721412424606, -33.000030737223902 ], [ -71.264529080147398, -33.000026287991503 ], [ -71.264521051545799, -32.999990473745797 ], [ -71.264681850580502, -32.999989463512598 ], [ -71.264895134215493, -32.999914970038397 ] ], [ [ -71.259264278870504, -33.001932516740602 ], [ -71.258919624347101, -33.002047456500598 ], [ -71.258920492780106, -33.0020418111514 ], [ -71.258821727858503, -33.0018107365498 ], [ -71.259181558134699, -33.001708786151099 ], [ -71.259268467280407, -33.0019190796692 ], [ -71.259264278870504, -33.001932516740602 ] ], [ [ -71.256423838179998, -33.0019810522843 ], [ -71.256534689923996, -33.002220021594503 ], [ -71.256544273322504, -33.002262794165397 ], [ -71.256479665150806, -33.002283049945397 ], [ -71.256296916817206, -33.0023340726664 ], [ -71.256264307005594, -33.002321063038799 ], [ -71.256262468651599, -33.002315608224997 ], [ -71.256126790395996, -33.001991194878798 ], [ -71.256423838179998, -33.0019810522843 ] ], [ [ -71.257064225820599, -33.003755544046399 ], [ -71.256956594258895, -33.003759508221201 ], [ -71.256862863655797, -33.003520597643501 ], [ -71.257017493355207, -33.003477240787298 ], [ -71.257125943740505, -33.003732955098499 ], [ -71.257064225820599, -33.003755544046399 ] ] ] } },
{ "type": "Feature", "properties": { "id": "monoparte.171", "Name": null, "description": null, "timestamp": null, "begin": null, "end": null, "altitudeMode": null, "tessellate": -1, "extrude": 0, "visibility": -1, "drawOrder": null, "icon": null, "OBJECTID": 185.0, "REG": "Valparaíso", "COM": "Limache", "SHAPE_Leng": 3550.5517817599998, "SHAPE_Area": 211463.180073, "LOC": "Limache", "ZONA": "ZC1b", "NOM": "ZC1b - Zona Centro Mixto Residencial 1b", "UPERM": "Residencia: vivienda, hospedaje, hogares de acogida; Equipamientos: Comercio, servicios, culto y cultura, seguridad, social, educación, salud, todos, excepto los señalados como prohibidos; Espacio Público; Áreas Verdes", "UPROH": "Equipamientos: Científicos, esparciniento, deporte. Y Estaciones de servicio automotor, Discotecas. Cárceles o Centros de Detención. Cementerios, Cementerios-Parque, Crematorios; Infraestructura; actividad Productiva", "P_DO": "08/05/2025", "N_DO": "31/4/117", "T_DO": "Resolución", "OBS": null }, "geometry": { "type": "Polygon", "coordinates": [ [ [ -71.261669320726199, -33.004730125193198 ], [ -71.260962484580801, -33.004996825194603 ], [ -71.260640121870694, -33.005124942694202 ], [ -71.260621748494998, -33.0050984341174 ], [ -71.2604075376494, -33.005164944314203 ], [ -71.260140110421005, -33.004671736382598 ], [ -71.260084189418507, -33.004699589928698 ], [ -71.260032302348606, -33.004608077012001 ], [ -71.261269663377107, -33.004135322360803 ], [ -71.261380220759705, -33.004088043602799 ], [ -71.261352871104293, -33.004027301487703 ], [ -71.261470279783396, -33.0039679124272 ], [ -71.261075157601695, -33.003130506444599 ], [ -71.2599599302294, -33.003579605883502 ], [ -71.258466786455301, -33.004154202593298 ], [ -71.255870314271306, -33.005196386761497 ], [ -71.254479989558007, -33.005752138438403 ], [ -71.251785628421302, -33.006818137334797 ], [ -71.250640419118596, -33.007258887341699 ], [ -71.249964377383904, -33.007593970916602 ], [ -71.250959835924405, -33.009117051790199 ], [ -71.251624460975194, -33.008861697783303 ], [ -71.254359905115905, -33.0077761085549 ], [ -71.255234637141896, -33.007422134510897 ], [ -71.255374910020194, -33.0073762237731 ], [ -71.256447132365196, -33.006948849601002 ], [ -71.257262830604404, -33.006622736548202 ], [ -71.257425049623706, -33.006560170655099 ], [ -71.257099770510806, -33.005884208843803 ], [ -71.257090498523098, -33.005787032632199 ], [ -71.2571533628021, -33.005764899929702 ], [ -71.257304469269897, -33.006094281713899 ], [ -71.257313644291798, -33.006187641642803 ], [ -71.257460897494397, -33.006546344772097 ], [ -71.257511152317605, -33.006526962223703 ], [ -71.257433205144693, -33.006345810545596 ], [ -71.257610476772399, -33.006279615759503 ], [ -71.257626472755703, -33.0062850524304 ], [ -71.257697334658403, -33.006454879965403 ], [ -71.258342923988295, -33.0061874291778 ], [ -71.260279909424398, -33.005405731343501 ], [ -71.261000474430801, -33.005125456650902 ], [ -71.261722087802994, -33.004847317676997 ], [ -71.261669320726199, -33.004730125193198 ] ], [ [ -71.257739317505397, -33.005337030396198 ], [ -71.257642996828395, -33.005382675931003 ], [ -71.257345098700398, -33.004712380799603 ], [ -71.257348897517602, -33.004683681496701 ], [ -71.257427416297304, -33.004653630329997 ], [ -71.257739317505397, -33.005337030396198 ] ], [ [ -71.258230444815894, -33.004820043974497 ], [ -71.258429867795201, -33.004734360733899 ], [ -71.258600577641701, -33.005032846509899 ], [ -71.2583866352294, -33.005110783499099 ], [ -71.258230444815894, -33.004820043974497 ] ], [ [ -71.257565321566403, -33.005764986113697 ], [ -71.257297534968004, -33.005857153977999 ], [ -71.257259965268403, -33.005843425517497 ], [ -71.257207755107203, -33.005734235707997 ], [ -71.257483594176506, -33.005624743101997 ], [ -71.257565321566403, -33.005764986113697 ] ] ] } },
{ "type": "Feature", "properties": { "id": "monoparte.172", "Name": null, "description": null, "timestamp": null, "begin": null, "end": null, "altitudeMode": null, "tessellate": -1, "extrude": 0, "visibility": -1, "drawOrder": null, "icon": null, "OBJECTID": 186.0, "REG": "Valparaíso", "COM": "Limache", "SHAPE_Leng": 102.917355661, "SHAPE_Area": 483.83347754300001, "LOC": "Limache", "ZONA": "AV", "NOM": "AV - Áreas verdes Existentes (Art.2.1.30)", "UPERM": "Se regirán según lo dispuesto en el Art. 2.1.30 de la OGUC y considerarán las siguientes normas urbanísticas.", "UPROH": null, "P_DO": "08/05/2025", "N_DO": "31/4/117", "T_DO": "Resolución", "OBS": null }, "geometry": { "type": "Polygon", "coordinates": [ [ [ -71.257577664403001, -33.006681278170099 ], [ -71.257716252044801, -33.006975832129598 ], [ -71.257871547928602, -33.006924092897002 ], [ -71.257770272766507, -33.006683518987202 ], [ -71.257635388620102, -33.006724134467298 ], [ -71.257615816107005, -33.006667227500301 ], [ -71.257577664403001, -33.006681278170099 ] ] ] } },
{ "type": "Feature", "properties": { "id": "monoparte.173", "Name": null, "description": null, "timestamp": null, "begin": null, "end": null, "altitudeMode": null, "tessellate": -1, "extrude": 0, "visibility": -1, "drawOrder": null, "icon": null, "OBJECTID": 187.0, "REG": "Valparaíso", "COM": "Limache", "SHAPE_Leng": 312.35048174799999, "SHAPE_Area": 716.68628975700005, "LOC": "Limache", "ZONA": "AV", "NOM": "AV - Áreas verdes Existentes (Art.2.1.30)", "UPERM": "Se regirán según lo dispuesto en el Art. 2.1.30 de la OGUC y considerarán las siguientes normas urbanísticas.", "UPROH": null, "P_DO": "08/05/2025", "N_DO": "31/4/117", "T_DO": "Resolución", "OBS": null }, "geometry": { "type": "Polygon", "coordinates": [ [ [ -71.257425049623706, -33.006560170655099 ], [ -71.2575091179975, -33.006736970641597 ], [ -71.257802087540099, -33.007388265041698 ], [ -71.258083128843396, -33.007304921408704 ], [ -71.257975205735605, -33.007070195035602 ], [ -71.257790945542894, -33.007128882618503 ], [ -71.257895394181304, -33.0071384446642 ], [ -71.257962733520102, -33.007291831018698 ], [ -71.257823466239699, -33.007338251255099 ], [ -71.257460897494397, -33.006546344772097 ], [ -71.257425049623706, -33.006560170655099 ] ] ] } },
{ "type": "Feature", "properties": { "id": "monoparte.174", "Name": null, "description": null, "timestamp": null, "begin": null, "end": null, "altitudeMode": null, "tessellate": -1, "extrude": 0, "visibility": -1, "drawOrder": null, "icon": null, "OBJECTID": 188.0, "REG": "Valparaíso", "COM": "Limache", "SHAPE_Leng": 2352.13568979, "SHAPE_Area": 95763.196469000002, "LOC": "Limache", "ZONA": "ZR1", "NOM": "ZR1 - Zona Residencial Mixto 1", "UPERM": "Residencial: Vivienda, hospedaje, hogares de Acogida; Equipamiento: comercio, culto y cultura, seguridad, social, educación. Ver destinos o actividades específicas en Ordenanza Local: Espacios Públicos; Áreas vedes", "UPROH": "Equipamiento: Estaciones o centros de servicio automotor del tipo Revisión técnica, discotecas, cárceles o centros de detención, zoológicos, parques de entretenciones, cementerios, cementerios-parque, crematorios.", "P_DO": "08/05/2025", "N_DO": "31/4/117", "T_DO": "Resolución", "OBS": null }, "geometry": { "type": "Polygon", "coordinates": [ [ [ -71.260279909424398, -33.005405731343501 ], [ -71.258342923988295, -33.0061874291778 ], [ -71.257697334658403, -33.006454879965403 ], [ -71.257723992772796, -33.006523110928903 ], [ -71.257539782116496, -33.006583705327301 ], [ -71.257511152317605, -33.006526962223703 ], [ -71.257460897494397, -33.006546344772097 ], [ -71.257823466239699, -33.007338251255099 ], [ -71.257962733520102, -33.007291831018698 ], [ -71.257895394181304, -33.0071384446642 ], [ -71.257790945542894, -33.007128882618503 ], [ -71.257975205735605, -33.007070195035602 ], [ -71.258083128843396, -33.007304921408704 ], [ -71.257802087540099, -33.007388265041698 ], [ -71.2575091179975, -33.006736970641597 ], [ -71.257425049623706, -33.006560170655099 ], [ -71.257262830604404, -33.006622736548202 ], [ -71.257778048084006, -33.007783690878902 ], [ -71.257546517990207, -33.0078654220003 ], [ -71.257827083147106, -33.008686521855402 ], [ -71.258587162234704, -33.008423645216297 ], [ -71.259453051169899, -33.008066785573597 ], [ -71.260256263322901, -33.007813308508403 ], [ -71.260208284790806, -33.007741721235703 ], [ -71.260205193584298, -33.007709328689401 ], [ -71.260234044334396, -33.007685901598798 ], [ -71.260302879821495, -33.007798597783903 ], [ -71.261390308538296, -33.0074554170778 ], [ -71.262182282844407, -33.0072205145878 ], [ -71.261552381041199, -33.005844219814101 ], [ -71.261214464817101, -33.005149610420503 ], [ -71.2611893956323, -33.0051381355103 ], [ -71.261181355924705, -33.005055738684902 ], [ -71.261000474430801, -33.005125456650902 ], [ -71.260279909424398, -33.005405731343501 ] ], [ [ -71.260566583940701, -33.005640006262901 ], [ -71.260551957136101, -33.005666038763302 ], [ -71.260402660438999, -33.0056321389226 ], [ -71.260401495594095, -33.005628681978102 ], [ -71.260312607242696, -33.005474255388599 ], [ -71.260312096085002, -33.005454223265502 ], [ -71.2604130003606, -33.005413744448298 ], [ -71.260463013462996, -33.005442899980501 ], [ -71.260566583940701, -33.005640006262901 ] ], [ [ -71.260589518125002, -33.005739797641198 ], [ -71.260404393150097, -33.005806816983601 ], [ -71.260343775120603, -33.005697009912502 ], [ -71.260587527287797, -33.005728381494201 ], [ -71.260589518125002, -33.005739797641198 ] ], [ [ -71.260374994208306, -33.006601385955697 ], [ -71.259754650128201, -33.006810543614698 ], [ -71.259752833069598, -33.006804719662199 ], [ -71.259629999135001, -33.006568355860701 ], [ -71.260415566065504, -33.006282731953199 ], [ -71.260475215497493, -33.006400945491698 ], [ -71.260317227727995, -33.006451525631199 ], [ -71.260374994208306, -33.006601385955697 ] ], [ [ -71.257615816107005, -33.006667227500301 ], [ -71.257635388620102, -33.006724134467298 ], [ -71.257770272766507, -33.006683518987202 ], [ -71.257871547928602, -33.006924092897002 ], [ -71.257716252044801, -33.006975832129598 ], [ -71.257577664403001, -33.006681278170099 ], [ -71.257615816107005, -33.006667227500301 ] ], [ [ -71.261222460699301, -33.007279164486903 ], [ -71.261115702601202, -33.007302072193198 ], [ -71.261115394544007, -33.0073001922187 ], [ -71.2609811499768, -33.007033020103201 ], [ -71.261152156552996, -33.0069655018711 ], [ -71.261289658205996, -33.007249316056203 ], [ -71.261222460699301, -33.007279164486903 ] ], [ [ -71.260140604259206, -33.007632506465299 ], [ -71.260139748666006, -33.007630348748798 ], [ -71.259977890947894, -33.007324069983397 ], [ -71.260022836385005, -33.007309895518901 ], [ -71.260210185130802, -33.007638615964403 ], [ -71.260178581867507, -33.007643006487299 ], [ -71.260140604259206, -33.007632506465299 ] ] ] } },
{ "type": "Feature", "properties": { "id": "monoparte.175", "Name": null, "description": null, "timestamp": null, "begin": null, "end": null, "altitudeMode": null, "tessellate": -1, "extrude": 0, "visibility": -1, "drawOrder": null, "icon": null, "OBJECTID": 189.0, "REG": "Valparaíso", "COM": "Limache", "SHAPE_Leng": 188.58872738400001, "SHAPE_Area": 1972.61269227, "LOC": "Limache", "ZONA": "AV", "NOM": "AV - Áreas verdes Existentes (Art.2.1.30)", "UPERM": "Se regirán según lo dispuesto en el Art. 2.1.30 de la OGUC y considerarán las siguientes normas urbanísticas.", "UPROH": null, "P_DO": "08/05/2025", "N_DO": "31/4/117", "T_DO": "Resolución", "OBS": null }, "geometry": { "type": "Polygon", "coordinates": [ [ [ -71.260944194245994, -33.008070471341497 ], [ -71.260979878252897, -33.008081753913501 ], [ -71.261372932879496, -33.007949371053101 ], [ -71.261590230446501, -33.007864908812699 ], [ -71.261617240742297, -33.007813719263503 ], [ -71.261542676047895, -33.007665953177003 ], [ -71.261503073955694, -33.007639829560901 ], [ -71.261457080569301, -33.0076406632393 ], [ -71.260850342170301, -33.007860424262297 ], [ -71.260819869878006, -33.007914659376603 ], [ -71.260900168386797, -33.008054266686102 ], [ -71.260944194245994, -33.008070471341497 ] ] ] } },
{ "type": "Feature", "properties": { "id": "monoparte.176", "Name": null, "description": null, "timestamp": null, "begin": null, "end": null, "altitudeMode": null, "tessellate": -1, "extrude": 0, "visibility": -1, "drawOrder": null, "icon": null, "OBJECTID": 190.0, "REG": "Valparaíso", "COM": "Limache", "SHAPE_Leng": 595.41834337, "SHAPE_Area": 5677.0354327499999, "LOC": "Limache", "ZONA": "AV", "NOM": "AV - Áreas verdes Existentes (Art.2.1.30)", "UPERM": "Se regirán según lo dispuesto en el Art. 2.1.30 de la OGUC y considerarán las siguientes normas urbanísticas.", "UPROH": null, "P_DO": "08/05/2025", "N_DO": "31/4/117", "T_DO": "Resolución", "OBS": null }, "geometry": { "type": "Polygon", "coordinates": [ [ [ -71.260256263322901, -33.007813308508403 ], [ -71.260380675068902, -33.0080534429529 ], [ -71.260935795758499, -33.009034002567802 ], [ -71.260834212770604, -33.0091338238554 ], [ -71.260587206537096, -33.0094856840524 ], [ -71.260740450613696, -33.009631786014097 ], [ -71.260744395603993, -33.009608810105703 ], [ -71.2607713727853, -33.009600687051197 ], [ -71.2608617757909, -33.009681122409503 ], [ -71.260929340492495, -33.009754338276302 ], [ -71.260960871429205, -33.009835840433801 ], [ -71.260997149869098, -33.009837091974802 ], [ -71.261020961254005, -33.009704960027896 ], [ -71.2610685609217, -33.009706005473198 ], [ -71.261132352252503, -33.009720119559901 ], [ -71.261238629390107, -33.009712467259703 ], [ -71.261325574414798, -33.009657447433902 ], [ -71.261467546310698, -33.009628152539101 ], [ -71.261545774453595, -33.009586651781298 ], [ -71.261540174399101, -33.0095447615616 ], [ -71.261504260885005, -33.009469064203003 ], [ -71.261465313375695, -33.009349402059797 ], [ -71.261316486302505, -33.0090657944219 ], [ -71.261119575617997, -33.009117081145298 ], [ -71.261108048256702, -33.009081501452002 ], [ -71.260953441079707, -33.008848697116797 ], [ -71.260890060938905, -33.008861775824798 ], [ -71.260775057078405, -33.008655095017303 ], [ -71.260722710211994, -33.008545696536601 ], [ -71.260396228900305, -33.007958123104402 ], [ -71.260303197258807, -33.007798497349299 ], [ -71.260256263322901, -33.007813308508403 ] ] ] } },
{ "type": "Feature", "properties": { "id": "monoparte.177", "Name": null, "description": null, "timestamp": null, "begin": null, "end": null, "altitudeMode": null, "tessellate": -1, "extrude": 0, "visibility": -1, "drawOrder": null, "icon": null, "OBJECTID": 191.0, "REG": "Valparaíso", "COM": "Limache", "SHAPE_Leng": 139.837579342, "SHAPE_Area": 989.49033932999998, "LOC": "Limache", "ZONA": "AV", "NOM": "AV - Áreas verdes Existentes (Art.2.1.30)", "UPERM": "Se regirán según lo dispuesto en el Art. 2.1.30 de la OGUC y considerarán las siguientes normas urbanísticas.", "UPROH": null, "P_DO": "08/05/2025", "N_DO": "31/4/117", "T_DO": "Resolución", "OBS": null }, "geometry": { "type": "Polygon", "coordinates": [ [ [ -71.261757629258, -33.011373494538297 ], [ -71.261856185431398, -33.011531002500597 ], [ -71.262360640975402, -33.011367332036897 ], [ -71.2622920680666, -33.011232581063197 ], [ -71.262246415507207, -33.011219092742202 ], [ -71.261757629258, -33.011373494538297 ] ] ] } },
{ "type": "Feature", "properties": { "id": "monoparte.178", "Name": null, "description": null, "timestamp": null, "begin": null, "end": null, "altitudeMode": null, "tessellate": -1, "extrude": 0, "visibility": -1, "drawOrder": null, "icon": null, "OBJECTID": 192.0, "REG": "Valparaíso", "COM": "Limache", "SHAPE_Leng": 140.25860185799999, "SHAPE_Area": 994.217856493, "LOC": "Limache", "ZONA": "AV", "NOM": "AV - Áreas verdes Existentes (Art.2.1.30)", "UPERM": "Se regirán según lo dispuesto en el Art. 2.1.30 de la OGUC y considerarán las siguientes normas urbanísticas.", "UPROH": null, "P_DO": "08/05/2025", "N_DO": "31/4/117", "T_DO": "Resolución", "OBS": null }, "geometry": { "type": "Polygon", "coordinates": [ [ [ -71.262369494056898, -33.011159599855802 ], [ -71.262445123617397, -33.011308731043698 ], [ -71.262941734877003, -33.011168308732799 ], [ -71.262954180779005, -33.011101278769502 ], [ -71.262889047159305, -33.010990323304597 ], [ -71.262369494056898, -33.011159599855802 ] ] ] } },
{ "type": "Feature", "properties": { "id": "monoparte.179", "Name": null, "description": null, "timestamp": null, "begin": null, "end": null, "altitudeMode": null, "tessellate": -1, "extrude": 0, "visibility": -1, "drawOrder": null, "icon": null, "OBJECTID": 193.0, "REG": "Valparaíso", "COM": "Limache", "SHAPE_Leng": 229.818822982, "SHAPE_Area": 1815.8251075600001, "LOC": "Limache", "ZONA": "AV", "NOM": "AV - Áreas verdes Existentes (Art.2.1.30)", "UPERM": "Se regirán según lo dispuesto en el Art. 2.1.30 de la OGUC y considerarán las siguientes normas urbanísticas.", "UPROH": null, "P_DO": "08/05/2025", "N_DO": "31/4/117", "T_DO": "Resolución", "OBS": null }, "geometry": { "type": "Polygon", "coordinates": [ [ [ -71.2593708577147, -33.009979446112197 ], [ -71.259673181036206, -33.010804928917402 ], [ -71.259878914357799, -33.010746849495199 ], [ -71.259547897489497, -33.009926136847199 ], [ -71.2593708577147, -33.009979446112197 ] ] ] } },
{ "type": "Feature", "properties": { "id": "monoparte.180", "Name": null, "description": null, "timestamp": null, "begin": null, "end": null, "altitudeMode": null, "tessellate": -1, "extrude": 0, "visibility": -1, "drawOrder": null, "icon": null, "OBJECTID": 194.0, "REG": "Valparaíso", "COM": "Limache", "SHAPE_Leng": 244.73609807400001, "SHAPE_Area": 1930.84605048, "LOC": "Limache", "ZONA": "AV", "NOM": "AV - Áreas verdes Existentes (Art.2.1.30)", "UPERM": "Se regirán según lo dispuesto en el Art. 2.1.30 de la OGUC y considerarán las siguientes normas urbanísticas.", "UPROH": null, "P_DO": "08/05/2025", "N_DO": "31/4/117", "T_DO": "Resolución", "OBS": null }, "geometry": { "type": "Polygon", "coordinates": [ [ [ -71.259363303918093, -33.009877586956399 ], [ -71.259362720979396, -33.0098798663143 ], [ -71.259556070257204, -33.009802519526403 ], [ -71.259558924561901, -33.009775626364899 ], [ -71.259183297863402, -33.008926492894901 ], [ -71.259021766083706, -33.0089771356797 ], [ -71.259363303918093, -33.009877586956399 ] ] ] } },
{ "type": "Feature", "properties": { "id": "monoparte.181", "Name": null, "description": null, "timestamp": null, "begin": null, "end": null, "altitudeMode": null, "tessellate": -1, "extrude": 0, "visibility": -1, "drawOrder": null, "icon": null, "OBJECTID": 195.0, "REG": "Valparaíso", "COM": "Limache", "SHAPE_Leng": 2115.104447, "SHAPE_Area": 119450.545237, "LOC": "Limache", "ZONA": "ZR1", "NOM": "ZR1 - Zona Residencial Mixto 1", "UPERM": "Residencial: Vivienda, hospedaje, hogares de Acogida; Equipamiento: comercio, culto y cultura, seguridad, social, educación. Ver destinos o actividades específicas en Ordenanza Local: Espacios Públicos; Áreas vedes", "UPROH": "Equipamiento: Estaciones o centros de servicio automotor del tipo Revisión técnica, discotecas, cárceles o centros de detención, zoológicos, parques de entretenciones, cementerios, cementerios-parque, crematorios.", "P_DO": "08/05/2025", "N_DO": "31/4/117", "T_DO": "Resolución", "OBS": null }, "geometry": { "type": "Polygon", "coordinates": [ [ [ -71.262217489347407, -33.004652366014803 ], [ -71.262827459441993, -33.005891055127798 ], [ -71.263520022781094, -33.007447893121203 ], [ -71.264286935018006, -33.009205573259798 ], [ -71.264702262499398, -33.010144899838103 ], [ -71.264705709513294, -33.010091565610097 ], [ -71.264717356313596, -33.010015482929099 ], [ -71.264736381518304, -33.009962170703602 ], [ -71.264726478487106, -33.009840671319402 ], [ -71.264687025329906, -33.009626657875501 ], [ -71.264645550454702, -33.009532930095702 ], [ -71.264597970577199, -33.009376151080097 ], [ -71.264609646681393, -33.009123989854103 ], [ -71.264701214757196, -33.009072701819498 ], [ -71.264973049918495, -33.0089837837006 ], [ -71.264982839337705, -33.009012236474803 ], [ -71.264990217730798, -33.009035006920101 ], [ -71.265061261410807, -33.0089783651391 ], [ -71.265169724372598, -33.008879051344898 ], [ -71.265252039099707, -33.008820295822197 ], [ -71.265261743445905, -33.008790058054899 ], [ -71.265266105673803, -33.008761348356401 ], [ -71.265255001414104, -33.008725761403497 ], [ -71.265233158898795, -33.008668896997698 ], [ -71.265177315340296, -33.008611217938501 ], [ -71.265022478241093, -33.0084694455009 ], [ -71.265000753674499, -33.008217890612997 ], [ -71.264988997441804, -33.008059371141002 ], [ -71.264957932964194, -33.007974043591197 ], [ -71.264945343349595, -33.007813941338803 ], [ -71.264903269157003, -33.007763170239897 ], [ -71.2648967481081, -33.007707458690597 ], [ -71.264872168282494, -33.007676411345301 ], [ -71.264859036323898, -33.007627977878599 ], [ -71.264843057842, -33.007601068509103 ], [ -71.264811757355005, -33.007573006200701 ], [ -71.264809218201293, -33.0075401276655 ], [ -71.264692547827906, -33.007429154554202 ], [ -71.264684108706206, -33.007364888652198 ], [ -71.2646319347499, -33.007251313664099 ], [ -71.264627148185099, -33.007197002584803 ], [ -71.264590424603597, -33.007156154470501 ], [ -71.264630280565399, -33.007033787010499 ], [ -71.264713413446898, -33.006896282669302 ], [ -71.264788112000701, -33.0068276454965 ], [ -71.264955407434201, -33.006725832883099 ], [ -71.264995212629799, -33.006687890609498 ], [ -71.264990279540697, -33.006627856103698 ], [ -71.264941537564496, -33.0065156500035 ], [ -71.264855289384101, -33.006398398625798 ], [ -71.264786969436997, -33.0062790443992 ], [ -71.264781168896903, -33.006218310537498 ], [ -71.264796595821807, -33.006157190448697 ], [ -71.264865066753202, -33.006066476964698 ], [ -71.2649397777611, -33.005998315610597 ], [ -71.265085580355603, -33.005941986744403 ], [ -71.265194071563002, -33.005866054800997 ], [ -71.265246048069798, -33.005794727885402 ], [ -71.265242231289207, -33.005722981951997 ], [ -71.265184047930404, -33.005573727682702 ], [ -71.265182584329693, -33.005516493238702 ], [ -71.265201937771096, -33.005476059161097 ], [ -71.265339336377195, -33.005334706160497 ], [ -71.265584282161896, -33.005147023355804 ], [ -71.265640555586302, -33.005088739600801 ], [ -71.265668450800703, -33.004983732160298 ], [ -71.265680938109597, -33.004940559644503 ], [ -71.265733514968005, -33.0047377593704 ], [ -71.265672502044794, -33.004621815878302 ], [ -71.265646934771397, -33.004552134952597 ], [ -71.265625650312998, -33.004317751276098 ], [ -71.2656693403909, -33.004232497475101 ], [ -71.265770511950805, -33.004136179611102 ], [ -71.265870167605598, -33.004047046374701 ], [ -71.2659852166083, -33.003961928529201 ], [ -71.266037162764206, -33.003933785682797 ], [ -71.266251165154699, -33.0039313308543 ], [ -71.266419074786498, -33.003853841638097 ], [ -71.266614629026904, -33.003703110495003 ], [ -71.266684621776193, -33.003672015461099 ], [ -71.266716375853207, -33.003640422061999 ], [ -71.266768788732904, -33.003530912020302 ], [ -71.266814339127393, -33.0034298777231 ], [ -71.266846532949899, -33.003360101698902 ], [ -71.266874937794896, -33.003308289697202 ], [ -71.266909777774401, -33.003231308407301 ], [ -71.266903049101799, -33.003189677914399 ], [ -71.266898356079196, -33.003168588328897 ], [ -71.266759793261997, -33.002867222871899 ], [ -71.266120318195107, -33.003122249361198 ], [ -71.264655101466403, -33.003679710589701 ], [ -71.263071078440902, -33.004316453674299 ], [ -71.262217489347407, -33.004652366014803 ] ] ] } },
{ "type": "Feature", "properties": { "id": "monoparte.182", "Name": null, "description": null, "timestamp": null, "begin": null, "end": null, "altitudeMode": null, "tessellate": -1, "extrude": 0, "visibility": -1, "drawOrder": null, "icon": null, "OBJECTID": 196.0, "REG": "Valparaíso", "COM": "Limache", "SHAPE_Leng": 1949.55089, "SHAPE_Area": 86727.585557400002, "LOC": "Limache", "ZONA": "ZC2", "NOM": "ZC2 - Zona Centro Mixto Residencial 2", "UPERM": "Residencial: Vivienda, hospedaje, hogares de acogida; Equipamiento: Comercio, servicios, culto y cultura, deporte, seguridad, social, esparcimiento, educación, salud, Todos excepto los prohibidos; Ver destinos o actividades específicas en Ordenanza Loc", "UPROH": "Equipamiento: Centros de servicio automotor del tipo revisión técnica, discotecas, carceles o centros de detención, zoológicos, parques de entretenciones, cementerios-parque, crematorios.", "P_DO": "08/05/2025", "N_DO": "31/4/117", "T_DO": "Resolución", "OBS": null }, "geometry": { "type": "Polygon", "coordinates": [ [ [ -71.261181355924705, -33.005055738684902 ], [ -71.2611893956323, -33.0051381355103 ], [ -71.261214464817101, -33.005149610420503 ], [ -71.261552381041199, -33.005844219814101 ], [ -71.262182282844407, -33.0072205145878 ], [ -71.262182533528701, -33.007220440607803 ], [ -71.262191343853502, -33.007240311409397 ], [ -71.263263070027094, -33.009657585528799 ], [ -71.263518709316102, -33.010242260000503 ], [ -71.264250753741294, -33.011877420027503 ], [ -71.2643232231936, -33.011942909802798 ], [ -71.264597787391494, -33.012579964128399 ], [ -71.264621055354496, -33.012513703362103 ], [ -71.264611120302206, -33.012479527126203 ], [ -71.264660859250796, -33.012387006675098 ], [ -71.264700593793293, -33.012346202692001 ], [ -71.264726302837204, -33.012288475016902 ], [ -71.264765549397595, -33.012228592582098 ], [ -71.264802971348004, -33.012185921550902 ], [ -71.264833452652894, -33.012137650414203 ], [ -71.264875744505105, -33.012108252146703 ], [ -71.265055744159, -33.011971374979503 ], [ -71.264870213651506, -33.011537650931899 ], [ -71.264754730815298, -33.011271065361498 ], [ -71.264760548134902, -33.011232785170797 ], [ -71.264786988689394, -33.011203674693398 ], [ -71.264789955831105, -33.011142542752602 ], [ -71.264787662754699, -33.011052874911499 ], [ -71.264797326475403, -33.010987804304499 ], [ -71.264727122141394, -33.010811568801401 ], [ -71.264660109733995, -33.010671540897299 ], [ -71.264628820086301, -33.010599578595098 ], [ -71.264624771001493, -33.010441229431301 ], [ -71.264644239726906, -33.010411911892099 ], [ -71.264689193149195, -33.010309457177797 ], [ -71.264697187361605, -33.010223420581497 ], [ -71.264702262499398, -33.010144899838103 ], [ -71.264286935018006, -33.009205573259798 ], [ -71.263520022781094, -33.007447893121203 ], [ -71.262827459441993, -33.005891055127798 ], [ -71.262217489347407, -33.004652366014803 ], [ -71.261722087802994, -33.004847317676997 ], [ -71.261181355924705, -33.005055738684902 ] ] ] } },
{ "type": "Feature", "properties": { "id": "monoparte.183", "Name": null, "description": null, "timestamp": null, "begin": null, "end": null, "altitudeMode": null, "tessellate": -1, "extrude": 0, "visibility": -1, "drawOrder": null, "icon": null, "OBJECTID": 197.0, "REG": "Valparaíso", "COM": "Limache", "SHAPE_Leng": 101.440456986, "SHAPE_Area": 586.73626885299996, "LOC": "Limache", "ZONA": "AV", "NOM": "AV - Áreas verdes Existentes (Art.2.1.30)", "UPERM": "Se regirán según lo dispuesto en el Art. 2.1.30 de la OGUC y considerarán las siguientes normas urbanísticas.", "UPROH": null, "P_DO": "08/05/2025", "N_DO": "31/4/117", "T_DO": "Resolución", "OBS": null }, "geometry": { "type": "Polygon", "coordinates": [ [ [ -71.261115394544007, -33.0073001922187 ], [ -71.261115702601202, -33.007302072193198 ], [ -71.261222460699301, -33.007279164486903 ], [ -71.261289658205996, -33.007249316056203 ], [ -71.261152156552996, -33.0069655018711 ], [ -71.2609811499768, -33.007033020103201 ], [ -71.261115394544007, -33.0073001922187 ] ] ] } },
{ "type": "Feature", "properties": { "id": "monoparte.184", "Name": null, "description": null, "timestamp": null, "begin": null, "end": null, "altitudeMode": null, "tessellate": -1, "extrude": 0, "visibility": -1, "drawOrder": null, "icon": null, "OBJECTID": 198.0, "REG": "Valparaíso", "COM": "Limache", "SHAPE_Leng": 219.220629898, "SHAPE_Area": 2135.37220927, "LOC": "Limache", "ZONA": "AV", "NOM": "AV - Áreas verdes Existentes (Art.2.1.30)", "UPERM": "Se regirán según lo dispuesto en el Art. 2.1.30 de la OGUC y considerarán las siguientes normas urbanísticas.", "UPROH": null, "P_DO": "08/05/2025", "N_DO": "31/4/117", "T_DO": "Resolución", "OBS": null }, "geometry": { "type": "Polygon", "coordinates": [ [ [ -71.259752833069598, -33.006804719662199 ], [ -71.259754650128201, -33.006810543614698 ], [ -71.260374994208306, -33.006601385955697 ], [ -71.260317227727995, -33.006451525631199 ], [ -71.260475215497493, -33.006400945491698 ], [ -71.260415566065504, -33.006282731953199 ], [ -71.259629999135001, -33.006568355860701 ], [ -71.259752833069598, -33.006804719662199 ] ] ] } },
{ "type": "Feature", "properties": { "id": "monoparte.185", "Name": null, "description": null, "timestamp": null, "begin": null, "end": null, "altitudeMode": null, "tessellate": -1, "extrude": 0, "visibility": -1, "drawOrder": null, "icon": null, "OBJECTID": 199.0, "REG": "Valparaíso", "COM": "Limache", "SHAPE_Leng": 79.343831802500006, "SHAPE_Area": 364.47874858500001, "LOC": "Limache", "ZONA": "AV", "NOM": "AV - Áreas verdes Existentes (Art.2.1.30)", "UPERM": "Se regirán según lo dispuesto en el Art. 2.1.30 de la OGUC y considerarán las siguientes normas urbanísticas.", "UPROH": null, "P_DO": "08/05/2025", "N_DO": "31/4/117", "T_DO": "Resolución", "OBS": null }, "geometry": { "type": "Polygon", "coordinates": [ [ [ -71.260402660438999, -33.0056321389226 ], [ -71.260551957136101, -33.005666038763302 ], [ -71.260566583940701, -33.005640006262901 ], [ -71.260463013462996, -33.005442899980501 ], [ -71.2604130003606, -33.005413744448298 ], [ -71.260312096085002, -33.005454223265502 ], [ -71.260312607242696, -33.005474255388599 ], [ -71.260401495594095, -33.005628681978102 ], [ -71.260402660438999, -33.0056321389226 ] ] ] } },
{ "type": "Feature", "properties": { "id": "monoparte.186", "Name": null, "description": null, "timestamp": null, "begin": null, "end": null, "altitudeMode": null, "tessellate": -1, "extrude": 0, "visibility": -1, "drawOrder": null, "icon": null, "OBJECTID": 200.0, "REG": "Valparaíso", "COM": "Limache", "SHAPE_Leng": 56.589962264299999, "SHAPE_Area": 140.52673815399999, "LOC": "Limache", "ZONA": "AV", "NOM": "AV - Áreas verdes Existentes (Art.2.1.30)", "UPERM": "Se regirán según lo dispuesto en el Art. 2.1.30 de la OGUC y considerarán las siguientes normas urbanísticas.", "UPROH": null, "P_DO": "08/05/2025", "N_DO": "31/4/117", "T_DO": "Resolución", "OBS": null }, "geometry": { "type": "Polygon", "coordinates": [ [ [ -71.260343775120603, -33.005697009912502 ], [ -71.260404393150097, -33.005806816983601 ], [ -71.260589518125002, -33.005739797641198 ], [ -71.260587527287797, -33.005728381494201 ], [ -71.260343775120603, -33.005697009912502 ] ] ] } },
{ "type": "Feature", "properties": { "id": "monoparte.187", "Name": null, "description": null, "timestamp": null, "begin": null, "end": null, "altitudeMode": null, "tessellate": -1, "extrude": 0, "visibility": -1, "drawOrder": null, "icon": null, "OBJECTID": 201.0, "REG": "Valparaíso", "COM": "Limache", "SHAPE_Leng": 35.179455614200002, "SHAPE_Area": 61.1384336319, "LOC": "Limache", "ZONA": "AV", "NOM": "AV - Áreas verdes Existentes (Art.2.1.30)", "UPERM": "Se regirán según lo dispuesto en el Art. 2.1.30 de la OGUC y considerarán las siguientes normas urbanísticas.", "UPROH": null, "P_DO": "08/05/2025", "N_DO": "31/4/117", "T_DO": "Resolución", "OBS": null }, "geometry": { "type": "Polygon", "coordinates": [ [ [ -71.260256263322901, -33.007813308508403 ], [ -71.260302879821495, -33.007798597783903 ], [ -71.260234044334396, -33.007685901598798 ], [ -71.260205193584298, -33.007709328689401 ], [ -71.260208284790806, -33.007741721235703 ], [ -71.260256263322901, -33.007813308508403 ] ] ] } },
{ "type": "Feature", "properties": { "id": "monoparte.188", "Name": null, "description": null, "timestamp": null, "begin": null, "end": null, "altitudeMode": null, "tessellate": -1, "extrude": 0, "visibility": -1, "drawOrder": null, "icon": null, "OBJECTID": 202.0, "REG": "Valparaíso", "COM": "Limache", "SHAPE_Leng": 89.103311052600006, "SHAPE_Area": 198.565277893, "LOC": "Limache", "ZONA": "AV", "NOM": "AV - Áreas verdes Existentes (Art.2.1.30)", "UPERM": "Se regirán según lo dispuesto en el Art. 2.1.30 de la OGUC y considerarán las siguientes normas urbanísticas.", "UPROH": null, "P_DO": "08/05/2025", "N_DO": "31/4/117", "T_DO": "Resolución", "OBS": null }, "geometry": { "type": "Polygon", "coordinates": [ [ [ -71.260140604259206, -33.007632506465299 ], [ -71.260178581867507, -33.007643006487299 ], [ -71.260210185130802, -33.007638615964403 ], [ -71.260022836385005, -33.007309895518901 ], [ -71.259977890947894, -33.007324069983397 ], [ -71.260139748666006, -33.007630348748798 ], [ -71.260140604259206, -33.007632506465299 ] ] ] } },
{ "type": "Feature", "properties": { "id": "monoparte.189", "Name": null, "description": null, "timestamp": null, "begin": null, "end": null, "altitudeMode": null, "tessellate": -1, "extrude": 0, "visibility": -1, "drawOrder": null, "icon": null, "OBJECTID": 203.0, "REG": "Valparaíso", "COM": "Limache", "SHAPE_Leng": 1331.6081643800001, "SHAPE_Area": 60959.026682099997, "LOC": "Limache", "ZONA": "ZR1", "NOM": "ZR1 - Zona Residencial Mixto 1", "UPERM": "Residencial: Vivienda, hospedaje, hogares de Acogida; Equipamiento: comercio, culto y cultura, seguridad, social, educación. Ver destinos o actividades específicas en Ordenanza Local: Espacios Públicos; Áreas vedes", "UPROH": "Equipamiento: Estaciones o centros de servicio automotor del tipo Revisión técnica, discotecas, cárceles o centros de detención, zoológicos, parques de entretenciones, cementerios, cementerios-parque, crematorios.", "P_DO": "08/05/2025", "N_DO": "31/4/117", "T_DO": "Resolución", "OBS": null }, "geometry": { "type": "Polygon", "coordinates": [ [ [ -71.252509476423199, -33.010181789258198 ], [ -71.256217897213801, -33.008701316779899 ], [ -71.256191616761697, -33.0087112955813 ], [ -71.256048176953598, -33.008416131525003 ], [ -71.255842435052102, -33.008042929101798 ], [ -71.255761046787796, -33.008078280313903 ], [ -71.255427415901593, -33.008212748325498 ], [ -71.2552879360438, -33.008006265595199 ], [ -71.255393831586204, -33.007961405466297 ], [ -71.255323752014604, -33.007878212541598 ], [ -71.255304161264405, -33.007842778002299 ], [ -71.255460680037004, -33.007758753167302 ], [ -71.255234637141896, -33.007422134510897 ], [ -71.254359905115905, -33.0077761085549 ], [ -71.251624460975194, -33.008861697783303 ], [ -71.251973780926306, -33.009402954369499 ], [ -71.252215357653498, -33.009743752364102 ], [ -71.252456732446205, -33.010104435278997 ], [ -71.252509476423199, -33.010181789258198 ] ], [ [ -71.252958113229795, -33.009607083179603 ], [ -71.253457197201598, -33.009411970794503 ], [ -71.253499654047403, -33.009411203924302 ], [ -71.253533922485502, -33.009422514206399 ], [ -71.253640611509297, -33.009609071898197 ], [ -71.253085718467702, -33.009828979299499 ], [ -71.252958113229795, -33.009607083179603 ] ] ] } },
{ "type": "Feature", "properties": { "id": "monoparte.190", "Name": null, "description": null, "timestamp": null, "begin": null, "end": null, "altitudeMode": null, "tessellate": -1, "extrude": 0, "visibility": -1, "drawOrder": null, "icon": null, "OBJECTID": 204.0, "REG": "Valparaíso", "COM": "Limache", "SHAPE_Leng": 94.363877029400001, "SHAPE_Area": 545.85174551600005, "LOC": "Limache", "ZONA": "AV", "NOM": "AV - Áreas verdes Existentes (Art.2.1.30)", "UPERM": "Se regirán según lo dispuesto en el Art. 2.1.30 de la OGUC y considerarán las siguientes normas urbanísticas.", "UPROH": null, "P_DO": "08/05/2025", "N_DO": "31/4/117", "T_DO": "Resolución", "OBS": null }, "geometry": { "type": "Polygon", "coordinates": [ [ [ -71.257511152317605, -33.006526962223703 ], [ -71.257539782116496, -33.006583705327301 ], [ -71.257723992772796, -33.006523110928903 ], [ -71.257697334658403, -33.006454879965403 ], [ -71.257626472755703, -33.0062850524304 ], [ -71.257610476772399, -33.006279615759503 ], [ -71.257433205144693, -33.006345810545596 ], [ -71.257511152317605, -33.006526962223703 ] ] ] } },
{ "type": "Feature", "properties": { "id": "monoparte.191", "Name": null, "description": null, "timestamp": null, "begin": null, "end": null, "altitudeMode": null, "tessellate": -1, "extrude": 0, "visibility": -1, "drawOrder": null, "icon": null, "OBJECTID": 205.0, "REG": "Valparaíso", "COM": "Limache", "SHAPE_Leng": 193.43460500899999, "SHAPE_Area": 621.71120594499996, "LOC": "Limache", "ZONA": "AV", "NOM": "AV - Áreas verdes Existentes (Art.2.1.30)", "UPERM": "Se regirán según lo dispuesto en el Art. 2.1.30 de la OGUC y considerarán las siguientes normas urbanísticas.", "UPROH": null, "P_DO": "08/05/2025", "N_DO": "31/4/117", "T_DO": "Resolución", "OBS": null }, "geometry": { "type": "Polygon", "coordinates": [ [ [ -71.257425049623706, -33.006560170655099 ], [ -71.257460897494397, -33.006546344772097 ], [ -71.257313644291798, -33.006187641642803 ], [ -71.257304469269897, -33.006094281713899 ], [ -71.2571533628021, -33.005764899929702 ], [ -71.257090498523098, -33.005787032632199 ], [ -71.257099770510806, -33.005884208843803 ], [ -71.257425049623706, -33.006560170655099 ] ] ] } },
{ "type": "Feature", "properties": { "id": "monoparte.192", "Name": null, "description": null, "timestamp": null, "begin": null, "end": null, "altitudeMode": null, "tessellate": -1, "extrude": 0, "visibility": -1, "drawOrder": null, "icon": null, "OBJECTID": 206.0, "REG": "Valparaíso", "COM": "Limache", "SHAPE_Leng": 89.747644973000007, "SHAPE_Area": 477.95667370899997, "LOC": "Limache", "ZONA": "AV", "NOM": "AV - Áreas verdes Existentes (Art.2.1.30)", "UPERM": "Se regirán según lo dispuesto en el Art. 2.1.30 de la OGUC y considerarán las siguientes normas urbanísticas.", "UPROH": null, "P_DO": "08/05/2025", "N_DO": "31/4/117", "T_DO": "Resolución", "OBS": null }, "geometry": { "type": "Polygon", "coordinates": [ [ [ -71.257259965268403, -33.005843425517497 ], [ -71.257297534968004, -33.005857153977999 ], [ -71.257565321566403, -33.005764986113697 ], [ -71.257483594176506, -33.005624743101997 ], [ -71.257207755107203, -33.005734235707997 ], [ -71.257259965268403, -33.005843425517497 ] ] ] } },
{ "type": "Feature", "properties": { "id": "monoparte.193", "Name": null, "description": null, "timestamp": null, "begin": null, "end": null, "altitudeMode": null, "tessellate": -1, "extrude": 0, "visibility": -1, "drawOrder": null, "icon": null, "OBJECTID": 207.0, "REG": "Valparaíso", "COM": "Limache", "SHAPE_Leng": 182.19881441300001, "SHAPE_Area": 802.81309090900004, "LOC": "Limache", "ZONA": "AV", "NOM": "AV - Áreas verdes Existentes (Art.2.1.30)", "UPERM": "Se regirán según lo dispuesto en el Art. 2.1.30 de la OGUC y considerarán las siguientes normas urbanísticas.", "UPROH": null, "P_DO": "08/05/2025", "N_DO": "31/4/117", "T_DO": "Resolución", "OBS": null }, "geometry": { "type": "Polygon", "coordinates": [ [ [ -71.257345098700398, -33.004712380799603 ], [ -71.257642996828395, -33.005382675931003 ], [ -71.257739317505397, -33.005337030396198 ], [ -71.257427416297304, -33.004653630329997 ], [ -71.257348897517602, -33.004683681496701 ], [ -71.257345098700398, -33.004712380799603 ] ] ] } },
{ "type": "Feature", "properties": { "id": "monoparte.194", "Name": null, "description": null, "timestamp": null, "begin": null, "end": null, "altitudeMode": null, "tessellate": -1, "extrude": 0, "visibility": -1, "drawOrder": null, "icon": null, "OBJECTID": 208.0, "REG": "Valparaíso", "COM": "Limache", "SHAPE_Leng": 114.85734109800001, "SHAPE_Area": 769.87897732099998, "LOC": "Limache", "ZONA": "AV", "NOM": "AV - Áreas verdes Existentes (Art.2.1.30)", "UPERM": "Se regirán según lo dispuesto en el Art. 2.1.30 de la OGUC y considerarán las siguientes normas urbanísticas.", "UPROH": null, "P_DO": "08/05/2025", "N_DO": "31/4/117", "T_DO": "Resolución", "OBS": null }, "geometry": { "type": "Polygon", "coordinates": [ [ [ -71.258230444815894, -33.004820043974497 ], [ -71.2583866352294, -33.005110783499099 ], [ -71.258600577641701, -33.005032846509899 ], [ -71.258429867795201, -33.004734360733899 ], [ -71.258230444815894, -33.004820043974497 ] ] ] } },
{ "type": "Feature", "properties": { "id": "monoparte.195", "Name": null, "description": null, "timestamp": null, "begin": null, "end": null, "altitudeMode": null, "tessellate": -1, "extrude": 0, "visibility": -1, "drawOrder": null, "icon": null, "OBJECTID": 209.0, "REG": "Valparaíso", "COM": "Limache", "SHAPE_Leng": 127.665359882, "SHAPE_Area": 1003.19440215, "LOC": "Limache", "ZONA": "AV", "NOM": "AV - Áreas verdes Existentes (Art.2.1.30)", "UPERM": "Se regirán según lo dispuesto en el Art. 2.1.30 de la OGUC y considerarán las siguientes normas urbanísticas.", "UPROH": null, "P_DO": "08/05/2025", "N_DO": "31/4/117", "T_DO": "Resolución", "OBS": null }, "geometry": { "type": "Polygon", "coordinates": [ [ [ -71.256264307005594, -33.002321063038799 ], [ -71.256296916817206, -33.0023340726664 ], [ -71.256479665150806, -33.002283049945397 ], [ -71.256544273322504, -33.002262794165397 ], [ -71.256534689923996, -33.002220021594503 ], [ -71.256423838179998, -33.0019810522843 ], [ -71.256126790395996, -33.001991194878798 ], [ -71.256262468651599, -33.002315608224997 ], [ -71.256264307005594, -33.002321063038799 ] ] ] } },
{ "type": "Feature", "properties": { "id": "monoparte.196", "Name": null, "description": null, "timestamp": null, "begin": null, "end": null, "altitudeMode": null, "tessellate": -1, "extrude": 0, "visibility": -1, "drawOrder": null, "icon": null, "OBJECTID": 210.0, "REG": "Valparaíso", "COM": "Limache", "SHAPE_Leng": 89.621015167600007, "SHAPE_Area": 463.29193803599998, "LOC": "Limache", "ZONA": "AV", "NOM": "AV - Áreas verdes Existentes (Art.2.1.30)", "UPERM": "Se regirán según lo dispuesto en el Art. 2.1.30 de la OGUC y considerarán las siguientes normas urbanísticas.", "UPROH": null, "P_DO": "08/05/2025", "N_DO": "31/4/117", "T_DO": "Resolución", "OBS": null }, "geometry": { "type": "Polygon", "coordinates": [ [ [ -71.256862863655797, -33.003520597643501 ], [ -71.256956594258895, -33.003759508221201 ], [ -71.257064225820599, -33.003755544046399 ], [ -71.257125943740505, -33.003732955098499 ], [ -71.257017493355207, -33.003477240787298 ], [ -71.256862863655797, -33.003520597643501 ] ] ] } },
{ "type": "Feature", "properties": { "id": "monoparte.197", "Name": null, "description": null, "timestamp": null, "begin": null, "end": null, "altitudeMode": null, "tessellate": -1, "extrude": 0, "visibility": -1, "drawOrder": null, "icon": null, "OBJECTID": 211.0, "REG": "Valparaíso", "COM": "Limache", "SHAPE_Leng": 124.24126633500001, "SHAPE_Area": 948.95438226800002, "LOC": "Limache", "ZONA": "AV", "NOM": "AV - Áreas verdes Existentes (Art.2.1.30)", "UPERM": "Se regirán según lo dispuesto en el Art. 2.1.30 de la OGUC y considerarán las siguientes normas urbanísticas.", "UPROH": null, "P_DO": "08/05/2025", "N_DO": "31/4/117", "T_DO": "Resolución", "OBS": null }, "geometry": { "type": "Polygon", "coordinates": [ [ [ -71.258920492780106, -33.0020418111514 ], [ -71.258919624347101, -33.002047456500598 ], [ -71.259264278870504, -33.001932516740602 ], [ -71.259268467280407, -33.0019190796692 ], [ -71.259181558134699, -33.001708786151099 ], [ -71.258821727858503, -33.0018107365498 ], [ -71.258920492780106, -33.0020418111514 ] ] ] } },
{ "type": "Feature", "properties": { "id": "monoparte.198", "Name": null, "description": null, "timestamp": null, "begin": null, "end": null, "altitudeMode": null, "tessellate": -1, "extrude": 0, "visibility": -1, "drawOrder": null, "icon": null, "OBJECTID": 212.0, "REG": "Valparaíso", "COM": "Limache", "SHAPE_Leng": 103.46950056599999, "SHAPE_Area": 525.26134555299996, "LOC": "Limache", "ZONA": "AV", "NOM": "AV - Áreas verdes Existentes (Art.2.1.30)", "UPERM": "Se regirán según lo dispuesto en el Art. 2.1.30 de la OGUC y considerarán las siguientes normas urbanísticas.", "UPROH": null, "P_DO": "08/05/2025", "N_DO": "31/4/117", "T_DO": "Resolución", "OBS": null }, "geometry": { "type": "Polygon", "coordinates": [ [ [ -71.264076370099403, -32.999323406187301 ], [ -71.264084758336196, -32.999338964262797 ], [ -71.264351601505197, -32.999278098330102 ], [ -71.264292883661199, -32.999154327487403 ], [ -71.264243868209604, -32.999051008970604 ], [ -71.264108937929507, -32.9990892459465 ], [ -71.2641377608185, -32.999219946423104 ], [ -71.264030644195302, -32.999238591309798 ], [ -71.264076370099403, -32.999323406187301 ] ] ] } },
{ "type": "Feature", "properties": { "id": "monoparte.199", "Name": null, "description": null, "timestamp": null, "begin": null, "end": null, "altitudeMode": null, "tessellate": -1, "extrude": 0, "visibility": -1, "drawOrder": null, "icon": null, "OBJECTID": 214.0, "REG": "Valparaíso", "COM": "Limache", "SHAPE_Leng": 242.44664134199999, "SHAPE_Area": 842.70550499700005, "LOC": "Limache", "ZONA": "AV", "NOM": "AV - Áreas verdes Existentes (Art.2.1.30)", "UPERM": "Se regirán según lo dispuesto en el Art. 2.1.30 de la OGUC y considerarán las siguientes normas urbanísticas.", "UPROH": null, "P_DO": "08/05/2025", "N_DO": "31/4/117", "T_DO": "Resolución", "OBS": null }, "geometry": { "type": "Polygon", "coordinates": [ [ [ -71.264442967343996, -32.997646087425302 ], [ -71.264893730509698, -32.998603744985097 ], [ -71.264959593471005, -32.9985839067323 ], [ -71.264953568313203, -32.998569700829002 ], [ -71.264944467999797, -32.998546006630001 ], [ -71.264527441413804, -32.997627853142703 ], [ -71.264442967343996, -32.997646087425302 ] ] ] } },
{ "type": "Feature", "properties": { "id": "monoparte.200", "Name": null, "description": null, "timestamp": null, "begin": null, "end": null, "altitudeMode": null, "tessellate": -1, "extrude": 0, "visibility": -1, "drawOrder": null, "icon": null, "OBJECTID": 215.0, "REG": "Valparaíso", "COM": "Limache", "SHAPE_Leng": 89.702836779099997, "SHAPE_Area": 488.40766475100003, "LOC": "Limache", "ZONA": "AV", "NOM": "AV - Áreas verdes Existentes (Art.2.1.30)", "UPERM": "Se regirán según lo dispuesto en el Art. 2.1.30 de la OGUC y considerarán las siguientes normas urbanísticas.", "UPROH": null, "P_DO": "08/05/2025", "N_DO": "31/4/117", "T_DO": "Resolución", "OBS": null }, "geometry": { "type": "Polygon", "coordinates": [ [ [ -71.283751788493504, -33.0056001811096 ], [ -71.283920958694196, -33.0057782528526 ], [ -71.284093693480997, -33.005682199426801 ], [ -71.283907761258106, -33.005499504925098 ], [ -71.283751788493504, -33.0056001811096 ] ] ] } },
{ "type": "Feature", "properties": { "id": "monoparte.201", "Name": null, "description": null, "timestamp": null, "begin": null, "end": null, "altitudeMode": null, "tessellate": -1, "extrude": 0, "visibility": -1, "drawOrder": null, "icon": null, "OBJECTID": 216.0, "REG": "Valparaíso", "COM": "Limache", "SHAPE_Leng": 92.402105947600006, "SHAPE_Area": 452.09141101699998, "LOC": "Limache", "ZONA": "AV", "NOM": "AV - Áreas verdes Existentes (Art.2.1.30)", "UPERM": "Se regirán según lo dispuesto en el Art. 2.1.30 de la OGUC y considerarán las siguientes normas urbanísticas.", "UPROH": null, "P_DO": "08/05/2025", "N_DO": "31/4/117", "T_DO": "Resolución", "OBS": null }, "geometry": { "type": "Polygon", "coordinates": [ [ [ -71.284032482870401, -33.005065380432697 ], [ -71.284207885551595, -33.005314261641999 ], [ -71.284340360283807, -33.0052553844138 ], [ -71.284166858752599, -33.005005659726699 ], [ -71.284032482870401, -33.005065380432697 ] ] ] } },
{ "type": "Feature", "properties": { "id": "monoparte.202", "Name": null, "description": null, "timestamp": null, "begin": null, "end": null, "altitudeMode": null, "tessellate": -1, "extrude": 0, "visibility": -1, "drawOrder": null, "icon": null, "OBJECTID": 217.0, "REG": "Valparaíso", "COM": "Limache", "SHAPE_Leng": 63.043877942500004, "SHAPE_Area": 167.883862741, "LOC": "Limache", "ZONA": "AV", "NOM": "AV - Áreas verdes Existentes (Art.2.1.30)", "UPERM": "Se regirán según lo dispuesto en el Art. 2.1.30 de la OGUC y considerarán las siguientes normas urbanísticas.", "UPROH": null, "P_DO": "08/05/2025", "N_DO": "31/4/117", "T_DO": "Resolución", "OBS": null }, "geometry": { "type": "Polygon", "coordinates": [ [ [ -71.282819686797495, -33.004481565666097 ], [ -71.283006018730504, -33.004640867887403 ], [ -71.283088184244306, -33.004572087099497 ], [ -71.2830163840312, -33.004532841383302 ], [ -71.282922004408704, -33.004496394780297 ], [ -71.282885027169101, -33.004489913312099 ], [ -71.282819686797495, -33.004481565666097 ] ] ] } },
{ "type": "Feature", "properties": { "id": "monoparte.203", "Name": null, "description": null, "timestamp": null, "begin": null, "end": null, "altitudeMode": null, "tessellate": -1, "extrude": 0, "visibility": -1, "drawOrder": null, "icon": null, "OBJECTID": 218.0, "REG": "Valparaíso", "COM": "Limache", "SHAPE_Leng": 68.875907287100006, "SHAPE_Area": 204.04166618599999, "LOC": "Limache", "ZONA": "AV", "NOM": "AV - Áreas verdes Existentes (Art.2.1.30)", "UPERM": "Se regirán según lo dispuesto en el Art. 2.1.30 de la OGUC y considerarán las siguientes normas urbanísticas.", "UPROH": null, "P_DO": "08/05/2025", "N_DO": "31/4/117", "T_DO": "Resolución", "OBS": null }, "geometry": { "type": "Polygon", "coordinates": [ [ [ -71.282708451457296, -33.004340448068902 ], [ -71.282982977913704, -33.004445175526399 ], [ -71.282876345067194, -33.004261112177502 ], [ -71.282708451457296, -33.004340448068902 ] ] ] } },
{ "type": "Feature", "properties": { "id": "monoparte.204", "Name": null, "description": null, "timestamp": null, "begin": null, "end": null, "altitudeMode": null, "tessellate": -1, "extrude": 0, "visibility": -1, "drawOrder": null, "icon": null, "OBJECTID": 219.0, "REG": "Valparaíso", "COM": "Limache", "SHAPE_Leng": 87.281201823399996, "SHAPE_Area": 473.158056832, "LOC": "Limache", "ZONA": "AV", "NOM": "AV - Áreas verdes Existentes (Art.2.1.30)", "UPERM": "Se regirán según lo dispuesto en el Art. 2.1.30 de la OGUC y considerarán las siguientes normas urbanísticas.", "UPROH": null, "P_DO": "08/05/2025", "N_DO": "31/4/117", "T_DO": "Resolución", "OBS": null }, "geometry": { "type": "Polygon", "coordinates": [ [ [ -71.283232288444594, -33.007110638508202 ], [ -71.283264036508996, -33.007111966491699 ], [ -71.283435874669706, -33.007011477511597 ], [ -71.283453250397997, -33.006982529145198 ], [ -71.283389558823302, -33.006884442626102 ], [ -71.283344274678299, -33.006885271391603 ], [ -71.283093876389003, -33.007013919228598 ], [ -71.283209161618501, -33.0071069263414 ], [ -71.283232288444594, -33.007110638508202 ] ] ] } },
{ "type": "Feature", "properties": { "id": "monoparte.205", "Name": null, "description": null, "timestamp": null, "begin": null, "end": null, "altitudeMode": null, "tessellate": -1, "extrude": 0, "visibility": -1, "drawOrder": null, "icon": null, "OBJECTID": 220.0, "REG": "Valparaíso", "COM": "Limache", "SHAPE_Leng": 625.90856548, "SHAPE_Area": 24506.8540077, "LOC": "Limache", "ZONA": "ZE1", "NOM": "ZE-1 – Zona de Equipamiento 1", "UPERM": "Equipamiento: Todos, exceptos los señalados como prohibidos; Espacio Público; Áreas Verdes", "UPROH": "Residencial: Todos; Equipamientos de los siguientes destinos: Zoológicos, Áreas de Camping. Centros Médicos o Dentales. Supermercados. Cementerios, Cementerios-Parque, Crematorios. Cárceles, Centro de Detención.; Infraestructura: todos; Actividades", "P_DO": "08/05/2025", "N_DO": "31/4/117", "T_DO": "Resolución", "OBS": null }, "geometry": { "type": "Polygon", "coordinates": [ [ [ -71.268072320708796, -32.998499805491399 ], [ -71.267713319789806, -32.998577906598896 ], [ -71.267725763667599, -32.998649256734701 ], [ -71.267950246978799, -32.999399711196403 ], [ -71.267976459881595, -32.999455899719401 ], [ -71.267985137931802, -32.999518371112998 ], [ -71.267996819138702, -32.9995599115449 ], [ -71.268082457527299, -32.999725366839897 ], [ -71.268223408751993, -32.999977696470701 ], [ -71.268293543912307, -33.0001340849849 ], [ -71.268526701713398, -33.000156484821403 ], [ -71.268829704955905, -33.000158133781198 ], [ -71.268940649809295, -33.000067838909303 ], [ -71.268974794120197, -33.0000743752055 ], [ -71.269286797019404, -32.999985195871403 ], [ -71.269565632373499, -32.999927635570401 ], [ -71.269558583584995, -32.9999177426551 ], [ -71.269109641381903, -32.998308280607198 ], [ -71.268072320708796, -32.998499805491399 ] ] ] } },
{ "type": "Feature", "properties": { "id": "monoparte.206", "Name": null, "description": null, "timestamp": null, "begin": null, "end": null, "altitudeMode": null, "tessellate": -1, "extrude": 0, "visibility": -1, "drawOrder": null, "icon": null, "OBJECTID": 221.0, "REG": "Valparaíso", "COM": "Limache", "SHAPE_Leng": 59.575826291799999, "SHAPE_Area": 249.72359106499999, "LOC": "Limache", "ZONA": "AV", "NOM": "AV - Áreas verdes Existentes (Art.2.1.30)", "UPERM": "Se regirán según lo dispuesto en el Art. 2.1.30 de la OGUC y considerarán las siguientes normas urbanísticas.", "UPROH": null, "P_DO": "08/05/2025", "N_DO": "31/4/117", "T_DO": "Resolución", "OBS": null }, "geometry": { "type": "Polygon", "coordinates": [ [ [ -71.269744798465794, -32.999673383242502 ], [ -71.269787767462304, -32.9996908818554 ], [ -71.26988380649, -32.999681977650297 ], [ -71.269895808415498, -32.999653128827298 ], [ -71.269871742673104, -32.999542622776197 ], [ -71.269835755727101, -32.999519418969399 ], [ -71.269743961175294, -32.999528245926101 ], [ -71.269717624688596, -32.999550198307801 ], [ -71.269744798465794, -32.999673383242502 ] ] ] } },
{ "type": "Feature", "properties": { "id": "monoparte.207", "Name": null, "description": null, "timestamp": null, "begin": null, "end": null, "altitudeMode": null, "tessellate": -1, "extrude": 0, "visibility": -1, "drawOrder": null, "icon": null, "OBJECTID": 222.0, "REG": "Valparaíso", "COM": "Limache", "SHAPE_Leng": 787.34217849799995, "SHAPE_Area": 7819.4660027, "LOC": "Limache", "ZONA": "AV", "NOM": "AV - Áreas verdes Existentes (Art.2.1.30)", "UPERM": "Se regirán según lo dispuesto en el Art. 2.1.30 de la OGUC y considerarán las siguientes normas urbanísticas.", "UPROH": null, "P_DO": "08/05/2025", "N_DO": "31/4/117", "T_DO": "Resolución", "OBS": null }, "geometry": { "type": "Polygon", "coordinates": [ [ [ -71.268008546940095, -32.998220623686599 ], [ -71.268050714500603, -32.998405222462097 ], [ -71.2719230542735, -32.9975536419443 ], [ -71.271896849940603, -32.997525488559504 ], [ -71.271846211329404, -32.997372520981003 ], [ -71.268008546940095, -32.998220623686599 ] ] ] } },
{ "type": "Feature", "properties": { "id": "monoparte.208", "Name": null, "description": null, "timestamp": null, "begin": null, "end": null, "altitudeMode": null, "tessellate": -1, "extrude": 0, "visibility": -1, "drawOrder": null, "icon": null, "OBJECTID": 223.0, "REG": "Valparaíso", "COM": "Limache", "SHAPE_Leng": 222.398521679, "SHAPE_Area": 2136.0491537600001, "LOC": "Limache", "ZONA": "AV", "NOM": "AV - Áreas verdes Existentes (Art.2.1.30)", "UPERM": "Se regirán según lo dispuesto en el Art. 2.1.30 de la OGUC y considerarán las siguientes normas urbanísticas.", "UPROH": null, "P_DO": "08/05/2025", "N_DO": "31/4/117", "T_DO": "Resolución", "OBS": null }, "geometry": { "type": "Polygon", "coordinates": [ [ [ -71.272742066792802, -32.997136110820897 ], [ -71.272196506925397, -32.997253410924898 ], [ -71.272172835593196, -32.9971584064102 ], [ -71.271930047086599, -32.9972135269416 ], [ -71.272014801073098, -32.997521424778803 ], [ -71.272793865391805, -32.997361825181997 ], [ -71.272742066792802, -32.997136110820897 ] ] ] } },
{ "type": "Feature", "properties": { "id": "monoparte.209", "Name": null, "description": null, "timestamp": null, "begin": null, "end": null, "altitudeMode": null, "tessellate": -1, "extrude": 0, "visibility": -1, "drawOrder": null, "icon": null, "OBJECTID": 224.0, "REG": "Valparaíso", "COM": "Limache", "SHAPE_Leng": 343.53725317599998, "SHAPE_Area": 2392.0397722600001, "LOC": "Limache", "ZONA": "AV", "NOM": "AV - Áreas verdes Existentes (Art.2.1.30)", "UPERM": "Se regirán según lo dispuesto en el Art. 2.1.30 de la OGUC y considerarán las siguientes normas urbanísticas.", "UPROH": null, "P_DO": "08/05/2025", "N_DO": "31/4/117", "T_DO": "Resolución", "OBS": null }, "geometry": { "type": "Polygon", "coordinates": [ [ [ -71.271819533254401, -32.996768186523397 ], [ -71.271851796737806, -32.996877539302602 ], [ -71.273483641201196, -32.996520168103203 ], [ -71.273467043040398, -32.996425034987098 ], [ -71.273434212335104, -32.996386862503201 ], [ -71.271843607710295, -32.996740907703597 ], [ -71.271819533254401, -32.996768186523397 ] ] ] } },
{ "type": "Feature", "properties": { "id": "monoparte.210", "Name": null, "description": null, "timestamp": null, "begin": null, "end": null, "altitudeMode": null, "tessellate": -1, "extrude": 0, "visibility": -1, "drawOrder": null, "icon": null, "OBJECTID": 225.0, "REG": "Valparaíso", "COM": "Limache", "SHAPE_Leng": 124.467699274, "SHAPE_Area": 666.976580141, "LOC": "Limache", "ZONA": "AV", "NOM": "AV - Áreas verdes Existentes (Art.2.1.30)", "UPERM": "Se regirán según lo dispuesto en el Art. 2.1.30 de la OGUC y considerarán las siguientes normas urbanísticas.", "UPROH": null, "P_DO": "08/05/2025", "N_DO": "31/4/117", "T_DO": "Resolución", "OBS": null }, "geometry": { "type": "Polygon", "coordinates": [ [ [ -71.273608329745301, -32.996364523533103 ], [ -71.273643810025106, -32.996500200511903 ], [ -71.273958190646695, -32.996427339568498 ], [ -71.273945341190597, -32.996367926756001 ], [ -71.274108621905697, -32.996331548684402 ], [ -71.274081194329895, -32.996255700302001 ], [ -71.274044404667293, -32.996256370749798 ], [ -71.273610670371198, -32.996345393602297 ], [ -71.273608329745301, -32.996364523533103 ] ] ] } },
{ "type": "Feature", "properties": { "id": "monoparte.211", "Name": null, "description": null, "timestamp": null, "begin": null, "end": null, "altitudeMode": null, "tessellate": -1, "extrude": 0, "visibility": -1, "drawOrder": null, "icon": null, "OBJECTID": 226.0, "REG": "Valparaíso", "COM": "Limache", "SHAPE_Leng": 146.036260916, "SHAPE_Area": 446.499233812, "LOC": "Limache", "ZONA": "AV", "NOM": "AV - Áreas verdes Existentes (Art.2.1.30)", "UPERM": "Se regirán según lo dispuesto en el Art. 2.1.30 de la OGUC y considerarán las siguientes normas urbanísticas.", "UPROH": null, "P_DO": "08/05/2025", "N_DO": "31/4/117", "T_DO": "Resolución", "OBS": null }, "geometry": { "type": "Polygon", "coordinates": [ [ [ -71.274324845478304, -32.996684793609198 ], [ -71.274351790993805, -32.996686688519098 ], [ -71.274473963000801, -32.996659429225403 ], [ -71.274475636842496, -32.996658186768002 ], [ -71.275003502656403, -32.996541199430403 ], [ -71.275021499557099, -32.996525363077097 ], [ -71.275018026535093, -32.996500374965898 ], [ -71.275002002605802, -32.9964827728407 ], [ -71.274965243487102, -32.996484636016902 ], [ -71.274309470547706, -32.996637356084399 ], [ -71.274307069927303, -32.996654101094698 ], [ -71.274311742545507, -32.996670717188799 ], [ -71.274324845478304, -32.996684793609198 ] ] ] } },
{ "type": "Feature", "properties": { "id": "monoparte.212", "Name": null, "description": null, "timestamp": null, "begin": null, "end": null, "altitudeMode": null, "tessellate": -1, "extrude": 0, "visibility": -1, "drawOrder": null, "icon": null, "OBJECTID": 227.0, "REG": "Valparaíso", "COM": "Limache", "SHAPE_Leng": 148.127092713, "SHAPE_Area": 580.99789165300001, "LOC": "Limache", "ZONA": "AV", "NOM": "AV - Áreas verdes Existentes (Art.2.1.30)", "UPERM": "Se regirán según lo dispuesto en el Art. 2.1.30 de la OGUC y considerarán las siguientes normas urbanísticas.", "UPROH": null, "P_DO": "08/05/2025", "N_DO": "31/4/117", "T_DO": "Resolución", "OBS": null }, "geometry": { "type": "Polygon", "coordinates": [ [ [ -71.274195985867095, -32.996242175943301 ], [ -71.274209083009595, -32.996308231892698 ], [ -71.2748941061311, -32.996139980406298 ], [ -71.274892109459202, -32.996117351396897 ], [ -71.274881500987505, -32.996090106437002 ], [ -71.274848589283707, -32.996076391190797 ], [ -71.274206694382201, -32.996218122356403 ], [ -71.274195985867095, -32.996242175943301 ] ] ] } },
{ "type": "Feature", "properties": { "id": "monoparte.213", "Name": null, "description": null, "timestamp": null, "begin": null, "end": null, "altitudeMode": null, "tessellate": -1, "extrude": 0, "visibility": -1, "drawOrder": null, "icon": null, "OBJECTID": 228.0, "REG": "Valparaíso", "COM": "Limache", "SHAPE_Leng": 83.075649662399996, "SHAPE_Area": 307.27384322099999, "LOC": "Limache", "ZONA": "AV", "NOM": "AV - Áreas verdes Existentes (Art.2.1.30)", "UPERM": "Se regirán según lo dispuesto en el Art. 2.1.30 de la OGUC y considerarán las siguientes normas urbanísticas.", "UPROH": null, "P_DO": "08/05/2025", "N_DO": "31/4/117", "T_DO": "Resolución", "OBS": null }, "geometry": { "type": "Polygon", "coordinates": [ [ [ -71.274984314283401, -32.9960695235307 ], [ -71.274996832685304, -32.996137398840098 ], [ -71.275332251967697, -32.9960574536492 ], [ -71.275309598403695, -32.995969111374599 ], [ -71.275000816429198, -32.996050612423403 ], [ -71.274984314283401, -32.9960695235307 ] ] ] } },
{ "type": "Feature", "properties": { "id": "monoparte.214", "Name": null, "description": null, "timestamp": null, "begin": null, "end": null, "altitudeMode": null, "tessellate": -1, "extrude": 0, "visibility": -1, "drawOrder": null, "icon": null, "OBJECTID": 229.0, "REG": "Valparaíso", "COM": "Limache", "SHAPE_Leng": 501.64306507100002, "SHAPE_Area": 1778.91190454, "LOC": "Limache", "ZONA": "AV", "NOM": "AV - Áreas verdes Existentes (Art.2.1.30)", "UPERM": "Se regirán según lo dispuesto en el Art. 2.1.30 de la OGUC y considerarán las siguientes normas urbanísticas.", "UPROH": null, "P_DO": "08/05/2025", "N_DO": "31/4/117", "T_DO": "Resolución", "OBS": null }, "geometry": { "type": "Polygon", "coordinates": [ [ [ -71.2752058491143, -32.995907721176302 ], [ -71.275226504320898, -32.9959082363983 ], [ -71.275267108598996, -32.995901769959303 ], [ -71.275280471905802, -32.9958929371615 ], [ -71.275078149617102, -32.995215855765899 ], [ -71.274633422072995, -32.993773349402197 ], [ -71.274602171144807, -32.993769146983702 ], [ -71.274551539341303, -32.993781999076802 ], [ -71.275008566857295, -32.9952441641422 ], [ -71.2752058491143, -32.995907721176302 ] ] ] } },
{ "type": "Feature", "properties": { "id": "monoparte.215", "Name": null, "description": null, "timestamp": null, "begin": null, "end": null, "altitudeMode": null, "tessellate": -1, "extrude": 0, "visibility": -1, "drawOrder": null, "icon": null, "OBJECTID": 230.0, "REG": "Valparaíso", "COM": "Limache", "SHAPE_Leng": 4664.7324841099999, "SHAPE_Area": 92906.264527099993, "LOC": "Limache", "ZONA": "ZPP", "NOM": "ZPP - Plazas y Parques públicos proyectados", "UPERM": "REVISAR ORDENANZA LOCAL", "UPROH": "REVISAR ORDENANZA LOCAL", "P_DO": "08/05/2025", "N_DO": "31/4/117", "T_DO": "Resolución", "OBS": null }, "geometry": { "type": "Polygon", "coordinates": [ [ [ -71.268933743196797, -33.001518468384702 ], [ -71.2689590647296, -33.0015106343401 ], [ -71.269025991118298, -33.001580993540699 ], [ -71.268988394714597, -33.001605535664901 ], [ -71.269042951849897, -33.001707590779702 ], [ -71.269074309174002, -33.001693658442399 ], [ -71.269114453887596, -33.001678694303401 ], [ -71.269056939063702, -33.001555675069902 ], [ -71.269237432339807, -33.001527579251601 ], [ -71.269282226579904, -33.0015076772955 ], [ -71.269388150702994, -33.001486664423801 ], [ -71.2695165706415, -33.001459515293902 ], [ -71.269795609637796, -33.001387634527802 ], [ -71.269943572612604, -33.001367383112402 ], [ -71.269917102564406, -33.0013067865886 ], [ -71.269969324308803, -33.001311562658501 ], [ -71.270090054714899, -33.001337996709999 ], [ -71.270156007766403, -33.001348248978204 ], [ -71.270255872434603, -33.001355975204397 ], [ -71.270294265153595, -33.001351459557299 ], [ -71.270311090948496, -33.001389327086898 ], [ -71.270833953511797, -33.001374086330799 ], [ -71.270857386748204, -33.001365905733699 ], [ -71.270862824182302, -33.001412331527 ], [ -71.270867344710894, -33.001422985459001 ], [ -71.270881831387499, -33.001435844033203 ], [ -71.270963874466304, -33.0014331578314 ], [ -71.271073852793805, -33.001415648784999 ], [ -71.271178078723906, -33.001394664411897 ], [ -71.2712813785554, -33.0013927840942 ], [ -71.271311278054597, -33.001399396999602 ], [ -71.271424483959805, -33.0013973362407 ], [ -71.271513541609295, -33.001392136862798 ], [ -71.271609276465199, -33.001371306710098 ], [ -71.271775010294704, -33.001341805911302 ], [ -71.271888524032306, -33.001329718914498 ], [ -71.271964644433695, -33.001316880719102 ], [ -71.272402528699303, -33.001300316737399 ], [ -71.272562000904799, -33.001291686249402 ], [ -71.272607886163698, -33.001292282498397 ], [ -71.272762432310799, -33.001279267909403 ], [ -71.272879872122402, -33.001265676527801 ], [ -71.273017101401507, -33.001228820167903 ], [ -71.273108901081301, -33.001187065191303 ], [ -71.273222362927598, -33.001106740952302 ], [ -71.273276811714396, -33.001021766587698 ], [ -71.273337758922395, -33.000925220718798 ], [ -71.273384570464401, -33.000895737376801 ], [ -71.273843379584406, -33.0008119839476 ], [ -71.273922377353898, -33.0008010002338 ], [ -71.273983703512201, -33.000807517701801 ], [ -71.274334547915103, -33.001503525155499 ], [ -71.274393610119105, -33.001592412220297 ], [ -71.274753907644595, -33.001509496053401 ], [ -71.275238620792095, -33.001309788470998 ], [ -71.275582805736505, -33.001150815616398 ], [ -71.276739746300095, -33.000633449257897 ], [ -71.276937558202604, -33.000508159936501 ], [ -71.277282265967003, -33.0000943621529 ], [ -71.277631790083902, -32.9996477881743 ], [ -71.278396167798505, -32.998735552169499 ], [ -71.278880957828406, -32.998429657991998 ], [ -71.2790621333112, -32.998318388447899 ], [ -71.279271317771403, -32.998195273898801 ], [ -71.279489340947904, -32.998140591526102 ], [ -71.279784728398596, -32.998066601102302 ], [ -71.280074343898306, -32.998043415190899 ], [ -71.280265369523804, -32.9980399245214 ], [ -71.280744916341902, -32.998053229639403 ], [ -71.281483264220697, -32.998193621088603 ], [ -71.281864060292804, -32.998243222730402 ], [ -71.2821026801155, -32.998235062526597 ], [ -71.282041893951998, -32.998106197618199 ], [ -71.282099108583907, -32.998129009609897 ], [ -71.282184377249905, -32.998141765317797 ], [ -71.282297209579099, -32.998125386421599 ], [ -71.282379283982095, -32.998014135665898 ], [ -71.2824604981287, -32.997869497262698 ], [ -71.282546143730499, -32.997677061021399 ], [ -71.282622525865904, -32.9975921586216 ], [ -71.282799097678094, -32.997439811472901 ], [ -71.282975515290005, -32.997281502767599 ], [ -71.283137868397603, -32.996852057559003 ], [ -71.283287221602606, -32.996467585582302 ], [ -71.2833098649741, -32.996357420802198 ], [ -71.283267541647305, -32.996253216805997 ], [ -71.283241706497506, -32.996129624770902 ], [ -71.283216241153696, -32.996020340257601 ], [ -71.283202217078994, -32.995915618428903 ], [ -71.283193485656298, -32.995796484557502 ], [ -71.283084722973001, -32.9956410073301 ], [ -71.2830607353349, -32.995479206964397 ], [ -71.283047084040504, -32.995279043007798 ], [ -71.283055580930295, -32.995059387495601 ], [ -71.283132487953594, -32.994857567589101 ], [ -71.283293802329894, -32.994525365514903 ], [ -71.2834614482002, -32.994329042255501 ], [ -71.283574278691106, -32.994202912781901 ], [ -71.283851628513105, -32.993924058331203 ], [ -71.283952306278394, -32.9938756910922 ], [ -71.284133172690403, -32.993807961809303 ], [ -71.284386939241898, -32.993767528184797 ], [ -71.284484015895202, -32.993744278721998 ], [ -71.284649563472399, -32.993741247982101 ], [ -71.284806309804395, -32.9937263056093 ], [ -71.284982204293001, -32.993696363584199 ], [ -71.2851088350167, -32.993688318746401 ], [ -71.2852309372268, -32.993680356709604 ], [ -71.285320437723797, -32.993670724620102 ], [ -71.285361519747099, -32.993682856388503 ], [ -71.285394629318901, -32.993715174521697 ], [ -71.285431096786198, -32.993746000079199 ], [ -71.285465313396799, -32.993755394508099 ], [ -71.285600556125303, -32.993730013211398 ], [ -71.285645772966802, -32.9937048487471 ], [ -71.285636507901202, -32.9936749569897 ], [ -71.285606499908496, -32.993631129058102 ], [ -71.285607237809103, -32.993593896038497 ], [ -71.285654300641795, -32.993574423839398 ], [ -71.285850888911199, -32.993490657883697 ], [ -71.285996395006194, -32.993415909732903 ], [ -71.286258721820602, -32.993114779033803 ], [ -71.286314930617905, -32.992997736210199 ], [ -71.286293357940295, -32.992985066070503 ], [ -71.285954838108196, -32.992866447257903 ], [ -71.285922019182806, -32.992962295202901 ], [ -71.285858132408904, -32.993064864832597 ], [ -71.285829673529705, -32.993081133290303 ], [ -71.285825152393102, -32.993103404430798 ], [ -71.285797062525504, -32.993133980414498 ], [ -71.285748100262595, -32.993178538817901 ], [ -71.285724938540199, -32.9932025833578 ], [ -71.285690278856706, -32.993208944274997 ], [ -71.285664895741604, -32.993227016659198 ], [ -71.285573864460602, -32.9932650684487 ], [ -71.285511576488702, -32.9932650171502 ], [ -71.285372529091504, -32.993307526315 ], [ -71.285348751727398, -32.993318698837399 ], [ -71.285305904265996, -32.993358850080803 ], [ -71.285155844684596, -32.993358615989898 ], [ -71.284998019491098, -32.993359119965703 ], [ -71.284891552604904, -32.993373196969799 ], [ -71.284834291015997, -32.993392378593498 ], [ -71.284661422937205, -32.993407949791198 ], [ -71.284355973591403, -32.993443762669699 ], [ -71.284110070771106, -32.993481666258297 ], [ -71.283860467380805, -32.993554693330303 ], [ -71.283741194768794, -32.993584552515699 ], [ -71.283707899127805, -32.993610929207897 ], [ -71.283678000365896, -32.993637243728202 ], [ -71.283652236762094, -32.9936482124184 ], [ -71.283616776234098, -32.993678446693202 ], [ -71.283553902291501, -32.9937435381893 ], [ -71.2834689543199, -32.993830983858203 ], [ -71.283386270038207, -32.993888720639703 ], [ -71.283351093514398, -32.993907973605097 ], [ -71.283319385503006, -32.993930027038502 ], [ -71.283307832377801, -32.9939431216619 ], [ -71.283257409795098, -32.993964085534103 ], [ -71.283172069715306, -32.994014318656902 ], [ -71.283148999225105, -32.9940419400954 ], [ -71.283125818118506, -32.994065268541803 ], [ -71.2830901594984, -32.994131770878703 ], [ -71.2830796005547, -32.994183498792701 ], [ -71.283029284426206, -32.994232360622298 ], [ -71.283000706477495, -32.994277022076503 ], [ -71.282983111911605, -32.9943083603914 ], [ -71.2829520704461, -32.994422256904301 ], [ -71.282875535055595, -32.9945835103211 ], [ -71.282802550572299, -32.9947040399515 ], [ -71.282746440595204, -32.994833903217199 ], [ -71.282710755354302, -32.9949323773128 ], [ -71.282689519698195, -32.995031242646903 ], [ -71.282678218959703, -32.9951641032821 ], [ -71.282673933536003, -32.9952615259553 ], [ -71.282675603136994, -32.995370290954497 ], [ -71.282697645830496, -32.9955225838264 ], [ -71.282698555004501, -32.995557877726498 ], [ -71.282689027163798, -32.995601251916398 ], [ -71.282764062215307, -32.995810313205098 ], [ -71.282819462952403, -32.995916664179099 ], [ -71.2828307344503, -32.995932169080298 ], [ -71.282850847310399, -32.996053480789698 ], [ -71.282864541580594, -32.9960575243717 ], [ -71.282908456651001, -32.996377382348101 ], [ -71.282917609498597, -32.996402982257599 ], [ -71.282904097754198, -32.9964719424108 ], [ -71.282869396541003, -32.996575646694701 ], [ -71.282815980154496, -32.996678262280099 ], [ -71.282779799986898, -32.996740141815003 ], [ -71.282773000128202, -32.996805877165997 ], [ -71.282758725597404, -32.996856241950098 ], [ -71.282730054584206, -32.996897326028403 ], [ -71.282729499614405, -32.996930738613301 ], [ -71.282699383843394, -32.996970656106399 ], [ -71.282671975339198, -32.997005752936403 ], [ -71.282650625356894, -32.997056247140797 ], [ -71.282619616623705, -32.997116461192498 ], [ -71.282613892761603, -32.9971690546612 ], [ -71.282584608343797, -32.997186291564297 ], [ -71.282559506637597, -32.9972010659327 ], [ -71.282462657340602, -32.9972704890912 ], [ -71.282449663169402, -32.997293631092901 ], [ -71.282426628499294, -32.997322682826599 ], [ -71.282371478259705, -32.997379998332903 ], [ -71.282294327610501, -32.997462528621902 ], [ -71.282245920016393, -32.997517811757298 ], [ -71.282221924516307, -32.997553562056801 ], [ -71.282210013805198, -32.997574775225203 ], [ -71.282206271332996, -32.997605383067601 ], [ -71.282100042528597, -32.997772555321603 ], [ -71.282084390763202, -32.997780476645403 ], [ -71.282064974462997, -32.997774150712601 ], [ -71.281788941080407, -32.9977419791011 ], [ -71.281723014326204, -32.997732686518901 ], [ -71.281700868097204, -32.997708279059999 ], [ -71.281664029747205, -32.997685093390402 ], [ -71.281618187050697, -32.997620081693 ], [ -71.281544462470507, -32.997571803974601 ], [ -71.281467684756606, -32.997536942287702 ], [ -71.281374321233301, -32.9975176539402 ], [ -71.281243403799706, -32.997505318305997 ], [ -71.281110407894602, -32.997486276377003 ], [ -71.280988116686302, -32.997454155392198 ], [ -71.280857500837698, -32.997461553941299 ], [ -71.280739029258598, -32.997445825153001 ], [ -71.280472251401903, -32.997407993392102 ], [ -71.280304077350394, -32.997386254325797 ], [ -71.280007494262094, -32.997391673791 ], [ -71.279829375147798, -32.997423558644599 ], [ -71.279775432087604, -32.9974398134515 ], [ -71.279592490658601, -32.997460333905302 ], [ -71.279459030726599, -32.997500278253298 ], [ -71.279156928434404, -32.997577372589703 ], [ -71.279098051166301, -32.997599920340498 ], [ -71.278898827373197, -32.997647936533802 ], [ -71.278851725047403, -32.997665975011103 ], [ -71.278668189295502, -32.9977294506213 ], [ -71.278567007401605, -32.997758497638898 ], [ -71.278417770289806, -32.997808402918402 ], [ -71.278363504806194, -32.997845182239402 ], [ -71.278302134206797, -32.997880897353603 ], [ -71.278296872413407, -32.997896501650203 ], [ -71.278149457580199, -32.997999400512398 ], [ -71.278141273589597, -32.998011479124301 ], [ -71.278117248731604, -32.998013110754201 ], [ -71.277961247023399, -32.998167461086197 ], [ -71.277954600715702, -32.998184283654602 ], [ -71.277858003461901, -32.998299869034099 ], [ -71.277851628315801, -32.998316209623901 ], [ -71.277826229384502, -32.998341486615999 ], [ -71.277820246584398, -32.998373089306 ], [ -71.277800385407701, -32.998393493164599 ], [ -71.277772571293795, -32.998456987844698 ], [ -71.277733114965002, -32.998552188511901 ], [ -71.277704169104098, -32.998615703836698 ], [ -71.277674073344599, -32.998645520257597 ], [ -71.277656917837305, -32.998683052967003 ], [ -71.277658981306899, -32.998719280817802 ], [ -71.277540601834303, -32.998828329138298 ], [ -71.277521108292902, -32.998863041461902 ], [ -71.2774622635459, -32.998908969244802 ], [ -71.277396258885602, -32.998940713363702 ], [ -71.2772396112167, -32.999059048981003 ], [ -71.277241110633497, -32.999073336834101 ], [ -71.277173728927096, -32.999095561890996 ], [ -71.277103312596296, -32.9991444050236 ], [ -71.276962069556802, -32.999267231226803 ], [ -71.276951399803494, -32.999281741145502 ], [ -71.277055666623696, -32.999703211805901 ], [ -71.277055286486004, -32.999762745698803 ], [ -71.2769608736332, -32.999878991224598 ], [ -71.276882852621696, -32.999972032325097 ], [ -71.276848837608398, -33.000014644613699 ], [ -71.276785548787899, -33.000196171182402 ], [ -71.276750232104703, -33.000239523183602 ], [ -71.276714078640396, -33.000320109107001 ], [ -71.276603424382401, -33.0003662667432 ], [ -71.276415830428505, -33.000448423470999 ], [ -71.276287391786596, -33.000518763685903 ], [ -71.276154157205198, -33.000567718881598 ], [ -71.276081340220102, -33.000598870622099 ], [ -71.2759417097068, -33.000619311825901 ], [ -71.275820101085301, -33.000679983812702 ], [ -71.275601986199703, -33.000786554420301 ], [ -71.275195679446995, -33.000783922805198 ], [ -71.275015291926096, -33.000771942620702 ], [ -71.274353303425798, -33.000779302696898 ], [ -71.274187594607895, -33.000693758892197 ], [ -71.274086799046103, -33.000649787229897 ], [ -71.2740014063681, -33.000632257133297 ], [ -71.273976379418201, -33.000627941192498 ], [ -71.273804235519094, -33.000628215237803 ], [ -71.273604842490101, -33.000670022254802 ], [ -71.273377181458599, -33.000723176674903 ], [ -71.273218072659105, -33.000779042270999 ], [ -71.273152138658702, -33.000857783766897 ], [ -71.273107740474899, -33.000915138434401 ], [ -71.273067363513903, -33.000996755273398 ], [ -71.273005599031805, -33.001039394150503 ], [ -71.272968089699802, -33.001067276830099 ], [ -71.272782238031098, -33.001107165851899 ], [ -71.272531900234696, -33.001116735584503 ], [ -71.272503977881001, -33.001123161391803 ], [ -71.2720989231875, -33.001139127002901 ], [ -71.271913242483507, -33.001141553955399 ], [ -71.2715703464185, -33.001196468718597 ], [ -71.271508243846, -33.001203833973101 ], [ -71.271439433773295, -33.001214630713797 ], [ -71.271360262958396, -33.001218934973998 ], [ -71.271268542463901, -33.001219649626101 ], [ -71.271036031393095, -33.001206703472498 ], [ -71.270887536921194, -33.001201771926702 ], [ -71.270819528337697, -33.001199668671703 ], [ -71.270605570902106, -33.001203562337899 ], [ -71.270597768084301, -33.001208476376597 ], [ -71.270295437333004, -33.001211114596202 ], [ -71.270143155591697, -33.001190980878398 ], [ -71.270034719134102, -33.001193610169402 ], [ -71.270015819796598, -33.001185364855601 ], [ -71.269866499118706, -33.001192375438798 ], [ -71.269452852409103, -33.0012929491633 ], [ -71.269418890846197, -33.001293566859701 ], [ -71.268945344817993, -33.001412083826899 ], [ -71.268908797195394, -33.00142229251 ], [ -71.268915923604396, -33.001479423911 ], [ -71.268933743196797, -33.001518468384702 ] ] ] } },
{ "type": "Feature", "properties": { "id": "monoparte.216", "Name": null, "description": null, "timestamp": null, "begin": null, "end": null, "altitudeMode": null, "tessellate": -1, "extrude": 0, "visibility": -1, "drawOrder": null, "icon": null, "OBJECTID": 232.0, "REG": "Valparaíso", "COM": "Limache", "SHAPE_Leng": 4134.0972197700003, "SHAPE_Area": 220302.955109, "LOC": "Limache", "ZONA": "ZR1", "NOM": "ZR1 - Zona Residencial Mixto 1", "UPERM": "Residencial: Vivienda, hospedaje, hogares de Acogida; Equipamiento: comercio, culto y cultura, seguridad, social, educación. Ver destinos o actividades específicas en Ordenanza Local: Espacios Públicos; Áreas vedes", "UPROH": "Equipamiento: Estaciones o centros de servicio automotor del tipo Revisión técnica, discotecas, cárceles o centros de detención, zoológicos, parques de entretenciones, cementerios, cementerios-parque, crematorios.", "P_DO": "08/05/2025", "N_DO": "31/4/117", "T_DO": "Resolución", "OBS": null }, "geometry": { "type": "Polygon", "coordinates": [ [ [ -71.270852380019605, -32.995039690062498 ], [ -71.271846211329404, -32.997372520981003 ], [ -71.271896849940603, -32.997525488559504 ], [ -71.2719230542735, -32.9975536419443 ], [ -71.268050714500603, -32.998405222462097 ], [ -71.268072320708796, -32.998499805491399 ], [ -71.269109641381903, -32.998308280607198 ], [ -71.269558583584995, -32.9999177426551 ], [ -71.269565632373499, -32.999927635570401 ], [ -71.269551739471595, -32.999930503333097 ], [ -71.269572949944305, -32.999937911347999 ], [ -71.269609924528893, -32.999944396892701 ], [ -71.269939762099895, -32.999888293190097 ], [ -71.270105760324498, -32.999847099594803 ], [ -71.270248016371895, -32.999763391118499 ], [ -71.270630971057898, -32.9995703248171 ], [ -71.270789351944302, -32.999452919781199 ], [ -71.271016344828396, -32.999250761288003 ], [ -71.271150292784498, -32.9991743611007 ], [ -71.271208379673396, -32.999120814010702 ], [ -71.271284992221197, -32.9990168267909 ], [ -71.271323451795297, -32.998970794983002 ], [ -71.271440254065595, -32.998920504686801 ], [ -71.271598833913302, -32.998893758538898 ], [ -71.271736340893895, -32.998873360902401 ], [ -71.271867307301505, -32.998873959455203 ], [ -71.2720920842238, -32.998944425027197 ], [ -71.272170216996997, -32.998954931517197 ], [ -71.272346407523798, -32.998924882564602 ], [ -71.272497682099797, -32.998889321177501 ], [ -71.272695785048995, -32.998885713170601 ], [ -71.272946647191503, -32.998869214607701 ], [ -71.273094688997205, -32.998845641504403 ], [ -71.273241814004606, -32.998786296392602 ], [ -71.2734735330245, -32.998713481546801 ], [ -71.273592968373606, -32.998678498948202 ], [ -71.273885208659493, -32.998619491882302 ], [ -71.274218167159404, -32.998547374570997 ], [ -71.274686195237507, -32.998426230718401 ], [ -71.275084331958098, -32.998317810737497 ], [ -71.275669831329395, -32.998147077800702 ], [ -71.275697258234203, -32.997825915643297 ], [ -71.275756416928303, -32.997615834427499 ], [ -71.275782158639799, -32.997493685077501 ], [ -71.275768602712802, -32.997342906892001 ], [ -71.275716323139505, -32.996960926431498 ], [ -71.275723545573697, -32.996746066292999 ], [ -71.274744415228497, -32.993631526519401 ], [ -71.273828123116004, -32.993944687035302 ], [ -71.271576253489201, -32.994690626632703 ], [ -71.270852380019605, -32.995039690062498 ] ], [ [ -71.275267108598996, -32.995901769959303 ], [ -71.275226504320898, -32.9959082363983 ], [ -71.2752058491143, -32.995907721176302 ], [ -71.275008566857295, -32.9952441641422 ], [ -71.274551539341303, -32.993781999076802 ], [ -71.274602171144807, -32.993769146983702 ], [ -71.274633422072995, -32.993773349402197 ], [ -71.275078149617102, -32.995215855765899 ], [ -71.275280471905802, -32.9958929371615 ], [ -71.275267108598996, -32.995901769959303 ] ], [ [ -71.275332251967697, -32.9960574536492 ], [ -71.274996832685304, -32.996137398840098 ], [ -71.274984314283401, -32.9960695235307 ], [ -71.275000816429198, -32.996050612423403 ], [ -71.275309598403695, -32.995969111374599 ], [ -71.275332251967697, -32.9960574536492 ] ], [ [ -71.274892109459202, -32.996117351396897 ], [ -71.2748941061311, -32.996139980406298 ], [ -71.274209083009595, -32.996308231892698 ], [ -71.274195985867095, -32.996242175943301 ], [ -71.274206694382201, -32.996218122356403 ], [ -71.274848589283707, -32.996076391190797 ], [ -71.274881500987505, -32.996090106437002 ], [ -71.274892109459202, -32.996117351396897 ] ], [ [ -71.274081194329895, -32.996255700302001 ], [ -71.274108621905697, -32.996331548684402 ], [ -71.273945341190597, -32.996367926756001 ], [ -71.273958190646695, -32.996427339568498 ], [ -71.273643810025106, -32.996500200511903 ], [ -71.273608329745301, -32.996364523533103 ], [ -71.273610670371198, -32.996345393602297 ], [ -71.274044404667293, -32.996256370749798 ], [ -71.274081194329895, -32.996255700302001 ] ], [ [ -71.273467043040398, -32.996425034987098 ], [ -71.273483641201196, -32.996520168103203 ], [ -71.271851796737806, -32.996877539302602 ], [ -71.271819533254401, -32.996768186523397 ], [ -71.271843607710295, -32.996740907703597 ], [ -71.273434212335104, -32.996386862503201 ], [ -71.273467043040398, -32.996425034987098 ] ], [ [ -71.274965243487102, -32.996484636016902 ], [ -71.275002002605802, -32.9964827728407 ], [ -71.275018026535093, -32.996500374965898 ], [ -71.275021499557099, -32.996525363077097 ], [ -71.275003502656403, -32.996541199430403 ], [ -71.274475636842496, -32.996658186768002 ], [ -71.274473963000801, -32.996659429225403 ], [ -71.274351790993805, -32.996686688519098 ], [ -71.274324845478304, -32.996684793609198 ], [ -71.274311742545507, -32.996670717188799 ], [ -71.274307069927303, -32.996654101094698 ], [ -71.274309470547706, -32.996637356084399 ], [ -71.274965243487102, -32.996484636016902 ] ], [ [ -71.272793865391805, -32.997361825181997 ], [ -71.272014801073098, -32.997521424778803 ], [ -71.271930047086599, -32.9972135269416 ], [ -71.272172835593196, -32.9971584064102 ], [ -71.272196506925397, -32.997253410924898 ], [ -71.272742066792802, -32.997136110820897 ], [ -71.272793865391805, -32.997361825181997 ] ], [ [ -71.26988380649, -32.999681977650297 ], [ -71.269787767462304, -32.9996908818554 ], [ -71.269744798465794, -32.999673383242502 ], [ -71.269717624688596, -32.999550198307801 ], [ -71.269743961175294, -32.999528245926101 ], [ -71.269835755727101, -32.999519418969399 ], [ -71.269871742673104, -32.999542622776197 ], [ -71.269895808415498, -32.999653128827298 ], [ -71.26988380649, -32.999681977650297 ] ] ] } },
{ "type": "Feature", "properties": { "id": "monoparte.217", "Name": null, "description": null, "timestamp": null, "begin": null, "end": null, "altitudeMode": null, "tessellate": -1, "extrude": 0, "visibility": -1, "drawOrder": null, "icon": null, "OBJECTID": 233.0, "REG": "Valparaíso", "COM": "Limache", "SHAPE_Leng": 94.618745163599996, "SHAPE_Area": 297.58100360100002, "LOC": "Limache", "ZONA": "AV", "NOM": "AV - Áreas verdes Existentes (Art.2.1.30)", "UPERM": "Se regirán según lo dispuesto en el Art. 2.1.30 de la OGUC y considerarán las siguientes normas urbanísticas.", "UPROH": null, "P_DO": "08/05/2025", "N_DO": "31/4/117", "T_DO": "Resolución", "OBS": null }, "geometry": { "type": "Polygon", "coordinates": [ [ [ -71.275206104135904, -32.9983165363887 ], [ -71.275242330202403, -32.998404153237303 ], [ -71.275611638030099, -32.998231600220599 ], [ -71.275614038426795, -32.998214855197901 ], [ -71.275604875192997, -32.9981887778751 ], [ -71.275206497379699, -32.998314805980698 ], [ -71.275206104135904, -32.9983165363887 ] ] ] } },
{ "type": "Feature", "properties": { "id": "monoparte.218", "Name": null, "description": null, "timestamp": null, "begin": null, "end": null, "altitudeMode": null, "tessellate": -1, "extrude": 0, "visibility": -1, "drawOrder": null, "icon": null, "OBJECTID": 234.0, "REG": "Valparaíso", "COM": "Limache", "SHAPE_Leng": 70.9372283939, "SHAPE_Area": 184.77969695499999, "LOC": "Limache", "ZONA": "AV", "NOM": "AV - Áreas verdes Existentes (Art.2.1.30)", "UPERM": "Se regirán según lo dispuesto en el Art. 2.1.30 de la OGUC y considerarán las siguientes normas urbanísticas.", "UPROH": null, "P_DO": "08/05/2025", "N_DO": "31/4/117", "T_DO": "Resolución", "OBS": null }, "geometry": { "type": "Polygon", "coordinates": [ [ [ -71.274871473303406, -32.998406142801301 ], [ -71.275011692643901, -32.998574176120201 ], [ -71.275012372970906, -32.998545533261101 ], [ -71.274985250003994, -32.998481609691602 ], [ -71.275092400175296, -32.9984092720726 ], [ -71.275070208594499, -32.998363822866402 ], [ -71.274871473303406, -32.998406142801301 ] ] ] } },
{ "type": "Feature", "properties": { "id": "monoparte.219", "Name": null, "description": null, "timestamp": null, "begin": null, "end": null, "altitudeMode": null, "tessellate": -1, "extrude": 0, "visibility": -1, "drawOrder": null, "icon": null, "OBJECTID": 235.0, "REG": "Valparaíso", "COM": "Limache", "SHAPE_Leng": 60.102006634799999, "SHAPE_Area": 81.295142701100005, "LOC": "Limache", "ZONA": "AV", "NOM": "AV - Áreas verdes Existentes (Art.2.1.30)", "UPERM": "Se regirán según lo dispuesto en el Art. 2.1.30 de la OGUC y considerarán las siguientes normas urbanísticas.", "UPROH": null, "P_DO": "08/05/2025", "N_DO": "31/4/117", "T_DO": "Resolución", "OBS": null }, "geometry": { "type": "Polygon", "coordinates": [ [ [ -71.274822797041196, -32.998433867087201 ], [ -71.274950221480495, -32.998661189120199 ], [ -71.274989230004905, -32.998636618612302 ], [ -71.2748556564556, -32.998451762862999 ], [ -71.274822797041196, -32.998433867087201 ] ] ] } },
{ "type": "Feature", "properties": { "id": "monoparte.220", "Name": null, "description": null, "timestamp": null, "begin": null, "end": null, "altitudeMode": null, "tessellate": -1, "extrude": 0, "visibility": -1, "drawOrder": null, "icon": null, "OBJECTID": 236.0, "REG": "Valparaíso", "COM": "Limache", "SHAPE_Leng": 165.08175751100001, "SHAPE_Area": 678.747760234, "LOC": "Limache", "ZONA": "AV", "NOM": "AV - Áreas verdes Existentes (Art.2.1.30)", "UPERM": "Se regirán según lo dispuesto en el Art. 2.1.30 de la OGUC y considerarán las siguientes normas urbanísticas.", "UPROH": null, "P_DO": "08/05/2025", "N_DO": "31/4/117", "T_DO": "Resolución", "OBS": null }, "geometry": { "type": "Polygon", "coordinates": [ [ [ -71.273307219502101, -32.998830826102001 ], [ -71.273386685742594, -32.998956530060497 ], [ -71.274076571036602, -32.998631886095097 ], [ -71.273720050363593, -32.998707097046498 ], [ -71.273404465167403, -32.998788717449699 ], [ -71.273307219502101, -32.998830826102001 ] ] ] } },
{ "type": "Feature", "properties": { "id": "monoparte.221", "Name": null, "description": null, "timestamp": null, "begin": null, "end": null, "altitudeMode": null, "tessellate": -1, "extrude": 0, "visibility": -1, "drawOrder": null, "icon": null, "OBJECTID": 237.0, "REG": "Valparaíso", "COM": "Limache", "SHAPE_Leng": 1329.0469625799999, "SHAPE_Area": 100200.685759, "LOC": "Limache", "ZONA": "ZE1", "NOM": "ZE-1 – Zona de Equipamiento 1", "UPERM": "Equipamiento: Todos, exceptos los señalados como prohibidos; Espacio Público; Áreas Verdes", "UPROH": "Residencial: Todos; Equipamientos de los siguientes destinos: Zoológicos, Áreas de Camping. Centros Médicos o Dentales. Supermercados. Cementerios, Cementerios-Parque, Crematorios. Cárceles, Centro de Detención.; Infraestructura: todos; Actividades", "P_DO": "08/05/2025", "N_DO": "31/4/117", "T_DO": "Resolución", "OBS": null }, "geometry": { "type": "Polygon", "coordinates": [ [ [ -71.271846211329404, -32.997372520981003 ], [ -71.270852380019605, -32.995039690062498 ], [ -71.270417081726094, -32.995249595122097 ], [ -71.269336091712901, -32.995641503640698 ], [ -71.268346633124594, -32.995966874600597 ], [ -71.266912407880795, -32.996347241005203 ], [ -71.266874619148993, -32.996352493042501 ], [ -71.267096360767297, -32.996896632384598 ], [ -71.267165955827494, -32.997265179650398 ], [ -71.267179332201295, -32.997649659610097 ], [ -71.267138472314201, -32.998127578551198 ], [ -71.268008546940095, -32.998220623686599 ], [ -71.271846211329404, -32.997372520981003 ] ] ] } },
{ "type": "Feature", "properties": { "id": "monoparte.222", "Name": null, "description": null, "timestamp": null, "begin": null, "end": null, "altitudeMode": null, "tessellate": -1, "extrude": 0, "visibility": -1, "drawOrder": null, "icon": null, "OBJECTID": 238.0, "REG": "Valparaíso", "COM": "Limache", "SHAPE_Leng": 135.27921231600001, "SHAPE_Area": 1140.764872, "LOC": "Limache", "ZONA": "AV", "NOM": "AV - Áreas verdes Existentes (Art.2.1.30)", "UPERM": "Se regirán según lo dispuesto en el Art. 2.1.30 de la OGUC y considerarán las siguientes normas urbanísticas.", "UPROH": null, "P_DO": "08/05/2025", "N_DO": "31/4/117", "T_DO": "Resolución", "OBS": null }, "geometry": { "type": "Polygon", "coordinates": [ [ [ -71.281164147001505, -32.985924646671897 ], [ -71.281338032756395, -32.9862086276678 ], [ -71.281646465856497, -32.9860756834779 ], [ -71.281466493733404, -32.985792669041999 ], [ -71.281164147001505, -32.985924646671897 ] ] ] } },
{ "type": "Feature", "properties": { "id": "monoparte.223", "Name": null, "description": null, "timestamp": null, "begin": null, "end": null, "altitudeMode": null, "tessellate": -1, "extrude": 0, "visibility": -1, "drawOrder": null, "icon": null, "OBJECTID": 239.0, "REG": "Valparaíso", "COM": "Limache", "SHAPE_Leng": 98.1016006041, "SHAPE_Area": 618.672857346, "LOC": "Limache", "ZONA": "AV", "NOM": "AV - Áreas verdes Existentes (Art.2.1.30)", "UPERM": "Se regirán según lo dispuesto en el Art. 2.1.30 de la OGUC y considerarán las siguientes normas urbanísticas.", "UPROH": null, "P_DO": "08/05/2025", "N_DO": "31/4/117", "T_DO": "Resolución", "OBS": null }, "geometry": { "type": "Polygon", "coordinates": [ [ [ -71.283697560872099, -32.985536149861097 ], [ -71.283556200470002, -32.985316358618803 ], [ -71.283364898353497, -32.985406154000202 ], [ -71.283367899492305, -32.985434729531299 ], [ -71.283481470304594, -32.985623521534698 ], [ -71.283526891019207, -32.985628416579701 ], [ -71.2835603547923, -32.985608717039902 ], [ -71.283697560872099, -32.985536149861097 ] ] ] } },
{ "type": "Feature", "properties": { "id": "monoparte.224", "Name": null, "description": null, "timestamp": null, "begin": null, "end": null, "altitudeMode": null, "tessellate": -1, "extrude": 0, "visibility": -1, "drawOrder": null, "icon": null, "OBJECTID": 240.0, "REG": "Valparaíso", "COM": "Limache", "SHAPE_Leng": 7696.4572157100001, "SHAPE_Area": 618683.00757400005, "LOC": "Limache", "ZONA": "ZR1", "NOM": "ZR1 - Zona Residencial Mixto 1", "UPERM": "Residencial: Vivienda, hospedaje, hogares de Acogida; Equipamiento: comercio, culto y cultura, seguridad, social, educación. Ver destinos o actividades específicas en Ordenanza Local: Espacios Públicos; Áreas vedes", "UPROH": "Equipamiento: Estaciones o centros de servicio automotor del tipo Revisión técnica, discotecas, cárceles o centros de detención, zoológicos, parques de entretenciones, cementerios, cementerios-parque, crematorios.", "P_DO": "08/05/2025", "N_DO": "31/4/117", "T_DO": "Resolución", "OBS": null }, "geometry": { "type": "Polygon", "coordinates": [ [ [ -71.266072571921796, -32.994741093028601 ], [ -71.265974847849705, -32.994470900867803 ], [ -71.265179135175799, -32.992970310291497 ], [ -71.265142365530807, -32.992913732832001 ], [ -71.2651448356618, -32.992912661804603 ], [ -71.264142804794901, -32.991228448921298 ], [ -71.2634552039125, -32.9899390584673 ], [ -71.263091868017398, -32.989282728375002 ], [ -71.258759698933105, -32.990369250647703 ], [ -71.258014579083905, -32.990541186889097 ], [ -71.254024967804398, -32.991446781166701 ], [ -71.250703179127996, -32.992193871329199 ], [ -71.248036155763103, -32.9928460537446 ], [ -71.2480841276397, -32.992966914656499 ], [ -71.248815971044905, -32.992798645975398 ], [ -71.249328050778203, -32.9940056268563 ], [ -71.249913856807595, -32.995333552701098 ], [ -71.250025102560201, -32.995593646935802 ], [ -71.250507286124801, -32.995446494857603 ], [ -71.2505871237082, -32.995412845268199 ], [ -71.250606984984302, -32.995358804792303 ], [ -71.250684369389305, -32.9952285711191 ], [ -71.250745953804397, -32.995145146531797 ], [ -71.250837526165697, -32.995071918197603 ], [ -71.250968796556606, -32.995016897916898 ], [ -71.250959459118206, -32.994983663605701 ], [ -71.250682869624001, -32.994349232717497 ], [ -71.253877139259302, -32.993297220986101 ], [ -71.256559937845395, -32.9924221460764 ], [ -71.258101224582603, -32.991919617763202 ], [ -71.2592199344015, -32.991557710985298 ], [ -71.259413400563304, -32.991461334347001 ], [ -71.259226427816898, -32.9911215830397 ], [ -71.259226123872807, -32.991109659270798 ], [ -71.260447103888495, -32.990556689390097 ], [ -71.261914434924805, -32.989895158501298 ], [ -71.262585453873896, -32.990950679424301 ], [ -71.262828275550504, -32.991313106226002 ], [ -71.2633942339084, -32.992211626889997 ], [ -71.261372890640104, -32.992992668912301 ], [ -71.260593169647905, -32.993285308872601 ], [ -71.260593642787995, -32.993303857434398 ], [ -71.260462158042301, -32.993366992870598 ], [ -71.260586791777001, -32.993610112453602 ], [ -71.260468938473394, -32.993651614144902 ], [ -71.258003603381496, -32.9944588572803 ], [ -71.257750852412997, -32.994539778115097 ], [ -71.254904733112596, -32.995476007557897 ], [ -71.251907362047305, -32.996460631743197 ], [ -71.251598029904201, -32.996543754432999 ], [ -71.251300838403594, -32.995887248777798 ], [ -71.251198296260398, -32.995899280402703 ], [ -71.251113305566093, -32.995897234572404 ], [ -71.251015307563506, -32.995884687049298 ], [ -71.250951177562101, -32.995867949473997 ], [ -71.250891293909305, -32.9958511352702 ], [ -71.2508184019309, -32.995823819399199 ], [ -71.250737020556102, -32.995796656604 ], [ -71.250677862763197, -32.995808459866097 ], [ -71.250184161480107, -32.9959655258995 ], [ -71.250192602747802, -32.995985261853001 ], [ -71.250552354164398, -32.996826345488799 ], [ -71.251291386573797, -32.9985328717366 ], [ -71.252265469510306, -32.998357143511903 ], [ -71.252151578126998, -32.997818777968703 ], [ -71.253369795941097, -32.997625001251102 ], [ -71.253255179139501, -32.997126033940297 ], [ -71.253894085143003, -32.997076559683101 ], [ -71.253907427582206, -32.997183683105597 ], [ -71.253986595520999, -32.997513296245202 ], [ -71.255665834402706, -32.997212650797003 ], [ -71.255950331173594, -32.997155018608801 ], [ -71.256435152683693, -32.997069904098197 ], [ -71.257877184204105, -32.996830521625398 ], [ -71.258815233400199, -32.996679100160001 ], [ -71.259072711989106, -32.996644615509503 ], [ -71.259791779161205, -32.996530195618099 ], [ -71.260038416108799, -32.996486958155899 ], [ -71.260091482889806, -32.996458409773901 ], [ -71.261360661148004, -32.996044131408901 ], [ -71.262194956202705, -32.995785648906399 ], [ -71.262516118264102, -32.995667391597202 ], [ -71.263017940865396, -32.995500226974102 ], [ -71.263505077819005, -32.995312450341601 ], [ -71.263743111905896, -32.995209715465698 ], [ -71.263698453824901, -32.995124036948901 ], [ -71.264367782037695, -32.994864357582699 ], [ -71.264410349690095, -32.995006737934503 ], [ -71.264685051193695, -32.994954035904698 ], [ -71.264983226717106, -32.994896731209302 ], [ -71.265451656313004, -32.994835738118802 ], [ -71.265956568476597, -32.994762152483197 ], [ -71.266072571921796, -32.994741093028601 ] ], [ [ -71.262678293752302, -32.9899938942375 ], [ -71.262714416857307, -32.989989422183001 ], [ -71.262764318790502, -32.989992334511399 ], [ -71.262862689099606, -32.990208144239404 ], [ -71.262851953725303, -32.990231243364597 ], [ -71.262688121485894, -32.990295033376903 ], [ -71.262559479072905, -32.9900418573203 ], [ -71.262678293752302, -32.9899938942375 ] ] ] } },
{ "type": "Feature", "properties": { "id": "monoparte.225", "Name": null, "description": null, "timestamp": null, "begin": null, "end": null, "altitudeMode": null, "tessellate": -1, "extrude": 0, "visibility": -1, "drawOrder": null, "icon": null, "OBJECTID": 241.0, "REG": "Valparaíso", "COM": "Limache", "SHAPE_Leng": 3219.3203806299998, "SHAPE_Area": 314236.942316, "LOC": "Limache", "ZONA": "ZR1", "NOM": "ZR1 - Zona Residencial Mixto 1", "UPERM": "Residencial: Vivienda, hospedaje, hogares de Acogida; Equipamiento: comercio, culto y cultura, seguridad, social, educación. Ver destinos o actividades específicas en Ordenanza Local: Espacios Públicos; Áreas vedes", "UPROH": "Equipamiento: Estaciones o centros de servicio automotor del tipo Revisión técnica, discotecas, cárceles o centros de detención, zoológicos, parques de entretenciones, cementerios, cementerios-parque, crematorios.", "P_DO": "08/05/2025", "N_DO": "31/4/117", "T_DO": "Resolución", "OBS": null }, "geometry": { "type": "Polygon", "coordinates": [ [ [ -71.279165038477501, -32.990151742739897 ], [ -71.278514381913496, -32.989089224228103 ], [ -71.277828611619199, -32.989361956329901 ], [ -71.276835061082096, -32.987691925467203 ], [ -71.274033059127007, -32.988963407042498 ], [ -71.270819468136196, -32.9903866458856 ], [ -71.266612368905498, -32.992276238954403 ], [ -71.267579417514, -32.993833353916401 ], [ -71.265974847849705, -32.994470900867803 ], [ -71.266072571921796, -32.994741093028601 ], [ -71.266438473947503, -32.994674666504103 ], [ -71.266595068213903, -32.994642475781603 ], [ -71.266876612398505, -32.994580696633598 ], [ -71.267386485382104, -32.994452140111399 ], [ -71.267741321718105, -32.994350256618901 ], [ -71.268047320524303, -32.994276101224401 ], [ -71.268668020923499, -32.994053071607503 ], [ -71.269450719551202, -32.993750784280401 ], [ -71.269959643597204, -32.993546840391197 ], [ -71.270563657042999, -32.993249387121303 ], [ -71.270765086834103, -32.993155058381198 ], [ -71.270969467383296, -32.993065447679001 ], [ -71.271675075240594, -32.9927591409417 ], [ -71.272159321383896, -32.992542753358698 ], [ -71.272452970210196, -32.992401411981099 ], [ -71.2732319841286, -32.992032363529098 ], [ -71.273780991116794, -32.991774826465999 ], [ -71.274259325925797, -32.991521557989699 ], [ -71.274444582822596, -32.991431693301799 ], [ -71.274577174636605, -32.991345294217297 ], [ -71.274866565925905, -32.991236949531398 ], [ -71.275196412709803, -32.991116413538499 ], [ -71.275439291605693, -32.991048998208498 ], [ -71.275853513485103, -32.9909310745875 ], [ -71.276317707005006, -32.990838625051602 ], [ -71.2768017268005, -32.990744333230502 ], [ -71.277308477680194, -32.990633449215302 ], [ -71.277984105185496, -32.990497326552202 ], [ -71.2784209826698, -32.990377692391398 ], [ -71.278766506828404, -32.990272608112797 ], [ -71.279165038477501, -32.990151742739897 ] ] ] } },
{ "type": "Feature", "properties": { "id": "monoparte.226", "Name": null, "description": null, "timestamp": null, "begin": null, "end": null, "altitudeMode": null, "tessellate": -1, "extrude": 0, "visibility": -1, "drawOrder": null, "icon": null, "OBJECTID": 242.0, "REG": "Valparaíso", "COM": "Limache", "SHAPE_Leng": 1708.19599217, "SHAPE_Area": 108781.33457000001, "LOC": "Limache", "ZONA": "ZR3", "NOM": "ZR3 - Zona Residencial Mixto 3", "UPERM": "Residencial: Vivienda; Equipamiento: Científico, comercio, culto y cultura, seguridad, social, esparcimiento, deporte, salud, educación, Todos excepto los prohibidos; Infraestructura: Sanitaria y Transporte, Ver destinos o actividades específicas en O", "UPROH": "Equipamiento: Estaciones o centros de servicio automotor del tipo revisión técnica, discotecas, carceles o centros de detención, zoológicos, parques de entretenciones, cementerios, cementerios-parque, crematorios; Infraestructura: Transporte y Sanita", "P_DO": "08/05/2025", "N_DO": "31/4/117", "T_DO": "Resolución", "OBS": null }, "geometry": { "type": "Polygon", "coordinates": [ [ [ -71.278514381913496, -32.989089224228103 ], [ -71.279165038477501, -32.990151742739897 ], [ -71.280289191361604, -32.9898108041588 ], [ -71.280373612109997, -32.989955992856501 ], [ -71.280570103177894, -32.990283775991003 ], [ -71.28101199788, -32.9901739730008 ], [ -71.281735877055397, -32.990227782957902 ], [ -71.281670692403395, -32.990107771985301 ], [ -71.281261864262405, -32.989448423666701 ], [ -71.281051462137498, -32.989127313597102 ], [ -71.280444801530095, -32.989381760282001 ], [ -71.280398817120499, -32.989311024431998 ], [ -71.281010275778499, -32.989045038103903 ], [ -71.280486991660695, -32.9881867984449 ], [ -71.280607799579798, -32.9881287619285 ], [ -71.280646587243695, -32.988183882041803 ], [ -71.280958551271993, -32.9880293023867 ], [ -71.281498610736605, -32.987789491672103 ], [ -71.281151244111001, -32.987162391629603 ], [ -71.281394294497403, -32.987036269038498 ], [ -71.2807266073969, -32.985908049854999 ], [ -71.278923936770795, -32.986748573348002 ], [ -71.278475912294198, -32.986940466475602 ], [ -71.277464570950798, -32.987401290817701 ], [ -71.278514381913496, -32.989089224228103 ] ] ] } },
{ "type": "Feature", "properties": { "id": "monoparte.227", "Name": null, "description": null, "timestamp": null, "begin": null, "end": null, "altitudeMode": null, "tessellate": -1, "extrude": 0, "visibility": -1, "drawOrder": null, "icon": null, "OBJECTID": 243.0, "REG": "Valparaíso", "COM": "Limache", "SHAPE_Leng": 115.064267155, "SHAPE_Area": 633.10161671799995, "LOC": "Limache", "ZONA": "AV", "NOM": "AV - Áreas verdes Existentes (Art.2.1.30)", "UPERM": "Se regirán según lo dispuesto en el Art. 2.1.30 de la OGUC y considerarán las siguientes normas urbanísticas.", "UPROH": null, "P_DO": "08/05/2025", "N_DO": "31/4/117", "T_DO": "Resolución", "OBS": null }, "geometry": { "type": "Polygon", "coordinates": [ [ [ -71.268203917973807, -32.990939383077503 ], [ -71.268288015061501, -32.991069590206301 ], [ -71.268605872589603, -32.990936847933099 ], [ -71.268581402601399, -32.990865716416401 ], [ -71.268648951522707, -32.990850173203697 ], [ -71.268587511935095, -32.990772555661302 ], [ -71.268203917973807, -32.990939383077503 ] ] ] } },
{ "type": "Feature", "properties": { "id": "monoparte.228", "Name": null, "description": null, "timestamp": null, "begin": null, "end": null, "altitudeMode": null, "tessellate": -1, "extrude": 0, "visibility": -1, "drawOrder": null, "icon": null, "OBJECTID": 244.0, "REG": "Valparaíso", "COM": "Limache", "SHAPE_Leng": 3982.6508268399998, "SHAPE_Area": 278720.02036800003, "LOC": "Limache", "ZONA": "ZC1b", "NOM": "ZC1b - Zona Centro Mixto Residencial 1b", "UPERM": "Residencia: vivienda, hospedaje, hogares de acogida; Equipamientos: Comercio, servicios, culto y cultura, seguridad, social, educación, salud, todos, excepto los señalados como prohibidos; Espacio Público; Áreas Verdes", "UPROH": "Equipamientos: Científicos, esparciniento, deporte. Y Estaciones de servicio automotor, Discotecas. Cárceles o Centros de Detención. Cementerios, Cementerios-Parque, Crematorios; Infraestructura; actividad Productiva", "P_DO": "08/05/2025", "N_DO": "31/4/117", "T_DO": "Resolución", "OBS": null }, "geometry": { "type": "Polygon", "coordinates": [ [ [ -71.273062392064602, -32.987217067534303 ], [ -71.272119709924496, -32.987655928842997 ], [ -71.270783115454293, -32.988249884888297 ], [ -71.270119838096505, -32.988548319185298 ], [ -71.2701742128517, -32.9886415899269 ], [ -71.269565157694402, -32.988903185095303 ], [ -71.269511690586995, -32.9888219431393 ], [ -71.2689862852895, -32.989058335291503 ], [ -71.268900681323203, -32.988921510981001 ], [ -71.268349987208893, -32.989157146506003 ], [ -71.2685158913946, -32.989432096082297 ], [ -71.268284113340897, -32.989535084819302 ], [ -71.268238724151601, -32.9894872378581 ], [ -71.268144271360399, -32.989314307283998 ], [ -71.268108741850796, -32.989260371910902 ], [ -71.268021356536195, -32.989297762190098 ], [ -71.2681045028895, -32.989449266280403 ], [ -71.266077112240794, -32.990377223149402 ], [ -71.264142804794901, -32.991228448921298 ], [ -71.2651448356618, -32.992912661804603 ], [ -71.266612368905498, -32.992276238954403 ], [ -71.270819468136196, -32.9903866458856 ], [ -71.274033059127007, -32.988963407042498 ], [ -71.276835061082096, -32.987691925467203 ], [ -71.277464570950798, -32.987401290817701 ], [ -71.278475912294198, -32.986940466475602 ], [ -71.277932949783406, -32.986010401009999 ], [ -71.277416407898798, -32.9852432247934 ], [ -71.275850414054602, -32.985941030088703 ], [ -71.275138306069493, -32.986289534151098 ], [ -71.275141057553796, -32.987008641582101 ], [ -71.273780793916799, -32.987640017821903 ], [ -71.273778484968503, -32.987637101252801 ], [ -71.273062392064602, -32.987217067534303 ] ], [ [ -71.275860716142105, -32.987202935755498 ], [ -71.276077413934999, -32.987097584205301 ], [ -71.276283757372795, -32.987415915219103 ], [ -71.276048514901206, -32.987517297694197 ], [ -71.275860716142105, -32.987202935755498 ] ], [ [ -71.272679948132094, -32.988847664937502 ], [ -71.271920783252696, -32.989175352814499 ], [ -71.271627813117505, -32.988666406898702 ], [ -71.272386048591102, -32.988316193174199 ], [ -71.272679948132094, -32.988847664937502 ] ], [ [ -71.268605872589603, -32.990936847933099 ], [ -71.268288015061501, -32.991069590206301 ], [ -71.268203917973807, -32.990939383077503 ], [ -71.268587511935095, -32.990772555661302 ], [ -71.268648951522707, -32.990850173203697 ], [ -71.268581402601399, -32.990865716416401 ], [ -71.268605872589603, -32.990936847933099 ] ] ] } },
{ "type": "Feature", "properties": { "id": "monoparte.229", "Name": null, "description": null, "timestamp": null, "begin": null, "end": null, "altitudeMode": null, "tessellate": -1, "extrude": 0, "visibility": -1, "drawOrder": null, "icon": null, "OBJECTID": 245.0, "REG": "Valparaíso", "COM": "Limache", "SHAPE_Leng": 543.41493693799998, "SHAPE_Area": 12732.267349399999, "LOC": "Limache", "ZONA": "ZC1", "NOM": "ZC1 - Zona Centro Mixto Residencial 1", "UPERM": "Residencial: Vivienda, hospedaje, hogares de Acogida; Equipamiento: comercio, servicios, culto y cultura, seguridad, social, educación. Todas, excepto las prohibidas, Ver destinos o actividades específicas en Ordenanza Loca; Espacio Público y Áreas V", "UPROH": "Equipamiento: Estaciones de servicio y centros de servicio automotor del tipo revisión técnica, cementerios-parque, crematorios, centro orientación o rehabilitación conductual.", "P_DO": "08/05/2025", "N_DO": "31/4/117", "T_DO": "Resolución", "OBS": null }, "geometry": { "type": "Polygon", "coordinates": [ [ [ -71.272119709924496, -32.987655928842997 ], [ -71.273062392064602, -32.987217067534303 ], [ -71.272269513348505, -32.986751983881902 ], [ -71.272291491742394, -32.9859234627056 ], [ -71.271446346326599, -32.986289892641601 ], [ -71.271360838826695, -32.986351542308597 ], [ -71.272034764879095, -32.987517304780098 ], [ -71.272119709924496, -32.987655928842997 ] ] ] } },
{ "type": "Feature", "properties": { "id": "monoparte.230", "Name": null, "description": null, "timestamp": null, "begin": null, "end": null, "altitudeMode": null, "tessellate": -1, "extrude": 0, "visibility": -1, "drawOrder": null, "icon": null, "OBJECTID": 246.0, "REG": "Valparaíso", "COM": "Limache", "SHAPE_Leng": 1017.02267591, "SHAPE_Area": 7532.09179804, "LOC": "Limache", "ZONA": "ZAV", "NOM": "ZAV - Zona de Área verde", "UPERM": "Para los efectos de la aplicación del Art. 2.1.31 de la OGUC, las condiciones de edificación para los usos complementarios son las siguientes: sup. subdivisón mínima: 2.500 m2; sistema de agrupamiento: aislado; Altura máxima: 3.5 metros; Antejardín", "UPROH": null, "P_DO": "08/05/2025", "N_DO": "31/4/117", "T_DO": "Resolución", "OBS": null }, "geometry": { "type": "Polygon", "coordinates": [ [ [ -71.270422231913003, -32.979429801998002 ], [ -71.270487586447203, -32.979487558791398 ], [ -71.270586209658504, -32.979608041163701 ], [ -71.270907195792006, -32.9801211316611 ], [ -71.271092435935998, -32.980445820574701 ], [ -71.2713305981855, -32.980681506493198 ], [ -71.271403087410903, -32.980859128758802 ], [ -71.271425866633095, -32.980919554367397 ], [ -71.271394387207707, -32.981016756028701 ], [ -71.271354968557702, -32.981135574622897 ], [ -71.271243764159905, -32.981270014785999 ], [ -71.271123247879999, -32.981372414697702 ], [ -71.270967675754704, -32.981432506506799 ], [ -71.270802150644002, -32.981435518095097 ], [ -71.270619006208506, -32.981413798483899 ], [ -71.270216108472596, -32.9812672374117 ], [ -71.270013789504105, -32.981159973967898 ], [ -71.269761992330402, -32.981145087091001 ], [ -71.269773147692703, -32.981193795154098 ], [ -71.269720863123894, -32.981197131977297 ], [ -71.2696927811851, -32.981205992843002 ], [ -71.269686135425701, -32.981222815006397 ], [ -71.269690806197104, -32.981239431384402 ], [ -71.269802449552003, -32.981232629092702 ], [ -71.269975720175296, -32.981255722507797 ], [ -71.270054264481303, -32.981282925477302 ], [ -71.270141532405901, -32.981337604759403 ], [ -71.270406344754207, -32.981453275341501 ], [ -71.270603046193898, -32.981506958239798 ], [ -71.270771859223601, -32.9815217814173 ], [ -71.270969771968097, -32.981512215506598 ], [ -71.271129557121597, -32.9814508540166 ], [ -71.271284120088595, -32.981351413587802 ], [ -71.271393868697601, -32.981248016463198 ], [ -71.271506060065803, -32.981052718063097 ], [ -71.271515818257299, -32.980969511873397 ], [ -71.271501196564103, -32.980796562682002 ], [ -71.271469727623099, -32.980687527702202 ], [ -71.271257144333504, -32.9804337203445 ], [ -71.271290120447404, -32.980394946504902 ], [ -71.2712825477998, -32.980364544744603 ], [ -71.271079312608705, -32.980122020057301 ], [ -71.271124134988995, -32.980094831914201 ], [ -71.270948809757499, -32.979880906722897 ], [ -71.270914571080695, -32.979759849328701 ], [ -71.270865756922106, -32.979622356690697 ], [ -71.270696742851996, -32.979212673475601 ], [ -71.270616684852399, -32.979070976133599 ], [ -71.270475376993602, -32.978858817371801 ], [ -71.270428756255697, -32.978795866574004 ], [ -71.270322843132504, -32.978639369972399 ], [ -71.270300413160498, -32.978552957430601 ], [ -71.270226786750101, -32.978674997652199 ], [ -71.270223401355295, -32.978762030334103 ], [ -71.270250818848993, -32.978970534821798 ], [ -71.270310419208002, -32.979175591772197 ], [ -71.270422231913003, -32.979429801998002 ] ] ] } },
{ "type": "Feature", "properties": { "id": "monoparte.231", "Name": null, "description": null, "timestamp": null, "begin": null, "end": null, "altitudeMode": null, "tessellate": -1, "extrude": 0, "visibility": -1, "drawOrder": null, "icon": null, "OBJECTID": 247.0, "REG": "Valparaíso", "COM": "Limache", "SHAPE_Leng": 128.67426616200001, "SHAPE_Area": 634.38974550099999, "LOC": "Limache", "ZONA": "AV", "NOM": "AV - Áreas verdes Existentes (Art.2.1.30)", "UPERM": "Se regirán según lo dispuesto en el Art. 2.1.30 de la OGUC y considerarán las siguientes normas urbanísticas.", "UPROH": null, "P_DO": "08/05/2025", "N_DO": "31/4/117", "T_DO": "Resolución", "OBS": null }, "geometry": { "type": "Polygon", "coordinates": [ [ [ -71.261879641008804, -32.987313204368398 ], [ -71.261945986057, -32.987447781343803 ], [ -71.2620187050738, -32.987424318144598 ], [ -71.261985651426798, -32.9873643745468 ], [ -71.262015991862597, -32.987351077483403 ], [ -71.2620740667261, -32.987343245515703 ], [ -71.262064748935401, -32.987341806579003 ], [ -71.262011973383593, -32.9872468546614 ], [ -71.261981469631294, -32.987218570420403 ], [ -71.261954672082695, -32.98710389795 ], [ -71.261904427665698, -32.9870031730797 ], [ -71.261750133528196, -32.9870505023558 ], [ -71.261840660686204, -32.987234132881703 ], [ -71.261849271127303, -32.987234772177104 ], [ -71.261879641008804, -32.987313204368398 ] ] ] } },
{ "type": "Feature", "properties": { "id": "monoparte.232", "Name": null, "description": null, "timestamp": null, "begin": null, "end": null, "altitudeMode": null, "tessellate": -1, "extrude": 0, "visibility": -1, "drawOrder": null, "icon": null, "OBJECTID": 250.0, "REG": "Valparaíso", "COM": "Limache", "SHAPE_Leng": 247.31747719699999, "SHAPE_Area": 953.20239582600004, "LOC": "Limache", "ZONA": "ZAV", "NOM": "ZAV - Zona de Área verde", "UPERM": "Para los efectos de la aplicación del Art. 2.1.31 de la OGUC, las condiciones de edificación para los usos complementarios son las siguientes: sup. subdivisón mínima: 2.500 m2; sistema de agrupamiento: aislado; Altura máxima: 3.5 metros; Antejardín", "UPROH": null, "P_DO": "08/05/2025", "N_DO": "31/4/117", "T_DO": "Resolución", "OBS": null }, "geometry": { "type": "Polygon", "coordinates": [ [ [ -71.262011973383593, -32.9872468546614 ], [ -71.262064748935401, -32.987341806579003 ], [ -71.262101611967594, -32.987347502087701 ], [ -71.262278720806094, -32.987276532408302 ], [ -71.262321658448599, -32.987272891020403 ], [ -71.262467610356495, -32.9872234813338 ], [ -71.262486317005298, -32.987202146740103 ], [ -71.262498974328395, -32.987165651554101 ], [ -71.262576671435596, -32.987104118737399 ], [ -71.262718045607102, -32.986964128792302 ], [ -71.262835162484294, -32.986716736282801 ], [ -71.262837205832398, -32.9866193542926 ], [ -71.262815432822293, -32.986609251772698 ], [ -71.262774588093194, -32.986606174302203 ], [ -71.262747837166998, -32.986622883616199 ], [ -71.262748924348202, -32.986724661697103 ], [ -71.262712520249195, -32.986795705196798 ], [ -71.262654481608294, -32.986906508667801 ], [ -71.262565072944, -32.987008336689399 ], [ -71.262433827924198, -32.987134782501201 ], [ -71.262372518450903, -32.987172874720599 ], [ -71.262265780952006, -32.987205826193701 ], [ -71.262189774251794, -32.987222712234903 ], [ -71.262029586623399, -32.987248162186397 ], [ -71.262011973383593, -32.9872468546614 ] ] ] } },
{ "type": "Feature", "properties": { "id": "monoparte.233", "Name": null, "description": null, "timestamp": null, "begin": null, "end": null, "altitudeMode": null, "tessellate": -1, "extrude": 0, "visibility": -1, "drawOrder": null, "icon": null, "OBJECTID": 253.0, "REG": "Valparaíso", "COM": "Limache", "SHAPE_Leng": 590.45674012899997, "SHAPE_Area": 12646.761283, "LOC": "Limache", "ZONA": "ZR1", "NOM": "ZR1 - Zona Residencial Mixto 1", "UPERM": "Residencial: Vivienda, hospedaje, hogares de Acogida; Equipamiento: comercio, culto y cultura, seguridad, social, educación. Ver destinos o actividades específicas en Ordenanza Local: Espacios Públicos; Áreas vedes", "UPROH": "Equipamiento: Estaciones o centros de servicio automotor del tipo Revisión técnica, discotecas, cárceles o centros de detención, zoológicos, parques de entretenciones, cementerios, cementerios-parque, crematorios.", "P_DO": "08/05/2025", "N_DO": "31/4/117", "T_DO": "Resolución", "OBS": null }, "geometry": { "type": "Polygon", "coordinates": [ [ [ -71.259614155483902, -32.987962207209002 ], [ -71.259792598148806, -32.987918915949599 ], [ -71.260008250765196, -32.9878828012707 ], [ -71.260173060525304, -32.987851186051302 ], [ -71.260631019883107, -32.987824997193499 ], [ -71.261258944330606, -32.987802885327 ], [ -71.261492396653196, -32.987798655249499 ], [ -71.261681936355004, -32.987769260914902 ], [ -71.2621903083663, -32.987735523980596 ], [ -71.2620187050738, -32.987424318144598 ], [ -71.261945986057, -32.987447781343803 ], [ -71.261879641008804, -32.987313204368398 ], [ -71.261832922009603, -32.987305985810501 ], [ -71.261587102724803, -32.987324755902399 ], [ -71.261339659026106, -32.987346418005998 ], [ -71.261138878186998, -32.987332877475403 ], [ -71.260955568512699, -32.987271780050101 ], [ -71.260768206540007, -32.987184987299202 ], [ -71.260686620438506, -32.987116319714502 ], [ -71.260641383254494, -32.987083915892697 ], [ -71.260608719150596, -32.987079735481998 ], [ -71.260563778891097, -32.9870936717817 ], [ -71.260526763651797, -32.987140867209597 ], [ -71.260461421345397, -32.987187382677298 ], [ -71.260380394082304, -32.987229410121301 ], [ -71.260334250548695, -32.987251719256797 ], [ -71.260279648807199, -32.987275373675999 ], [ -71.260178722085996, -32.987314183233799 ], [ -71.260070204797501, -32.987332849771903 ], [ -71.260027225396996, -32.987368222887802 ], [ -71.259948351594502, -32.987388340875498 ], [ -71.2598677494816, -32.987447061642897 ], [ -71.259862285931007, -32.987510386904297 ], [ -71.259831247705606, -32.987625471407 ], [ -71.259840710162905, -32.987663474829702 ], [ -71.259788009357706, -32.9877061820021 ], [ -71.259751922027704, -32.987734273029901 ], [ -71.259607528414307, -32.9877893765997 ], [ -71.259539051291995, -32.987824019085302 ], [ -71.259543873662295, -32.987846598211704 ], [ -71.259589670863804, -32.987878723567597 ], [ -71.259615988925106, -32.987911649759099 ], [ -71.259614155483902, -32.987962207209002 ] ] ] } },
{ "type": "Feature", "properties": { "id": "monoparte.234", "Name": null, "description": null, "timestamp": null, "begin": null, "end": null, "altitudeMode": null, "tessellate": -1, "extrude": 0, "visibility": -1, "drawOrder": null, "icon": null, "OBJECTID": 254.0, "REG": "Valparaíso", "COM": "Limache", "SHAPE_Leng": 693.40108711799996, "SHAPE_Area": 19211.3238122, "LOC": "Limache", "ZONA": "ZR4", "NOM": "ZR4 - Zona Residencial Mixto 4", "UPERM": "Residencial: Vivienda, hospedaje, hogares de acogida; Equipamiento: Científico, comercio, culto y cultura, seguridad, social, esparcimiento, deporte, salud, educación, Todos excepto los prohibidos; Infraestructura: Sanitaria y Transporte, Ver destinos", "UPROH": "Equipamiento: Estaciones o centros de servicio automotor del tipo revisión técnica, discotecas, carceles o centros de detención, zoológicos, parques de entretenciones, cementerios, cementerios-parque, crematorios; Infraestructura: Sanitaria: Ver deta", "P_DO": "08/05/2025", "N_DO": "31/4/117", "T_DO": "Resolución", "OBS": null }, "geometry": { "type": "Polygon", "coordinates": [ [ [ -71.258051533592905, -32.986920308896899 ], [ -71.258547765158198, -32.9858136834333 ], [ -71.258523879135396, -32.985803477709702 ], [ -71.258366904383493, -32.985775778612698 ], [ -71.257950940707403, -32.985716500233501 ], [ -71.257580835724397, -32.985679295456002 ], [ -71.257269247359204, -32.985627669074397 ], [ -71.257040144781897, -32.985583840093703 ], [ -71.256837749932103, -32.9855512351999 ], [ -71.256732792692802, -32.9855206843838 ], [ -71.256651153022403, -32.9855164344172 ], [ -71.256540278882895, -32.985520348108601 ], [ -71.256347910734505, -32.985525735033903 ], [ -71.256224795712896, -32.985493603942999 ], [ -71.256078557666299, -32.985442803307301 ], [ -71.2559822190548, -32.985394917657601 ], [ -71.255909973526997, -32.9854038586708 ], [ -71.255769767824901, -32.985412118964 ], [ -71.255909123237501, -32.985726446447103 ], [ -71.255983916652596, -32.985773130900498 ], [ -71.256583984075604, -32.986026938178703 ], [ -71.256667927325196, -32.986099383063703 ], [ -71.256793101002899, -32.986123364295402 ], [ -71.256900628846097, -32.986121419883503 ], [ -71.256951289695195, -32.986109767489602 ], [ -71.256994553886798, -32.986141193909603 ], [ -71.257031169613398, -32.986189442811003 ], [ -71.257103459996003, -32.986248975817198 ], [ -71.257138630538094, -32.986296057800999 ], [ -71.2571603432568, -32.986305500535401 ], [ -71.257209145895004, -32.986332055537197 ], [ -71.257253887035603, -32.986365842088503 ], [ -71.257274149339395, -32.986383369998102 ], [ -71.257272018900494, -32.986410846157398 ], [ -71.257297789107497, -32.9864223093509 ], [ -71.257350867003694, -32.986449979987903 ], [ -71.257391879656097, -32.986504113437597 ], [ -71.257416721894103, -32.986534680786697 ], [ -71.257422957499699, -32.986557234452498 ], [ -71.257429783352805, -32.986658511261702 ], [ -71.257461608141497, -32.9866853732455 ], [ -71.257509300877402, -32.986723877480898 ], [ -71.257534172520096, -32.986755637289903 ], [ -71.257550343083096, -32.986779204256599 ], [ -71.257558025093601, -32.986802923866797 ], [ -71.257578410107598, -32.986825221576403 ], [ -71.257857269141795, -32.986881016435298 ], [ -71.258051533592905, -32.986920308896899 ] ] ] } },
{ "type": "Feature", "properties": { "id": "monoparte.235", "Name": null, "description": null, "timestamp": null, "begin": null, "end": null, "altitudeMode": null, "tessellate": -1, "extrude": 0, "visibility": -1, "drawOrder": null, "icon": null, "OBJECTID": 255.0, "REG": "Valparaíso", "COM": "Limache", "SHAPE_Leng": 481.05365494900002, "SHAPE_Area": 12222.572970699999, "LOC": "Limache", "ZONA": "ZC2", "NOM": "ZC2 - Zona Centro Mixto Residencial 2", "UPERM": "Residencial: Vivienda, hospedaje, hogares de acogida; Equipamiento: Comercio, servicios, culto y cultura, deporte, seguridad, social, esparcimiento, educación, salud, Todos excepto los prohibidos; Ver destinos o actividades específicas en Ordenanza Loc", "UPROH": "Equipamiento: Centros de servicio automotor del tipo revisión técnica, discotecas, carceles o centros de detención, zoológicos, parques de entretenciones, cementerios-parque, crematorios.", "P_DO": "08/05/2025", "N_DO": "31/4/117", "T_DO": "Resolución", "OBS": null }, "geometry": { "type": "Polygon", "coordinates": [ [ [ -71.271777242677004, -33.018379566575099 ], [ -71.271730062225799, -33.018270186567399 ], [ -71.272187970489796, -33.018080638278398 ], [ -71.271910722132006, -33.017550788176102 ], [ -71.271907135213695, -33.0175433563941 ], [ -71.270328728382495, -33.018164678769402 ], [ -71.2706854118709, -33.018816264107102 ], [ -71.271119193887401, -33.018648745680402 ], [ -71.271777242677004, -33.018379566575099 ] ] ] } },
{ "type": "Feature", "properties": { "id": "monoparte.236", "Name": null, "description": null, "timestamp": null, "begin": null, "end": null, "altitudeMode": null, "tessellate": -1, "extrude": 0, "visibility": -1, "drawOrder": null, "icon": null, "OBJECTID": 256.0, "REG": "Valparaíso", "COM": "Limache", "SHAPE_Leng": 713.48163662100001, "SHAPE_Area": 3747.5868455499999, "LOC": "Limache", "ZONA": "ZAV", "NOM": "ZAV - Zona de Área verde", "UPERM": "Para los efectos de la aplicación del Art. 2.1.31 de la OGUC, las condiciones de edificación para los usos complementarios son las siguientes: sup. subdivisón mínima: 2.500 m2; sistema de agrupamiento: aislado; Altura máxima: 3.5 metros; Antejardín", "UPROH": null, "P_DO": "08/05/2025", "N_DO": "31/4/117", "T_DO": "Resolución", "OBS": null }, "geometry": { "type": "Polygon", "coordinates": [ [ [ -71.267432594517302, -33.017613602333903 ], [ -71.267397452588199, -33.017734763983299 ], [ -71.267598584935001, -33.017728372971298 ], [ -71.267925809781303, -33.017692004755403 ], [ -71.267971191548497, -33.0176947578084 ], [ -71.268022662631793, -33.0177141022738 ], [ -71.268051701917003, -33.017742204733899 ], [ -71.2680581272068, -33.017771911358999 ], [ -71.268054705659495, -33.0178041830358 ], [ -71.267993490110499, -33.017901923521698 ], [ -71.267959481198602, -33.017956224586101 ], [ -71.267943627310004, -33.0180006514897 ], [ -71.267928822312001, -33.0180307441032 ], [ -71.267919576918501, -33.018112031462302 ], [ -71.267939594106906, -33.018174893458799 ], [ -71.267948789160101, -33.018202163711301 ], [ -71.267962351611402, -33.018234126599097 ], [ -71.267960314902496, -33.018265180084697 ], [ -71.267958598492001, -33.018282914368697 ], [ -71.267899369716801, -33.018314530626803 ], [ -71.267736998829903, -33.018388104559598 ], [ -71.267657731031704, -33.018433445269302 ], [ -71.267598109480502, -33.018473262695501 ], [ -71.267560597386094, -33.0185013820197 ], [ -71.267548184864907, -33.018569605620101 ], [ -71.267535904036706, -33.018587722205702 ], [ -71.267536187783406, -33.018875215337602 ], [ -71.267517583627097, -33.018978146068903 ], [ -71.267505487053796, -33.019003417362804 ], [ -71.267511442483894, -33.019070114061101 ], [ -71.267530269685096, -33.019086473063702 ], [ -71.267538934908103, -33.019148347559501 ], [ -71.267609864777697, -33.019263966846999 ], [ -71.2676873831021, -33.019399774536097 ], [ -71.267735769825904, -33.019431343322999 ], [ -71.2677761252274, -33.019503139803199 ], [ -71.267822857972305, -33.019558597015703 ], [ -71.267843157902703, -33.019599264607599 ], [ -71.267996273642794, -33.019876892192201 ], [ -71.268090169391101, -33.019839078163201 ], [ -71.267966644662394, -33.019640824510802 ], [ -71.267936565143899, -33.019572181338397 ], [ -71.267900519494106, -33.019491716528499 ], [ -71.267881885830903, -33.019427637282099 ], [ -71.267779573516506, -33.0193030455195 ], [ -71.267653699287095, -33.019143094400498 ], [ -71.267641002508398, -33.019089643371103 ], [ -71.267632836417505, -33.0189919704126 ], [ -71.267627460111697, -33.018947929482003 ], [ -71.267626574460806, -33.018913350997302 ], [ -71.267655838394006, -33.018894924770599 ], [ -71.267653130872205, -33.018733927558998 ], [ -71.267651883341898, -33.018574643271201 ], [ -71.2676651814579, -33.018540999051297 ], [ -71.267716327569005, -33.0184923515734 ], [ -71.267779316280198, -33.018463769050797 ], [ -71.267890303095598, -33.018429541836497 ], [ -71.2679898158204, -33.018389558991601 ], [ -71.268039943321796, -33.018356438133701 ], [ -71.268084470169896, -33.018325805107601 ], [ -71.268097890277701, -33.018296930667098 ], [ -71.268088360237897, -33.018256544310503 ], [ -71.268056316984499, -33.018166463571703 ], [ -71.268038263887604, -33.0181250391636 ], [ -71.268028641188707, -33.018081075455001 ], [ -71.268046368646097, -33.018054508725399 ], [ -71.268049445977894, -33.018020791496902 ], [ -71.268076082796796, -33.017999311839603 ], [ -71.268097848778297, -33.017964559567801 ], [ -71.268101473327107, -33.017929182193498 ], [ -71.268133926242101, -33.0178694231614 ], [ -71.2681622413741, -33.017825007720504 ], [ -71.268175347613195, -33.017761782455601 ], [ -71.268165345004903, -33.017680845058798 ], [ -71.268154372663005, -33.017650505129701 ], [ -71.268117113598805, -33.017611099971397 ], [ -71.268066610587098, -33.017585295868699 ], [ -71.267661796678098, -33.017613651669201 ], [ -71.267561452527502, -33.0176026709334 ], [ -71.267432594517302, -33.017613602333903 ] ] ] } },
{ "type": "Feature", "properties": { "id": "monoparte.237", "Name": null, "description": null, "timestamp": null, "begin": null, "end": null, "altitudeMode": null, "tessellate": -1, "extrude": 0, "visibility": -1, "drawOrder": null, "icon": null, "OBJECTID": 257.0, "REG": "Valparaíso", "COM": "Limache", "SHAPE_Leng": 1203.16834275, "SHAPE_Area": 20680.234545700001, "LOC": "Limache", "ZONA": "ZPP", "NOM": "ZPP - Plazas y Parques públicos proyectados", "UPERM": "REVISAR ORDENANZA LOCAL", "UPROH": "REVISAR ORDENANZA LOCAL", "P_DO": "08/05/2025", "N_DO": "31/4/117", "T_DO": "Resolución", "OBS": null }, "geometry": { "type": "Polygon", "coordinates": [ [ [ -71.269057799061002, -33.014328456631297 ], [ -71.269087376885693, -33.014418709158299 ], [ -71.2691008742365, -33.014503400932 ], [ -71.269133396221505, -33.014620452990698 ], [ -71.269157284019897, -33.014723804055301 ], [ -71.269185315489807, -33.014878376469603 ], [ -71.269205058735494, -33.014930506178104 ], [ -71.269249320645301, -33.0150000841289 ], [ -71.269290171285306, -33.015047058727703 ], [ -71.269459243229704, -33.015179978083303 ], [ -71.269476990691203, -33.015209478662698 ], [ -71.269482275884002, -33.015249942145999 ], [ -71.269511528698104, -33.015286391468798 ], [ -71.269529765169494, -33.015334969498298 ], [ -71.2695537462902, -33.015440555994303 ], [ -71.269563522170202, -33.015490480949801 ], [ -71.269565846761196, -33.015713756941302 ], [ -71.269547666993603, -33.015799978987097 ], [ -71.269548351981499, -33.015893015882199 ], [ -71.269536965608495, -33.015979114332403 ], [ -71.269543122960698, -33.016020444749202 ], [ -71.269568146970499, -33.016068661216401 ], [ -71.269604985655803, -33.016113799683403 ], [ -71.269659469288698, -33.016184385395299 ], [ -71.269689442328797, -33.0162267857052 ], [ -71.269697482832299, -33.016275311144199 ], [ -71.269695479862705, -33.016329745403503 ], [ -71.269666853194806, -33.016406137335103 ], [ -71.269622683874701, -33.016472790941101 ], [ -71.269621240684501, -33.0165269760518 ], [ -71.269556499870703, -33.016564419432498 ], [ -71.269478611057494, -33.016619280237698 ], [ -71.269457463289001, -33.0166781188423 ], [ -71.2694281445158, -33.016771701572601 ], [ -71.269396621931307, -33.016867709506201 ], [ -71.269380951196894, -33.016963429957201 ], [ -71.269378279603302, -33.017036008680002 ], [ -71.269402024260103, -33.017133731743598 ], [ -71.269437067700196, -33.0171750858145 ], [ -71.269483727848197, -33.017227680704003 ], [ -71.269614272100895, -33.017282566502899 ], [ -71.269698890807305, -33.017313474434999 ], [ -71.269742453809897, -33.017333677155897 ], [ -71.2697907422356, -33.017361429862198 ], [ -71.2698032882098, -33.017408918355102 ], [ -71.269806823645297, -33.017458480696 ], [ -71.269786135521102, -33.017535205226402 ], [ -71.269709552406596, -33.017729376559501 ], [ -71.269700087544393, -33.017802079780203 ], [ -71.269720454205, -33.017889509476198 ], [ -71.2697489828453, -33.0180302335121 ], [ -71.269815945478697, -33.018256150367499 ], [ -71.269863369397598, -33.018377206137899 ], [ -71.269921817479997, -33.018447718633098 ], [ -71.2699622686943, -33.0185066294001 ], [ -71.269969322414198, -33.018643688089497 ], [ -71.269972838144199, -33.018780812059099 ], [ -71.269971220476606, -33.019092065404202 ], [ -71.2706854118709, -33.018816264107102 ], [ -71.270328728382495, -33.018164678769402 ], [ -71.270143510831005, -33.0176603289977 ], [ -71.270026858865705, -33.017318886749898 ], [ -71.269976233031798, -33.017133709338303 ], [ -71.269948867928406, -33.016729086326798 ], [ -71.269936698565004, -33.0159588850522 ], [ -71.269918173838803, -33.015806555663303 ], [ -71.269885759012595, -33.015646815070397 ], [ -71.269858607554596, -33.015515609124797 ], [ -71.269806896839697, -33.015354310599399 ], [ -71.269784609417897, -33.0152802769923 ], [ -71.269686295853404, -33.015051947396998 ], [ -71.269635349834701, -33.014920458308303 ], [ -71.269594013694302, -33.014832455999802 ], [ -71.269557883214901, -33.014748653985201 ], [ -71.269504072652694, -33.0146379733335 ], [ -71.269468199038499, -33.014564186816102 ], [ -71.269438073752099, -33.0145191173226 ], [ -71.269405621345896, -33.014446222592802 ], [ -71.269359044549603, -33.014352589436903 ], [ -71.269257501070399, -33.014270654449703 ], [ -71.269057799061002, -33.014328456631297 ] ] ] } },
{ "type": "Feature", "properties": { "id": "monoparte.238", "Name": null, "description": null, "timestamp": null, "begin": null, "end": null, "altitudeMode": null, "tessellate": -1, "extrude": 0, "visibility": -1, "drawOrder": null, "icon": null, "OBJECTID": 258.0, "REG": "Valparaíso", "COM": "Limache", "SHAPE_Leng": 1105.8599536300001, "SHAPE_Area": 4742.0785409199998, "LOC": "Limache", "ZONA": "ZAV", "NOM": "ZAV - Zona de Área verde", "UPERM": "Para los efectos de la aplicación del Art. 2.1.31 de la OGUC, las condiciones de edificación para los usos complementarios son las siguientes: sup. subdivisón mínima: 2.500 m2; sistema de agrupamiento: aislado; Altura máxima: 3.5 metros; Antejardín", "UPROH": null, "P_DO": "08/05/2025", "N_DO": "31/4/117", "T_DO": "Resolución", "OBS": null }, "geometry": { "type": "Polygon", "coordinates": [ [ [ -71.273120145161897, -33.023810696788701 ], [ -71.273225246569098, -33.023908256364798 ], [ -71.273427938809604, -33.024081116409697 ], [ -71.273630828938394, -33.024151380193999 ], [ -71.274335013608706, -33.024331797589298 ], [ -71.274814232127497, -33.024436983126897 ], [ -71.274973618659601, -33.024467478553603 ], [ -71.275038471514193, -33.024566501923601 ], [ -71.275338543635598, -33.024561028368197 ], [ -71.275507967289997, -33.024541237339797 ], [ -71.275564461173204, -33.024535434663299 ], [ -71.275598676725394, -33.024544353586002 ], [ -71.275603163097898, -33.024608690474103 ], [ -71.275574476080095, -33.024704648039297 ], [ -71.275558778350103, -33.024755037989301 ], [ -71.275545789029294, -33.024800606500598 ], [ -71.275552861191699, -33.024855352163499 ], [ -71.275544111904495, -33.024955718005003 ], [ -71.2755279849668, -33.024989414594302 ], [ -71.275520596402103, -33.025032494911599 ], [ -71.275511479230502, -33.025118552287097 ], [ -71.275489997735306, -33.025164275719398 ], [ -71.275454544843797, -33.025217412068898 ], [ -71.275421371217902, -33.025249033616298 ], [ -71.275344006149197, -33.025324406838102 ], [ -71.275286090610507, -33.0253851100465 ], [ -71.275344117633296, -33.025438926199499 ], [ -71.275392243654096, -33.025438048261201 ], [ -71.275405784883702, -33.025413942909303 ], [ -71.2754219732455, -33.025382631226798 ], [ -71.275465979651301, -33.025331724854702 ], [ -71.2755130010041, -33.025287921502397 ], [ -71.275567473250007, -33.025203422690304 ], [ -71.275608588183701, -33.025150183010297 ], [ -71.275612716482499, -33.025090460984302 ], [ -71.275632237038096, -33.024968425413803 ], [ -71.2756484865602, -33.024939498600801 ], [ -71.275647628232093, -33.024906112788997 ], [ -71.275657971452205, -33.024867749682102 ], [ -71.275633853000997, -33.024791663270598 ], [ -71.275644009063001, -33.024773583785198 ], [ -71.275671014538901, -33.0247223914673 ], [ -71.275686638792806, -33.024641583437699 ], [ -71.275720798441498, -33.024593242648002 ], [ -71.275704420728104, -33.024507054360001 ], [ -71.275657806996406, -33.024484045589404 ], [ -71.275557883076601, -33.024453063193498 ], [ -71.275476495591903, -33.0244545479785 ], [ -71.275062941261098, -33.024479985994503 ], [ -71.2750688695875, -33.0244351423704 ], [ -71.275032334541393, -33.024391074165401 ], [ -71.274833024665, -33.024349973821998 ], [ -71.274156202541704, -33.024159815713901 ], [ -71.274031740341499, -33.024138225658497 ], [ -71.273489665785405, -33.023984079138302 ], [ -71.273428821185306, -33.023958346828302 ], [ -71.273244067563695, -33.023794703903903 ], [ -71.273230597044602, -33.023738880764299 ], [ -71.273195340908302, -33.023689420596 ], [ -71.273219839101202, -33.023650799693499 ], [ -71.273289079106604, -33.023589891033701 ], [ -71.2733450351502, -33.023452877389403 ], [ -71.273336679437193, -33.023348051343802 ], [ -71.273269621504596, -33.023280719306797 ], [ -71.273171596786696, -33.023213315850697 ], [ -71.273159232764897, -33.023172980725597 ], [ -71.273141159575204, -33.0230206150569 ], [ -71.273108932557705, -33.022868506414099 ], [ -71.273046484430097, -33.022752736905701 ], [ -71.272961941827404, -33.022658842309198 ], [ -71.272791678301303, -33.0225354941063 ], [ -71.272567143099295, -33.022446741562497 ], [ -71.272573679384806, -33.022470188663 ], [ -71.272771760375306, -33.022573944001898 ], [ -71.272979620658404, -33.022727623520701 ], [ -71.273033055204294, -33.022823277094297 ], [ -71.273070056124098, -33.022940703350798 ], [ -71.273102021937405, -33.023137790349402 ], [ -71.273117859921896, -33.023203113525398 ], [ -71.273172239861793, -33.023252822163997 ], [ -71.273248309574299, -33.023320029694503 ], [ -71.273274227550999, -33.023364291960199 ], [ -71.273272143852594, -33.023420994629603 ], [ -71.273236435362307, -33.023546903072699 ], [ -71.273157345086503, -33.023637814598302 ], [ -71.273148260318393, -33.0236976269221 ], [ -71.273145717237597, -33.023736443752398 ], [ -71.273120145161897, -33.023810696788701 ] ] ] } },
{ "type": "Feature", "properties": { "id": "monoparte.239", "Name": null, "description": null, "timestamp": null, "begin": null, "end": null, "altitudeMode": null, "tessellate": -1, "extrude": 0, "visibility": -1, "drawOrder": null, "icon": null, "OBJECTID": 259.0, "REG": "Valparaíso", "COM": "Limache", "SHAPE_Leng": 111.85195412900001, "SHAPE_Area": 696.529212852, "LOC": "Limache", "ZONA": "AV", "NOM": "AV - Áreas verdes Existentes (Art.2.1.30)", "UPERM": "Se regirán según lo dispuesto en el Art. 2.1.30 de la OGUC y considerarán las siguientes normas urbanísticas.", "UPROH": null, "P_DO": "08/05/2025", "N_DO": "31/4/117", "T_DO": "Resolución", "OBS": null }, "geometry": { "type": "Polygon", "coordinates": [ [ [ -71.262686374513606, -33.015633066948403 ], [ -71.262828628166901, -33.015956041916802 ], [ -71.262997902721494, -33.015910738851701 ], [ -71.263008289080403, -33.015901603297699 ], [ -71.262887064891899, -33.015590656032103 ], [ -71.262686374513606, -33.015633066948403 ] ] ] } },
{ "type": "Feature", "properties": { "id": "monoparte.240", "Name": null, "description": null, "timestamp": null, "begin": null, "end": null, "altitudeMode": null, "tessellate": -1, "extrude": 0, "visibility": -1, "drawOrder": null, "icon": null, "OBJECTID": 260.0, "REG": "Valparaíso", "COM": "Limache", "SHAPE_Leng": 442.26646536599998, "SHAPE_Area": 5565.1660558000003, "LOC": "Limache", "ZONA": "ZE1", "NOM": "ZE-1 – Zona de Equipamiento 1", "UPERM": "Equipamiento: Todos, exceptos los señalados como prohibidos; Espacio Público; Áreas Verdes", "UPROH": "Residencial: Todos; Equipamientos de los siguientes destinos: Zoológicos, Áreas de Camping. Centros Médicos o Dentales. Supermercados. Cementerios, Cementerios-Parque, Crematorios. Cárceles, Centro de Detención.; Infraestructura: todos; Actividades", "P_DO": "08/05/2025", "N_DO": "31/4/117", "T_DO": "Resolución", "OBS": null }, "geometry": { "type": "Polygon", "coordinates": [ [ [ -71.278177138127901, -32.982309434400499 ], [ -71.278271629677405, -32.982418117813999 ], [ -71.278386280564405, -32.982473285942099 ], [ -71.279257728801497, -32.983611301459 ], [ -71.279320928275993, -32.983702122822301 ], [ -71.279576796964605, -32.983579348832798 ], [ -71.278522201410894, -32.9821365673915 ], [ -71.278478456822199, -32.982154516307702 ], [ -71.278201951047393, -32.982300330122499 ], [ -71.278177138127901, -32.982309434400499 ] ] ] } },
{ "type": "Feature", "properties": { "id": "monoparte.241", "Name": null, "description": null, "timestamp": null, "begin": null, "end": null, "altitudeMode": null, "tessellate": -1, "extrude": 0, "visibility": -1, "drawOrder": null, "icon": null, "OBJECTID": 261.0, "REG": "Valparaíso", "COM": "Limache", "SHAPE_Leng": 133.251023371, "SHAPE_Area": 557.58851167700004, "LOC": "Limache", "ZONA": "AV", "NOM": "AV - Áreas verdes Existentes (Art.2.1.30)", "UPERM": "Se regirán según lo dispuesto en el Art. 2.1.30 de la OGUC y considerarán las siguientes normas urbanísticas.", "UPROH": null, "P_DO": "08/05/2025", "N_DO": "31/4/117", "T_DO": "Resolución", "OBS": null }, "geometry": { "type": "Polygon", "coordinates": [ [ [ -71.264895134215493, -32.999914970038397 ], [ -71.264681850580502, -32.999989463512598 ], [ -71.264521051545799, -32.999990473745797 ], [ -71.264529080147398, -33.000026287991503 ], [ -71.264721412424606, -33.000030737223902 ], [ -71.265143507677394, -33.000061249250301 ], [ -71.265078475607496, -32.999909733920198 ], [ -71.264895134215493, -32.999914970038397 ] ] ] } },
{ "type": "Feature", "properties": { "id": "monoparte.242", "Name": null, "description": null, "timestamp": null, "begin": null, "end": null, "altitudeMode": null, "tessellate": -1, "extrude": 0, "visibility": -1, "drawOrder": null, "icon": null, "OBJECTID": 262.0, "REG": "Valparaíso", "COM": "Limache", "SHAPE_Leng": 422.64631454800002, "SHAPE_Area": 9770.7117394800007, "LOC": "Limache", "ZONA": "ZC1bc", "NOM": "ZC1b - Zona Centro Mixto Residencial 1bc", "UPERM": "Equipamientos: Comercio, servicios, culto y cultura, seguridad, social, educación, salud, todos, excepto los señalados como prohibidos; Actividades Productivas: Industrias manufactureras, talleres, bodegas y depósitos, todos calificados como inofensiv", "UPROH": "Equipamientos: Científicos, esparciniento, deporte. Y Estaciones de servicio automotor, Discotecas. Cárceles o Centros de Detención. Cementerios, Cementerios-Parque, Crematorios; Infraestructura", "P_DO": "08/05/2025", "N_DO": "31/4/117", "T_DO": "Resolución", "OBS": null }, "geometry": { "type": "Polygon", "coordinates": [ [ [ -71.261669320726199, -33.004730125193198 ], [ -71.261380220759705, -33.004088043602799 ], [ -71.261269663377107, -33.004135322360803 ], [ -71.260032302348606, -33.004608077012001 ], [ -71.260084189418507, -33.004699589928698 ], [ -71.260140110421005, -33.004671736382598 ], [ -71.2604075376494, -33.005164944314203 ], [ -71.260621748494998, -33.0050984341174 ], [ -71.260640121870694, -33.005124942694202 ], [ -71.260962484580801, -33.004996825194603 ], [ -71.261669320726199, -33.004730125193198 ] ] ] } }
]
}
