{
"type": "FeatureCollection",
"name": "IPT_09_PRC_Gorbea",
"crs": { "type": "name", "properties": { "name": "urn:ogc:def:crs:OGC:1.3:CRS84" } },
"features": [
{ "type": "Feature", "properties": { "id": "monoparte.1", "Name": null, "description": null, "timestamp": null, "begin": null, "end": null, "altitudeMode": null, "tessellate": -1, "extrude": 0, "visibility": -1, "drawOrder": null, "icon": null, "REG": "Araucanía", "COM": "Gorbea", "LOC": "Gorbea", "ZONA": "ZM3", "NOM": "Zona Mixta Densidad Alta", "UPERM": "Vivienda; equipamiento científico, comercio, culto y cultura, deporte, educación, salud, seguridad, servicios, social; actividad productiva inofensiva; infraestructura de transporte; espacio público; áreas verdes.", "UPROH": "Todos los no señalados como permitidos.", "P_DO": "24/07/2012", "N_DOC": "6", "T_DO": "Decreto", "OBS": null }, "geometry": { "type": "Polygon", "coordinates": [ [ [ -72.670045684578099, -39.107922459748998 ], [ -72.670104465828899, -39.1079372587362 ], [ -72.670518883063494, -39.107746174914404 ], [ -72.670924969838296, -39.107706113407097 ], [ -72.671201571319202, -39.107642876340002 ], [ -72.671503343594694, -39.107615187845099 ], [ -72.671677043577802, -39.107591538533697 ], [ -72.671891187978503, -39.107448495995797 ], [ -72.672406363898602, -39.107087043500798 ], [ -72.672429714641495, -39.106503420324898 ], [ -72.667221215018799, -39.106327629572 ], [ -72.6672566795054, -39.106344478647202 ], [ -72.667479148100895, -39.106387518790697 ], [ -72.6676554395778, -39.106424863112203 ], [ -72.667776391805205, -39.106456801359599 ], [ -72.667934729846195, -39.106501860003299 ], [ -72.668301291239402, -39.106669052013203 ], [ -72.668413453663604, -39.106708415694797 ], [ -72.668548013816306, -39.106825719749402 ], [ -72.668665362879395, -39.106965014371497 ], [ -72.668742194162405, -39.107384421996898 ], [ -72.669014655009704, -39.107683269911199 ], [ -72.6692155727184, -39.107841379611799 ], [ -72.669373174624596, -39.107872160192798 ], [ -72.669521243799693, -39.107896091850201 ], [ -72.669622764004799, -39.107907191285904 ], [ -72.669760930912204, -39.1079171355195 ], [ -72.6698987272012, -39.107919942107799 ], [ -72.670045684578099, -39.107922459748998 ] ] ] } },
{ "type": "Feature", "properties": { "id": "monoparte.2", "Name": null, "description": null, "timestamp": null, "begin": null, "end": null, "altitudeMode": null, "tessellate": -1, "extrude": 0, "visibility": -1, "drawOrder": null, "icon": null, "REG": "Araucanía", "COM": "Gorbea", "LOC": "Gorbea", "ZONA": "ZM3", "NOM": "Zona Mixta Densidad Alta", "UPERM": "Vivienda; equipamiento científico, comercio, culto y cultura, deporte, educación, salud, seguridad, servicios, social; actividad productiva inofensiva; infraestructura de transporte; espacio público; áreas verdes.", "UPROH": "Todos los no señalados como permitidos.", "P_DO": "24/07/2012", "N_DOC": "6", "T_DO": "Decreto", "OBS": null }, "geometry": { "type": "Polygon", "coordinates": [ [ [ -72.667739298651398, -39.108385758820297 ], [ -72.667670521449807, -39.110036436370002 ], [ -72.667675512228598, -39.110034581253203 ], [ -72.667764421599699, -39.109950006734501 ], [ -72.667828160260996, -39.109829881222097 ], [ -72.667864375298294, -39.109628849215603 ], [ -72.667900119358606, -39.109418746281499 ], [ -72.667968565734299, -39.109389332618299 ], [ -72.6680938153292, -39.109330871106501 ], [ -72.668242351658904, -39.109271674854298 ], [ -72.668345727636193, -39.109241160419103 ], [ -72.668462159076, -39.109237491780199 ], [ -72.668651275754797, -39.109286048066302 ], [ -72.668791934912804, -39.109299787153297 ], [ -72.668862264554093, -39.109306657531299 ], [ -72.669091360833093, -39.109226749991002 ], [ -72.669310093445304, -39.108947278513199 ], [ -72.669432043953094, -39.108825317503602 ], [ -72.669642428477502, -39.108609709697198 ], [ -72.669716864693896, -39.108471074518697 ], [ -72.669774004160601, -39.108223952790503 ], [ -72.669893597390598, -39.108056635969 ], [ -72.669933713277501, -39.108033233092399 ], [ -72.669904657903203, -39.108034148969701 ], [ -72.669702358398396, -39.108026226383103 ], [ -72.669555030172205, -39.1080165708359 ], [ -72.669454251062803, -39.108019747213 ], [ -72.669314602682306, -39.107981250852099 ], [ -72.669176435669897, -39.1079713060914 ], [ -72.669054368549695, -39.107917956103101 ], [ -72.668948401521902, -39.107821200928299 ], [ -72.668887873044099, -39.107715863697301 ], [ -72.668838730314704, -39.107653065328897 ], [ -72.668751087258698, -39.107555732526698 ], [ -72.668664186678598, -39.107472675488097 ], [ -72.668606251534598, -39.107417304135502 ], [ -72.668582740909002, -39.107317950343102 ], [ -72.668530264035496, -39.1071909098996 ], [ -72.668505642090594, -39.107070142706299 ], [ -72.668472599087394, -39.106963939176303 ], [ -72.668460474026205, -39.106907124296697 ], [ -72.668411331128098, -39.106844325732098 ], [ -72.668344977913193, -39.106803518707302 ], [ -72.668250767927802, -39.106756439266398 ], [ -72.668053189731594, -39.106662569582902 ], [ -72.667997108075099, -39.106642888043801 ], [ -72.667829607535793, -39.106598117241703 ], [ -72.667791850125496, -39.106577857422103 ], [ -72.667717076274101, -39.106551614538397 ], [ -72.667530512309298, -39.1064931455061 ], [ -72.667354591078805, -39.106462938501998 ], [ -72.667185609813203, -39.106389614923501 ], [ -72.667027271273398, -39.106344555260797 ], [ -72.667001145722793, -39.106320197050799 ], [ -72.6663424735695, -39.106297948598701 ], [ -72.666401458831302, -39.106654788090196 ], [ -72.666581211342404, -39.108350740195299 ], [ -72.667739298651398, -39.108385758820297 ] ] ] } },
{ "type": "Feature", "properties": { "id": "monoparte.3", "Name": null, "description": null, "timestamp": null, "begin": null, "end": null, "altitudeMode": null, "tessellate": -1, "extrude": 0, "visibility": -1, "drawOrder": null, "icon": null, "REG": "Araucanía", "COM": "Gorbea", "LOC": "Gorbea", "ZONA": "ZM3", "NOM": "Zona Mixta Densidad Alta", "UPERM": "Vivienda; equipamiento científico, comercio, culto y cultura, deporte, educación, salud, seguridad, servicios, social; actividad productiva inofensiva; infraestructura de transporte; espacio público; áreas verdes.", "UPROH": "Todos los no señalados como permitidos.", "P_DO": "24/07/2012", "N_DOC": "6", "T_DO": "Decreto", "OBS": null }, "geometry": { "type": "Polygon", "coordinates": [ [ [ -72.684153678754399, -39.099698033085602 ], [ -72.684293196378206, -39.100311600942497 ], [ -72.684322595130297, -39.100286754297699 ], [ -72.684382988026897, -39.100103125049301 ], [ -72.684335298373099, -39.0998593141003 ], [ -72.684294701734899, -39.099751568198002 ], [ -72.684153678754399, -39.099698033085602 ] ] ] } },
{ "type": "Feature", "properties": { "id": "monoparte.4", "Name": null, "description": null, "timestamp": null, "begin": null, "end": null, "altitudeMode": null, "tessellate": -1, "extrude": 0, "visibility": -1, "drawOrder": null, "icon": null, "REG": "Araucanía", "COM": "Gorbea", "LOC": "Gorbea", "ZONA": "ZM3", "NOM": "Zona Mixta Densidad Alta", "UPERM": "Vivienda; equipamiento científico, comercio, culto y cultura, deporte, educación, salud, seguridad, servicios, social; actividad productiva inofensiva; infraestructura de transporte; espacio público; áreas verdes.", "UPROH": "Todos los no señalados como permitidos.", "P_DO": "24/07/2012", "N_DOC": "6", "T_DO": "Decreto", "OBS": null }, "geometry": { "type": "Polygon", "coordinates": [ [ [ -72.670603847567406, -39.098955683768303 ], [ -72.672728198456397, -39.099043244333998 ], [ -72.672780704115794, -39.097730930087799 ], [ -72.672599773496799, -39.097736637240203 ], [ -72.672334123520798, -39.097745016212102 ], [ -72.6722791615624, -39.097746749713302 ], [ -72.672133708570698, -39.097772785577803 ], [ -72.672018331150795, -39.097847920524103 ], [ -72.671956063062694, -39.0978856328259 ], [ -72.671847991359499, -39.0979247886713 ], [ -72.671694860939397, -39.0979796654795 ], [ -72.671577258457205, -39.098011972461002 ], [ -72.671405805706698, -39.098067426665096 ], [ -72.671288202926306, -39.098099733367199 ], [ -72.671199193757005, -39.098152586785901 ], [ -72.671081962562994, -39.098192031634603 ], [ -72.670928088463299, -39.098232631659499 ], [ -72.670873867316303, -39.098248640382003 ], [ -72.670859994153602, -39.0983348731923 ], [ -72.670792270311296, -39.098444253076302 ], [ -72.670768494744607, -39.098516498833597 ], [ -72.670745831001895, -39.098610157938801 ], [ -72.670722056545102, -39.098682404552797 ], [ -72.670653590898297, -39.098777507609903 ], [ -72.670646653581002, -39.098820624025997 ], [ -72.670603847567406, -39.098955683768303 ] ] ] } },
{ "type": "Feature", "properties": { "id": "monoparte.5", "Name": null, "description": null, "timestamp": null, "begin": null, "end": null, "altitudeMode": null, "tessellate": -1, "extrude": 0, "visibility": -1, "drawOrder": null, "icon": null, "REG": "Araucanía", "COM": "Gorbea", "LOC": "Gorbea", "ZONA": "ZM3", "NOM": "Zona Mixta Densidad Alta", "UPERM": "Vivienda; equipamiento científico, comercio, culto y cultura, deporte, educación, salud, seguridad, servicios, social; actividad productiva inofensiva; infraestructura de transporte; espacio público; áreas verdes.", "UPROH": "Todos los no señalados como permitidos.", "P_DO": "24/07/2012", "N_DOC": "6", "T_DO": "Decreto", "OBS": null }, "geometry": { "type": "Polygon", "coordinates": [ [ [ -72.680328033501794, -39.095848198768302 ], [ -72.680246337192898, -39.0958650802609 ], [ -72.680163896598899, -39.095867686011701 ], [ -72.680091359647903, -39.095884277893603 ], [ -72.680039000357993, -39.095935980468802 ], [ -72.680010162408294, -39.096087033178499 ], [ -72.679972535330407, -39.096245514623597 ], [ -72.679975507570205, -39.096302617523001 ], [ -72.679927977730003, -39.096447111826897 ], [ -72.679885891988803, -39.096519938003297 ], [ -72.679813725841697, -39.096543668058501 ], [ -72.679723610933493, -39.096575114471598 ], [ -72.679568631648607, -39.096594311487202 ], [ -72.679492378939699, -39.096539524379502 ], [ -72.679416497801597, -39.096491874632697 ], [ -72.679394091427895, -39.096413937481103 ], [ -72.679382703091406, -39.096371399725903 ], [ -72.679379359828502, -39.0963071584723 ], [ -72.679359925264706, -39.096286323346597 ], [ -72.679232054667594, -39.096297514099099 ], [ -72.679099111524195, -39.096387510213397 ], [ -72.679007509556499, -39.096390404635599 ], [ -72.678915908729607, -39.0963932989496 ], [ -72.678782222159001, -39.096469018985701 ], [ -72.678608922552499, -39.096488793558201 ], [ -72.678515836014299, -39.096463136069602 ], [ -72.678450600645505, -39.096443748674197 ], [ -72.678368159211104, -39.096446353187297 ], [ -72.678294878440099, -39.096448668245102 ], [ -72.678185699971905, -39.096466416498799 ], [ -72.678066618079399, -39.096470178277897 ], [ -72.678001012604696, -39.096443652260803 ], [ -72.6779533548643, -39.096409409209301 ], [ -72.677898022944007, -39.096404006981501 ], [ -72.677844918979702, -39.096441432902303 ], [ -72.677771638170697, -39.096443747631 ], [ -72.677597966954394, -39.096456383276703 ], [ -72.677432713741993, -39.0964544526718 ], [ -72.677221659448193, -39.096453969233501 ], [ -72.677156053067904, -39.096427441861003 ], [ -72.677082772216593, -39.096429756156098 ], [ -72.676864785729293, -39.096472388651001 ], [ -72.676727754645597, -39.0964838659335 ], [ -72.676549257517195, -39.096403706119197 ], [ -72.676481796736496, -39.096341490213597 ], [ -72.676443670475194, -39.096314095626497 ], [ -72.676157108736803, -39.0962730958246 ], [ -72.675879707948198, -39.096231806094401 ], [ -72.6754722096384, -39.096158874936201 ], [ -72.675380979835793, -39.096168904807399 ], [ -72.675228597128395, -39.096238060905698 ], [ -72.675058266147303, -39.096314934281899 ], [ -72.674803636803503, -39.0963587185854 ], [ -72.674728129817098, -39.096318203971897 ], [ -72.674623658038897, -39.096250004974898 ], [ -72.674285104271306, -39.096267838279097 ], [ -72.673218795045798, -39.096210096333301 ], [ -72.673100194919698, -39.0990585722002 ], [ -72.673999281382706, -39.0990956158426 ], [ -72.674009691579599, -39.098622818415201 ], [ -72.675457460064607, -39.098658898758899 ], [ -72.675483100303794, -39.098703519000097 ], [ -72.679641564998306, -39.098844749443302 ], [ -72.679632756882896, -39.098899544043597 ], [ -72.679404447313104, -39.103922190417997 ], [ -72.679270947095205, -39.106733959507103 ], [ -72.672789713109694, -39.106515561870303 ], [ -72.672768288063395, -39.1070301349868 ], [ -72.672883840398299, -39.107026489704197 ], [ -72.673168451927594, -39.107117455683003 ], [ -72.673516937134096, -39.107315437216499 ], [ -72.673875650967801, -39.107485836766699 ], [ -72.673951166232399, -39.107592484515401 ], [ -72.674026750740097, -39.107732060098499 ], [ -72.674061610692704, -39.107698030841803 ], [ -72.674122978680998, -39.107532547249797 ], [ -72.674114490074203, -39.107369268166302 ], [ -72.674070130886307, -39.107188949579502 ], [ -72.674016957731794, -39.107063424468599 ], [ -72.673987541258697, -39.106946235394602 ], [ -72.673943182741993, -39.106765916720803 ], [ -72.673951052764906, -39.1066929815251 ], [ -72.674005493521506, -39.106618575820498 ], [ -72.674182491004302, -39.106658419852003 ], [ -72.674242590593906, -39.106692867074102 ], [ -72.6743059914252, -39.106790811178101 ], [ -72.674371278895194, -39.106925039571699 ], [ -72.674462682528997, -39.107112959934703 ], [ -72.6745391415119, -39.107237749896299 ], [ -72.674511759008993, -39.107383988692 ], [ -72.674532835513006, -39.107565041922904 ], [ -72.674528738133603, -39.107710546706201 ], [ -72.674535341195707, -39.107837541382899 ], [ -72.674614632297803, -39.108016757230601 ], [ -72.674712962900202, -39.108113598604199 ], [ -72.674718623049799, -39.108222451539802 ], [ -72.674735927018602, -39.108330936055701 ], [ -72.674798858480798, -39.1084198089141 ], [ -72.674920004801706, -39.108506844199603 ], [ -72.675099837942895, -39.108601113468502 ], [ -72.675255914292194, -39.108687045764803 ], [ -72.6753407169127, -39.1087479697647 ], [ -72.675468790520199, -39.108743926584403 ], [ -72.675537232759496, -39.108714508645598 ], [ -72.675640132434907, -39.108674916170798 ], [ -72.675757505608402, -39.108689381974798 ], [ -72.676042599055094, -39.108789412140901 ], [ -72.676128818066601, -39.1088775489402 ], [ -72.676332412185204, -39.108980150822298 ], [ -72.676404157573899, -39.109014229124597 ], [ -72.676511776383407, -39.109065346919799 ], [ -72.676632925846405, -39.109152380259502 ], [ -72.676837465414593, -39.109273123741197 ], [ -72.677013526921499, -39.109294820498498 ], [ -72.677437397614497, -39.109372291682497 ], [ -72.678278219075594, -39.1096183080058 ], [ -72.679224469525394, -39.110097219845798 ], [ -72.679506266758295, -39.110133743579901 ], [ -72.679782868239002, -39.110070485136802 ], [ -72.679948068778401, -39.109883545332103 ], [ -72.679960962192993, -39.109683247268499 ], [ -72.680001393784295, -39.109563853006897 ], [ -72.679996197603998, -39.109464071540202 ], [ -72.680036156622407, -39.109335605575303 ], [ -72.680100818195399, -39.109233616844001 ], [ -72.680143138865503, -39.1091505057353 ], [ -72.680134163503496, -39.1089781570059 ], [ -72.680122353946004, -39.108751382588103 ], [ -72.680057998552002, -39.1086352996562 ], [ -72.679970829334806, -39.108529024425899 ], [ -72.679968467555199, -39.108483669531502 ], [ -72.679881772113404, -39.108386464080901 ], [ -72.679846040377299, -39.107924212247099 ], [ -72.679777434250894, -39.107726490110203 ], [ -72.679769877149795, -39.1075813536753 ], [ -72.679821951771302, -39.107461591469203 ], [ -72.679725031213394, -39.1073919671447 ], [ -72.679717946649703, -39.107255902395799 ], [ -72.679723449133903, -39.107137611280201 ], [ -72.679587823676698, -39.106996523379699 ], [ -72.6795835731415, -39.106914884332802 ], [ -72.679942274295698, -39.106412906831999 ], [ -72.680082290424593, -39.106190419106298 ], [ -72.680147422888894, -39.106097501211003 ], [ -72.680301915280694, -39.105929070933101 ], [ -72.680523426926996, -39.1057040065404 ], [ -72.680710954458306, -39.105498188488298 ], [ -72.680809594608604, -39.105376952825502 ], [ -72.6809840622427, -39.105144289148498 ], [ -72.6811893720661, -39.1050560244338 ], [ -72.681355501807602, -39.104887224860299 ], [ -72.681545859779604, -39.104735831295898 ], [ -72.681793484031004, -39.104564454138 ], [ -72.682029463979902, -39.104393444722902 ], [ -72.682082004155305, -39.104282752569397 ], [ -72.682180167769005, -39.104152445134297 ], [ -72.682233180067996, -39.104050822812503 ], [ -72.682227509248605, -39.103941971618298 ], [ -72.682256765095204, -39.103832014897698 ], [ -72.682298135298794, -39.103730761654198 ], [ -72.682354455242304, -39.103692636570401 ], [ -72.682411247702404, -39.103663582243698 ], [ -72.682489433378606, -39.1035975083309 ], [ -72.682610880069902, -39.103466464126903 ], [ -72.682734215668702, -39.103371703866401 ], [ -72.682798395774498, -39.103260642322397 ], [ -72.682871855424494, -39.103103858572098 ], [ -72.682889939788396, -39.103003340810801 ], [ -72.6829396418794, -39.102838222797402 ], [ -72.683044419208301, -39.102834908355 ], [ -72.683158947500203, -39.102794941538498 ], [ -72.683200788557201, -39.102702758825899 ], [ -72.683209594124094, -39.102647964093599 ], [ -72.683114569278601, -39.102614627256898 ], [ -72.683112205981701, -39.102569272476899 ], [ -72.683109195199606, -39.102287703840801 ], [ -72.683125388527102, -39.102150902950903 ], [ -72.683167701961494, -39.102067791034798 ], [ -72.683269642110801, -39.102010050890101 ], [ -72.683325014813306, -39.101953782968501 ], [ -72.683382575359801, -39.101715728539901 ], [ -72.6835924231234, -39.101491027566396 ], [ -72.683751430007305, -39.101302998681398 ], [ -72.683428518260897, -39.100034088058003 ], [ -72.683353813087706, -39.100044829182103 ], [ -72.683261627538798, -39.100065916958599 ], [ -72.683179191525397, -39.100050353323603 ], [ -72.683025017870605, -39.100000715094502 ], [ -72.682898851535597, -39.100041049850098 ], [ -72.682766243278195, -39.100181533075698 ], [ -72.682621519540206, -39.100313313631602 ], [ -72.682432119135896, -39.100482850875501 ], [ -72.682232495178098, -39.100679968349198 ], [ -72.682168314982306, -39.100791028687503 ], [ -72.682115777158799, -39.100901721701199 ], [ -72.682039483887195, -39.101004079318699 ], [ -72.681970579449697, -39.1010244307368 ], [ -72.681889087446095, -39.101027007810899 ], [ -72.6818401583987, -39.100983125536501 ], [ -72.681802399438297, -39.100929803381497 ], [ -72.681784142457801, -39.1008031777559 ], [ -72.6817803628212, -39.100730610516003 ], [ -72.681753300497803, -39.100658778622901 ], [ -72.681678254519895, -39.1005612068424 ], [ -72.681616739743404, -39.100499550074801 ], [ -72.681531941381706, -39.100438630404298 ], [ -72.681436919074898, -39.100405291143701 ], [ -72.681366597790799, -39.100398428895502 ], [ -72.6812618238705, -39.100401741658096 ], [ -72.6811468257239, -39.100432634786102 ], [ -72.681077449179, -39.100443914862403 ], [ -72.681028521041796, -39.100400032199602 ], [ -72.681025214531601, -39.1003365347946 ], [ -72.681045662970604, -39.100281372993699 ], [ -72.681135016514503, -39.100205860293997 ], [ -72.681226731797196, -39.100175703328802 ], [ -72.681379016323902, -39.100189059856802 ], [ -72.681473564754, -39.1002133284208 ], [ -72.681565752244794, -39.100192241091499 ], [ -72.681630404208306, -39.100090251888901 ], [ -72.681768685123799, -39.100058621145998 ], [ -72.681815723629796, -39.100066219416298 ], [ -72.681845922775196, -39.099974405309503 ], [ -72.681924106351701, -39.099908331877302 ], [ -72.682026044625502, -39.0998505929063 ], [ -72.682138678906298, -39.099774343219501 ], [ -72.682207109609905, -39.099744920969201 ], [ -72.682464166170405, -39.099754963445498 ], [ -72.682640677311795, -39.0997857235513 ], [ -72.682789180577302, -39.099726511085997 ], [ -72.683033649509198, -39.099718778093298 ], [ -72.683233444256103, -39.099748801666102 ], [ -72.683356806588606, -39.099752282422898 ], [ -72.683019750513793, -39.098427718903999 ], [ -72.682411323579203, -39.096611835994501 ], [ -72.681991215690601, -39.095748181260603 ], [ -72.681739285384893, -39.095639141095504 ], [ -72.681623047186207, -39.095521272883801 ], [ -72.681485144512706, -39.095339743571799 ], [ -72.681424981697603, -39.095241551370499 ], [ -72.681396386392194, -39.095221006232499 ], [ -72.681323850443604, -39.095237598838899 ], [ -72.681105127504594, -39.095265963281904 ], [ -72.680903979777497, -39.095279471593798 ], [ -72.680724497304794, -39.095356641568401 ], [ -72.680609876654103, -39.095446061051497 ], [ -72.680550216554494, -39.0955337422063 ], [ -72.680536355570496, -39.095619975612003 ], [ -72.680503803052304, -39.095699650705498 ], [ -72.680451814598996, -39.095758490892798 ], [ -72.680391039341103, -39.095824757956301 ], [ -72.680328033501794, -39.095848198768302 ] ] ] } },
{ "type": "Feature", "properties": { "id": "monoparte.6", "Name": null, "description": null, "timestamp": null, "begin": null, "end": null, "altitudeMode": null, "tessellate": -1, "extrude": 0, "visibility": -1, "drawOrder": null, "icon": null, "REG": "Araucanía", "COM": "Gorbea", "LOC": "Gorbea", "ZONA": "ZM3", "NOM": "Zona Mixta Densidad Alta", "UPERM": "Vivienda; equipamiento científico, comercio, culto y cultura, deporte, educación, salud, seguridad, servicios, social; actividad productiva inofensiva; infraestructura de transporte; espacio público; áreas verdes.", "UPROH": "Todos los no señalados como permitidos.", "P_DO": "24/07/2012", "N_DOC": "6", "T_DO": "Decreto", "OBS": null }, "geometry": { "type": "Polygon", "coordinates": [ [ [ -72.691201207494601, -39.095318268255397 ], [ -72.691176264884803, -39.095426303244899 ], [ -72.691151942128101, -39.095546234406697 ], [ -72.691111733145107, -39.0956547533536 ], [ -72.691009835567698, -39.095753311143199 ], [ -72.690801073716301, -39.095855257273897 ], [ -72.690635005186607, -39.095896269728897 ], [ -72.690543405045105, -39.095899173183902 ], [ -72.690468314281503, -39.095925384945602 ], [ -72.690395087519093, -39.095987285969301 ], [ -72.690165723850001, -39.096280539946299 ], [ -72.690044212422194, -39.096296306835299 ], [ -72.689588696607601, -39.096358405683098 ], [ -72.689417659647305, -39.0963042463096 ], [ -72.689188659942701, -39.096311502411403 ], [ -72.689048156131904, -39.096256374136097 ], [ -72.688863715432703, -39.096238385216303 ], [ -72.688667731350094, -39.096292258509898 ], [ -72.688611010327094, -39.096377467192497 ], [ -72.688620941113797, -39.096567808630503 ], [ -72.688624665224097, -39.0966391874544 ], [ -72.688569804738094, -39.096760084678401 ], [ -72.688542995738302, -39.096832430785497 ], [ -72.688378163504197, -39.096897232567599 ], [ -72.688180937099503, -39.096927311855502 ], [ -72.688027027929607, -39.096908355394902 ], [ -72.687873118779606, -39.096889397827397 ], [ -72.687703322657896, -39.096859028298901 ], [ -72.687490207768903, -39.096877693804799 ], [ -72.687357149604594, -39.096965319518901 ], [ -72.687086690470906, -39.097057297164802 ], [ -72.686901627527902, -39.097027409019503 ], [ -72.6867763904188, -39.096971794561497 ], [ -72.686710359911899, -39.096878556851799 ], [ -72.686532499848894, -39.096693532321503 ], [ -72.686310702086601, -39.096545647012903 ], [ -72.686231887221894, -39.096500478029903 ], [ -72.686236849450395, -39.096595649452901 ], [ -72.686198491949597, -39.0967398557219 ], [ -72.686218720711693, -39.0968345429119 ], [ -72.686237709033307, -39.096905438589303 ], [ -72.686197491708697, -39.097013955317102 ], [ -72.6861413862554, -39.097111060096204 ], [ -72.685993059213502, -39.0971991676751 ], [ -72.685889912783196, -39.097273928959801 ], [ -72.685585814824094, -39.097307387943502 ], [ -72.685431285048196, -39.097276530944299 ], [ -72.685348749003495, -39.097159983201202 ], [ -72.685340067104207, -39.096993434407999 ], [ -72.685285584284799, -39.096828334390899 ], [ -72.685183677763305, -39.096926887494597 ], [ -72.685051236565997, -39.097026407828103 ], [ -72.684760546766, -39.097023691841699 ], [ -72.684501009068697, -39.0970319051711 ], [ -72.684357408297103, -39.096917289058602 ], [ -72.684270534791395, -39.096717465940898 ], [ -72.684252787250003, -39.096670363237997 ], [ -72.683953031167206, -39.096787092352002 ], [ -72.683791293627394, -39.096911369001702 ], [ -72.683580657501295, -39.096977613210001 ], [ -72.683410862515899, -39.0969472373367 ], [ -72.683283768624506, -39.096855929355499 ], [ -72.683248896901006, -39.096773620655298 ], [ -72.6831425883924, -39.096693919416303 ], [ -72.683768412855201, -39.098003643518197 ], [ -72.684091271632894, -39.099423574465 ], [ -72.684313078438393, -39.099432979893798 ], [ -72.684634013949903, -39.099550025818601 ], [ -72.684724781034504, -39.099501723775397 ], [ -72.684900346640205, -39.099514339808302 ], [ -72.685071183658806, -39.0994362452657 ], [ -72.685323037182499, -39.099346500404899 ], [ -72.685621454215493, -39.099255281046702 ], [ -72.685735975249202, -39.0992153129203 ], [ -72.686037703091898, -39.099187588677097 ], [ -72.6863258964474, -39.099123949272297 ], [ -72.686509319065195, -39.099063626524902 ], [ -72.686660654385406, -39.0990588347507 ], [ -72.686919600611503, -39.099105150444601 ], [ -72.687050965668007, -39.099164591502102 ], [ -72.687120812889106, -39.099162379606298 ], [ -72.687164066259697, -39.099097408893698 ], [ -72.687186403138995, -39.099078529174598 ], [ -72.687234387678899, -39.0991042676362 ], [ -72.687298271505497, -39.0992112758601 ], [ -72.687379759768007, -39.099208695141598 ], [ -72.6874510264538, -39.099233695257901 ], [ -72.687500430660094, -39.099286645809499 ], [ -72.687583339693603, -39.099311278015101 ], [ -72.687750103147806, -39.099378683744398 ], [ -72.687785215350701, -39.099604719147898 ], [ -72.6877457479481, -39.099742257739599 ], [ -72.687749533613996, -39.099814825403399 ], [ -72.687785877749107, -39.099840932315203 ], [ -72.687880901816598, -39.099874265384301 ], [ -72.687962390788897, -39.099871684222201 ], [ -72.688163133951306, -39.099919841562503 ], [ -72.688492405299797, -39.0999730116771 ], [ -72.688645162217298, -39.099995430306201 ], [ -72.688764889152196, -39.100055238076799 ], [ -72.689302759761802, -39.100083625346301 ], [ -72.689782423796501, -39.100113854758099 ], [ -72.689919752226103, -39.100064073111 ], [ -72.6900124100125, -39.100052050825298 ], [ -72.6902139048169, -39.099891204801402 ], [ -72.690433945290394, -39.099638910750699 ], [ -72.690637805782302, -39.0995234176102 ], [ -72.6909616675498, -39.099249660164197 ], [ -72.691062176018903, -39.099164700666798 ], [ -72.691339943359097, -39.098901489190403 ], [ -72.691497235539003, -39.098787471891399 ], [ -72.691664746993197, -39.0986458723225 ], [ -72.691929921801901, -39.098364886431199 ], [ -72.692145890702093, -39.0982580933915 ], [ -72.692259458418903, -39.098199976811699 ], [ -72.6932100873086, -39.097424782071599 ], [ -72.693271877655505, -39.097268362267698 ], [ -72.693309910350294, -39.097103609433802 ], [ -72.693302802271603, -39.096967546528099 ], [ -72.693377654234993, -39.0968379694825 ], [ -72.693486479749296, -39.096689143257301 ], [ -72.693540418431894, -39.096605658985197 ], [ -72.693631915924001, -39.0963483510778 ], [ -72.693679219507004, -39.096137874565699 ], [ -72.693689232169405, -39.095883151588097 ], [ -72.693568085990293, -39.095796135811703 ], [ -72.693501827063798, -39.095643776987401 ], [ -72.693453842942105, -39.0956180419956 ], [ -72.693417500302402, -39.0955919367997 ], [ -72.693285189623495, -39.095514360577198 ], [ -72.693131018925001, -39.095464735616602 ], [ -72.692857600177902, -39.095364376550698 ], [ -72.693253852522801, -39.095360893861702 ], [ -72.693521111387199, -39.095343330421002 ], [ -72.6935771007537, -39.095268185843103 ], [ -72.693506428453404, -39.095245164822302 ], [ -72.693384298370901, -39.095249038972703 ], [ -72.6931992372472, -39.095219161677299 ], [ -72.693030064901293, -39.0952006959496 ], [ -72.692829117663507, -39.095159405207703 ], [ -72.692688613721899, -39.095104281348199 ], [ -72.692610418106497, -39.0950710129176 ], [ -72.692472399668901, -39.095063474165499 ], [ -72.692242162279996, -39.095046943824201 ], [ -72.691993552771905, -39.0949714146522 ], [ -72.691883583085897, -39.094915321587202 ], [ -72.691806009236402, -39.094893949617202 ], [ -72.691729056583398, -39.094884473725898 ], [ -72.691650861620602, -39.0948512046158 ], [ -72.691541513495807, -39.094807007339298 ], [ -72.691432164394996, -39.094762810888902 ], [ -72.691371100206695, -39.094764746855503 ], [ -72.691310655939105, -39.094778578965403 ], [ -72.691224027049302, -39.094876652861899 ], [ -72.691227132442407, -39.094936134458301 ], [ -72.691234585451596, -39.095078890826002 ], [ -72.691237690875894, -39.095138372419598 ], [ -72.6911974810088, -39.095246890522098 ], [ -72.691201207494601, -39.095318268255397 ] ] ] } },
{ "type": "Feature", "properties": { "id": "monoparte.7", "Name": null, "description": null, "timestamp": null, "begin": null, "end": null, "altitudeMode": null, "tessellate": -1, "extrude": 0, "visibility": -1, "drawOrder": null, "icon": null, "REG": "Araucanía", "COM": "Gorbea", "LOC": "Gorbea", "ZONA": "ZM3", "NOM": "Zona Mixta Densidad Alta", "UPERM": "Vivienda; equipamiento científico, comercio, culto y cultura, deporte, educación, salud, seguridad, servicios, social; actividad productiva inofensiva; infraestructura de transporte; espacio público; áreas verdes.", "UPROH": "Todos los no señalados como permitidos.", "P_DO": "24/07/2012", "N_DOC": "6", "T_DO": "Decreto", "OBS": null }, "geometry": { "type": "Polygon", "coordinates": [ [ [ -72.669237247327899, -39.0912795316749 ], [ -72.667709194016297, -39.092242828054701 ], [ -72.666644824246006, -39.092948416925204 ], [ -72.666273437862898, -39.093217498023002 ], [ -72.665894089932806, -39.0936870191709 ], [ -72.665529356515805, -39.094084582759599 ], [ -72.665128899837399, -39.094855051419202 ], [ -72.665122926691595, -39.0948733470319 ], [ -72.666641509430505, -39.094485445117797 ], [ -72.666769008546595, -39.094467130782199 ], [ -72.666824338502494, -39.094472538419097 ], [ -72.667189351984504, -39.094611185438801 ], [ -72.667406696260798, -39.094733033206502 ], [ -72.667539008906701, -39.094807512002497 ], [ -72.668557250735006, -39.094804033159697 ], [ -72.668639320774403, -39.0947942972699 ], [ -72.668684380516495, -39.094778578280199 ], [ -72.669504973964706, -39.094502482734299 ], [ -72.669567981584706, -39.0944790486028 ], [ -72.669659580897005, -39.094476161750798 ], [ -72.6703473181215, -39.094468783902101 ], [ -72.670421338583694, -39.094480749819397 ], [ -72.670486199720301, -39.0944930044245 ], [ -72.671042201089705, -39.0947757599996 ], [ -72.670996877156199, -39.094963080022602 ], [ -72.670554128806998, -39.094741100240697 ], [ -72.670412652856598, -39.094666913787599 ], [ -72.670302362966694, -39.0946632412331 ], [ -72.669624154799806, -39.094677467699199 ], [ -72.669505815678207, -39.094695496487503 ], [ -72.668731020649204, -39.094970149035298 ], [ -72.668613051134599, -39.094995315353103 ], [ -72.667630335837899, -39.094976226352401 ], [ -72.667445284264502, -39.094946307484797 ], [ -72.667332400982801, -39.094892665059298 ], [ -72.667170757870196, -39.094783362113198 ], [ -72.666826283411297, -39.094686966001703 ], [ -72.666688884169304, -39.094691292915101 ], [ -72.666488473699502, -39.094719053192698 ], [ -72.665039898678401, -39.095127654527097 ], [ -72.664907198629393, -39.095534095978898 ], [ -72.6648011565687, -39.095966412400898 ], [ -72.664851857396002, -39.096236503417799 ], [ -72.664880538049403, -39.096435790306998 ], [ -72.665192907737193, -39.096797739416402 ], [ -72.665367415539393, -39.096978136374098 ], [ -72.665615205696596, -39.097156226881502 ], [ -72.665771393650502, -39.097337199942601 ], [ -72.665851338588894, -39.097463377148898 ], [ -72.665915184970501, -39.097632958018302 ], [ -72.665982804857805, -39.09793459918 ], [ -72.666058422802493, -39.098271915383101 ], [ -72.666036587103306, -39.098558588857102 ], [ -72.665978109183598, -39.098846416035499 ], [ -72.665878545633902, -39.099049740358303 ], [ -72.665661791948807, -39.099336299449902 ], [ -72.665972769323105, -39.099466732122998 ], [ -72.666078484488096, -39.099481575075004 ], [ -72.666258753403099, -39.099584930743497 ], [ -72.666390104979897, -39.099644395885598 ], [ -72.666612706924099, -39.099664644246197 ], [ -72.666909863629996, -39.099773403622002 ], [ -72.667133877721, -39.099820863791102 ], [ -72.667331785774095, -39.099814630322598 ], [ -72.667542745855798, -39.099835243576003 ], [ -72.667671275082199, -39.099840280666001 ], [ -72.667824497893704, -39.099871797909501 ], [ -72.667918101890606, -39.099877934930397 ], [ -72.667989363317602, -39.099902947267097 ], [ -72.668107192689405, -39.0999264933766 ], [ -72.668188683533998, -39.099923926032297 ], [ -72.668342849287498, -39.0999735843994 ], [ -72.668470906870297, -39.0999695496972 ], [ -72.668612019256301, -39.099992361697701 ], [ -72.668774531379896, -39.099978155276602 ], [ -72.668912347100701, -39.0999374686658 ], [ -72.669049693003302, -39.099887710939001 ], [ -72.669103876374507, -39.099359018584799 ], [ -72.669091506517901, -39.098896024698803 ], [ -72.670002835709198, -39.098930903994898 ], [ -72.670442855794207, -39.098949046709699 ], [ -72.670528574345795, -39.098667054918202 ], [ -72.670577977896798, -39.098558252735003 ], [ -72.670636912959395, -39.098456300113 ], [ -72.670670219092699, -39.098390903087697 ], [ -72.670718510414602, -39.098260687506802 ], [ -72.670722852123205, -39.098167605134599 ], [ -72.670756899356306, -39.09811648486 ], [ -72.670838231518104, -39.098092471386103 ], [ -72.671120721364304, -39.098054966385298 ], [ -72.6712650633538, -39.098007517503 ], [ -72.671427356304406, -39.097952352338801 ], [ -72.671589277150304, -39.097890049518099 ], [ -72.671715297760898, -39.097843177827798 ], [ -72.671887120459999, -39.0977948615784 ], [ -72.671941711763097, -39.0977859907848 ], [ -72.672056718400498, -39.097703717541101 ], [ -72.672172094398903, -39.097628582604898 ], [ -72.672263327878795, -39.097618555104603 ], [ -72.672429325828702, -39.097634768773503 ], [ -72.672611419577905, -39.097607575904199 ], [ -72.672785859465606, -39.097602073483401 ], [ -72.673013970754198, -39.091900742209702 ], [ -72.670604559421704, -39.0919904533799 ], [ -72.670626637289104, -39.090477999478701 ], [ -72.669237247327899, -39.0912795316749 ] ], [ [ -72.672132159415298, -39.097273053922599 ], [ -72.6720957342188, -39.097631684459998 ], [ -72.670996706082505, -39.098023822433397 ], [ -72.670740955598006, -39.098046184895601 ], [ -72.670452802721101, -39.097797881822601 ], [ -72.6698289506365, -39.097445765330797 ], [ -72.669369451760403, -39.097431648703697 ], [ -72.669345203557299, -39.097318018929798 ], [ -72.666847673647993, -39.097776013709399 ], [ -72.666958523891097, -39.097650596655399 ], [ -72.667112302952305, -39.0974312637914 ], [ -72.667434476177505, -39.096920641790597 ], [ -72.667555315378493, -39.096773843052397 ], [ -72.667676893480404, -39.096641319267903 ], [ -72.667965576923706, -39.0965464299179 ], [ -72.668035897162696, -39.0964870176484 ], [ -72.667529556588804, -39.095216032451098 ], [ -72.668189821526198, -39.095209532598901 ], [ -72.668847863683993, -39.095160201286198 ], [ -72.669463337302801, -39.094997813839598 ], [ -72.669769591610304, -39.0948880671422 ], [ -72.670284033729203, -39.094900450549801 ], [ -72.670416720005605, -39.094982063402 ], [ -72.671282419125504, -39.0953980479823 ], [ -72.671916423428598, -39.095592544235799 ], [ -72.672307820160299, -39.095708894446403 ], [ -72.672163917171105, -39.096471293390003 ], [ -72.672132159415298, -39.097273053922599 ] ] ] } },
{ "type": "Feature", "properties": { "id": "monoparte.8", "Name": null, "description": null, "timestamp": null, "begin": null, "end": null, "altitudeMode": null, "tessellate": -1, "extrude": 0, "visibility": -1, "drawOrder": null, "icon": null, "REG": "Araucanía", "COM": "Gorbea", "LOC": "Gorbea", "ZONA": "ZM3", "NOM": "Zona Mixta Densidad Alta", "UPERM": "Vivienda; equipamiento científico, comercio, culto y cultura, deporte, educación, salud, seguridad, servicios, social; actividad productiva inofensiva; infraestructura de transporte; espacio público; áreas verdes.", "UPROH": "Todos los no señalados como permitidos.", "P_DO": "24/07/2012", "N_DOC": "6", "T_DO": "Decreto", "OBS": null }, "geometry": { "type": "Polygon", "coordinates": [ [ [ -72.677607932782706, -39.088861081569299 ], [ -72.681365560647905, -39.092974647926802 ], [ -72.682893721681396, -39.096173075168402 ], [ -72.683037061958402, -39.0962298011301 ], [ -72.6831342410524, -39.0963339715572 ], [ -72.683295585532406, -39.096495692227997 ], [ -72.683423917190296, -39.096610792748798 ], [ -72.683594951057302, -39.0966649620187 ], [ -72.683836120558794, -39.096597751754501 ], [ -72.684072950154103, -39.096447265588402 ], [ -72.6841309178497, -39.096385851281497 ], [ -72.684136265680095, -39.096195025820002 ], [ -72.6840066939682, -39.096056133630299 ], [ -72.683736002381295, -39.095850209237 ], [ -72.683602713226605, -39.095639938186899 ], [ -72.683466324818994, -39.095370184864898 ], [ -72.683444860697307, -39.095251703594897 ], [ -72.683436183819694, -39.095085153490601 ], [ -72.683501360119905, -39.094868602701197 ], [ -72.683490823933198, -39.094666363865599 ], [ -72.683477189019797, -39.094404642899804 ], [ -72.683439219725997, -39.094262852058101 ], [ -72.683198450499901, -39.094044063782903 ], [ -72.683065785250704, -39.093845688112602 ], [ -72.682949627186801, -39.093670621847103 ], [ -72.682822540082597, -39.093579313009997 ], [ -72.682506065294305, -39.093374834480599 ], [ -72.682437565698905, -39.093234007927599 ], [ -72.682350083328302, -39.093022286536097 ], [ -72.6822828235251, -39.092905253279497 ], [ -72.682157598380499, -39.092849633255597 ], [ -72.682032991750305, -39.092805909390599 ], [ -72.681998743297697, -39.092735496372001 ], [ -72.681933962249502, -39.092666048840698 ], [ -72.681886924919596, -39.092643704521002 ], [ -72.681838030401906, -39.092585670435 ], [ -72.681819666272801, -39.0925266709365 ], [ -72.681769532996995, -39.092444843373002 ], [ -72.681719398736007, -39.092363016717101 ], [ -72.681595413770296, -39.092331188563001 ], [ -72.6815013409486, -39.092286499559101 ], [ -72.6812979287361, -39.092197602186403 ], [ -72.681198282221104, -39.0920458437094 ], [ -72.681131025378207, -39.091928810534498 ], [ -72.681126070836797, -39.091833638487898 ], [ -72.681134523979594, -39.091702294980003 ], [ -72.681160721065297, -39.091618054841597 ], [ -72.681216829788298, -39.091520952273498 ], [ -72.681258291074698, -39.091436229530501 ], [ -72.681267363298204, -39.091316782300197 ], [ -72.681247143223501, -39.091222092884898 ], [ -72.681151833497296, -39.091153610047698 ], [ -72.681071170107998, -39.091072748239199 ], [ -72.680963072374496, -39.091052332965397 ], [ -72.680809177315496, -39.091033366231898 ], [ -72.680701078592506, -39.091012951643698 ], [ -72.680531918195101, -39.090994466187396 ], [ -72.680468997826196, -39.0909607074516 ], [ -72.680375546650595, -39.090927912800602 ], [ -72.680343158325101, -39.090893188033903 ], [ -72.680225154842802, -39.0906824295365 ], [ -72.680167594205898, -39.090457843792898 ], [ -72.680099102498602, -39.0903170163472 ], [ -72.679953045468395, -39.0901548076354 ], [ -72.679747166361096, -39.090018321892401 ], [ -72.679634737413593, -39.089914630255798 ], [ -72.679461864781601, -39.089824765298502 ], [ -72.679348817602403, -39.089709177039403 ], [ -72.679354798242997, -39.089530247339297 ], [ -72.679548296315005, -39.089428804119898 ], [ -72.679710643500101, -39.0893164291492 ], [ -72.6797374595088, -39.089244085606701 ], [ -72.6796739232622, -39.089198429997801 ], [ -72.679519413470302, -39.089167564136503 ], [ -72.679348400864697, -39.089113387799202 ], [ -72.679174911643202, -39.089011625082797 ], [ -72.678943457379106, -39.088971274677803 ], [ -72.6786381535928, -39.088980920406797 ], [ -72.678444655223799, -39.0890823612228 ], [ -72.678276737397994, -39.089087665779402 ], [ -72.678030018162204, -39.089047794858701 ], [ -72.677888299499202, -39.088968859279099 ], [ -72.677792377345298, -39.088888477035198 ], [ -72.677714195068901, -39.088855197895803 ], [ -72.677653133877499, -39.088857126471503 ], [ -72.677607932782706, -39.088861081569299 ] ] ] } },
{ "type": "Feature", "properties": { "id": "monoparte.9", "Name": null, "description": null, "timestamp": null, "begin": null, "end": null, "altitudeMode": null, "tessellate": -1, "extrude": 0, "visibility": -1, "drawOrder": null, "icon": null, "REG": "Araucanía", "COM": "Gorbea", "LOC": "Gorbea", "ZONA": "ZM3", "NOM": "Zona Mixta Densidad Alta", "UPERM": "Vivienda; equipamiento científico, comercio, culto y cultura, deporte, educación, salud, seguridad, servicios, social; actividad productiva inofensiva; infraestructura de transporte; espacio público; áreas verdes.", "UPROH": "Todos los no señalados como permitidos.", "P_DO": "24/07/2012", "N_DOC": "6", "T_DO": "Decreto", "OBS": null }, "geometry": { "type": "Polygon", "coordinates": [ [ [ -72.673611480781204, -39.096017408290201 ], [ -72.673704565246197, -39.096043069818997 ], [ -72.673841967183805, -39.096038734476799 ], [ -72.674007590627994, -39.096047807695903 ], [ -72.674172844284797, -39.096049742281899 ], [ -72.674291924837306, -39.096045984549797 ], [ -72.674430068625895, -39.096055924329498 ], [ -72.6746407511435, -39.096049275435597 ], [ -72.674733094009596, -39.096060661210402 ], [ -72.674809342725595, -39.0961154516433 ], [ -72.674900943615896, -39.096112560572799 ], [ -72.674972369178306, -39.096074557701201 ], [ -72.675116705414595, -39.0960271043066 ], [ -72.675242349083803, -39.0959730907026 ], [ -72.675406859223003, -39.095960748677598 ], [ -72.675554533440007, -39.095977535439701 ], [ -72.6757201579221, -39.095986606180098 ], [ -72.675932324402893, -39.096008506545701 ], [ -72.676155877371798, -39.096072945587402 ], [ -72.676313083758501, -39.096096580480797 ], [ -72.676442438241693, -39.096113944533002 ], [ -72.676535152528899, -39.096132466299899 ], [ -72.676630093960895, -39.0961938144276 ], [ -72.676761305925297, -39.096246868868597 ], [ -72.676788785607499, -39.0962460011107 ], [ -72.676879644027807, -39.096228832702401 ], [ -72.677017045835697, -39.096224493601298 ], [ -72.677137612429107, -39.096249284454899 ], [ -72.677303978944295, -39.096272628704398 ], [ -72.677551673012701, -39.096271954745497 ], [ -72.677724601232597, -39.096245044328199 ], [ -72.677833036886, -39.096213020758299 ], [ -72.677933798238001, -39.0962098379389 ], [ -72.678052878556301, -39.0962060763528 ], [ -72.678266902853593, -39.096263661327399 ], [ -72.678377195115502, -39.096267327088398 ], [ -72.678484548409401, -39.096249875018003 ], [ -72.678490349582603, -39.095327844971301 ], [ -72.678269766902105, -39.095320514353602 ], [ -72.678289324780806, -39.094991014512601 ], [ -72.678337848931093, -39.094160125155703 ], [ -72.681023835049501, -39.093655152010797 ], [ -72.680820262607796, -39.093192083479501 ], [ -72.677130612268002, -39.088842225283798 ], [ -72.676963106075803, -39.088819338017302 ], [ -72.676221520106097, -39.088378027994402 ], [ -72.675983886556097, -39.088218705222701 ], [ -72.675716340330496, -39.088072242086902 ], [ -72.675393918500902, -39.0880466719494 ], [ -72.675086143456696, -39.088008721852702 ], [ -72.674701426194005, -39.087961283252397 ], [ -72.674362502786906, -39.087912398329003 ], [ -72.674118261471506, -39.087920105228001 ], [ -72.673858755187595, -39.0879282932422 ], [ -72.673736633868103, -39.087932146247397 ], [ -72.673563575542005, -39.087929184211397 ], [ -72.673228378949503, -39.095979914573 ], [ -72.673288651881805, -39.095984695676499 ], [ -72.673353143909793, -39.095989810224701 ], [ -72.673472966212699, -39.096000329164497 ], [ -72.673611480781204, -39.096017408290201 ] ] ] } },
{ "type": "Feature", "properties": { "id": "monoparte.10", "Name": null, "description": null, "timestamp": null, "begin": null, "end": null, "altitudeMode": null, "tessellate": -1, "extrude": 0, "visibility": -1, "drawOrder": null, "icon": null, "REG": "Araucanía", "COM": "Gorbea", "LOC": "Gorbea", "ZONA": "ZR1", "NOM": "Faja de Protección Trazado Línea Ferrea", "UPERM": "Sin información.", "UPROH": "Sin información.", "P_DO": "24/07/2012", "N_DOC": "6", "T_DO": "Decreto", "OBS": null }, "geometry": { "type": "Polygon", "coordinates": [ [ [ -72.672429714641495, -39.106503420324898 ], [ -72.672406363898602, -39.107087043500798 ], [ -72.672420016791307, -39.107077464048999 ], [ -72.672432170316299, -39.107074827942199 ], [ -72.672359871879806, -39.109959602717197 ], [ -72.672385513316598, -39.110453004478799 ], [ -72.672435157298096, -39.110454112810501 ], [ -72.672600005752997, -39.111507056255299 ], [ -72.673009015257506, -39.112666690964097 ], [ -72.673291534646793, -39.1131582504592 ], [ -72.673592075653204, -39.113094994281703 ], [ -72.673218494504098, -39.112567436462903 ], [ -72.672823777035902, -39.111480491552101 ], [ -72.672677682541803, -39.110240327583099 ], [ -72.672744536777799, -39.107030884244701 ], [ -72.672768288063395, -39.1070301349868 ], [ -72.672789713109694, -39.106515561870303 ], [ -72.672878918970994, -39.104373078233301 ], [ -72.673100194919698, -39.0990585722002 ], [ -72.673606304653802, -39.086902916821003 ], [ -72.6734999641467, -39.0867981477748 ], [ -72.673235357850402, -39.086649203520103 ], [ -72.673234834925907, -39.086992402812697 ], [ -72.673177875397499, -39.087308783918701 ], [ -72.673171048397293, -39.087332931935101 ], [ -72.673195635628701, -39.087360244096303 ], [ -72.672728198456397, -39.099043244333998 ], [ -72.672515575972596, -39.104357453741002 ], [ -72.672429714641495, -39.106503420324898 ] ] ] } },
{ "type": "Feature", "properties": { "id": "monoparte.11", "Name": null, "description": null, "timestamp": null, "begin": null, "end": null, "altitudeMode": null, "tessellate": -1, "extrude": 0, "visibility": -1, "drawOrder": null, "icon": null, "REG": "Araucanía", "COM": "Gorbea", "LOC": "Gorbea", "ZONA": "ZM4", "NOM": "Zona Mixta Densidad Baja", "UPERM": "Vivienda; equipamiento científico, comercio, culto y cultura, deporte, educación, salud, seguridad, servicios, social; actividades productivas inofensivas, transporte, sanitaria, energética; espacio público; áreas verdes.", "UPROH": "Todos los no señalados como permitidos.", "P_DO": "24/07/2012", "N_DOC": "6", "T_DO": "Decreto", "OBS": null }, "geometry": { "type": "Polygon", "coordinates": [ [ [ -72.669126421117397, -39.109452793342498 ], [ -72.668828408308002, -39.109553044232698 ], [ -72.668663990650899, -39.109530968110697 ], [ -72.668486516201, -39.109482044113101 ], [ -72.668369613486007, -39.109476641879702 ], [ -72.668164274586005, -39.109564885250201 ], [ -72.668149462978803, -39.109728899071499 ], [ -72.668082086461894, -39.1100035998641 ], [ -72.667840058569695, -39.1102838039345 ], [ -72.667757620674195, -39.110349570777998 ], [ -72.672385513316598, -39.110453004478799 ], [ -72.672359871879806, -39.109959602717197 ], [ -72.672427026626707, -39.1072800639568 ], [ -72.672105000856405, -39.107523525952601 ], [ -72.671754440926193, -39.107734472296997 ], [ -72.671572396901297, -39.1078219868998 ], [ -72.671281796321793, -39.107840236656997 ], [ -72.671098336637499, -39.107900537924898 ], [ -72.670948392148006, -39.107932523109902 ], [ -72.670507374915104, -39.107973685971203 ], [ -72.670156337773406, -39.1081755568852 ], [ -72.669907997025504, -39.108783057400402 ], [ -72.669341047403407, -39.109318825928 ], [ -72.669126421117397, -39.109452793342498 ] ] ] } },
{ "type": "Feature", "properties": { "id": "monoparte.12", "Name": null, "description": null, "timestamp": null, "begin": null, "end": null, "altitudeMode": null, "tessellate": -1, "extrude": 0, "visibility": -1, "drawOrder": null, "icon": null, "REG": "Araucanía", "COM": "Gorbea", "LOC": "Gorbea", "ZONA": "ZM4", "NOM": "Zona Mixta Densidad Baja", "UPERM": "Vivienda; equipamiento científico, comercio, culto y cultura, deporte, educación, salud, seguridad, servicios, social; actividades productivas inofensivas, transporte, sanitaria, energética; espacio público; áreas verdes.", "UPROH": "Todos los no señalados como permitidos.", "P_DO": "24/07/2012", "N_DOC": "6", "T_DO": "Decreto", "OBS": null }, "geometry": { "type": "Polygon", "coordinates": [ [ [ -72.672741766446904, -39.107163889059898 ], [ -72.672677682541803, -39.110240327583099 ], [ -72.672823777035902, -39.111480491552101 ], [ -72.673218494504098, -39.112567436462903 ], [ -72.673592075653204, -39.113094994281703 ], [ -72.681558449805195, -39.111417952872898 ], [ -72.681559282975002, -39.110813884895101 ], [ -72.681472581213697, -39.110716681838802 ], [ -72.681419393164902, -39.110591160893101 ], [ -72.6813992427046, -39.110428251436097 ], [ -72.681367923164103, -39.1102747808728 ], [ -72.681175961438001, -39.110171820214397 ], [ -72.681088317115197, -39.110056474294801 ], [ -72.680957710759301, -39.109788026612001 ], [ -72.680890990481302, -39.109626589431201 ], [ -72.680838275740498, -39.109510138937203 ], [ -72.680622558831601, -39.109398841725898 ], [ -72.680515409294998, -39.109356799595197 ], [ -72.680435326026497, -39.109386589350997 ], [ -72.680278464985193, -39.1095096652028 ], [ -72.680214748248602, -39.109629795618503 ], [ -72.680157171439106, -39.109867849977697 ], [ -72.680131690860705, -39.110050373578801 ], [ -72.679867371473506, -39.110349478063199 ], [ -72.679742129732901, -39.110407951904101 ], [ -72.679555838929204, -39.1104138398346 ], [ -72.679355542406796, -39.1103747405541 ], [ -72.6786221682122, -39.109952705696998 ], [ -72.6781567543009, -39.109749348465897 ], [ -72.677873542718103, -39.109685607998102 ], [ -72.677420719457302, -39.109500021464903 ], [ -72.677232070449406, -39.109460550545698 ], [ -72.676702939683494, -39.109377317097199 ], [ -72.676550164786406, -39.1093548835997 ], [ -72.676476530171598, -39.1092845221117 ], [ -72.676413123863, -39.109186578576001 ], [ -72.676373476403199, -39.109096971393299 ], [ -72.676228568763705, -39.109001602237903 ], [ -72.6760306369967, -39.109007852031198 ], [ -72.675901620432896, -39.108993753236298 ], [ -72.675793530362299, -39.1089335649079 ], [ -72.675397668108204, -39.108946062627503 ], [ -72.675245365075796, -39.108932699131799 ], [ -72.675101875543604, -39.108864540987597 ], [ -72.6750771736383, -39.108838062622503 ], [ -72.674991427643306, -39.108758995827401 ], [ -72.674829691048799, -39.108564211155503 ], [ -72.674611627404701, -39.108407547025301 ], [ -72.674571511047404, -39.108308868234403 ], [ -72.674542564628794, -39.108200750244301 ], [ -72.674373904299003, -39.108097042623299 ], [ -72.674253230955202, -39.108019077556399 ], [ -72.674069627697406, -39.1078522390656 ], [ -72.674028568114196, -39.107735417444502 ], [ -72.673951166232399, -39.107592484515401 ], [ -72.673875650967801, -39.107485836766699 ], [ -72.673527534374202, -39.107320471243597 ], [ -72.673462965704601, -39.107398913639102 ], [ -72.672741766446904, -39.107163889059898 ] ] ] } },
{ "type": "Feature", "properties": { "id": "monoparte.13", "Name": null, "description": null, "timestamp": null, "begin": null, "end": null, "altitudeMode": null, "tessellate": -1, "extrude": 0, "visibility": -1, "drawOrder": null, "icon": null, "REG": "Araucanía", "COM": "Gorbea", "LOC": "Gorbea", "ZONA": "ZM4", "NOM": "Zona Mixta Densidad Baja", "UPERM": "Vivienda; equipamiento científico, comercio, culto y cultura, deporte, educación, salud, seguridad, servicios, social; actividades productivas inofensivas, transporte, sanitaria, energética; espacio público; áreas verdes.", "UPROH": "Todos los no señalados como permitidos.", "P_DO": "24/07/2012", "N_DOC": "6", "T_DO": "Decreto", "OBS": null }, "geometry": { "type": "Polygon", "coordinates": [ [ [ -72.6663424735695, -39.106297948598701 ], [ -72.667001145722793, -39.106320197050799 ], [ -72.666930841792293, -39.106254646913598 ], [ -72.666916865227407, -39.106162141614703 ], [ -72.666884566990603, -39.106070214259603 ], [ -72.666861429670803, -39.105977997469999 ], [ -72.666839033085296, -39.1059000565836 ], [ -72.666623956566994, -39.105291961946001 ], [ -72.666486069998896, -39.105110414161501 ], [ -72.666218074400604, -39.104897214744803 ], [ -72.666107619283906, -39.104877113271499 ], [ -72.6663424735695, -39.106297948598701 ] ] ] } },
{ "type": "Feature", "properties": { "id": "monoparte.14", "Name": null, "description": null, "timestamp": null, "begin": null, "end": null, "altitudeMode": null, "tessellate": -1, "extrude": 0, "visibility": -1, "drawOrder": null, "icon": null, "REG": "Araucanía", "COM": "Gorbea", "LOC": "Gorbea", "ZONA": "ZM4", "NOM": "Zona Mixta Densidad Baja", "UPERM": "Vivienda; equipamiento científico, comercio, culto y cultura, deporte, educación, salud, seguridad, servicios, social; actividades productivas inofensivas, transporte, sanitaria, energética; espacio público; áreas verdes.", "UPROH": "Todos los no señalados como permitidos.", "P_DO": "24/07/2012", "N_DOC": "6", "T_DO": "Decreto", "OBS": null }, "geometry": { "type": "Polygon", "coordinates": [ [ [ -72.667261075587007, -39.099885359677501 ], [ -72.666406083857296, -39.100384163258497 ], [ -72.666315587164405, -39.100408461368502 ], [ -72.665416637903107, -39.100452370251702 ], [ -72.665545618752205, -39.101476800055401 ], [ -72.666083800022093, -39.104733005433602 ], [ -72.666276278781396, -39.104780987081497 ], [ -72.666495876055507, -39.104945663627298 ], [ -72.666807184923599, -39.105286191430601 ], [ -72.667041325394095, -39.105907984495502 ], [ -72.667059102540094, -39.106250607188002 ], [ -72.667221215018799, -39.106327629572 ], [ -72.668703479518499, -39.106377680792399 ], [ -72.669085643878901, -39.099980759359902 ], [ -72.668985232823601, -39.100045530531197 ], [ -72.668931750738594, -39.100075814324001 ], [ -72.668794340207697, -39.100080144252097 ], [ -72.668501198873898, -39.100089380853198 ], [ -72.668372579110695, -39.100086284133901 ], [ -72.668184549425803, -39.099999262640303 ], [ -72.668029189109006, -39.100011306338999 ], [ -72.667741504441494, -39.099948872889399 ], [ -72.667574019141398, -39.0999041018489 ], [ -72.667261075587007, -39.099885359677501 ] ] ] } },
{ "type": "Feature", "properties": { "id": "monoparte.15", "Name": null, "description": null, "timestamp": null, "begin": null, "end": null, "altitudeMode": null, "tessellate": -1, "extrude": 0, "visibility": -1, "drawOrder": null, "icon": null, "REG": "Araucanía", "COM": "Gorbea", "LOC": "Gorbea", "ZONA": "ZM4", "NOM": "Zona Mixta Densidad Baja", "UPERM": "Vivienda; equipamiento científico, comercio, culto y cultura, deporte, educación, salud, seguridad, servicios, social; actividades productivas inofensivas, transporte, sanitaria, energética; espacio público; áreas verdes.", "UPROH": "Todos los no señalados como permitidos.", "P_DO": "24/07/2012", "N_DOC": "6", "T_DO": "Decreto", "OBS": null }, "geometry": { "type": "Polygon", "coordinates": [ [ [ -72.665400878381604, -39.1003271905956 ], [ -72.666191684500504, -39.1003194173068 ], [ -72.666273391169, -39.100302545254699 ], [ -72.666327985298295, -39.100293676973102 ], [ -72.667021786563396, -39.099871447909003 ], [ -72.666185479837793, -39.099668995467098 ], [ -72.665600884707402, -39.099416822791603 ], [ -72.6655350701148, -39.0995038319004 ], [ -72.665405523847994, -39.099836793929398 ], [ -72.665389607275003, -39.100237674961903 ], [ -72.665400878381604, -39.1003271905956 ] ] ] } },
{ "type": "Feature", "properties": { "id": "monoparte.16", "Name": null, "description": null, "timestamp": null, "begin": null, "end": null, "altitudeMode": null, "tessellate": -1, "extrude": 0, "visibility": -1, "drawOrder": null, "icon": null, "REG": "Araucanía", "COM": "Gorbea", "LOC": "Gorbea", "ZONA": "ZM4", "NOM": "Zona Mixta Densidad Baja", "UPERM": "Vivienda; equipamiento científico, comercio, culto y cultura, deporte, educación, salud, seguridad, servicios, social; actividades productivas inofensivas, transporte, sanitaria, energética; espacio público; áreas verdes.", "UPROH": "Todos los no señalados como permitidos.", "P_DO": "24/07/2012", "N_DOC": "6", "T_DO": "Decreto", "OBS": null }, "geometry": { "type": "Polygon", "coordinates": [ [ [ -72.670626637289104, -39.090477999478701 ], [ -72.670604559421704, -39.0919904533799 ], [ -72.673013970754198, -39.091900742209702 ], [ -72.673195635628701, -39.087360244096303 ], [ -72.673171048397293, -39.087332931935101 ], [ -72.673100373067996, -39.0875829143747 ], [ -72.672850067929303, -39.088062685869602 ], [ -72.6723771911673, -39.088849761715899 ], [ -72.671672090430306, -39.089758552601403 ], [ -72.671334413018997, -39.0899693894713 ], [ -72.670626858360507, -39.090477871810499 ], [ -72.670626637289104, -39.090477999478701 ] ] ] } },
{ "type": "Feature", "properties": { "id": "monoparte.17", "Name": null, "description": null, "timestamp": null, "begin": null, "end": null, "altitudeMode": null, "tessellate": -1, "extrude": 0, "visibility": -1, "drawOrder": null, "icon": null, "REG": "Araucanía", "COM": "Gorbea", "LOC": "Gorbea", "ZONA": "ZAV", "NOM": "Zona Área Verde", "UPERM": "Espacio público; áreas verdes.", "UPROH": "Todos los no señalados como permitidos.", "P_DO": "24/07/2012", "N_DOC": "6", "T_DO": "Decreto", "OBS": null }, "geometry": { "type": "Polygon", "coordinates": [ [ [ -72.672741766446904, -39.107163889059898 ], [ -72.673462965704601, -39.107398913639102 ], [ -72.673527534374202, -39.107320471243597 ], [ -72.673516937134096, -39.107315437216499 ], [ -72.673168451927594, -39.107117455683003 ], [ -72.672883840398299, -39.107026489704197 ], [ -72.672744536777799, -39.107030884244701 ], [ -72.672741766446904, -39.107163889059898 ] ] ] } },
{ "type": "Feature", "properties": { "id": "monoparte.18", "Name": null, "description": null, "timestamp": null, "begin": null, "end": null, "altitudeMode": null, "tessellate": -1, "extrude": 0, "visibility": -1, "drawOrder": null, "icon": null, "REG": "Araucanía", "COM": "Gorbea", "LOC": "Gorbea", "ZONA": "ZAV", "NOM": "Zona Área Verde", "UPERM": "Espacio público; áreas verdes.", "UPROH": "Todos los no señalados como permitidos.", "P_DO": "24/07/2012", "N_DOC": "6", "T_DO": "Decreto", "OBS": null }, "geometry": { "type": "Polygon", "coordinates": [ [ [ -72.669054368549695, -39.107917956103101 ], [ -72.669176435669897, -39.1079713060914 ], [ -72.669314602682306, -39.107981250852099 ], [ -72.669454251062803, -39.108019747213 ], [ -72.669555030172205, -39.1080165708359 ], [ -72.669702358398396, -39.108026226383103 ], [ -72.669904657903203, -39.108034148969701 ], [ -72.669933713277501, -39.108033233092399 ], [ -72.669893597390598, -39.108056635969 ], [ -72.669774004160601, -39.108223952790503 ], [ -72.669716864693896, -39.108471074518697 ], [ -72.669642428477502, -39.108609709697198 ], [ -72.669432043953094, -39.108825317503602 ], [ -72.669310093445304, -39.108947278513199 ], [ -72.669091360833093, -39.109226749991002 ], [ -72.668862264554093, -39.109306657531299 ], [ -72.668791934912804, -39.109299787153297 ], [ -72.668651275754797, -39.109286048066302 ], [ -72.668462159076, -39.109237491780199 ], [ -72.668345727636193, -39.109241160419103 ], [ -72.668242351658904, -39.109271674854298 ], [ -72.6680938153292, -39.109330871106501 ], [ -72.667968565734299, -39.109389332618299 ], [ -72.667900119358606, -39.109418746281499 ], [ -72.667864375298294, -39.109628849215603 ], [ -72.667828160260996, -39.109829881222097 ], [ -72.667764421599699, -39.109950006734501 ], [ -72.667675512228598, -39.110034581253203 ], [ -72.667670521449807, -39.110036436370002 ], [ -72.667657567526504, -39.110347331855998 ], [ -72.667757620674195, -39.110349570777998 ], [ -72.667840058569695, -39.1102838039345 ], [ -72.668082086461894, -39.1100035998641 ], [ -72.668149462978803, -39.109728899071499 ], [ -72.668164274586005, -39.109564885250201 ], [ -72.668369613486007, -39.109476641879702 ], [ -72.668486516201, -39.109482044113101 ], [ -72.668663990650899, -39.109530968110697 ], [ -72.668828408308002, -39.109553044232698 ], [ -72.669126421117397, -39.109452793342498 ], [ -72.669341047403407, -39.109318825928 ], [ -72.669907997025504, -39.108783057400402 ], [ -72.670156337773406, -39.1081755568852 ], [ -72.670507374915104, -39.107973685971203 ], [ -72.670948392148006, -39.107932523109902 ], [ -72.671098336637499, -39.107900537924898 ], [ -72.671281796321793, -39.107840236656997 ], [ -72.671572396901297, -39.1078219868998 ], [ -72.671754440926193, -39.107734472296997 ], [ -72.672105000856405, -39.107523525952601 ], [ -72.672427026626707, -39.1072800639568 ], [ -72.672432170316299, -39.107074827942199 ], [ -72.672420016791307, -39.107077464048999 ], [ -72.671891187978503, -39.107448495995797 ], [ -72.671677043577802, -39.107591538533697 ], [ -72.671503343594694, -39.107615187845099 ], [ -72.671201571319202, -39.107642876340002 ], [ -72.670924969838296, -39.107706113407097 ], [ -72.670518883063494, -39.107746174914404 ], [ -72.670104465828899, -39.1079372587362 ], [ -72.670045684578099, -39.107922459748998 ], [ -72.6698987272012, -39.107919942107799 ], [ -72.669760930912204, -39.1079171355195 ], [ -72.669622764004799, -39.107907191285904 ], [ -72.669521243799693, -39.107896091850201 ], [ -72.669373174624596, -39.107872160192798 ], [ -72.6692155727184, -39.107841379611799 ], [ -72.669014655009704, -39.107683269911199 ], [ -72.668742194162405, -39.107384421996898 ], [ -72.668665362879395, -39.106965014371497 ], [ -72.668548013816306, -39.106825719749402 ], [ -72.668413453663604, -39.106708415694797 ], [ -72.668301291239402, -39.106669052013203 ], [ -72.667934729846195, -39.106501860003299 ], [ -72.667776391805205, -39.106456801359599 ], [ -72.6676554395778, -39.106424863112203 ], [ -72.667479148100895, -39.106387518790697 ], [ -72.6672566795054, -39.106344478647202 ], [ -72.667221215018799, -39.106327629572 ], [ -72.667059102540094, -39.106250607188002 ], [ -72.667041325394095, -39.105907984495502 ], [ -72.666807184923599, -39.105286191430601 ], [ -72.666495876055507, -39.104945663627298 ], [ -72.666276278781396, -39.104780987081497 ], [ -72.666083800022093, -39.104733005433602 ], [ -72.666107619283906, -39.104877113271499 ], [ -72.666218074400604, -39.104897214744803 ], [ -72.666486069998896, -39.105110414161501 ], [ -72.666623956566994, -39.105291961946001 ], [ -72.666839033085296, -39.1059000565836 ], [ -72.666861429670803, -39.105977997469999 ], [ -72.666884566990603, -39.106070214259603 ], [ -72.666916865227407, -39.106162141614703 ], [ -72.666930841792293, -39.106254646913598 ], [ -72.667001145722793, -39.106320197050799 ], [ -72.667027271273398, -39.106344555260797 ], [ -72.667185609813203, -39.106389614923501 ], [ -72.667354591078805, -39.106462938501998 ], [ -72.667530512309298, -39.1064931455061 ], [ -72.667717076274101, -39.106551614538397 ], [ -72.667791850125496, -39.106577857422103 ], [ -72.667829607535793, -39.106598117241703 ], [ -72.667997108075099, -39.106642888043801 ], [ -72.668053189731594, -39.106662569582902 ], [ -72.668250767927802, -39.106756439266398 ], [ -72.668344977913193, -39.106803518707302 ], [ -72.668411331128098, -39.106844325732098 ], [ -72.668460474026205, -39.106907124296697 ], [ -72.668472599087394, -39.106963939176303 ], [ -72.668505642090594, -39.107070142706299 ], [ -72.668530264035496, -39.1071909098996 ], [ -72.668582740909002, -39.107317950343102 ], [ -72.668606251534598, -39.107417304135502 ], [ -72.668664186678598, -39.107472675488097 ], [ -72.668751087258698, -39.107555732526698 ], [ -72.668838730314704, -39.107653065328897 ], [ -72.668887873044099, -39.107715863697301 ], [ -72.668948401521902, -39.107821200928299 ], [ -72.669054368549695, -39.107917956103101 ] ] ] } },
{ "type": "Feature", "properties": { "id": "monoparte.19", "Name": null, "description": null, "timestamp": null, "begin": null, "end": null, "altitudeMode": null, "tessellate": -1, "extrude": 0, "visibility": -1, "drawOrder": null, "icon": null, "REG": "Araucanía", "COM": "Gorbea", "LOC": "Gorbea", "ZONA": "ZAV", "NOM": "Zona Área Verde", "UPERM": "Espacio público; áreas verdes.", "UPROH": "Todos los no señalados como permitidos.", "P_DO": "24/07/2012", "N_DOC": "6", "T_DO": "Decreto", "OBS": null }, "geometry": { "type": "Polygon", "coordinates": [ [ [ -72.681862352663401, -39.111258595779802 ], [ -72.681862613430596, -39.111353909707198 ], [ -72.682242206085306, -39.111273982532097 ], [ -72.682233005377398, -39.110745202938098 ], [ -72.682140368115, -39.110376353242202 ], [ -72.681962065633201, -39.1101246070861 ], [ -72.681640624157694, -39.109591402626798 ], [ -72.681221620407797, -39.108946887668402 ], [ -72.681115874710102, -39.108678546659398 ], [ -72.680963073266398, -39.108211503755797 ], [ -72.680779309897105, -39.1075023523263 ], [ -72.6808515942094, -39.107128287155703 ], [ -72.680936994845993, -39.106653712907402 ], [ -72.681344022741101, -39.106011678157202 ], [ -72.681748339182704, -39.105670010804097 ], [ -72.682380430085701, -39.105120949507402 ], [ -72.6833435230226, -39.104232531380497 ], [ -72.6841974049361, -39.103361860649699 ], [ -72.684256375383299, -39.103287116934702 ], [ -72.684136689062797, -39.102816835108101 ], [ -72.683454304700504, -39.103539728285199 ], [ -72.683036013833799, -39.1040163431352 ], [ -72.682804764143896, -39.104278063990698 ], [ -72.682581845185993, -39.104475919011598 ], [ -72.682550700326701, -39.104549591741801 ], [ -72.682339895601103, -39.104756149774403 ], [ -72.682285465170594, -39.104830558011301 ], [ -72.682108167251499, -39.105008797813397 ], [ -72.681981992744497, -39.105049131963703 ], [ -72.681901913763696, -39.105078922520001 ], [ -72.681836313144601, -39.105162770433601 ], [ -72.681722725297305, -39.1052208777269 ], [ -72.6816100823102, -39.105297127391502 ], [ -72.681431365184693, -39.105448152987996 ], [ -72.6812647608009, -39.105607881957603 ], [ -72.681177764447199, -39.105728748940699 ], [ -72.681077234688303, -39.1058137008364 ], [ -72.680875702028104, -39.105974533605199 ], [ -72.6806793649246, -39.1062351466134 ], [ -72.680606843572804, -39.106410071755001 ], [ -72.680495614639497, -39.1065135328653 ], [ -72.680407364917698, -39.1068343303834 ], [ -72.680389914848703, -39.107171060314599 ], [ -72.680407560840905, -39.107733830315297 ], [ -72.680494423858406, -39.108058176901103 ], [ -72.680561613899897, -39.108228685251603 ], [ -72.680567283069095, -39.108337537469097 ], [ -72.680615912729095, -39.108599491614697 ], [ -72.680879953791802, -39.109190814496699 ], [ -72.681039345452504, -39.109340235037102 ], [ -72.681068773648406, -39.109457421717998 ], [ -72.681189929067003, -39.109544450004698 ], [ -72.6811970170384, -39.109680514474803 ], [ -72.681263265528301, -39.109832880659098 ], [ -72.681411489253904, -39.109991740396197 ], [ -72.681554213221801, -39.110268890064198 ], [ -72.681765380579705, -39.110516617899897 ], [ -72.681816679795702, -39.110605854618598 ], [ -72.681821406086598, -39.110696564185297 ], [ -72.681865488160994, -39.111094950906299 ], [ -72.681862352663401, -39.111258595779802 ] ] ] } },
{ "type": "Feature", "properties": { "id": "monoparte.20", "Name": null, "description": null, "timestamp": null, "begin": null, "end": null, "altitudeMode": null, "tessellate": -1, "extrude": 0, "visibility": -1, "drawOrder": null, "icon": null, "REG": "Araucanía", "COM": "Gorbea", "LOC": "Gorbea", "ZONA": "ZAV", "NOM": "Zona Área Verde", "UPERM": "Espacio público; áreas verdes.", "UPROH": "Todos los no señalados como permitidos.", "P_DO": "24/07/2012", "N_DOC": "6", "T_DO": "Decreto", "OBS": null }, "geometry": { "type": "Polygon", "coordinates": [ [ [ -72.672172094398903, -39.097628582604898 ], [ -72.672056718400498, -39.097703717541101 ], [ -72.671941711763097, -39.0977859907848 ], [ -72.671887120459999, -39.0977948615784 ], [ -72.671715297760898, -39.097843177827798 ], [ -72.671589277150304, -39.097890049518099 ], [ -72.671427356304406, -39.097952352338801 ], [ -72.6712650633538, -39.098007517503 ], [ -72.671120721364304, -39.098054966385298 ], [ -72.670838231518104, -39.098092471386103 ], [ -72.670756899356306, -39.09811648486 ], [ -72.670722852123205, -39.098167605134599 ], [ -72.670718510414602, -39.098260687506802 ], [ -72.670670219092699, -39.098390903087697 ], [ -72.670636912959395, -39.098456300113 ], [ -72.670577977896798, -39.098558252735003 ], [ -72.670528574345795, -39.098667054918202 ], [ -72.670442855794207, -39.098949046709699 ], [ -72.670438569500803, -39.098948869275198 ], [ -72.670426905968199, -39.099006292491097 ], [ -72.670359551494599, -39.099122810561298 ], [ -72.670265827467304, -39.099261607344197 ], [ -72.670181261964998, -39.099400116260703 ], [ -72.670103264392694, -39.099488370306801 ], [ -72.670087907850402, -39.099546051316302 ], [ -72.669998525474497, -39.099591767346404 ], [ -72.669544199932602, -39.099677583249097 ], [ -72.669360986656699, -39.0996833573762 ], [ -72.669316666197403, -39.099713352610699 ], [ -72.669066591576097, -39.099820835351103 ], [ -72.669058145366506, -39.099805233183801 ], [ -72.669049693003302, -39.099887710939001 ], [ -72.668912347100701, -39.0999374686658 ], [ -72.668774531379896, -39.099978155276602 ], [ -72.668612019256301, -39.099992361697701 ], [ -72.668470906870297, -39.0999695496972 ], [ -72.668342849287498, -39.0999735843994 ], [ -72.668188683533998, -39.099923926032297 ], [ -72.668107192689405, -39.0999264933766 ], [ -72.667989363317602, -39.099902947267097 ], [ -72.667918101890606, -39.099877934930397 ], [ -72.667824497893704, -39.099871797909501 ], [ -72.667671275082199, -39.099840280666001 ], [ -72.667542745855798, -39.099835243576003 ], [ -72.667331785774095, -39.099814630322598 ], [ -72.667133877721, -39.099820863791102 ], [ -72.666909863629996, -39.099773403622002 ], [ -72.666612706924099, -39.099664644246197 ], [ -72.666390104979897, -39.099644395885598 ], [ -72.666258753403099, -39.099584930743497 ], [ -72.666078484488096, -39.099481575075004 ], [ -72.665972769323105, -39.099466732122998 ], [ -72.665661791948807, -39.099336299449902 ], [ -72.665600884707402, -39.099416822791603 ], [ -72.666185479837793, -39.099668995467098 ], [ -72.667021786563396, -39.099871447909003 ], [ -72.666327985298295, -39.100293676973102 ], [ -72.666273391169, -39.100302545254699 ], [ -72.666191684500504, -39.1003194173068 ], [ -72.665400878381604, -39.1003271905956 ], [ -72.665416637903107, -39.100452370251702 ], [ -72.666315587164405, -39.100408461368502 ], [ -72.666406083857296, -39.100384163258497 ], [ -72.667261075587007, -39.099885359677501 ], [ -72.667574019141398, -39.0999041018489 ], [ -72.667741504441494, -39.099948872889399 ], [ -72.668029189109006, -39.100011306338999 ], [ -72.668184549425803, -39.099999262640303 ], [ -72.668372579110695, -39.100086284133901 ], [ -72.668501198873898, -39.100089380853198 ], [ -72.668794340207697, -39.100080144252097 ], [ -72.668931750738594, -39.100075814324001 ], [ -72.668985232823601, -39.100045530531197 ], [ -72.669085643878901, -39.099980759359902 ], [ -72.669085772391298, -39.099978625061098 ], [ -72.669450472446201, -39.099816379512497 ], [ -72.669668845227093, -39.099780898617702 ], [ -72.670140010102003, -39.0996659529402 ], [ -72.670219861933901, -39.099613388960798 ], [ -72.670302944038596, -39.099446328303699 ], [ -72.670447555876606, -39.099227280142699 ], [ -72.670576513981601, -39.098954556641097 ], [ -72.670603847567406, -39.098955683768303 ], [ -72.670646653581002, -39.098820624025997 ], [ -72.670653590898297, -39.098777507609903 ], [ -72.670722056545102, -39.098682404552797 ], [ -72.670745831001895, -39.098610157938801 ], [ -72.670768494744607, -39.098516498833597 ], [ -72.670792270311296, -39.098444253076302 ], [ -72.670859994153602, -39.0983348731923 ], [ -72.670873867316303, -39.098248640382003 ], [ -72.670928088463299, -39.098232631659499 ], [ -72.671081962562994, -39.098192031634603 ], [ -72.671199193757005, -39.098152586785901 ], [ -72.671288202926306, -39.098099733367199 ], [ -72.671405805706698, -39.098067426665096 ], [ -72.671577258457205, -39.098011972461002 ], [ -72.671694860939397, -39.0979796654795 ], [ -72.671847991359499, -39.0979247886713 ], [ -72.671956063062694, -39.0978856328259 ], [ -72.672018331150795, -39.097847920524103 ], [ -72.672133708570698, -39.097772785577803 ], [ -72.6722791615624, -39.097746749713302 ], [ -72.672334123520798, -39.097745016212102 ], [ -72.672599773496799, -39.097736637240203 ], [ -72.672780704115794, -39.097730930087799 ], [ -72.672785859465606, -39.097602073483401 ], [ -72.672611419577905, -39.097607575904199 ], [ -72.672429325828702, -39.097634768773503 ], [ -72.672263327878795, -39.097618555104603 ], [ -72.672172094398903, -39.097628582604898 ] ] ] } },
{ "type": "Feature", "properties": { "id": "monoparte.21", "Name": null, "description": null, "timestamp": null, "begin": null, "end": null, "altitudeMode": null, "tessellate": -1, "extrude": 0, "visibility": -1, "drawOrder": null, "icon": null, "REG": "Araucanía", "COM": "Gorbea", "LOC": "Gorbea", "ZONA": "ZAV", "NOM": "Zona Área Verde", "UPERM": "Espacio público; áreas verdes.", "UPROH": "Todos los no señalados como permitidos.", "P_DO": "24/07/2012", "N_DOC": "6", "T_DO": "Decreto", "OBS": null }, "geometry": { "type": "Polygon", "coordinates": [ [ [ -72.6943072605292, -39.095053452681299 ], [ -72.694424960982801, -39.095905238632497 ], [ -72.694354851745899, -39.096125524740202 ], [ -72.694168071303693, -39.096567574164503 ], [ -72.694116028144407, -39.096687342318198 ], [ -72.694073731788706, -39.096770457468502 ], [ -72.694021215499205, -39.096881153982203 ], [ -72.693923083575399, -39.097011470006997 ], [ -72.693931821879005, -39.097401886425402 ], [ -72.693930134423695, -39.097592744376797 ], [ -72.693885940395205, -39.097639575928703 ], [ -72.693705373353495, -39.097754334756601 ], [ -72.693527175336996, -39.097914448513698 ], [ -72.693390326583199, -39.0979733048271 ], [ -72.693280077462106, -39.098094919003699 ], [ -72.693247523457302, -39.098141381091402 ], [ -72.693123737570801, -39.098227080772801 ], [ -72.692929156589798, -39.098296853486197 ], [ -72.692489843845394, -39.098592450054298 ], [ -72.692109680525306, -39.098904340772698 ], [ -72.691945485592399, -39.099109437601697 ], [ -72.691736619481404, -39.0993522934913 ], [ -72.691640848615506, -39.099527962279701 ], [ -72.6914873446119, -39.099714547188498 ], [ -72.691318409450204, -39.0998289345305 ], [ -72.691121927634597, -39.099862421711798 ], [ -72.690920908707199, -39.100032339906598 ], [ -72.690730583980894, -39.100183748240497 ], [ -72.690538362938099, -39.100298871721897 ], [ -72.690360151391204, -39.100458981223703 ], [ -72.690046502645401, -39.100705155353097 ], [ -72.689942202836406, -39.100717547546203 ], [ -72.689861186555703, -39.100729200848697 ], [ -72.689772315728703, -39.100813790542396 ], [ -72.689528985677796, -39.101066820533802 ], [ -72.689343389524495, -39.101308935789199 ], [ -72.689187508614694, -39.101450163619099 ], [ -72.688925905549993, -39.1015765695659 ], [ -72.688821604142902, -39.101588959924499 ], [ -72.688611581183295, -39.101586528201601 ], [ -72.688458819636693, -39.101564109734397 ], [ -72.688259019333401, -39.101534095462299 ], [ -72.688026186961594, -39.101541470955901 ], [ -72.687873425685694, -39.101519052605298 ], [ -72.687799317016001, -39.101439626694898 ], [ -72.687796950816093, -39.1013942721452 ], [ -72.687783415333797, -39.101358357092501 ], [ -72.687747544751005, -39.101341320916902 ], [ -72.687603586015499, -39.101264107271 ], [ -72.687471743312202, -39.101195596330598 ], [ -72.687409749946298, -39.101124872167098 ], [ -72.687382680662495, -39.101053041906098 ], [ -72.687426881156895, -39.101006212537897 ], [ -72.687377475698298, -39.1009532620225 ], [ -72.687267024876107, -39.100847729555397 ], [ -72.687130450645796, -39.100688508135804 ], [ -72.687055870598101, -39.1006000109222 ], [ -72.686959899551795, -39.100548533931899 ], [ -72.686827585669306, -39.100470950520297 ], [ -72.686800518471202, -39.100399120939699 ], [ -72.686688648991307, -39.100266374741601 ], [ -72.686614541866604, -39.100186947972297 ], [ -72.686529740984597, -39.100126031196197 ], [ -72.686351808637198, -39.100068063976302 ], [ -72.686153431110299, -39.100065259015203 ], [ -72.686059353404801, -39.1000500651095 ], [ -72.685906123956002, -39.100018572298801 ], [ -72.685827471294303, -39.100075578381201 ], [ -72.685667801918399, -39.100144233899996 ], [ -72.685564920621701, -39.100183834428798 ], [ -72.685627384249699, -39.100263630466998 ], [ -72.685571068787596, -39.100301756938002 ], [ -72.685503111991906, -39.100340250980103 ], [ -72.685547495554601, -39.100520565045201 ], [ -72.685517772891401, -39.100621450677998 ], [ -72.685380912803197, -39.10068029808 ], [ -72.685177039794496, -39.100795782559601 ], [ -72.685040650777907, -39.1008637003846 ], [ -72.684972220339105, -39.100893124293101 ], [ -72.684853147709504, -39.101069525253799 ], [ -72.684771835750396, -39.101299246304201 ], [ -72.6846755720141, -39.1014658395057 ], [ -72.684671023203606, -39.101602272052197 ], [ -72.684722497349895, -39.101918650615303 ], [ -72.684684294237002, -39.102031499595299 ], [ -72.684810198133604, -39.102585156170299 ], [ -72.684903203587297, -39.102467272398599 ], [ -72.684936869919497, -39.102409010130302 ], [ -72.685054417198799, -39.101847620615999 ], [ -72.685220973969706, -39.101170285357199 ], [ -72.685365311307194, -39.101122819144003 ], [ -72.685831243836503, -39.100907881357799 ], [ -72.685996590224306, -39.100559465528299 ], [ -72.685992868291194, -39.100488087440198 ], [ -72.685951759871202, -39.100403593759999 ], [ -72.6860411319375, -39.100357865919698 ], [ -72.686281540008807, -39.100393153065703 ], [ -72.686337992061198, -39.100419964090399 ], [ -72.686401144363302, -39.1005752555862 ], [ -72.686593289401401, -39.1007407619012 ], [ -72.686723770941299, -39.100779527837197 ], [ -72.686818354924995, -39.1008337304321 ], [ -72.686899086469197, -39.1009741657859 ], [ -72.6869196414127, -39.101016412422702 ], [ -72.686981306401094, -39.101143152302697 ], [ -72.6873663479887, -39.101488438839603 ], [ -72.687523345721104, -39.1016836550072 ], [ -72.687732328364604, -39.101820028591597 ], [ -72.688582562297597, -39.1019360870757 ], [ -72.688856639416997, -39.101913104502103 ], [ -72.689074260928095, -39.101863311771197 ], [ -72.689324800507407, -39.101740979694497 ], [ -72.689520374092197, -39.101620388027399 ], [ -72.689763459125999, -39.101355299553703 ], [ -72.690042440567893, -39.101074772844498 ], [ -72.690183793023806, -39.100970198615599 ], [ -72.6905053758544, -39.100802714839901 ], [ -72.690730878755005, -39.100552479997098 ], [ -72.691000477066197, -39.100443839424997 ], [ -72.691160893180793, -39.100352958859403 ], [ -72.691317581564405, -39.100190699528802 ], [ -72.691588668534493, -39.1001106087582 ], [ -72.691605498387403, -39.100081476807198 ], [ -72.691798826822605, -39.099918056007603 ], [ -72.691887448646895, -39.099858049257101 ], [ -72.692383706928993, -39.099170249753797 ], [ -72.692470836022693, -39.099081691586797 ], [ -72.693551099507502, -39.098332467223003 ], [ -72.694062996305306, -39.097944448953797 ], [ -72.694306053078293, -39.097679351343302 ], [ -72.694317659362795, -39.097550290636399 ], [ -72.694380912258794, -39.097004914621003 ], [ -72.694614265378604, -39.096554235214903 ], [ -72.694824820758697, -39.096018482956303 ], [ -72.694854745765497, -39.0958888408747 ], [ -72.6947598320764, -39.095477176212299 ], [ -72.694719132167904, -39.0950494919514 ], [ -72.694573321027903, -39.095068417965699 ], [ -72.694408445502006, -39.095073649544098 ], [ -72.6943072605292, -39.095053452681299 ] ] ] } },
{ "type": "Feature", "properties": { "id": "monoparte.22", "Name": null, "description": null, "timestamp": null, "begin": null, "end": null, "altitudeMode": null, "tessellate": -1, "extrude": 0, "visibility": -1, "drawOrder": null, "icon": null, "REG": "Araucanía", "COM": "Gorbea", "LOC": "Gorbea", "ZONA": "ZAV", "NOM": "Zona Área Verde", "UPERM": "Espacio público; áreas verdes.", "UPROH": "Todos los no señalados como permitidos.", "P_DO": "24/07/2012", "N_DOC": "6", "T_DO": "Decreto", "OBS": null }, "geometry": { "type": "Polygon", "coordinates": [ [ [ -72.680519399813505, -39.095177928769402 ], [ -72.680396362885901, -39.095281912391599 ], [ -72.680276298036006, -39.095442999687201 ], [ -72.680233227829305, -39.095673148407698 ], [ -72.6800148733046, -39.095708648333201 ], [ -72.679888119579601, -39.095741252856897 ], [ -72.679749732808403, -39.095902918692602 ], [ -72.679688340624594, -39.096133646274403 ], [ -72.679631151411101, -39.096092555990602 ], [ -72.6795380639456, -39.096066899348003 ], [ -72.679409080506304, -39.096056676188603 ], [ -72.679245685675596, -39.096090437906902 ], [ -72.679083776425301, -39.096152750881899 ], [ -72.678794367686606, -39.096233391335097 ], [ -72.678613394737198, -39.096282006777201 ], [ -72.678484410955605, -39.096271782605001 ], [ -72.678484548409401, -39.096249875018003 ], [ -72.678377195115502, -39.096267327088398 ], [ -72.678266902853593, -39.096263661327399 ], [ -72.678052878556301, -39.0962060763528 ], [ -72.677933798238001, -39.0962098379389 ], [ -72.677833036886, -39.096213020758299 ], [ -72.677724601232597, -39.096245044328199 ], [ -72.677551673012701, -39.096271954745497 ], [ -72.677303978944295, -39.096272628704398 ], [ -72.677137612429107, -39.096249284454899 ], [ -72.677017045835697, -39.096224493601298 ], [ -72.676879644027807, -39.096228832702401 ], [ -72.676788785607499, -39.0962460011107 ], [ -72.676761305925297, -39.096246868868597 ], [ -72.676630093960895, -39.0961938144276 ], [ -72.676535152528899, -39.096132466299899 ], [ -72.676442438241693, -39.096113944533002 ], [ -72.676313083758501, -39.096096580480797 ], [ -72.676155877371798, -39.096072945587402 ], [ -72.675932324402893, -39.096008506545701 ], [ -72.6757201579221, -39.095986606180098 ], [ -72.675554533440007, -39.095977535439701 ], [ -72.675406859223003, -39.095960748677598 ], [ -72.675242349083803, -39.0959730907026 ], [ -72.675116705414595, -39.0960271043066 ], [ -72.674972369178306, -39.096074557701201 ], [ -72.674900943615896, -39.096112560572799 ], [ -72.674809342725595, -39.0961154516433 ], [ -72.674733094009596, -39.096060661210402 ], [ -72.6746407511435, -39.096049275435597 ], [ -72.674430068625895, -39.096055924329498 ], [ -72.674291924837306, -39.096045984549797 ], [ -72.674172844284797, -39.096049742281899 ], [ -72.674007590627994, -39.096047807695903 ], [ -72.673841967183805, -39.096038734476799 ], [ -72.673704565246197, -39.096043069818997 ], [ -72.673611480781204, -39.096017408290201 ], [ -72.673472966212699, -39.096000329164497 ], [ -72.673353143909793, -39.095989810224701 ], [ -72.673288651881805, -39.095984695676499 ], [ -72.673228378949503, -39.095979914573 ], [ -72.673218795045798, -39.096210096333301 ], [ -72.674285104271306, -39.096267838279097 ], [ -72.674623658038897, -39.096250004974898 ], [ -72.674728129817098, -39.096318203971897 ], [ -72.674803636803503, -39.0963587185854 ], [ -72.675058266147303, -39.096314934281899 ], [ -72.675228597128395, -39.096238060905698 ], [ -72.675380979835793, -39.096168904807399 ], [ -72.6754722096384, -39.096158874936201 ], [ -72.675879707948198, -39.096231806094401 ], [ -72.676157108736803, -39.0962730958246 ], [ -72.676443670475194, -39.096314095626497 ], [ -72.676481796736496, -39.096341490213597 ], [ -72.676549257517195, -39.096403706119197 ], [ -72.676727754645597, -39.0964838659335 ], [ -72.676864785729293, -39.096472388651001 ], [ -72.677082772216593, -39.096429756156098 ], [ -72.677156053067904, -39.096427441861003 ], [ -72.677221659448193, -39.096453969233501 ], [ -72.677432713741993, -39.0964544526718 ], [ -72.677597966954394, -39.096456383276703 ], [ -72.677771638170697, -39.096443747631 ], [ -72.677844918979702, -39.096441432902303 ], [ -72.677898022944007, -39.096404006981501 ], [ -72.6779533548643, -39.096409409209301 ], [ -72.678001012604696, -39.096443652260803 ], [ -72.678066618079399, -39.096470178277897 ], [ -72.678185699971905, -39.096466416498799 ], [ -72.678294878440099, -39.096448668245102 ], [ -72.678368159211104, -39.096446353187297 ], [ -72.678450600645505, -39.096443748674197 ], [ -72.678515836014299, -39.096463136069602 ], [ -72.678608922552499, -39.096488793558201 ], [ -72.678782222159001, -39.096469018985701 ], [ -72.678915908729607, -39.0963932989496 ], [ -72.679007509556499, -39.096390404635599 ], [ -72.679099111524195, -39.096387510213397 ], [ -72.679232054667594, -39.096297514099099 ], [ -72.679359925264706, -39.096286323346597 ], [ -72.679379359828502, -39.0963071584723 ], [ -72.679382703091406, -39.096371399725903 ], [ -72.679394091427895, -39.096413937481103 ], [ -72.679416497801597, -39.096491874632697 ], [ -72.679492378939699, -39.096539524379502 ], [ -72.679568631648607, -39.096594311487202 ], [ -72.679723610933493, -39.096575114471598 ], [ -72.679813725841697, -39.096543668058501 ], [ -72.679885891988803, -39.096519938003297 ], [ -72.679927977730003, -39.096447111826897 ], [ -72.679975507570205, -39.096302617523001 ], [ -72.679972535330407, -39.096245514623597 ], [ -72.680010162408294, -39.096087033178499 ], [ -72.680039000357993, -39.095935980468802 ], [ -72.680091359647903, -39.095884277893603 ], [ -72.680163896598899, -39.095867686011701 ], [ -72.680246337192898, -39.0958650802609 ], [ -72.680328033501794, -39.095848198768302 ], [ -72.680391039341103, -39.095824757956301 ], [ -72.680451814598996, -39.095758490892798 ], [ -72.680503803052304, -39.095699650705498 ], [ -72.680536355570496, -39.095619975612003 ], [ -72.680550216554494, -39.0955337422063 ], [ -72.680609876654103, -39.095446061051497 ], [ -72.680724497304794, -39.095356641568401 ], [ -72.680903979777497, -39.095279471593798 ], [ -72.681105127504594, -39.095265963281904 ], [ -72.681323850443604, -39.095237598838899 ], [ -72.681396386392194, -39.095221006232499 ], [ -72.681424981697603, -39.095241551370499 ], [ -72.681485144512706, -39.095339743571799 ], [ -72.681623047186207, -39.095521272883801 ], [ -72.681739285384893, -39.095639141095504 ], [ -72.681991215690601, -39.095748181260603 ], [ -72.6817074945846, -39.095164893898897 ], [ -72.681466085362601, -39.095033606371203 ], [ -72.681355423473804, -39.095022806050999 ], [ -72.681027153002006, -39.0950617830404 ], [ -72.680737009206396, -39.095128152269403 ], [ -72.680572872965698, -39.095147640042903 ], [ -72.680519399813505, -39.095177928769402 ] ] ] } },
{ "type": "Feature", "properties": { "id": "monoparte.23", "Name": null, "description": null, "timestamp": null, "begin": null, "end": null, "altitudeMode": null, "tessellate": -1, "extrude": 0, "visibility": -1, "drawOrder": null, "icon": null, "REG": "Araucanía", "COM": "Gorbea", "LOC": "Gorbea", "ZONA": "ZAV", "NOM": "Zona Área Verde", "UPERM": "Espacio público; áreas verdes.", "UPROH": "Todos los no señalados como permitidos.", "P_DO": "24/07/2012", "N_DOC": "6", "T_DO": "Decreto", "OBS": null }, "geometry": { "type": "Polygon", "coordinates": [ [ [ -72.666641509430505, -39.094485445117797 ], [ -72.665122926691595, -39.0948733470319 ], [ -72.665039898678401, -39.095127654527097 ], [ -72.666488473699502, -39.094719053192698 ], [ -72.666688884169304, -39.094691292915101 ], [ -72.666826283411297, -39.094686966001703 ], [ -72.667170757870196, -39.094783362113198 ], [ -72.667332400982801, -39.094892665059298 ], [ -72.667445284264502, -39.094946307484797 ], [ -72.667630335837899, -39.094976226352401 ], [ -72.668613051134599, -39.094995315353103 ], [ -72.668731020649204, -39.094970149035298 ], [ -72.669505815678207, -39.094695496487503 ], [ -72.669624154799806, -39.094677467699199 ], [ -72.670302362966694, -39.0946632412331 ], [ -72.670412652856598, -39.094666913787599 ], [ -72.670554128806998, -39.094741100240697 ], [ -72.670996877156199, -39.094963080022602 ], [ -72.671042201089705, -39.0947757599996 ], [ -72.670486199720301, -39.0944930044245 ], [ -72.670421338583694, -39.094480749819397 ], [ -72.6703473181215, -39.094468783902101 ], [ -72.669659580897005, -39.094476161750798 ], [ -72.669567981584706, -39.0944790486028 ], [ -72.669504973964706, -39.094502482734299 ], [ -72.668684380516495, -39.094778578280199 ], [ -72.668639320774403, -39.0947942972699 ], [ -72.668557250735006, -39.094804033159697 ], [ -72.667539008906701, -39.094807512002497 ], [ -72.667406696260798, -39.094733033206502 ], [ -72.667189351984504, -39.094611185438801 ], [ -72.666824338502494, -39.094472538419097 ], [ -72.666769008546595, -39.094467130782199 ], [ -72.666641509430505, -39.094485445117797 ] ] ] } },
{ "type": "Feature", "properties": { "id": "monoparte.24", "Name": null, "description": null, "timestamp": null, "begin": null, "end": null, "altitudeMode": null, "tessellate": -1, "extrude": 0, "visibility": -1, "drawOrder": null, "icon": null, "REG": "Araucanía", "COM": "Gorbea", "LOC": "Gorbea", "ZONA": "ZAV", "NOM": "Zona Área Verde", "UPERM": "Espacio público; áreas verdes.", "UPROH": "Todos los no señalados como permitidos.", "P_DO": "24/07/2012", "N_DOC": "6", "T_DO": "Decreto", "OBS": null }, "geometry": { "type": "Polygon", "coordinates": [ [ [ -72.677778122115697, -39.088622101444898 ], [ -72.677669697815702, -39.088654124440403 ], [ -72.677522408760197, -39.0886444771171 ], [ -72.677413235796607, -39.0886479250617 ], [ -72.677607932782706, -39.088861081569299 ], [ -72.677653133877499, -39.088857126471503 ], [ -72.677714195068901, -39.088855197895803 ], [ -72.677792377345298, -39.088888477035198 ], [ -72.677888299499202, -39.088968859279099 ], [ -72.678030018162204, -39.089047794858701 ], [ -72.678276737397994, -39.089087665779402 ], [ -72.678444655223799, -39.0890823612228 ], [ -72.6786381535928, -39.088980920406797 ], [ -72.678943457379106, -39.088971274677803 ], [ -72.679174911643202, -39.089011625082797 ], [ -72.679348400864697, -39.089113387799202 ], [ -72.679519413470302, -39.089167564136503 ], [ -72.6796739232622, -39.089198429997801 ], [ -72.6797374595088, -39.089244085606701 ], [ -72.679710643500101, -39.0893164291492 ], [ -72.679548296315005, -39.089428804119898 ], [ -72.679354798242997, -39.089530247339297 ], [ -72.679348817602403, -39.089709177039403 ], [ -72.679461864781601, -39.089824765298502 ], [ -72.679634737413593, -39.089914630255798 ], [ -72.679747166361096, -39.090018321892401 ], [ -72.679953045468395, -39.0901548076354 ], [ -72.680099102498602, -39.0903170163472 ], [ -72.680167594205898, -39.090457843792898 ], [ -72.680225154842802, -39.0906824295365 ], [ -72.680343158325101, -39.090893188033903 ], [ -72.680375546650595, -39.090927912800602 ], [ -72.680468997826196, -39.0909607074516 ], [ -72.680531918195101, -39.090994466187396 ], [ -72.680701078592506, -39.091012951643698 ], [ -72.680809177315496, -39.091033366231898 ], [ -72.680963072374496, -39.091052332965397 ], [ -72.681071170107998, -39.091072748239199 ], [ -72.681151833497296, -39.091153610047698 ], [ -72.681247143223501, -39.091222092884898 ], [ -72.681267363298204, -39.091316782300197 ], [ -72.681258291074698, -39.091436229530501 ], [ -72.681216829788298, -39.091520952273498 ], [ -72.681160721065297, -39.091618054841597 ], [ -72.681134523979594, -39.091702294980003 ], [ -72.681126070836797, -39.091833638487898 ], [ -72.681131025378207, -39.091928810534498 ], [ -72.681198282221104, -39.0920458437094 ], [ -72.6812979287361, -39.092197602186403 ], [ -72.6815013409486, -39.092286499559101 ], [ -72.681595413770296, -39.092331188563001 ], [ -72.681719398736007, -39.092363016717101 ], [ -72.681769532996995, -39.092444843373002 ], [ -72.681819666272801, -39.0925266709365 ], [ -72.681838030401906, -39.092585670435 ], [ -72.681886924919596, -39.092643704521002 ], [ -72.681933962249502, -39.092666048840698 ], [ -72.681998743297697, -39.092735496372001 ], [ -72.682032991750305, -39.092805909390599 ], [ -72.682157598380499, -39.092849633255597 ], [ -72.6822828235251, -39.092905253279497 ], [ -72.682350083328302, -39.093022286536097 ], [ -72.682437565698905, -39.093234007927599 ], [ -72.682506065294305, -39.093374834480599 ], [ -72.682822540082597, -39.093579313009997 ], [ -72.682949627186801, -39.093670621847103 ], [ -72.683065785250704, -39.093845688112602 ], [ -72.683198450499901, -39.094044063782903 ], [ -72.683439219725997, -39.094262852058101 ], [ -72.683477189019797, -39.094404642899804 ], [ -72.683490823933198, -39.094666363865599 ], [ -72.683501360119905, -39.094868602701197 ], [ -72.683436183819694, -39.095085153490601 ], [ -72.683444860697307, -39.095251703594897 ], [ -72.683466324818994, -39.095370184864898 ], [ -72.683602713226605, -39.095639938186899 ], [ -72.683736002381295, -39.095850209237 ], [ -72.6840066939682, -39.096056133630299 ], [ -72.684136265680095, -39.096195025820002 ], [ -72.6841309178497, -39.096385851281497 ], [ -72.684072950154103, -39.096447265588402 ], [ -72.683836120558794, -39.096597751754501 ], [ -72.683594951057302, -39.0966649620187 ], [ -72.683423917190296, -39.096610792748798 ], [ -72.683295585532406, -39.096495692227997 ], [ -72.6831342410524, -39.0963339715572 ], [ -72.683037061958402, -39.0962298011301 ], [ -72.682893721681396, -39.096173075168402 ], [ -72.6831425883924, -39.096693919416303 ], [ -72.683248896901006, -39.096773620655298 ], [ -72.683283768624506, -39.096855929355499 ], [ -72.683410862515899, -39.0969472373367 ], [ -72.683580657501295, -39.096977613210001 ], [ -72.683791293627394, -39.096911369001702 ], [ -72.683953031167206, -39.096787092352002 ], [ -72.684252787250003, -39.096670363237997 ], [ -72.684270534791395, -39.096717465940898 ], [ -72.684357408297103, -39.096917289058602 ], [ -72.684501009068697, -39.0970319051711 ], [ -72.684760546766, -39.097023691841699 ], [ -72.685051236565997, -39.097026407828103 ], [ -72.685183677763305, -39.096926887494597 ], [ -72.685285584284799, -39.096828334390899 ], [ -72.685340067104207, -39.096993434407999 ], [ -72.685348749003495, -39.097159983201202 ], [ -72.685431285048196, -39.097276530944299 ], [ -72.685585814824094, -39.097307387943502 ], [ -72.685889912783196, -39.097273928959801 ], [ -72.685993059213502, -39.0971991676751 ], [ -72.6861413862554, -39.097111060096204 ], [ -72.686197491708697, -39.097013955317102 ], [ -72.686237709033307, -39.096905438589303 ], [ -72.686218720711693, -39.0968345429119 ], [ -72.686198491949597, -39.0967398557219 ], [ -72.686236849450395, -39.096595649452901 ], [ -72.686231887221894, -39.096500478029903 ], [ -72.686310702086601, -39.096545647012903 ], [ -72.686532499848894, -39.096693532321503 ], [ -72.686710359911899, -39.096878556851799 ], [ -72.6867763904188, -39.096971794561497 ], [ -72.686901627527902, -39.097027409019503 ], [ -72.687086690470906, -39.097057297164802 ], [ -72.687357149604594, -39.096965319518901 ], [ -72.687490207768903, -39.096877693804799 ], [ -72.687703322657896, -39.096859028298901 ], [ -72.687873118779606, -39.096889397827397 ], [ -72.688027027929607, -39.096908355394902 ], [ -72.688180937099503, -39.096927311855502 ], [ -72.688378163504197, -39.096897232567599 ], [ -72.688542995738302, -39.096832430785497 ], [ -72.688569804738094, -39.096760084678401 ], [ -72.688624665224097, -39.0966391874544 ], [ -72.688620941113797, -39.096567808630503 ], [ -72.688611010327094, -39.096377467192497 ], [ -72.688667731350094, -39.096292258509898 ], [ -72.688863715432703, -39.096238385216303 ], [ -72.689048156131904, -39.096256374136097 ], [ -72.689188659942701, -39.096311502411403 ], [ -72.689417659647305, -39.0963042463096 ], [ -72.689588696607601, -39.096358405683098 ], [ -72.690044212422194, -39.096296306835299 ], [ -72.690165723850001, -39.096280539946299 ], [ -72.690395087519093, -39.095987285969301 ], [ -72.690468314281503, -39.095925384945602 ], [ -72.690543405045105, -39.095899173183902 ], [ -72.690635005186607, -39.095896269728897 ], [ -72.690801073716301, -39.095855257273897 ], [ -72.691009835567698, -39.095753311143199 ], [ -72.691111733145107, -39.0956547533536 ], [ -72.691151942128101, -39.095546234406697 ], [ -72.691176264884803, -39.095426303244899 ], [ -72.691201207494601, -39.095318268255397 ], [ -72.6911974810088, -39.095246890522098 ], [ -72.691237690875894, -39.095138372419598 ], [ -72.691234585451596, -39.095078890826002 ], [ -72.691227132442407, -39.094936134458301 ], [ -72.691224027049302, -39.094876652861899 ], [ -72.691310655939105, -39.094778578965403 ], [ -72.691371100206695, -39.094764746855503 ], [ -72.691432164394996, -39.094762810888902 ], [ -72.691541513495807, -39.094807007339298 ], [ -72.691650861620602, -39.0948512046158 ], [ -72.691729056583398, -39.094884473725898 ], [ -72.691806009236402, -39.094893949617202 ], [ -72.691883583085897, -39.094915321587202 ], [ -72.691993552771905, -39.0949714146522 ], [ -72.692242162279996, -39.095046943824201 ], [ -72.692472399668901, -39.095063474165499 ], [ -72.692610418106497, -39.0950710129176 ], [ -72.692688613721899, -39.095104281348199 ], [ -72.692829117663507, -39.095159405207703 ], [ -72.693030064901293, -39.0952006959496 ], [ -72.6931992372472, -39.095219161677299 ], [ -72.693384298370901, -39.095249038972703 ], [ -72.693506428453404, -39.095245164822302 ], [ -72.6935771007537, -39.095268185843103 ], [ -72.693597381953794, -39.095240966285097 ], [ -72.693660591523795, -39.0951117584017 ], [ -72.693676892640198, -39.094983088317697 ], [ -72.693451353729998, -39.095018218896001 ], [ -72.693361247622505, -39.095049675497499 ], [ -72.693286478112, -39.095023448882301 ], [ -72.693157495805593, -39.095013240972897 ], [ -72.693083472069404, -39.095001289738001 ], [ -72.693026276551905, -39.094960206364703 ], [ -72.692968335456399, -39.094904847440802 ], [ -72.692873754341505, -39.094850650585002 ], [ -72.692634109915801, -39.094829652678897 ], [ -72.692505873550999, -39.094833719550898 ], [ -72.692395956646195, -39.094837205329199 ], [ -72.6923402526714, -39.094824672650198 ], [ -72.692264737033, -39.094784168954803 ], [ -72.692096879880907, -39.0947322951031 ], [ -72.691967152740105, -39.094707810304499 ], [ -72.691744336448707, -39.094657678602601 ], [ -72.691669567882997, -39.094631450897701 ], [ -72.691612373449502, -39.094590366773097 ], [ -72.691536114307894, -39.094535587891301 ], [ -72.691405642360607, -39.094496826894499 ], [ -72.691277406420795, -39.094500892386598 ], [ -72.691223193434297, -39.094516910245403 ], [ -72.691154386178894, -39.094604886619102 ], [ -72.691029130988696, -39.094666054048197 ], [ -72.690868727029894, -39.094756933890601 ], [ -72.690800665512299, -39.094859186500898 ], [ -72.690823456301302, -39.094944259117703 ], [ -72.690907167712197, -39.095141793988702 ], [ -72.690849539106296, -39.095443904362803 ], [ -72.690783712591795, -39.095588982744196 ], [ -72.690530216080006, -39.095654214671903 ], [ -72.690292059471204, -39.095661763157501 ], [ -72.690095012783303, -39.0957538033392 ], [ -72.690013098753795, -39.095942289598597 ], [ -72.689999249372903, -39.096028523576798 ], [ -72.689801456241199, -39.096106287758197 ], [ -72.689581617790196, -39.096113254301201 ], [ -72.689289243517393, -39.0961368179941 ], [ -72.689176344544293, -39.0960831985279 ], [ -72.689099340569001, -39.096014142467901 ], [ -72.688916140804395, -39.096019946871102 ], [ -72.688716111904597, -39.096054882512398 ], [ -72.688461123108397, -39.096091558887103 ], [ -72.688300711318206, -39.096182435520497 ], [ -72.6882517094284, -39.096298382124502 ], [ -72.688245305163605, -39.096527371909602 ], [ -72.688322308947704, -39.096596428543499 ], [ -72.688326032713803, -39.096667806491901 ], [ -72.688237411485204, -39.096727811407 ], [ -72.688128980543695, -39.096759844486897 ], [ -72.688018315410702, -39.096749050687599 ], [ -72.687961121100201, -39.096707963860403 ], [ -72.687886351516497, -39.096681733767298 ], [ -72.687665020406499, -39.096660145621001 ], [ -72.687481075243994, -39.096651672210697 ], [ -72.687262723604306, -39.096687185672899 ], [ -72.687138204571596, -39.096762625776499 ], [ -72.687029772998301, -39.096794657857899 ], [ -72.686937427998103, -39.096783282887898 ], [ -72.686897065401396, -39.096713064162898 ], [ -72.6867987649496, -39.096587484167898 ], [ -72.686685122509004, -39.096519586615003 ], [ -72.686549437155094, -39.096380890940402 ], [ -72.686379346556706, -39.096286181067299 ], [ -72.686141186707104, -39.096293721175698 ], [ -72.685998347027805, -39.096369740076398 ], [ -72.685913445300102, -39.096501120542399 ], [ -72.6859751039419, -39.0966278613095 ], [ -72.685985523952496, -39.096827720989097 ], [ -72.685973158101007, -39.0969425059751 ], [ -72.685940239180198, -39.097015044048 ], [ -72.685794421955293, -39.097033959321699 ], [ -72.685632517105503, -39.097096281232197 ], [ -72.685570114382202, -39.0969552646485 ], [ -72.685508456118001, -39.096828523651197 ], [ -72.685500270006003, -39.096671490769502 ], [ -72.685368307330293, -39.096604171805097 ], [ -72.685276706882803, -39.096607071129597 ], [ -72.685169018678806, -39.0966533771456 ], [ -72.685029898729496, -39.096800772209797 ], [ -72.684865760300497, -39.096820266166802 ], [ -72.684736775171501, -39.096810049019901 ], [ -72.684625366211193, -39.096784976323001 ], [ -72.684568173759203, -39.096743888633398 ], [ -72.684489685316095, -39.096646278044503 ], [ -72.684484477466299, -39.096546348483898 ], [ -72.684478525669704, -39.096432143268999 ], [ -72.684471085924599, -39.096289385846802 ], [ -72.684460670435897, -39.096089526706898 ], [ -72.684069721697398, -39.095630022957899 ], [ -72.6838731341049, -39.095378856523901 ], [ -72.683738201328893, -39.095254432807899 ], [ -72.683672827926401, -39.095056311377299 ], [ -72.683758477368201, -39.094939208035299 ], [ -72.683824318128202, -39.094794132954597 ], [ -72.6839107096839, -39.0946913052261 ], [ -72.683899552518497, -39.094477169339903 ], [ -72.683867844630996, -39.094220786949798 ], [ -72.683859662917698, -39.094063753707402 ], [ -72.683800241895497, -39.093979838492501 ], [ -72.683573713887895, -39.093858312387198 ], [ -72.683461566293204, -39.093818962648299 ], [ -72.683386801295796, -39.093792729425601 ], [ -72.683327381022906, -39.093708813028798 ], [ -72.683287023961896, -39.0936385936646 ], [ -72.683114713441796, -39.093501052314799 ], [ -72.682963696084002, -39.093420033994597 ], [ -72.682888931680296, -39.093393800421303 ], [ -72.682885957398497, -39.093336697680698 ], [ -72.682865407409594, -39.0932944500641 ], [ -72.682788412484499, -39.093225388458698 ], [ -72.682674779255294, -39.093157486512098 ], [ -72.682596297705004, -39.093059874281302 ], [ -72.682533905118007, -39.092918855529597 ], [ -72.682531674658406, -39.092876028453603 ], [ -72.682508151067694, -39.092776677085602 ], [ -72.682428926743697, -39.092664789011799 ], [ -72.682108579586895, -39.092503329385998 ], [ -72.681994204809698, -39.092421150979703 ], [ -72.681913494976996, -39.092280710186202 ], [ -72.681909778256795, -39.0922093316683 ], [ -72.681816696490699, -39.092183676593898 ], [ -72.681648107712107, -39.092117511308999 ], [ -72.681516158368694, -39.092050187312097 ], [ -72.6813644037952, -39.091954890015103 ], [ -72.681414158049705, -39.091853222458802 ], [ -72.6815503039292, -39.091648728882603 ], [ -72.6815911385671, -39.0913757518395 ], [ -72.681546325231693, -39.091219877432898 ], [ -72.681504485044499, -39.091121105848302 ], [ -72.681424521060606, -39.090994940286798 ], [ -72.681181175537603, -39.090902539395998 ], [ -72.681051457205498, -39.090878041927198 ], [ -72.680885102721504, -39.090854702471901 ], [ -72.680718005263401, -39.0908170870471 ], [ -72.680624182683701, -39.090777155177598 ], [ -72.6805823440708, -39.090678383180901 ], [ -72.680521442735198, -39.0905659136072 ], [ -72.680439995208602, -39.090411196681899 ], [ -72.680415732676593, -39.090297569844097 ], [ -72.680355576105299, -39.090199375845998 ], [ -72.680067425536194, -39.089951097312301 ], [ -72.680009498507602, -39.0898957312113 ], [ -72.679912704884799, -39.089798695757501 ], [ -72.679703030804404, -39.089648029727201 ], [ -72.679719120710601, -39.089604623593999 ], [ -72.679861210683399, -39.0895143378591 ], [ -72.679982754460298, -39.089381803644898 ], [ -72.680034737892299, -39.0893229638585 ], [ -72.6800287947557, -39.089208757030498 ], [ -72.680006762074896, -39.089137957262402 ], [ -72.679908485019695, -39.089012370222598 ], [ -72.6797399056138, -39.088946201695201 ], [ -72.6795918742353, -39.088922281251001 ], [ -72.679462161159194, -39.0888977817661 ], [ -72.679163869525695, -39.0888071118274 ], [ -72.678996035054794, -39.088755217884497 ], [ -72.678812853139505, -39.088761005480798 ], [ -72.678395246099996, -39.088845694741998 ], [ -72.678195973113304, -39.088894887370799 ], [ -72.678157109134702, -39.088853217348699 ], [ -72.678098440858605, -39.088783574436398 ], [ -72.678040516325595, -39.088728207226197 ], [ -72.677908576683905, -39.088660878637803 ], [ -72.677778122115697, -39.088622101444898 ] ] ] } },
{ "type": "Feature", "properties": { "id": "monoparte.25", "Name": null, "description": null, "timestamp": null, "begin": null, "end": null, "altitudeMode": null, "tessellate": -1, "extrude": 0, "visibility": -1, "drawOrder": null, "icon": null, "REG": "Araucanía", "COM": "Gorbea", "LOC": "Gorbea", "ZONA": "ZAV", "NOM": "Zona Área Verde", "UPERM": "Espacio público; áreas verdes.", "UPROH": "Todos los no señalados como permitidos.", "P_DO": "24/07/2012", "N_DOC": "6", "T_DO": "Decreto", "OBS": null }, "geometry": { "type": "Polygon", "coordinates": [ [ [ -72.676963106075803, -39.088819338017302 ], [ -72.677130612268002, -39.088842225283798 ], [ -72.676895171923903, -39.088564633012098 ], [ -72.676818893767503, -39.088523701700197 ], [ -72.676703789303104, -39.0884272407488 ], [ -72.676568140583399, -39.088288531558497 ], [ -72.676431750274602, -39.088135546380201 ], [ -72.6763144195168, -39.087996257610001 ], [ -72.675868108103899, -39.087881654723198 ], [ -72.675550764843607, -39.087777278433599 ], [ -72.675216589379602, -39.087702031008 ], [ -72.674904440435, -39.0876975836455 ], [ -72.674664081061493, -39.087662270546197 ], [ -72.674459615045393, -39.0876115259504 ], [ -72.674291786405504, -39.087559624909701 ], [ -72.674178170233802, -39.087491713782697 ], [ -72.674118766467302, -39.087407792731803 ], [ -72.674025692350497, -39.087382131003899 ], [ -72.673912818314307, -39.087328495433603 ], [ -72.673853414958202, -39.087244573324398 ], [ -72.673774952342399, -39.087146954165398 ], [ -72.673732384104696, -39.087033903247601 ], [ -72.673654663445902, -39.086950559834001 ], [ -72.673606304653802, -39.086902916821003 ], [ -72.673563575542005, -39.087929184211397 ], [ -72.673736633868103, -39.087932146247397 ], [ -72.673858755187595, -39.0879282932422 ], [ -72.674118261471506, -39.087920105228001 ], [ -72.674362502786906, -39.087912398329003 ], [ -72.674701426194005, -39.087961283252397 ], [ -72.675086143456696, -39.088008721852702 ], [ -72.675393918500902, -39.0880466719494 ], [ -72.675716340330496, -39.088072242086902 ], [ -72.675983886556097, -39.088218705222701 ], [ -72.676221520106097, -39.088378027994402 ], [ -72.676963106075803, -39.088819338017302 ] ] ] } },
{ "type": "Feature", "properties": { "id": "monoparte.26", "Name": null, "description": null, "timestamp": null, "begin": null, "end": null, "altitudeMode": null, "tessellate": -1, "extrude": 0, "visibility": -1, "drawOrder": null, "icon": null, "REG": "Araucanía", "COM": "Gorbea", "LOC": "Gorbea", "ZONA": "ZM2", "NOM": "Zona Mixta Borde Centro", "UPERM": "Vivienda, equipamiento científico, comercio, culto y cultura, deporte, educación, salud, seguridad, servicios, social; actividades productivas inofensivas; infraestructura de transporte; espacio público; áreas verdes.", "UPROH": "Todos los no señalados como permitidos.", "P_DO": "24/07/2012", "N_DOC": "6", "T_DO": "Decreto", "OBS": null }, "geometry": { "type": "Polygon", "coordinates": [ [ [ -72.668703479518499, -39.106377680792399 ], [ -72.672429714641495, -39.106503420324898 ], [ -72.672515575972596, -39.104357453741002 ], [ -72.671721731733598, -39.104323313883597 ], [ -72.672061083738896, -39.099015751328203 ], [ -72.670576513981601, -39.098954556641097 ], [ -72.670447555876606, -39.099227280142699 ], [ -72.670302944038596, -39.099446328303699 ], [ -72.670219861933901, -39.099613388960798 ], [ -72.670140010102003, -39.0996659529402 ], [ -72.669668845227093, -39.099780898617702 ], [ -72.669450472446201, -39.099816379512497 ], [ -72.669085772391298, -39.099978625061098 ], [ -72.668703479518499, -39.106377680792399 ] ] ] } },
{ "type": "Feature", "properties": { "id": "monoparte.27", "Name": null, "description": null, "timestamp": null, "begin": null, "end": null, "altitudeMode": null, "tessellate": -1, "extrude": 0, "visibility": -1, "drawOrder": null, "icon": null, "REG": "Araucanía", "COM": "Gorbea", "LOC": "Gorbea", "ZONA": "ZM2", "NOM": "Zona Mixta Borde Centro", "UPERM": "Vivienda, equipamiento científico, comercio, culto y cultura, deporte, educación, salud, seguridad, servicios, social; actividades productivas inofensivas; infraestructura de transporte; espacio público; áreas verdes.", "UPROH": "Todos los no señalados como permitidos.", "P_DO": "24/07/2012", "N_DOC": "6", "T_DO": "Decreto", "OBS": null }, "geometry": { "type": "Polygon", "coordinates": [ [ [ -72.669103876374507, -39.099359018584799 ], [ -72.669058145366506, -39.099805233183801 ], [ -72.669066591576097, -39.099820835351103 ], [ -72.669316666197403, -39.099713352610699 ], [ -72.669360986656699, -39.0996833573762 ], [ -72.669544199932602, -39.099677583249097 ], [ -72.669998525474497, -39.099591767346404 ], [ -72.670087907850402, -39.099546051316302 ], [ -72.670103264392694, -39.099488370306801 ], [ -72.670181261964998, -39.099400116260703 ], [ -72.670265827467304, -39.099261607344197 ], [ -72.670359551494599, -39.099122810561298 ], [ -72.670426905968199, -39.099006292491097 ], [ -72.670438569500803, -39.098948869275198 ], [ -72.670002835709198, -39.098930903994898 ], [ -72.669091506517901, -39.098896024698803 ], [ -72.669103876374507, -39.099359018584799 ] ] ] } },
{ "type": "Feature", "properties": { "id": "monoparte.28", "Name": null, "description": null, "timestamp": null, "begin": null, "end": null, "altitudeMode": null, "tessellate": -1, "extrude": 0, "visibility": -1, "drawOrder": null, "icon": null, "REG": "Araucanía", "COM": "Gorbea", "LOC": "Gorbea", "ZONA": "ZM2", "NOM": "Zona Mixta Borde Centro", "UPERM": "Vivienda, equipamiento científico, comercio, culto y cultura, deporte, educación, salud, seguridad, servicios, social; actividades productivas inofensivas; infraestructura de transporte; espacio público; áreas verdes.", "UPROH": "Todos los no señalados como permitidos.", "P_DO": "24/07/2012", "N_DOC": "6", "T_DO": "Decreto", "OBS": null }, "geometry": { "type": "Polygon", "coordinates": [ [ [ -72.678126069522506, -39.1014852555343 ], [ -72.677988005546098, -39.1045926529344 ], [ -72.672878918970994, -39.104373078233301 ], [ -72.672789713109694, -39.106515561870303 ], [ -72.679270947095205, -39.106733959507103 ], [ -72.679404447313104, -39.103922190417997 ], [ -72.679632756882896, -39.098899544043597 ], [ -72.679641564998306, -39.098844749443302 ], [ -72.675483100303794, -39.098703519000097 ], [ -72.6754631500919, -39.0986688002032 ], [ -72.675338545886007, -39.101406452513501 ], [ -72.678126069522506, -39.1014852555343 ] ] ] } },
{ "type": "Feature", "properties": { "id": "monoparte.29", "Name": null, "description": null, "timestamp": null, "begin": null, "end": null, "altitudeMode": null, "tessellate": -1, "extrude": 0, "visibility": -1, "drawOrder": null, "icon": null, "REG": "Araucanía", "COM": "Gorbea", "LOC": "Gorbea", "ZONA": "ZE", "NOM": "Zona Equipamiento", "UPERM": "Vivienda; equipamiento científico, comercio, culto y cultura, deporte, educación, esparcimiento, servicios, social; espacio público; áreas verdes. Ver detalles en Ordenanza.", "UPROH": "Todos los no señalados como permitodos en especial equipamiento de comercio del tipo estaciones o centros de servicio automor y discotecas, equipamiento de deporte del tipo estadios y autódromos.", "P_DO": "24/07/2012", "N_DOC": "6", "T_DO": "Decreto", "OBS": null }, "geometry": { "type": "Polygon", "coordinates": [ [ [ -72.672878918970994, -39.104373078233301 ], [ -72.673706560244199, -39.1044086631059 ], [ -72.673975105681706, -39.099094619559501 ], [ -72.673100194919698, -39.0990585722002 ], [ -72.672878918970994, -39.104373078233301 ] ] ] } },
{ "type": "Feature", "properties": { "id": "monoparte.30", "Name": null, "description": null, "timestamp": null, "begin": null, "end": null, "altitudeMode": null, "tessellate": -1, "extrude": 0, "visibility": -1, "drawOrder": null, "icon": null, "REG": "Araucanía", "COM": "Gorbea", "LOC": "Gorbea", "ZONA": "ZE", "NOM": "Zona Equipamiento", "UPERM": "Vivienda; equipamiento científico, comercio, culto y cultura, deporte, educación, esparcimiento, servicios, social; espacio público; áreas verdes. Ver detalles en Ordenanza.", "UPROH": "Todos los no señalados como permitodos en especial equipamiento de comercio del tipo estaciones o centros de servicio automor y discotecas, equipamiento de deporte del tipo estadios y autódromos.", "P_DO": "24/07/2012", "N_DOC": "6", "T_DO": "Decreto", "OBS": null }, "geometry": { "type": "Polygon", "coordinates": [ [ [ -72.671721731733598, -39.104323313883597 ], [ -72.672515575972596, -39.104357453741002 ], [ -72.672728198456397, -39.099043244333998 ], [ -72.672061083738896, -39.099015751328203 ], [ -72.671721731733598, -39.104323313883597 ] ] ] } },
{ "type": "Feature", "properties": { "id": "monoparte.31", "Name": null, "description": null, "timestamp": null, "begin": null, "end": null, "altitudeMode": null, "tessellate": -1, "extrude": 0, "visibility": -1, "drawOrder": null, "icon": null, "REG": "Araucanía", "COM": "Gorbea", "LOC": "Gorbea", "ZONA": "ZM1", "NOM": "Zona Mixta Central", "UPERM": "Vivienda; equipamiento científico, comercio, culto y cultura, deporte, educación, salud, seguridad, servicios, social; actividad productiva inofensiva; espacio público; áreas verdes.", "UPROH": "Todos los no señalados como permitidos.", "P_DO": "24/07/2012", "N_DOC": "6", "T_DO": "Decreto", "OBS": null }, "geometry": { "type": "Polygon", "coordinates": [ [ [ -72.674009691579599, -39.098622818415201 ], [ -72.673999281382706, -39.0990956158426 ], [ -72.673975105681706, -39.099094619559501 ], [ -72.673706560244199, -39.1044086631059 ], [ -72.677988005546098, -39.1045926529344 ], [ -72.678079161662097, -39.102541011895298 ], [ -72.678126069522506, -39.1014852555343 ], [ -72.675338545886007, -39.101406452513501 ], [ -72.6754631500919, -39.0986688002032 ], [ -72.675457460064607, -39.098658898758899 ], [ -72.674009691579599, -39.098622818415201 ] ], [ [ -72.675238698214301, -39.103350146302702 ], [ -72.675294902982898, -39.102505329983302 ], [ -72.676604406946794, -39.102548505537399 ], [ -72.676575776560497, -39.103388118042702 ], [ -72.675238698214301, -39.103350146302702 ] ] ] } },
{ "type": "Feature", "properties": { "id": "monoparte.32", "Name": null, "description": null, "timestamp": null, "begin": null, "end": null, "altitudeMode": null, "tessellate": -1, "extrude": 0, "visibility": -1, "drawOrder": null, "icon": null, "REG": "Araucanía", "COM": "Gorbea", "LOC": "Gorbea", "ZONA": "AR2", "NOM": "Zonas Propensas a Avalanchas, Rodados, Aluviones o Erosiones Acentuadas", "UPERM": "Sin información.", "UPROH": "Sin información.", "P_DO": "24/07/2012", "N_DOC": "6", "T_DO": "Decreto", "OBS": null }, "geometry": { "type": "Polygon", "coordinates": [ [ [ -72.683158947500203, -39.102794941538498 ], [ -72.683044419208301, -39.102834908355 ], [ -72.6829396418794, -39.102838222797402 ], [ -72.682889939788396, -39.103003340810801 ], [ -72.682871855424494, -39.103103858572098 ], [ -72.682798395774498, -39.103260642322397 ], [ -72.682734215668702, -39.103371703866401 ], [ -72.682610880069902, -39.103466464126903 ], [ -72.682489433378606, -39.1035975083309 ], [ -72.682411247702404, -39.103663582243698 ], [ -72.682354455242304, -39.103692636570401 ], [ -72.682298135298794, -39.103730761654198 ], [ -72.682256765095204, -39.103832014897698 ], [ -72.682227509248605, -39.103941971618298 ], [ -72.682233180067996, -39.104050822812503 ], [ -72.682180167769005, -39.104152445134297 ], [ -72.682082004155305, -39.104282752569397 ], [ -72.682029463979902, -39.104393444722902 ], [ -72.681793484031004, -39.104564454138 ], [ -72.681545859779604, -39.104735831295898 ], [ -72.681355501807602, -39.104887224860299 ], [ -72.6811893720661, -39.1050560244338 ], [ -72.6809840622427, -39.105144289148498 ], [ -72.680809594608604, -39.105376952825502 ], [ -72.680710954458306, -39.105498188488298 ], [ -72.680523426926996, -39.1057040065404 ], [ -72.680301915280694, -39.105929070933101 ], [ -72.680147422888894, -39.106097501211003 ], [ -72.680082290424593, -39.106190419106298 ], [ -72.679942274295698, -39.106412906831999 ], [ -72.6795835731415, -39.106914884332802 ], [ -72.679587823676698, -39.106996523379699 ], [ -72.679723449133903, -39.107137611280201 ], [ -72.679717946649703, -39.107255902395799 ], [ -72.679725031213394, -39.1073919671447 ], [ -72.679821951771302, -39.107461591469203 ], [ -72.679769877149795, -39.1075813536753 ], [ -72.679777434250894, -39.107726490110203 ], [ -72.679846040377299, -39.107924212247099 ], [ -72.679881772113404, -39.108386464080901 ], [ -72.679968467555199, -39.108483669531502 ], [ -72.679970829334806, -39.108529024425899 ], [ -72.680057998552002, -39.1086352996562 ], [ -72.680122353946004, -39.108751382588103 ], [ -72.680134163503496, -39.1089781570059 ], [ -72.680143138865503, -39.1091505057353 ], [ -72.680100818195399, -39.109233616844001 ], [ -72.680036156622407, -39.109335605575303 ], [ -72.679996197603998, -39.109464071540202 ], [ -72.680001393784295, -39.109563853006897 ], [ -72.679960962192993, -39.109683247268499 ], [ -72.679948068778401, -39.109883545332103 ], [ -72.679782868239002, -39.110070485136802 ], [ -72.679506266758295, -39.110133743579901 ], [ -72.679224469525394, -39.110097219845798 ], [ -72.678278219075594, -39.1096183080058 ], [ -72.677437397614497, -39.109372291682497 ], [ -72.677013526921499, -39.109294820498498 ], [ -72.676837465414593, -39.109273123741197 ], [ -72.676632925846405, -39.109152380259502 ], [ -72.676511776383407, -39.109065346919799 ], [ -72.676404157573899, -39.109014229124597 ], [ -72.676332412185204, -39.108980150822298 ], [ -72.676128818066601, -39.1088775489402 ], [ -72.676042599055094, -39.108789412140901 ], [ -72.675757505608402, -39.108689381974798 ], [ -72.675640132434907, -39.108674916170798 ], [ -72.675537232759496, -39.108714508645598 ], [ -72.675468790520199, -39.108743926584403 ], [ -72.6753407169127, -39.1087479697647 ], [ -72.675255914292194, -39.108687045764803 ], [ -72.675099837942895, -39.108601113468502 ], [ -72.674920004801706, -39.108506844199603 ], [ -72.674798858480798, -39.1084198089141 ], [ -72.674735927018602, -39.108330936055701 ], [ -72.674718623049799, -39.108222451539802 ], [ -72.674712962900202, -39.108113598604199 ], [ -72.674614632297803, -39.108016757230601 ], [ -72.674535341195707, -39.107837541382899 ], [ -72.674528738133603, -39.107710546706201 ], [ -72.674532835513006, -39.107565041922904 ], [ -72.674511759008993, -39.107383988692 ], [ -72.6745391415119, -39.107237749896299 ], [ -72.674462682528997, -39.107112959934703 ], [ -72.674371278895194, -39.106925039571699 ], [ -72.6743059914252, -39.106790811178101 ], [ -72.674242590593906, -39.106692867074102 ], [ -72.674182491004302, -39.106658419852003 ], [ -72.674005493521506, -39.106618575820498 ], [ -72.673951052764906, -39.1066929815251 ], [ -72.673943182741993, -39.106765916720803 ], [ -72.673987541258697, -39.106946235394602 ], [ -72.674016957731794, -39.107063424468599 ], [ -72.674070130886307, -39.107188949579502 ], [ -72.674114490074203, -39.107369268166302 ], [ -72.674122978680998, -39.107532547249797 ], [ -72.674061610692704, -39.107698030841803 ], [ -72.674026750740097, -39.107732060098499 ], [ -72.674028568114196, -39.107735417444502 ], [ -72.674069627697406, -39.1078522390656 ], [ -72.674253230955202, -39.108019077556399 ], [ -72.674373904299003, -39.108097042623299 ], [ -72.674542564628794, -39.108200750244301 ], [ -72.674571511047404, -39.108308868234403 ], [ -72.674611627404701, -39.108407547025301 ], [ -72.674829691048799, -39.108564211155503 ], [ -72.674991427643306, -39.108758995827401 ], [ -72.6750771736383, -39.108838062622503 ], [ -72.675101875543604, -39.108864540987597 ], [ -72.675245365075796, -39.108932699131799 ], [ -72.675397668108204, -39.108946062627503 ], [ -72.675793530362299, -39.1089335649079 ], [ -72.675901620432896, -39.108993753236298 ], [ -72.6760306369967, -39.109007852031198 ], [ -72.676228568763705, -39.109001602237903 ], [ -72.676373476403199, -39.109096971393299 ], [ -72.676413123863, -39.109186578576001 ], [ -72.676476530171598, -39.1092845221117 ], [ -72.676550164786406, -39.1093548835997 ], [ -72.676702939683494, -39.109377317097199 ], [ -72.677232070449406, -39.109460550545698 ], [ -72.677420719457302, -39.109500021464903 ], [ -72.677873542718103, -39.109685607998102 ], [ -72.6781567543009, -39.109749348465897 ], [ -72.6786221682122, -39.109952705696998 ], [ -72.679355542406796, -39.1103747405541 ], [ -72.679555838929204, -39.1104138398346 ], [ -72.679742129732901, -39.110407951904101 ], [ -72.679867371473506, -39.110349478063199 ], [ -72.680131690860705, -39.110050373578801 ], [ -72.680157171439106, -39.109867849977697 ], [ -72.680214748248602, -39.109629795618503 ], [ -72.680278464985193, -39.1095096652028 ], [ -72.680435326026497, -39.109386589350997 ], [ -72.680515409294998, -39.109356799595197 ], [ -72.680577543847406, -39.1093811791321 ], [ -72.680605719089499, -39.1092994293017 ], [ -72.680562758058798, -39.1091463265019 ], [ -72.680497929125394, -39.109021173079 ], [ -72.680421457784007, -39.108896388560701 ], [ -72.680310057484306, -39.108772707245599 ], [ -72.680311779658098, -39.108581848006899 ], [ -72.680258595539399, -39.108456326318098 ], [ -72.680227278560096, -39.108302856181702 ], [ -72.680186681006006, -39.108195108038998 ], [ -72.680126105060296, -39.108151593297698 ], [ -72.680121381370697, -39.108060883518398 ], [ -72.680138054475705, -39.107933153573498 ], [ -72.680041132942705, -39.107863529562898 ], [ -72.680068976342298, -39.107726360812997 ], [ -72.680093039633505, -39.107516623903003 ], [ -72.680109240393605, -39.107379823156997 ], [ -72.680105601221399, -39.106862040760298 ], [ -72.680158145967198, -39.106751348381799 ], [ -72.680142252521193, -39.106670078292503 ], [ -72.680206439406902, -39.106559017890298 ], [ -72.680213831682806, -39.106477010843797 ], [ -72.680474357312306, -39.106105338897997 ], [ -72.680847524965301, -39.105657417590002 ], [ -72.681035996214703, -39.105469739751499 ], [ -72.681705714484195, -39.104894322215301 ], [ -72.682275368160006, -39.104412925763 ], [ -72.682684387798403, -39.103982036349201 ], [ -72.683186065291395, -39.103539128630899 ], [ -72.683270220643806, -39.103363833928398 ], [ -72.683275244691899, -39.103236472107803 ], [ -72.683362708441294, -39.103124674569798 ], [ -72.683533083048005, -39.103037511053401 ], [ -72.683722013149605, -39.102858901140998 ], [ -72.684021215956705, -39.1025586845915 ], [ -72.684056290649494, -39.102500923849497 ], [ -72.683751430007305, -39.101302998681398 ], [ -72.6835924231234, -39.101491027566396 ], [ -72.683382575359801, -39.101715728539901 ], [ -72.683325014813306, -39.101953782968501 ], [ -72.683269642110801, -39.102010050890101 ], [ -72.683167701961494, -39.102067791034798 ], [ -72.683125388527102, -39.102150902950903 ], [ -72.683109195199606, -39.102287703840801 ], [ -72.683112205981701, -39.102569272476899 ], [ -72.683114569278601, -39.102614627256898 ], [ -72.683209594124094, -39.102647964093599 ], [ -72.683200788557201, -39.102702758825899 ], [ -72.683158947500203, -39.102794941538498 ] ] ] } },
{ "type": "Feature", "properties": { "id": "monoparte.33", "Name": null, "description": null, "timestamp": null, "begin": null, "end": null, "altitudeMode": null, "tessellate": -1, "extrude": 0, "visibility": -1, "drawOrder": null, "icon": null, "REG": "Araucanía", "COM": "Gorbea", "LOC": "Gorbea", "ZONA": "AR2", "NOM": "Zonas Propensas a Avalanchas, Rodados, Aluviones o Erosiones Acentuadas", "UPERM": "Sin información.", "UPROH": "Sin información.", "P_DO": "24/07/2012", "N_DOC": "6", "T_DO": "Decreto", "OBS": null }, "geometry": { "type": "Polygon", "coordinates": [ [ [ -72.682138678906298, -39.099774343219501 ], [ -72.682026044625502, -39.0998505929063 ], [ -72.681924106351701, -39.099908331877302 ], [ -72.681845922775196, -39.099974405309503 ], [ -72.681815723629796, -39.100066219416298 ], [ -72.681768685123799, -39.100058621145998 ], [ -72.681630404208306, -39.100090251888901 ], [ -72.681565752244794, -39.100192241091499 ], [ -72.681473564754, -39.1002133284208 ], [ -72.681379016323902, -39.100189059856802 ], [ -72.681226731797196, -39.100175703328802 ], [ -72.681135016514503, -39.100205860293997 ], [ -72.681045662970604, -39.100281372993699 ], [ -72.681025214531601, -39.1003365347946 ], [ -72.681028521041796, -39.100400032199602 ], [ -72.681077449179, -39.100443914862403 ], [ -72.6811468257239, -39.100432634786102 ], [ -72.6812618238705, -39.100401741658096 ], [ -72.681366597790799, -39.100398428895502 ], [ -72.681436919074898, -39.100405291143701 ], [ -72.681531941381706, -39.100438630404298 ], [ -72.681616739743404, -39.100499550074801 ], [ -72.681678254519895, -39.1005612068424 ], [ -72.681753300497803, -39.100658778622901 ], [ -72.6817803628212, -39.100730610516003 ], [ -72.681784142457801, -39.1008031777559 ], [ -72.681802399438297, -39.100929803381497 ], [ -72.6818401583987, -39.100983125536501 ], [ -72.681889087446095, -39.101027007810899 ], [ -72.681970579449697, -39.1010244307368 ], [ -72.682039483887195, -39.101004079318699 ], [ -72.682115777158799, -39.100901721701199 ], [ -72.682168314982306, -39.100791028687503 ], [ -72.682232495178098, -39.100679968349198 ], [ -72.682432119135896, -39.100482850875501 ], [ -72.682621519540206, -39.100313313631602 ], [ -72.682766243278195, -39.100181533075698 ], [ -72.682898851535597, -39.100041049850098 ], [ -72.683025017870605, -39.100000715094502 ], [ -72.683179191525397, -39.100050353323603 ], [ -72.683261627538798, -39.100065916958599 ], [ -72.683353813087706, -39.100044829182103 ], [ -72.683428518260897, -39.100034088058003 ], [ -72.683356806588606, -39.099752282422898 ], [ -72.683233444256103, -39.099748801666102 ], [ -72.683033649509198, -39.099718778093298 ], [ -72.682789180577302, -39.099726511085997 ], [ -72.682640677311795, -39.0997857235513 ], [ -72.682464166170405, -39.099754963445498 ], [ -72.682207109609905, -39.099744920969201 ], [ -72.682138678906298, -39.099774343219501 ] ] ] } },
{ "type": "Feature", "properties": { "id": "monoparte.34", "Name": null, "description": null, "timestamp": null, "begin": null, "end": null, "altitudeMode": null, "tessellate": -1, "extrude": 0, "visibility": -1, "drawOrder": null, "icon": null, "REG": "Araucanía", "COM": "Gorbea", "LOC": "Gorbea", "ZONA": "AR2", "NOM": "Zonas Propensas a Avalanchas, Rodados, Aluviones o Erosiones Acentuadas", "UPERM": "Sin información.", "UPROH": "Sin información.", "P_DO": "24/07/2012", "N_DOC": "6", "T_DO": "Decreto", "OBS": null }, "geometry": { "type": "Polygon", "coordinates": [ [ [ -72.693521111387199, -39.095343330421002 ], [ -72.693253852522801, -39.095360893861702 ], [ -72.692857600177902, -39.095364376550698 ], [ -72.693131018925001, -39.095464735616602 ], [ -72.693285189623495, -39.095514360577198 ], [ -72.693417500302402, -39.0955919367997 ], [ -72.693453842942105, -39.0956180419956 ], [ -72.693501827063798, -39.095643776987401 ], [ -72.693568085990293, -39.095796135811703 ], [ -72.693689232169405, -39.095883151588097 ], [ -72.693679219507004, -39.096137874565699 ], [ -72.693631915924001, -39.0963483510778 ], [ -72.693540418431894, -39.096605658985197 ], [ -72.693486479749296, -39.096689143257301 ], [ -72.693377654234993, -39.0968379694825 ], [ -72.693302802271603, -39.096967546528099 ], [ -72.693309910350294, -39.097103609433802 ], [ -72.693271877655505, -39.097268362267698 ], [ -72.6932100873086, -39.097424782071599 ], [ -72.692259458418903, -39.098199976811699 ], [ -72.692145890702093, -39.0982580933915 ], [ -72.691929921801901, -39.098364886431199 ], [ -72.691664746993197, -39.0986458723225 ], [ -72.691497235539003, -39.098787471891399 ], [ -72.691339943359097, -39.098901489190403 ], [ -72.691062176018903, -39.099164700666798 ], [ -72.6909616675498, -39.099249660164197 ], [ -72.690637805782302, -39.0995234176102 ], [ -72.690433945290394, -39.099638910750699 ], [ -72.6902139048169, -39.099891204801402 ], [ -72.6900124100125, -39.100052050825298 ], [ -72.689919752226103, -39.100064073111 ], [ -72.689782423796501, -39.100113854758099 ], [ -72.689302759761802, -39.100083625346301 ], [ -72.688764889152196, -39.100055238076799 ], [ -72.688645162217298, -39.099995430306201 ], [ -72.688492405299797, -39.0999730116771 ], [ -72.688163133951306, -39.099919841562503 ], [ -72.687962390788897, -39.099871684222201 ], [ -72.687880901816598, -39.099874265384301 ], [ -72.687785877749107, -39.099840932315203 ], [ -72.687749533613996, -39.099814825403399 ], [ -72.6877457479481, -39.099742257739599 ], [ -72.687785215350701, -39.099604719147898 ], [ -72.687750103147806, -39.099378683744398 ], [ -72.687583339693603, -39.099311278015101 ], [ -72.687500430660094, -39.099286645809499 ], [ -72.6874510264538, -39.099233695257901 ], [ -72.687379759768007, -39.099208695141598 ], [ -72.687298271505497, -39.0992112758601 ], [ -72.687234387678899, -39.0991042676362 ], [ -72.687186403138995, -39.099078529174598 ], [ -72.687164066259697, -39.099097408893698 ], [ -72.687120812889106, -39.099162379606298 ], [ -72.687050965668007, -39.099164591502102 ], [ -72.686919600611503, -39.099105150444601 ], [ -72.686660654385406, -39.0990588347507 ], [ -72.686509319065195, -39.099063626524902 ], [ -72.6863258964474, -39.099123949272297 ], [ -72.686037703091898, -39.099187588677097 ], [ -72.685735975249202, -39.0992153129203 ], [ -72.685621454215493, -39.099255281046702 ], [ -72.685323037182499, -39.099346500404899 ], [ -72.685071183658806, -39.0994362452657 ], [ -72.684900346640205, -39.099514339808302 ], [ -72.684724781034504, -39.099501723775397 ], [ -72.684634013949903, -39.099550025818601 ], [ -72.684313078438393, -39.099432979893798 ], [ -72.684091271632894, -39.099423574465 ], [ -72.684153678754399, -39.099698033085602 ], [ -72.684294701734899, -39.099751568198002 ], [ -72.684335298373099, -39.0998593141003 ], [ -72.684382988026897, -39.100103125049301 ], [ -72.684322595130297, -39.100286754297699 ], [ -72.684293196378206, -39.100311600942497 ], [ -72.684439330877098, -39.100954255609103 ], [ -72.684467377604093, -39.100827328033702 ], [ -72.684555309515105, -39.10072460056 ], [ -72.6847461225194, -39.100582273300802 ], [ -72.684974223915802, -39.100484194207198 ], [ -72.685113449564795, -39.100470701942299 ], [ -72.685209419228102, -39.100522179627198 ], [ -72.685302550449293, -39.100519231821401 ], [ -72.6853220508889, -39.100445927876997 ], [ -72.685307099286902, -39.1003827992553 ], [ -72.685304734772998, -39.100337444570002 ], [ -72.685289309219996, -39.100265246121502 ], [ -72.685285526015605, -39.100192678262097 ], [ -72.685238960043606, -39.100194152175497 ], [ -72.685147247901796, -39.100224313086599 ], [ -72.685078816910007, -39.100253736165797 ], [ -72.685065284203802, -39.100217820677898 ], [ -72.685084784834302, -39.100144516762398 ], [ -72.685149431475395, -39.100042524949302 ], [ -72.685191741401596, -39.099959412447603 ], [ -72.685234051281597, -39.0998763008336 ], [ -72.6852274308971, -39.099749307512099 ], [ -72.685233870280996, -39.099649158002897 ], [ -72.685312994780006, -39.099601224012602 ], [ -72.685495000838799, -39.099513689596797 ], [ -72.685585293168501, -39.0994563161927 ], [ -72.685720733092097, -39.099370255463 ], [ -72.686350781960797, -39.099377567053601 ], [ -72.686408042309495, -39.099357581750802 ], [ -72.6865472653447, -39.099344087886998 ], [ -72.686745167745201, -39.099337821528799 ], [ -72.686854196057794, -39.099416142435302 ], [ -72.686983670445102, -39.099439300536702 ], [ -72.687034493820903, -39.099519464417199 ], [ -72.6870294751009, -39.099646825264301 ], [ -72.687027769407194, -39.099837683954497 ], [ -72.687111337976305, -39.100098528880302 ], [ -72.687307725294104, -39.100510261699597 ], [ -72.687559009104802, -39.100856653614102 ], [ -72.687886581425701, -39.101100683804901 ], [ -72.688317509411704, -39.101314180841797 ], [ -72.688575518162807, -39.101342350939099 ], [ -72.6887156900018, -39.101346995794501 ], [ -72.688863717375597, -39.101278704952001 ], [ -72.688918611511298, -39.101213363883701 ], [ -72.688983726727201, -39.101120441790599 ], [ -72.689096354879695, -39.101044185641697 ], [ -72.689198761761403, -39.100995511312 ], [ -72.689230372875002, -39.100930908752403 ], [ -72.689388146373005, -39.100825964672502 ], [ -72.6895207419212, -39.100685473583198 ], [ -72.689619360329701, -39.100564232315499 ], [ -72.689661191676606, -39.100472047718497 ], [ -72.689727726811498, -39.100406337379198 ], [ -72.689736527175398, -39.100351543291502 ], [ -72.689745800990195, -39.100305819915199 ], [ -72.689848206348401, -39.100257145081599 ], [ -72.689974840829706, -39.1002258737064 ], [ -72.690145199796504, -39.100138701195803 ], [ -72.690326253537293, -39.100033018032299 ], [ -72.690564091456807, -39.099898276631102 ], [ -72.690798614449506, -39.099700038934799 ], [ -72.691129580824196, -39.099562344221901 ], [ -72.691229142173299, -39.099459242275998 ], [ -72.691417569301507, -39.099271550471002 ], [ -72.691645456110706, -39.098946318831899 ], [ -72.691900884900605, -39.098701985763903 ], [ -72.691965995159407, -39.098609062232299 ], [ -72.6920767211043, -39.098496519853498 ], [ -72.692222844096705, -39.098391941492203 ], [ -72.692405310351006, -39.098313467533302 ], [ -72.692518877919696, -39.098255350706701 ], [ -72.692689702739003, -39.098177246409399 ], [ -72.692880019097203, -39.098025835252798 ], [ -72.692980049665593, -39.097931803595401 ], [ -72.693284877436895, -39.097740416808897 ], [ -72.693454279503797, -39.097635097612297 ], [ -72.693541719140299, -39.097523293476897 ], [ -72.6936189407527, -39.097439070563098 ], [ -72.693636535009205, -39.097329482079502 ], [ -72.693655078152105, -39.097238034011703 ], [ -72.693674094107706, -39.097155658453801 ], [ -72.693700960313095, -39.097000345460899 ], [ -72.693719028298901, -39.096899827646197 ], [ -72.693715236906897, -39.096827260434999 ], [ -72.693745420438006, -39.096735443970502 ], [ -72.693800306674902, -39.096670100943903 ], [ -72.693874682347001, -39.096531452992998 ], [ -72.6939312571876, -39.096275252800197 ], [ -72.693947428972095, -39.096138451363998 ], [ -72.694001840658899, -39.096064037593202 ], [ -72.694067892679698, -39.095989255386101 ], [ -72.694073845624501, -39.095880035280203 ], [ -72.694046299334403, -39.095799136036497 ], [ -72.6940415598866, -39.095708427488297 ], [ -72.694045143219398, -39.095553854002702 ], [ -72.693990997778499, -39.095410196857301 ], [ -72.693935905906599, -39.095248398283097 ], [ -72.693949707996097, -39.095066242554701 ], [ -72.693942315031705, -39.094982218762802 ], [ -72.693797188052002, -39.094964350497001 ], [ -72.693676892640198, -39.094983088317697 ], [ -72.693660591523795, -39.0951117584017 ], [ -72.693597381953794, -39.095240966285097 ], [ -72.693521111387199, -39.095343330421002 ] ] ] } },
{ "type": "Feature", "properties": { "id": "monoparte.35", "Name": null, "description": null, "timestamp": null, "begin": null, "end": null, "altitudeMode": null, "tessellate": -1, "extrude": 0, "visibility": -1, "drawOrder": null, "icon": null, "REG": "Araucanía", "COM": "Gorbea", "LOC": "Gorbea", "ZONA": "ZR2", "NOM": "Faja de Protección Trazado Alta Tensión", "UPERM": "Sin información.", "UPROH": "Sin información.", "P_DO": "24/07/2012", "N_DOC": "6", "T_DO": "Decreto", "OBS": null }, "geometry": { "type": "Polygon", "coordinates": [ [ [ -72.6841380819845, -39.102822311643699 ], [ -72.684256375383299, -39.103287116934702 ], [ -72.684810198133604, -39.102585156170299 ], [ -72.684684949853406, -39.102034385522103 ], [ -72.684620117827095, -39.102197465482902 ], [ -72.684559713682603, -39.102270873012301 ], [ -72.684501540710997, -39.102387108362997 ], [ -72.684486939770494, -39.102459066355102 ], [ -72.684356968104595, -39.102606171227897 ], [ -72.6841380819845, -39.102822311643699 ] ] ] } },
{ "type": "Feature", "properties": { "id": "monoparte.36", "Name": null, "description": null, "timestamp": null, "begin": null, "end": null, "altitudeMode": null, "tessellate": -1, "extrude": 0, "visibility": -1, "drawOrder": null, "icon": null, "REG": "Araucanía", "COM": "Gorbea", "LOC": "Gorbea", "ZONA": "ZR2", "NOM": "Faja de Protección Trazado Alta Tensión", "UPERM": "Sin información.", "UPROH": "Sin información.", "P_DO": "24/07/2012", "N_DOC": "6", "T_DO": "Decreto", "OBS": null }, "geometry": { "type": "Polygon", "coordinates": [ [ [ -72.676895171923903, -39.088564633012098 ], [ -72.680820262607796, -39.093192083479501 ], [ -72.681500231022198, -39.094738787254101 ], [ -72.682411323579203, -39.096611835994501 ], [ -72.683019750513793, -39.098427718903999 ], [ -72.683356806588606, -39.099752282422898 ], [ -72.683428518260897, -39.100034088058003 ], [ -72.683751430007305, -39.101302998681398 ], [ -72.684054618877397, -39.102494355436299 ], [ -72.684090792043705, -39.102428704605799 ], [ -72.684209742416598, -39.102246200360099 ], [ -72.684264939462807, -39.1020728625695 ], [ -72.684371007055205, -39.101819269894101 ], [ -72.684370867187795, -39.101640534026899 ], [ -72.684388303527697, -39.101446943673203 ], [ -72.684414761135102, -39.1010743266337 ], [ -72.684427129679605, -39.100959540822799 ], [ -72.684434114736206, -39.100931317690304 ], [ -72.684293196378206, -39.100311600942497 ], [ -72.684153678754399, -39.099698033085602 ], [ -72.684091271632894, -39.099423574465 ], [ -72.683768412855201, -39.098003643518197 ], [ -72.681365560647905, -39.092974647926802 ], [ -72.677413235796607, -39.0886479250617 ], [ -72.677412499607101, -39.088647948312001 ], [ -72.677341453811707, -39.088693089741902 ], [ -72.677178074520498, -39.088726847821697 ], [ -72.677101090237002, -39.088657782803203 ], [ -72.676969892640898, -39.088604728927699 ], [ -72.676895171923903, -39.088564633012098 ] ] ] } },
{ "type": "Feature", "properties": { "id": "monoparte.37", "Name": null, "description": null, "timestamp": null, "begin": null, "end": null, "altitudeMode": null, "tessellate": -1, "extrude": 0, "visibility": -1, "drawOrder": null, "icon": null, "REG": "Araucanía", "COM": "Gorbea", "LOC": "Gorbea", "ZONA": "Curso de agua", "NOM": "Curso de agua", "UPERM": "Curso de agua.", "UPROH": "Curso de agua.", "P_DO": "24/07/2012", "N_DOC": "6", "T_DO": "Decreto", "OBS": null }, "geometry": { "type": "Polygon", "coordinates": [ [ [ -72.688863717375597, -39.101278704952001 ], [ -72.6887156900018, -39.101346995794501 ], [ -72.688575518162807, -39.101342350939099 ], [ -72.688317509411704, -39.101314180841797 ], [ -72.687886581425701, -39.101100683804901 ], [ -72.687559009104802, -39.100856653614102 ], [ -72.687307725294104, -39.100510261699597 ], [ -72.687111337976305, -39.100098528880302 ], [ -72.687027769407194, -39.099837683954497 ], [ -72.6870294751009, -39.099646825264301 ], [ -72.687034493820903, -39.099519464417199 ], [ -72.686983670445102, -39.099439300536702 ], [ -72.686854196057794, -39.099416142435302 ], [ -72.686745167745201, -39.099337821528799 ], [ -72.6865472653447, -39.099344087886998 ], [ -72.686408042309495, -39.099357581750802 ], [ -72.686350781960797, -39.099377567053601 ], [ -72.685720733092097, -39.099370255463 ], [ -72.685585293168501, -39.0994563161927 ], [ -72.685495000838799, -39.099513689596797 ], [ -72.685312994780006, -39.099601224012602 ], [ -72.685233870280996, -39.099649158002897 ], [ -72.6852274308971, -39.099749307512099 ], [ -72.685234051281597, -39.0998763008336 ], [ -72.685191741401596, -39.099959412447603 ], [ -72.685149431475395, -39.100042524949302 ], [ -72.685084784834302, -39.100144516762398 ], [ -72.685065284203802, -39.100217820677898 ], [ -72.685078816910007, -39.100253736165797 ], [ -72.685147247901796, -39.100224313086599 ], [ -72.685238960043606, -39.100194152175497 ], [ -72.685285526015605, -39.100192678262097 ], [ -72.685289309219996, -39.100265246121502 ], [ -72.685304734772998, -39.100337444570002 ], [ -72.685307099286902, -39.1003827992553 ], [ -72.6853220508889, -39.100445927876997 ], [ -72.685302550449293, -39.100519231821401 ], [ -72.685209419228102, -39.100522179627198 ], [ -72.685113449564795, -39.100470701942299 ], [ -72.684974223915802, -39.100484194207198 ], [ -72.6847461225194, -39.100582273300802 ], [ -72.684555309515105, -39.10072460056 ], [ -72.684467377604093, -39.100827328033702 ], [ -72.684439330877098, -39.100954255609103 ], [ -72.684434114736206, -39.100931317690304 ], [ -72.684427129679605, -39.100959540822799 ], [ -72.684414761135102, -39.1010743266337 ], [ -72.684388303527697, -39.101446943673203 ], [ -72.684370867187795, -39.101640534026899 ], [ -72.684371007055205, -39.101819269894101 ], [ -72.684264939462807, -39.1020728625695 ], [ -72.684209742416598, -39.102246200360099 ], [ -72.684090792043705, -39.102428704605799 ], [ -72.684054618877397, -39.102494355436299 ], [ -72.684056290649494, -39.102500923849497 ], [ -72.684021215956705, -39.1025586845915 ], [ -72.683722013149605, -39.102858901140998 ], [ -72.683533083048005, -39.103037511053401 ], [ -72.683362708441294, -39.103124674569798 ], [ -72.683275244691899, -39.103236472107803 ], [ -72.683270220643806, -39.103363833928398 ], [ -72.683186065291395, -39.103539128630899 ], [ -72.682684387798403, -39.103982036349201 ], [ -72.682275368160006, -39.104412925763 ], [ -72.681705714484195, -39.104894322215301 ], [ -72.681035996214703, -39.105469739751499 ], [ -72.680847524965301, -39.105657417590002 ], [ -72.680474357312306, -39.106105338897997 ], [ -72.680213831682806, -39.106477010843797 ], [ -72.680206439406902, -39.106559017890298 ], [ -72.680142252521193, -39.106670078292503 ], [ -72.680158145967198, -39.106751348381799 ], [ -72.680105601221399, -39.106862040760298 ], [ -72.680109240393605, -39.107379823156997 ], [ -72.680093039633505, -39.107516623903003 ], [ -72.680068976342298, -39.107726360812997 ], [ -72.680041132942705, -39.107863529562898 ], [ -72.680138054475705, -39.107933153573498 ], [ -72.680121381370697, -39.108060883518398 ], [ -72.680126105060296, -39.108151593297698 ], [ -72.680186681006006, -39.108195108038998 ], [ -72.680227278560096, -39.108302856181702 ], [ -72.680258595539399, -39.108456326318098 ], [ -72.680311779658098, -39.108581848006899 ], [ -72.680310057484306, -39.108772707245599 ], [ -72.680421457784007, -39.108896388560701 ], [ -72.680497929125394, -39.109021173079 ], [ -72.680562758058798, -39.1091463265019 ], [ -72.680605719089499, -39.1092994293017 ], [ -72.680577543847406, -39.1093811791321 ], [ -72.680622558831601, -39.109398841725898 ], [ -72.680838275740498, -39.109510138937203 ], [ -72.680890990481302, -39.109626589431201 ], [ -72.680957710759301, -39.109788026612001 ], [ -72.681088317115197, -39.110056474294801 ], [ -72.681175961438001, -39.110171820214397 ], [ -72.681367923164103, -39.1102747808728 ], [ -72.6813992427046, -39.110428251436097 ], [ -72.681419393164902, -39.110591160893101 ], [ -72.681472581213697, -39.110716681838802 ], [ -72.681559282975002, -39.110813884895101 ], [ -72.681558449805195, -39.111417952872898 ], [ -72.681862613430596, -39.111353909707198 ], [ -72.681862352663401, -39.111258595779802 ], [ -72.681865488160994, -39.111094950906299 ], [ -72.681821406086598, -39.110696564185297 ], [ -72.681816679795702, -39.110605854618598 ], [ -72.681765380579705, -39.110516617899897 ], [ -72.681554213221801, -39.110268890064198 ], [ -72.681411489253904, -39.109991740396197 ], [ -72.681263265528301, -39.109832880659098 ], [ -72.6811970170384, -39.109680514474803 ], [ -72.681189929067003, -39.109544450004698 ], [ -72.681068773648406, -39.109457421717998 ], [ -72.681039345452504, -39.109340235037102 ], [ -72.680879953791802, -39.109190814496699 ], [ -72.680615912729095, -39.108599491614697 ], [ -72.680567283069095, -39.108337537469097 ], [ -72.680561613899897, -39.108228685251603 ], [ -72.680494423858406, -39.108058176901103 ], [ -72.680407560840905, -39.107733830315297 ], [ -72.680389914848703, -39.107171060314599 ], [ -72.680407364917698, -39.1068343303834 ], [ -72.680495614639497, -39.1065135328653 ], [ -72.680606843572804, -39.106410071755001 ], [ -72.6806793649246, -39.1062351466134 ], [ -72.680875702028104, -39.105974533605199 ], [ -72.681077234688303, -39.1058137008364 ], [ -72.681177764447199, -39.105728748940699 ], [ -72.6812647608009, -39.105607881957603 ], [ -72.681431365184693, -39.105448152987996 ], [ -72.6816100823102, -39.105297127391502 ], [ -72.681722725297305, -39.1052208777269 ], [ -72.681836313144601, -39.105162770433601 ], [ -72.681901913763696, -39.105078922520001 ], [ -72.681981992744497, -39.105049131963703 ], [ -72.682108167251499, -39.105008797813397 ], [ -72.682285465170594, -39.104830558011301 ], [ -72.682339895601103, -39.104756149774403 ], [ -72.682550700326701, -39.104549591741801 ], [ -72.682581845185993, -39.104475919011598 ], [ -72.682804764143896, -39.104278063990698 ], [ -72.683036013833799, -39.1040163431352 ], [ -72.683454304700504, -39.103539728285199 ], [ -72.684136689062797, -39.102816835108101 ], [ -72.6841380819845, -39.102822311643699 ], [ -72.684356968104595, -39.102606171227897 ], [ -72.684486939770494, -39.102459066355102 ], [ -72.684501540710997, -39.102387108362997 ], [ -72.684559713682603, -39.102270873012301 ], [ -72.684620117827095, -39.102197465482902 ], [ -72.684684949853406, -39.102034385522103 ], [ -72.684684294237002, -39.102031499595299 ], [ -72.684722497349895, -39.101918650615303 ], [ -72.684671023203606, -39.101602272052197 ], [ -72.6846755720141, -39.1014658395057 ], [ -72.684771835750396, -39.101299246304201 ], [ -72.684853147709504, -39.101069525253799 ], [ -72.684972220339105, -39.100893124293101 ], [ -72.685040650777907, -39.1008637003846 ], [ -72.685177039794496, -39.100795782559601 ], [ -72.685380912803197, -39.10068029808 ], [ -72.685517772891401, -39.100621450677998 ], [ -72.685547495554601, -39.100520565045201 ], [ -72.685503111991906, -39.100340250980103 ], [ -72.685571068787596, -39.100301756938002 ], [ -72.685627384249699, -39.100263630466998 ], [ -72.685564920621701, -39.100183834428798 ], [ -72.685667801918399, -39.100144233899996 ], [ -72.685827471294303, -39.100075578381201 ], [ -72.685906123956002, -39.100018572298801 ], [ -72.686059353404801, -39.1000500651095 ], [ -72.686153431110299, -39.100065259015203 ], [ -72.686351808637198, -39.100068063976302 ], [ -72.686529740984597, -39.100126031196197 ], [ -72.686614541866604, -39.100186947972297 ], [ -72.686688648991307, -39.100266374741601 ], [ -72.686800518471202, -39.100399120939699 ], [ -72.686827585669306, -39.100470950520297 ], [ -72.686959899551795, -39.100548533931899 ], [ -72.687055870598101, -39.1006000109222 ], [ -72.687130450645796, -39.100688508135804 ], [ -72.687267024876107, -39.100847729555397 ], [ -72.687377475698298, -39.1009532620225 ], [ -72.687426881156895, -39.101006212537897 ], [ -72.687382680662495, -39.101053041906098 ], [ -72.687409749946298, -39.101124872167098 ], [ -72.687471743312202, -39.101195596330598 ], [ -72.687603586015499, -39.101264107271 ], [ -72.687747544751005, -39.101341320916902 ], [ -72.687783415333797, -39.101358357092501 ], [ -72.687796950816093, -39.1013942721452 ], [ -72.687799317016001, -39.101439626694898 ], [ -72.687873425685694, -39.101519052605298 ], [ -72.688026186961594, -39.101541470955901 ], [ -72.688259019333401, -39.101534095462299 ], [ -72.688458819636693, -39.101564109734397 ], [ -72.688611581183295, -39.101586528201601 ], [ -72.688821604142902, -39.101588959924499 ], [ -72.688925905549993, -39.1015765695659 ], [ -72.689187508614694, -39.101450163619099 ], [ -72.689343389524495, -39.101308935789199 ], [ -72.689528985677796, -39.101066820533802 ], [ -72.689772315728703, -39.100813790542396 ], [ -72.689861186555703, -39.100729200848697 ], [ -72.689942202836406, -39.100717547546203 ], [ -72.690046502645401, -39.100705155353097 ], [ -72.690360151391204, -39.100458981223703 ], [ -72.690538362938099, -39.100298871721897 ], [ -72.690730583980894, -39.100183748240497 ], [ -72.690920908707199, -39.100032339906598 ], [ -72.691121927634597, -39.099862421711798 ], [ -72.691318409450204, -39.0998289345305 ], [ -72.6914873446119, -39.099714547188498 ], [ -72.691640848615506, -39.099527962279701 ], [ -72.691736619481404, -39.0993522934913 ], [ -72.691945485592399, -39.099109437601697 ], [ -72.692109680525306, -39.098904340772698 ], [ -72.692489843845394, -39.098592450054298 ], [ -72.692929156589798, -39.098296853486197 ], [ -72.693123737570801, -39.098227080772801 ], [ -72.693247523457302, -39.098141381091402 ], [ -72.693280077462106, -39.098094919003699 ], [ -72.693390326583199, -39.0979733048271 ], [ -72.693527175336996, -39.097914448513698 ], [ -72.693705373353495, -39.097754334756601 ], [ -72.693885940395205, -39.097639575928703 ], [ -72.693930134423695, -39.097592744376797 ], [ -72.693931821879005, -39.097401886425402 ], [ -72.693923083575399, -39.097011470006997 ], [ -72.694021215499205, -39.096881153982203 ], [ -72.694073731788706, -39.096770457468502 ], [ -72.694116028144407, -39.096687342318198 ], [ -72.694168071303693, -39.096567574164503 ], [ -72.694354851745899, -39.096125524740202 ], [ -72.694424960982801, -39.095905238632497 ], [ -72.6943072605292, -39.095053452681299 ], [ -72.694223012719704, -39.095036635640902 ], [ -72.6939818746215, -39.094987089596799 ], [ -72.693942315031705, -39.094982218762802 ], [ -72.693949707996097, -39.095066242554701 ], [ -72.693935905906599, -39.095248398283097 ], [ -72.693990997778499, -39.095410196857301 ], [ -72.694045143219398, -39.095553854002702 ], [ -72.6940415598866, -39.095708427488297 ], [ -72.694046299334403, -39.095799136036497 ], [ -72.694073845624501, -39.095880035280203 ], [ -72.694067892679698, -39.095989255386101 ], [ -72.694001840658899, -39.096064037593202 ], [ -72.693947428972095, -39.096138451363998 ], [ -72.6939312571876, -39.096275252800197 ], [ -72.693874682347001, -39.096531452992998 ], [ -72.693800306674902, -39.096670100943903 ], [ -72.693745420438006, -39.096735443970502 ], [ -72.693715236906897, -39.096827260434999 ], [ -72.693719028298901, -39.096899827646197 ], [ -72.693700960313095, -39.097000345460899 ], [ -72.693674094107706, -39.097155658453801 ], [ -72.693655078152105, -39.097238034011703 ], [ -72.693636535009205, -39.097329482079502 ], [ -72.6936189407527, -39.097439070563098 ], [ -72.693541719140299, -39.097523293476897 ], [ -72.693454279503797, -39.097635097612297 ], [ -72.693284877436895, -39.097740416808897 ], [ -72.692980049665593, -39.097931803595401 ], [ -72.692880019097203, -39.098025835252798 ], [ -72.692689702739003, -39.098177246409399 ], [ -72.692518877919696, -39.098255350706701 ], [ -72.692405310351006, -39.098313467533302 ], [ -72.692222844096705, -39.098391941492203 ], [ -72.6920767211043, -39.098496519853498 ], [ -72.691965995159407, -39.098609062232299 ], [ -72.691900884900605, -39.098701985763903 ], [ -72.691645456110706, -39.098946318831899 ], [ -72.691417569301507, -39.099271550471002 ], [ -72.691229142173299, -39.099459242275998 ], [ -72.691129580824196, -39.099562344221901 ], [ -72.690798614449506, -39.099700038934799 ], [ -72.690564091456807, -39.099898276631102 ], [ -72.690326253537293, -39.100033018032299 ], [ -72.690145199796504, -39.100138701195803 ], [ -72.689974840829706, -39.1002258737064 ], [ -72.689848206348401, -39.100257145081599 ], [ -72.689745800990195, -39.100305819915199 ], [ -72.689736527175398, -39.100351543291502 ], [ -72.689727726811498, -39.100406337379198 ], [ -72.689661191676606, -39.100472047718497 ], [ -72.689619360329701, -39.100564232315499 ], [ -72.6895207419212, -39.100685473583198 ], [ -72.689388146373005, -39.100825964672502 ], [ -72.689230372875002, -39.100930908752403 ], [ -72.689198761761403, -39.100995511312 ], [ -72.689096354879695, -39.101044185641697 ], [ -72.688983726727201, -39.101120441790599 ], [ -72.688918611511298, -39.101213363883701 ], [ -72.688863717375597, -39.101278704952001 ] ] ] } },
{ "type": "Feature", "properties": { "id": "monoparte.38", "Name": null, "description": null, "timestamp": null, "begin": null, "end": null, "altitudeMode": null, "tessellate": -1, "extrude": 0, "visibility": -1, "drawOrder": null, "icon": null, "REG": "Araucanía", "COM": "Gorbea", "LOC": "Gorbea", "ZONA": "AR1", "NOM": "Zona Inundable o Potencialmente Inundable", "UPERM": "Sin información.", "UPROH": "Sin información.", "P_DO": "24/07/2012", "N_DOC": "6", "T_DO": "Decreto", "OBS": null }, "geometry": { "type": "Polygon", "coordinates": [ [ [ -72.668847863683993, -39.095160201286198 ], [ -72.668189821526198, -39.095209532598901 ], [ -72.667529556588804, -39.095216032451098 ], [ -72.668035897162696, -39.0964870176484 ], [ -72.667965576923706, -39.0965464299179 ], [ -72.667676893480404, -39.096641319267903 ], [ -72.667555315378493, -39.096773843052397 ], [ -72.667434476177505, -39.096920641790597 ], [ -72.667112302952305, -39.0974312637914 ], [ -72.666958523891097, -39.097650596655399 ], [ -72.666847673647993, -39.097776013709399 ], [ -72.669345203557299, -39.097318018929798 ], [ -72.669369451760403, -39.097431648703697 ], [ -72.6698289506365, -39.097445765330797 ], [ -72.670452802721101, -39.097797881822601 ], [ -72.670740955598006, -39.098046184895601 ], [ -72.670996706082505, -39.098023822433397 ], [ -72.6720957342188, -39.097631684459998 ], [ -72.672132159415298, -39.097273053922599 ], [ -72.672163917171105, -39.096471293390003 ], [ -72.672307820160299, -39.095708894446403 ], [ -72.671916423428598, -39.095592544235799 ], [ -72.671282419125504, -39.0953980479823 ], [ -72.670416720005605, -39.094982063402 ], [ -72.670284033729203, -39.094900450549801 ], [ -72.669769591610304, -39.0948880671422 ], [ -72.669463337302801, -39.094997813839598 ], [ -72.668847863683993, -39.095160201286198 ] ] ] } },
{ "type": "Feature", "properties": { "id": "monoparte.39", "Name": null, "description": null, "timestamp": null, "begin": null, "end": null, "altitudeMode": null, "tessellate": -1, "extrude": 0, "visibility": -1, "drawOrder": null, "icon": null, "REG": "Araucanía", "COM": "Gorbea", "LOC": "Gorbea", "ZONA": "ZC", "NOM": "Zona Equipamiento Cementerio", "UPERM": "Equipamiento de cementerio y culto, espacio público, áreas verdes.", "UPROH": "Todos los no señalados como permitidos.", "P_DO": "24/07/2012", "N_DOC": "6", "T_DO": "Decreto", "OBS": null }, "geometry": { "type": "Polygon", "coordinates": [ [ [ -72.6817074945846, -39.095164893898897 ], [ -72.681500231022198, -39.094738787254101 ], [ -72.681023835049501, -39.093655152010797 ], [ -72.678337848931093, -39.094160125155703 ], [ -72.678289324780806, -39.094991014512601 ], [ -72.678269766902105, -39.095320514353602 ], [ -72.678490349582603, -39.095327844971301 ], [ -72.678484410955605, -39.096271782605001 ], [ -72.678613394737198, -39.096282006777201 ], [ -72.678794367686606, -39.096233391335097 ], [ -72.679083776425301, -39.096152750881899 ], [ -72.679245685675596, -39.096090437906902 ], [ -72.679409080506304, -39.096056676188603 ], [ -72.6795380639456, -39.096066899348003 ], [ -72.679631151411101, -39.096092555990602 ], [ -72.679688340624594, -39.096133646274403 ], [ -72.679749732808403, -39.095902918692602 ], [ -72.679888119579601, -39.095741252856897 ], [ -72.6800148733046, -39.095708648333201 ], [ -72.680233227829305, -39.095673148407698 ], [ -72.680276298036006, -39.095442999687201 ], [ -72.680396362885901, -39.095281912391599 ], [ -72.680519399813505, -39.095177928769402 ], [ -72.680572872965698, -39.095147640042903 ], [ -72.680737009206396, -39.095128152269403 ], [ -72.681027153002006, -39.0950617830404 ], [ -72.681355423473804, -39.095022806050999 ], [ -72.681466085362601, -39.095033606371203 ], [ -72.6817074945846, -39.095164893898897 ] ] ] } },
{ "type": "Feature", "properties": { "id": "monoparte.40", "Name": null, "description": null, "timestamp": null, "begin": null, "end": null, "altitudeMode": null, "tessellate": -1, "extrude": 0, "visibility": -1, "drawOrder": null, "icon": null, "REG": "Araucanía", "COM": "Gorbea", "LOC": "Gorbea", "ZONA": "AV", "NOM": "Sin Información", "UPERM": "Sin Información", "UPROH": "Sin Información", "P_DO": "24/07/2012", "N_DOC": "6", "T_DO": "Decreto", "OBS": null }, "geometry": { "type": "Polygon", "coordinates": [ [ [ -72.675238698214301, -39.103350146302702 ], [ -72.676575776560497, -39.103388118042702 ], [ -72.676604406946794, -39.102548505537399 ], [ -72.675294902982898, -39.102505329983302 ], [ -72.675238698214301, -39.103350146302702 ] ] ] } }
]
}
